ecoli,saureus
8.685016632080078125e+01,1.119390487670898438e+02
1.027900161743164062e+02,1.116827392578125000e+02
1.138919677734375000e+02,1.225833892822265625e+02
1.238592605590820312e+02,1.273940277099609375e+02
9.543301391601562500e+01,1.034416656494140625e+02
7.428235626220703125e+01,1.092472534179687500e+02
8.265814208984375000e+01,1.274219207763671875e+02
5.566751480102539062e+01,8.313769531250000000e+01
7.237531280517578125e+01,9.188295745849609375e+01
9.209423065185546875e+01,1.174861755371093750e+02
1.094332885742187500e+02,1.188574371337890625e+02
1.216971740722656250e+02,1.341951751708984375e+02
4.057373809814453125e+01,9.546595764160156250e+01
6.994650268554687500e+01,1.136293640136718750e+02
5.859675598144531250e+01,1.087579040527343750e+02
5.575653076171875000e+01,8.503230285644531250e+01
9.080907440185546875e+01,1.142336273193359375e+02
1.112408218383789062e+02,1.278383026123046875e+02
1.235217666625976562e+02,1.334046630859375000e+02
9.641791534423828125e+01,1.154650650024414062e+02
8.982682037353515625e+01,1.130316467285156250e+02
1.120915145874023438e+02,1.233430480957031250e+02
8.850240325927734375e+01,1.175885162353515625e+02
1.054965438842773438e+02,1.243240509033203125e+02
8.499939727783203125e+01,1.334519958496093750e+02
1.176494369506835938e+02,1.209808959960937500e+02
1.234989700317382812e+02,1.251986465454101562e+02
1.050754776000976562e+02,1.212830505371093750e+02
1.031466979980468750e+02,1.167467956542968750e+02
5.790671920776367188e+01,1.114231414794921875e+02
9.812957763671875000e+01,1.002244262695312500e+02
1.142334823608398438e+02,1.303587341308593750e+02
8.478265380859375000e+01,9.885182189941406250e+01
2.243759155273437500e+01,7.626296997070312500e+01
1.061113357543945312e+02,1.227032928466796875e+02
8.492761993408203125e+01,1.305708007812500000e+02
6.264594650268554688e+01,9.714009094238281250e+01
1.098375244140625000e+02,1.311258239746093750e+02
6.904372406005859375e+01,8.730606079101562500e+01
2.946263694763183594e+01,5.876076126098632812e+01
9.857530975341796875e+01,1.162378234863281250e+02
6.494431304931640625e+01,9.133631896972656250e+01
3.008876228332519531e+01,9.690749359130859375e+01
2.849822425842285156e+01,6.310287475585937500e+01
6.334434890747070312e+01,7.665541076660156250e+01
2.990662956237792969e+01,5.138562774658203125e+01
5.817862319946289062e+01,7.807954406738281250e+01
8.151702117919921875e+01,1.078767013549804688e+02
3.179218482971191406e+01,6.098369216918945312e+01
7.798700714111328125e+01,1.060206832885742188e+02
1.120465164184570312e+02,1.241396255493164062e+02
8.989282226562500000e+01,1.282649536132812500e+02
1.180920104980468750e+02,1.369821166992187500e+02
1.173463821411132812e+02,1.323530120849609375e+02
1.201321029663085938e+02,1.323236999511718750e+02
8.936035919189453125e+01,1.122872772216796875e+02
1.133893966674804688e+02,1.394420623779296875e+02
1.235001220703125000e+02,1.386299896240234375e+02
1.211885757446289062e+02,1.367242584228515625e+02
1.082706909179687500e+02,1.337229156494140625e+02
1.226860580444335938e+02,1.360194702148437500e+02
7.902294158935546875e+01,1.099704437255859375e+02
1.099048385620117188e+02,1.340504150390625000e+02
1.201836776733398438e+02,1.356228485107421875e+02
1.206878662109375000e+02,1.367701721191406250e+02
8.383769226074218750e+01,1.128331985473632812e+02
1.371204681396484375e+02,1.399573974609375000e+02
1.147084579467773438e+02,1.348278198242187500e+02
1.075643386840820312e+02,1.332398223876953125e+02
8.505411529541015625e+01,1.205994873046875000e+02
8.569661712646484375e+01,1.279308929443359375e+02
1.145437545776367188e+02,1.396165161132812500e+02
5.202888488769531250e+01,1.022974929809570312e+02
1.006962661743164062e+02,1.345638732910156250e+02
1.114217910766601562e+02,1.296091156005859375e+02
1.029184799194335938e+02,1.206579589843750000e+02
1.237459716796875000e+02,1.313796997070312500e+02
1.011653060913085938e+02,1.217857971191406250e+02
3.428721618652343750e+01,7.208688354492187500e+01
4.067538833618164062e+01,6.625938415527343750e+01
8.706393432617187500e+01,1.187913818359375000e+02
1.098588485717773438e+02,1.322593383789062500e+02
1.016368942260742188e+02,1.165178909301757812e+02
5.391336441040039062e+01,7.113967895507812500e+01
3.269302368164062500e+01,5.179953002929687500e+01
3.920861434936523438e+01,5.731146240234375000e+01
3.902506256103515625e+01,4.995983123779296875e+01
2.924893760681152344e+01,5.349025344848632812e+01
5.530487060546875000e+01,8.033222961425781250e+01
6.109153366088867188e+01,7.652319335937500000e+01
5.431216430664062500e+01,9.874600219726562500e+01
9.963233184814453125e+01,1.236153869628906250e+02
5.762102127075195312e+01,1.118092880249023438e+02
1.356865692138671875e+01,1.201702308654785156e+01
4.389916610717773438e+01,1.010805969238281250e+02
7.513109588623046875e+01,1.084134445190429688e+02
5.568701553344726562e+01,6.122299957275390625e+01
7.400461578369140625e+01,1.357318420410156250e+02
5.810138320922851562e+01,9.573606872558593750e+01
3.895737457275390625e+01,7.580627441406250000e+01
5.300515747070312500e+01,7.216909790039062500e+01
8.514883422851562500e+01,1.274837341308593750e+02
1.075772933959960938e+02,1.271763916015625000e+02
9.831099700927734375e+01,1.289554138183593750e+02
3.925916290283203125e+01,9.962545776367187500e+01
7.427563476562500000e+01,1.116190032958984375e+02
4.267730712890625000e+01,8.362113952636718750e+01
7.657421112060546875e+01,1.024470443725585938e+02
4.526293563842773438e+01,6.978877258300781250e+01
5.131163406372070312e+01,7.768471527099609375e+01
5.551688766479492188e+01,1.021391296386718750e+02
1.159550170898437500e+02,1.197576751708984375e+02
8.313800048828125000e+01,1.113955001831054688e+02
4.233945846557617188e+01,8.618945312500000000e+01
3.724482727050781250e+01,7.129869842529296875e+01
2.933491325378417969e+01,6.592846679687500000e+01
4.004947280883789062e+01,6.864925384521484375e+01
6.097483825683593750e+01,1.333914489746093750e+02
9.573284149169921875e+01,1.081449279785156250e+02
7.518553924560546875e+01,9.579895019531250000e+01
3.254277420043945312e+01,4.538000869750976562e+01
9.934204101562500000e+01,1.175853729248046875e+02
4.946788406372070312e+01,7.765063476562500000e+01
1.700144386291503906e+01,6.984539794921875000e+01
2.985601806640625000e+01,1.126360015869140625e+02
3.298635864257812500e+01,1.003724822998046875e+02
6.141619873046875000e+01,9.672334289550781250e+01
4.637611007690429688e+01,8.527281188964843750e+01
7.976949310302734375e+01,1.092921600341796875e+02
3.913241958618164062e+01,8.983522033691406250e+01
6.275012207031250000e+01,1.328236541748046875e+02
2.480503845214843750e+01,2.582489395141601562e+01
2.684453392028808594e+01,3.414308929443359375e+01
2.205770874023437500e+01,3.469535064697265625e+01
3.517044448852539062e+01,4.353302383422851562e+01
1.069610977172851562e+02,1.280085754394531250e+02
1.266572647094726562e+02,1.340973815917968750e+02
8.596469116210937500e+01,1.282366333007812500e+02
1.662522315979003906e+01,3.535165405273437500e+01
1.503538990020751953e+01,1.596329021453857422e+01
4.826263427734375000e+01,7.239007568359375000e+01
1.320322704315185547e+01,1.825817871093750000e+01
5.308858108520507812e+01,1.008285522460937500e+02
6.302278518676757812e+01,1.043265228271484375e+02
1.378906726837158203e+01,2.959811401367187500e+01
5.943458175659179688e+01,9.104273223876953125e+01
2.432348060607910156e+01,5.485809326171875000e+01
1.075184097290039062e+02,1.260005187988281250e+02
1.293906402587890625e+02,1.291972045898437500e+02
3.177485466003417969e+01,5.439554977416992188e+01
6.235380935668945312e+01,1.021876525878906250e+02
9.178994750976562500e+01,1.119869232177734375e+02
6.002196884155273438e+01,3.835510253906250000e+01
7.565169525146484375e+01,9.126077270507812500e+01
5.277065658569335938e+01,7.725776672363281250e+01
1.376639862060546875e+02,1.395417480468750000e+02
2.281106567382812500e+01,4.126665115356445312e+01
1.386171817779541016e+01,3.221593475341796875e+01
7.379068756103515625e+01,1.292262268066406250e+02
5.557884216308593750e+01,1.174851379394531250e+02
8.227488708496093750e+01,1.022604064941406250e+02
1.126560440063476562e+02,1.300642700195312500e+02
1.168136291503906250e+02,1.254996566772460938e+02
5.928588867187500000e+01,8.504698181152343750e+01
1.227362442016601562e+02,1.265354461669921875e+02
1.365502166748046875e+02,1.374867248535156250e+02
9.598004150390625000e+01,1.116004104614257812e+02
7.931989288330078125e+01,7.536670684814453125e+01
1.353928833007812500e+02,1.236774749755859375e+02
9.245023345947265625e+01,1.355395507812500000e+02
1.099610519409179688e+02,1.238759155273437500e+02
1.075292739868164062e+02,1.235677642822265625e+02
4.906286621093750000e+01,9.403884887695312500e+01
6.606459808349609375e+01,8.799319458007812500e+01
1.033068161010742188e+02,1.088307037353515625e+02
1.116562728881835938e+02,1.154690399169921875e+02
1.021725692749023438e+02,1.060445175170898438e+02
1.134857788085937500e+02,1.342436065673828125e+02
1.086597290039062500e+02,1.279288482666015625e+02
1.150420303344726562e+02,1.344635314941406250e+02
5.186621475219726562e+01,7.833457946777343750e+01
9.884212493896484375e+01,1.136846313476562500e+02
4.541196060180664062e+01,9.796655273437500000e+01
1.236078872680664062e+02,1.435856628417968750e+02
4.663725662231445312e+01,7.842900848388671875e+01
1.095037231445312500e+02,1.393813476562500000e+02
4.359120559692382812e+01,9.089598083496093750e+01
8.305225372314453125e+01,1.053733596801757812e+02
7.603522491455078125e+01,9.328872680664062500e+01
4.193636703491210938e+01,1.096629638671875000e+02
3.598680114746093750e+01,8.805590057373046875e+01
3.694431686401367188e+01,8.673308563232421875e+01
1.819643402099609375e+01,8.022354125976562500e+01
3.501020431518554688e+01,9.521624755859375000e+01
5.282811355590820312e+01,1.153380508422851562e+02
2.126258850097656250e+01,9.245802307128906250e+01
4.669412231445312500e+01,9.924102783203125000e+01
3.471493911743164062e+01,1.033779602050781250e+02
2.322880744934082031e+01,9.270280456542968750e+01
2.779822731018066406e+01,1.001841583251953125e+02
2.635698509216308594e+01,1.027162170410156250e+02
2.221197509765625000e+01,9.630553436279296875e+01
3.436459732055664062e+01,9.299099731445312500e+01
2.900519561767578125e+01,1.004621276855468750e+02
3.107546424865722656e+01,1.053154449462890625e+02
5.996250534057617188e+01,1.142692489624023438e+02
1.787285423278808594e+01,7.942538452148437500e+01
7.882393646240234375e+01,1.212856521606445312e+02
3.933319473266601562e+01,1.007502975463867188e+02
3.516311264038085938e+01,1.006811676025390625e+02
2.646858024597167969e+01,9.295724487304687500e+01
3.503487014770507812e+01,9.089169311523437500e+01
5.808739089965820312e+01,8.628677368164062500e+01
2.181842994689941406e+01,3.305156707763671875e+01
1.140388870239257812e+02,1.222786407470703125e+02
4.825503921508789062e+01,6.851930236816406250e+01
1.166022720336914062e+02,1.246964950561523438e+02
1.134165725708007812e+02,1.219791336059570312e+02
8.621225738525390625e+01,1.023268127441406250e+02
8.148889923095703125e+01,9.651071166992187500e+01
1.095887145996093750e+02,1.210572433471679688e+02
8.371526336669921875e+01,9.639060211181640625e+01
9.971567535400390625e+01,1.129240036010742188e+02
1.279415512084960938e+02,1.284661712646484375e+02
8.417577362060546875e+01,1.179730682373046875e+02
1.020957260131835938e+02,1.078885421752929688e+02
7.981397247314453125e+01,1.066556549072265625e+02
1.168129272460937500e+02,1.274818954467773438e+02
8.358545684814453125e+01,1.268605499267578125e+02
3.299227905273437500e+01,1.014197387695312500e+02
5.088391494750976562e+01,6.741402435302734375e+01
5.538034057617187500e+01,1.051690216064453125e+02
7.800197601318359375e+01,8.822325134277343750e+01
6.692343139648437500e+01,9.725163269042968750e+01
6.353749465942382812e+01,8.772958374023437500e+01
9.148783111572265625e+01,1.161312561035156250e+02
7.063315582275390625e+01,9.760171508789062500e+01
9.677680206298828125e+01,1.230908050537109375e+02
3.636624526977539062e+01,7.569073486328125000e+01
8.878850555419921875e+01,1.081906738281250000e+02
5.828559494018554688e+01,1.263917388916015625e+02
2.569028472900390625e+01,3.940271759033203125e+01
7.863996124267578125e+01,1.133728866577148438e+02
5.934553527832031250e+01,8.518931579589843750e+01
6.059085083007812500e+01,1.077464294433593750e+02
8.172090911865234375e+01,1.221280670166015625e+02
1.323029022216796875e+02,1.405979919433593750e+02
8.631274414062500000e+01,1.154459609985351562e+02
3.303070831298828125e+01,5.556769561767578125e+01
5.277772903442382812e+01,8.365942382812500000e+01
6.653079223632812500e+01,9.023876953125000000e+01
5.269503784179687500e+01,7.840083312988281250e+01
7.765323638916015625e+01,1.065060424804687500e+02
8.548677825927734375e+01,1.164087982177734375e+02
6.180912399291992188e+01,9.236495971679687500e+01
7.698828125000000000e+01,1.067784881591796875e+02
8.676332855224609375e+01,1.128036727905273438e+02
1.075819702148437500e+02,1.169207763671875000e+02
1.230368041992187500e+02,1.324386596679687500e+02
9.465529632568359375e+01,1.215546417236328125e+02
9.340872955322265625e+01,1.211678924560546875e+02
1.138018417358398438e+02,1.172858886718750000e+02
1.258059616088867188e+02,1.295560760498046875e+02
1.193541259765625000e+02,1.366036071777343750e+02
1.099137802124023438e+02,1.286826629638671875e+02
6.558850860595703125e+01,8.544201660156250000e+01
1.044944686889648438e+02,1.061015777587890625e+02
3.735432434082031250e+01,4.932891845703125000e+01
3.044775199890136719e+01,5.920092010498046875e+01
7.316104888916015625e+01,9.706739044189453125e+01
1.088361129760742188e+02,1.305639953613281250e+02
4.120476150512695312e+01,9.986206054687500000e+01
7.061826324462890625e+01,1.138722381591796875e+02
5.474072265625000000e+01,7.140281677246093750e+01
5.754576110839843750e+01,1.021373291015625000e+02
4.562183761596679688e+01,9.080218505859375000e+01
3.209386825561523438e+01,6.996323394775390625e+01
1.185822982788085938e+02,1.217046279907226562e+02
4.459280776977539062e+01,7.655378723144531250e+01
8.072560882568359375e+01,1.105148086547851562e+02
7.208499908447265625e+01,9.732199096679687500e+01
3.317165374755859375e+01,6.004555511474609375e+01
1.005452041625976562e+02,1.214787292480468750e+02
5.700496292114257812e+01,8.230865478515625000e+01
5.615676879882812500e+01,8.858958435058593750e+01
4.260175704956054688e+01,7.160095214843750000e+01
4.909128952026367188e+01,6.682568359375000000e+01
7.895825958251953125e+01,1.070134887695312500e+02
3.506261062622070312e+01,6.635380554199218750e+01
4.806144714355468750e+01,6.779052734375000000e+01
6.429837036132812500e+01,8.023471069335937500e+01
1.126484680175781250e+02,1.049473266601562500e+02
6.634132385253906250e+01,9.930480957031250000e+01
6.608523559570312500e+01,1.238664703369140625e+02
3.867784118652343750e+01,9.358410644531250000e+01
4.870851135253906250e+01,7.451043701171875000e+01
5.509608840942382812e+01,1.226937866210937500e+02
5.857057189941406250e+01,1.007257766723632812e+02
9.596997833251953125e+01,1.197585449218750000e+02
1.048371200561523438e+02,1.261393814086914062e+02
1.198642196655273438e+02,1.348565673828125000e+02
9.504507446289062500e+01,1.292527770996093750e+02
9.831002807617187500e+01,1.327947692871093750e+02
7.733768463134765625e+01,1.267287750244140625e+02
6.036156082153320312e+01,1.201915130615234375e+02
9.940887451171875000e+01,1.346314392089843750e+02
1.014465103149414062e+02,1.306279602050781250e+02
1.118078994750976562e+02,1.357499389648437500e+02
1.134298324584960938e+02,1.349897460937500000e+02
1.211547241210937500e+02,1.361010437011718750e+02
9.285739898681640625e+01,1.343340759277343750e+02
1.063234634399414062e+02,1.318318176269531250e+02
8.953786468505859375e+01,1.274443893432617188e+02
7.895749664306640625e+01,1.308800201416015625e+02
1.075037155151367188e+02,1.353856506347656250e+02
1.274658813476562500e+02,1.397126464843750000e+02
1.022739639282226562e+02,1.315077972412109375e+02
8.714682006835937500e+01,1.314555969238281250e+02
1.145480117797851562e+02,1.278913116455078125e+02
1.125198974609375000e+02,1.321846008300781250e+02
9.548675537109375000e+01,1.478769378662109375e+02
1.674014472961425781e+01,7.608712768554687500e+01
7.359461212158203125e+01,1.291638793945312500e+02
9.705229949951171875e+01,1.290742950439453125e+02
3.387442016601562500e+01,1.026594085693359375e+02
6.433172607421875000e+01,1.340685882568359375e+02
1.147234191894531250e+02,1.405003356933593750e+02
1.085469131469726562e+02,1.441499633789062500e+02
7.280730438232421875e+01,1.276388397216796875e+02
7.557315826416015625e+01,1.301623840332031250e+02
7.543480682373046875e+01,1.363578186035156250e+02
9.609356689453125000e+01,1.424386901855468750e+02
4.413272094726562500e+01,8.810760498046875000e+01
4.763198852539062500e+01,1.029752044677734375e+02
1.017617568969726562e+02,1.323717041015625000e+02
8.852081298828125000e+01,1.304239807128906250e+02
7.494950103759765625e+01,1.168283157348632812e+02
7.276652526855468750e+01,1.252032012939453125e+02
8.269834899902343750e+01,1.339964599609375000e+02
1.088051528930664062e+02,1.339447174072265625e+02
5.987256240844726562e+01,1.259312744140625000e+02
4.027592086791992188e+01,1.141994094848632812e+02
9.634043121337890625e+01,1.279416198730468750e+02
1.010511169433593750e+02,1.324097595214843750e+02
6.762987518310546875e+01,1.227676086425781250e+02
9.049452972412109375e+01,1.287222900390625000e+02
1.152574691772460938e+02,1.360091094970703125e+02
7.805501556396484375e+01,1.187173690795898438e+02
5.694859695434570312e+01,1.091642608642578125e+02
7.342784118652343750e+01,1.321669006347656250e+02
9.786898040771484375e+01,1.446940612792968750e+02
9.905841064453125000e+01,1.393376159667968750e+02
7.840956878662109375e+01,1.346542968750000000e+02
6.570172882080078125e+01,1.316532287597656250e+02
5.332402420043945312e+01,1.363291625976562500e+02
1.023743896484375000e+02,1.298706359863281250e+02
2.442350006103515625e+01,1.068760757446289062e+02
6.443692779541015625e+01,1.306286926269531250e+02
6.544168090820312500e+01,1.380101013183593750e+02
4.214307022094726562e+01,1.234397583007812500e+02
4.733825302124023438e+01,1.264123153686523438e+02
3.463760757446289062e+01,8.662675476074218750e+01
2.871675682067871094e+01,9.689231109619140625e+01
2.255271720886230469e+01,1.331990051269531250e+02
8.551605987548828125e+01,1.368953552246093750e+02
1.139857559204101562e+02,1.423836975097656250e+02
8.213571166992187500e+01,1.385474853515625000e+02
7.386067962646484375e+01,1.105181121826171875e+02
1.151422729492187500e+02,1.382955017089843750e+02
8.369811248779296875e+01,1.298490295410156250e+02
9.652976226806640625e+01,1.416764526367187500e+02
1.231670303344726562e+02,1.395216979980468750e+02
1.167602539062500000e+02,1.477781219482421875e+02
1.228096084594726562e+02,1.436685485839843750e+02
1.145223388671875000e+02,1.466143035888671875e+02
1.268789443969726562e+02,1.441183471679687500e+02
1.183833999633789062e+02,1.434653930664062500e+02
1.096411743164062500e+02,1.454747924804687500e+02
9.255279541015625000e+01,1.363405761718750000e+02
1.111022567749023438e+02,1.398885192871093750e+02
7.654647064208984375e+01,1.599976654052734375e+02
6.266280746459960938e+01,1.496213836669921875e+02
4.279318237304687500e+01,1.165366058349609375e+02
1.116306076049804688e+02,1.483433837890625000e+02
6.603784942626953125e+01,1.015358428955078125e+02
6.456519317626953125e+01,1.341062622070312500e+02
1.198424301147460938e+02,1.395875549316406250e+02
7.050328826904296875e+01,7.380615234375000000e+01
1.214710922241210938e+02,1.398078155517578125e+02
9.515943145751953125e+01,1.351049499511718750e+02
1.133337173461914062e+02,1.352881469726562500e+02
1.300893554687500000e+02,1.386278076171875000e+02
1.121133117675781250e+02,1.346333923339843750e+02
1.230940933227539062e+02,1.360755920410156250e+02
1.073347702026367188e+02,1.378141174316406250e+02
9.695952606201171875e+01,1.355323791503906250e+02
1.192885131835937500e+02,1.347574157714843750e+02
1.243194961547851562e+02,1.393319702148437500e+02
1.046493148803710938e+02,1.359704895019531250e+02
1.274551620483398438e+02,1.364819488525390625e+02
1.242581863403320312e+02,1.433658447265625000e+02
5.949876403808593750e+01,8.822019958496093750e+01
4.017034530639648438e+01,5.153788375854492188e+01
8.205452728271484375e+01,8.972044372558593750e+01
1.307724456787109375e+02,1.391694793701171875e+02
9.156009674072265625e+01,1.318699645996093750e+02
1.229877090454101562e+02,1.371421356201171875e+02
9.066864013671875000e+01,1.318569030761718750e+02
1.001437072753906250e+02,1.329281311035156250e+02
1.090776367187500000e+02,1.381752471923828125e+02
1.004999008178710938e+02,1.258208999633789062e+02
2.812403678894042969e+01,3.629930114746093750e+01
1.186592330932617188e+02,1.295736389160156250e+02
7.191968536376953125e+01,1.388240509033203125e+02
1.347286224365234375e+01,5.648205566406250000e+01
9.048846435546875000e+01,1.313770141601562500e+02
1.138014526367187500e+02,1.362706604003906250e+02
1.156354675292968750e+02,1.476706848144531250e+02
1.251449356079101562e+02,1.403740539550781250e+02
7.978195190429687500e+01,1.087773437500000000e+02
1.159915847778320312e+02,1.280881500244140625e+02
1.244024276733398438e+02,1.308869781494140625e+02
8.998102569580078125e+01,1.405870056152343750e+02
8.947258758544921875e+01,1.505080566406250000e+02
1.108060073852539062e+02,1.433056488037109375e+02
1.119762573242187500e+02,1.397856292724609375e+02
7.511032867431640625e+01,1.016910095214843750e+02
1.148079147338867188e+02,1.450899810791015625e+02
1.328880004882812500e+02,1.451269226074218750e+02
1.172360229492187500e+02,1.447698822021484375e+02
1.266240463256835938e+02,1.375373535156250000e+02
1.312090301513671875e+02,1.390474243164062500e+02
1.265094985961914062e+02,1.361769104003906250e+02
1.262856216430664062e+02,1.439870910644531250e+02
1.019404830932617188e+02,1.362743988037109375e+02
1.052528610229492188e+02,1.507191467285156250e+02
9.839289093017578125e+01,1.399769287109375000e+02
1.126752548217773438e+02,1.320499572753906250e+02
6.880622863769531250e+01,1.263307800292968750e+02
1.261954269409179688e+02,1.347151184082031250e+02
8.983853912353515625e+01,1.360394287109375000e+02
1.255561828613281250e+02,1.395916137695312500e+02
1.131311264038085938e+02,1.349866790771484375e+02
1.003380966186523438e+02,1.313649444580078125e+02
1.177771301269531250e+02,1.347282257080078125e+02
1.093621597290039062e+02,1.280916137695312500e+02
1.089550170898437500e+02,1.353972473144531250e+02
1.223491439819335938e+02,1.350934906005859375e+02
1.326315307617187500e+02,1.341654052734375000e+02
1.260189132690429688e+02,1.381113891601562500e+02
1.264941711425781250e+02,1.344670715332031250e+02
8.894842529296875000e+01,1.351784667968750000e+02
1.308821411132812500e+02,1.385392761230468750e+02
1.259829711914062500e+02,1.398508758544921875e+02
1.070771484375000000e+02,1.397558593750000000e+02
9.372367095947265625e+01,1.398208312988281250e+02
1.130998916625976562e+02,1.370033874511718750e+02
9.115200042724609375e+01,1.372097778320312500e+02
1.126382446289062500e+02,1.414514160156250000e+02
6.892023468017578125e+01,1.301071014404296875e+02
7.432576751708984375e+01,1.322950439453125000e+02
1.965988349914550781e+01,8.755350494384765625e+01
7.543514251708984375e+01,1.312352447509765625e+02
7.494718170166015625e+01,1.210029144287109375e+02
8.165544128417968750e+01,1.404124755859375000e+02
9.084276580810546875e+01,1.280703735351562500e+02
8.044397735595703125e+01,1.216349182128906250e+02
1.160583877563476562e+02,1.334005737304687500e+02
8.360996246337890625e+01,1.337033233642578125e+02
7.961581420898437500e+01,1.322554321289062500e+02
5.937421035766601562e+01,1.327170104980468750e+02
5.512832641601562500e+01,1.302213439941406250e+02
5.291140747070312500e+01,1.270902633666992188e+02
6.696576690673828125e+01,1.296822814941406250e+02
7.558080291748046875e+01,1.309856719970703125e+02
4.986144638061523438e+01,1.059692687988281250e+02
9.994297027587890625e+01,1.308103332519531250e+02
5.924414062500000000e+01,1.084867858886718750e+02
7.354956817626953125e+01,1.195784301757812500e+02
6.774135589599609375e+01,1.140687255859375000e+02
6.692095947265625000e+01,1.143060989379882812e+02
8.192834472656250000e+01,1.191137390136718750e+02
5.718298721313476562e+01,1.065841217041015625e+02
5.106805801391601562e+01,1.023521347045898438e+02
3.987633132934570312e+01,1.002797088623046875e+02
5.699071884155273438e+01,1.230110015869140625e+02
4.266585540771484375e+01,1.087182006835937500e+02
7.286946868896484375e+01,1.360031738281250000e+02
4.006640625000000000e+01,1.141800384521484375e+02
7.850022888183593750e+01,1.301648406982421875e+02
3.789493179321289062e+01,1.144912719726562500e+02
4.185633087158203125e+01,1.062600021362304688e+02
5.290447998046875000e+01,1.107988586425781250e+02
8.804068756103515625e+01,1.305402221679687500e+02
4.997920608520507812e+01,1.163960037231445312e+02
2.524421691894531250e+01,1.065287780761718750e+02
5.280783081054687500e+01,1.199850006103515625e+02
2.358746337890625000e+01,1.082504882812500000e+02
7.801667022705078125e+01,1.275532836914062500e+02
7.267177581787109375e+01,1.215807647705078125e+02
7.684253692626953125e+01,1.270473022460937500e+02
6.373937988281250000e+01,1.300120544433593750e+02
6.227731704711914062e+01,1.373799438476562500e+02
8.338003540039062500e+01,1.252620086669921875e+02
5.928897094726562500e+01,1.137771911621093750e+02
6.811862945556640625e+01,1.111093368530273438e+02
8.881058502197265625e+01,1.300057373046875000e+02
8.221880340576171875e+01,1.256716918945312500e+02
6.798953247070312500e+01,1.328969879150390625e+02
7.800482940673828125e+01,1.353701019287109375e+02
6.896976470947265625e+01,1.296701507568359375e+02
7.996252441406250000e+01,1.302482299804687500e+02
5.786754226684570312e+01,1.322443237304687500e+02
5.400590896606445312e+01,1.322871856689453125e+02
6.530660247802734375e+01,1.423586425781250000e+02
8.680399322509765625e+01,1.402365570068359375e+02
6.109608840942382812e+01,1.312671051025390625e+02
2.249717521667480469e+01,1.157267303466796875e+02
2.104763984680175781e+01,1.138186187744140625e+02
6.980892181396484375e+01,1.379427032470703125e+02
3.873809051513671875e+01,1.038753967285156250e+02
8.934234619140625000e+01,1.424223632812500000e+02
4.292297744750976562e+01,1.276412506103515625e+02
7.040125274658203125e+01,1.449658966064453125e+02
7.005879974365234375e+01,1.379009094238281250e+02
7.514482879638671875e+01,1.372224426269531250e+02
5.122822570800781250e+01,1.238685455322265625e+02
9.018692779541015625e+01,1.451349487304687500e+02
7.765261077880859375e+01,1.416255187988281250e+02
5.546273803710937500e+01,1.438405761718750000e+02
5.017353439331054688e+01,1.411098022460937500e+02
5.001939773559570312e+01,1.366240692138671875e+02
5.756354904174804688e+01,1.373577575683593750e+02
4.760878372192382812e+01,1.350883331298828125e+02
4.944299316406250000e+01,1.374426574707031250e+02
2.450292205810546875e+01,1.133133010864257812e+02
4.301928710937500000e+01,1.333117065429687500e+02
3.737492752075195312e+01,1.201049957275390625e+02
3.773328399658203125e+01,1.137679290771484375e+02
3.502826690673828125e+01,1.256111450195312500e+02
4.735936355590820312e+01,1.306055908203125000e+02
8.488645172119140625e+01,1.340298156738281250e+02
7.437837982177734375e+01,1.384389038085937500e+02
4.865248107910156250e+01,1.303926849365234375e+02
3.357620620727539062e+01,1.162311477661132812e+02
7.951651763916015625e+01,1.408193969726562500e+02
7.732429504394531250e+01,1.454874877929687500e+02
9.322387695312500000e+01,1.443721160888671875e+02
7.604217529296875000e+01,1.441576843261718750e+02
8.808554077148437500e+01,1.416688842773437500e+02
9.091922760009765625e+01,1.423016357421875000e+02
8.518884277343750000e+01,1.398660888671875000e+02
8.824035644531250000e+01,1.400428161621093750e+02
7.518354797363281250e+01,1.420680236816406250e+02
4.992699813842773438e+01,1.325688171386718750e+02
6.368772506713867188e+01,1.287272644042968750e+02
8.320513916015625000e+01,1.281526489257812500e+02
5.149731445312500000e+01,1.340080261230468750e+02
8.639297485351562500e+01,1.383016357421875000e+02
7.604642486572265625e+01,1.381937866210937500e+02
1.043376693725585938e+02,1.461008605957031250e+02
7.238891601562500000e+01,1.366717376708984375e+02
7.649272918701171875e+01,1.284384613037109375e+02
9.576581573486328125e+01,1.260343933105468750e+02
6.412873077392578125e+01,1.134644012451171875e+02
8.742038726806640625e+01,1.342169189453125000e+02
1.141613693237304688e+02,1.350396728515625000e+02
1.057438278198242188e+02,1.388369140625000000e+02
5.562193679809570312e+01,1.304577789306640625e+02
5.776084518432617188e+01,1.185055084228515625e+02
6.816712188720703125e+01,1.252079238891601562e+02
9.653063964843750000e+01,1.390036773681640625e+02
5.200504684448242188e+01,1.199070053100585938e+02
6.933223724365234375e+01,1.218386688232421875e+02
5.075023269653320312e+01,1.172297210693359375e+02
7.219174194335937500e+01,1.308050537109375000e+02
9.005001831054687500e+01,1.321210784912109375e+02
4.636814880371093750e+01,1.109449996948242188e+02
6.717815399169921875e+01,1.247889785766601562e+02
2.880905723571777344e+01,9.883032226562500000e+01
3.816737747192382812e+01,1.055652313232421875e+02
5.739810562133789062e+01,1.239301452636718750e+02
4.564905929565429688e+01,1.118483886718750000e+02
5.346867752075195312e+01,1.263031311035156250e+02
5.335260391235351562e+01,1.148820800781250000e+02
6.458769989013671875e+01,1.315476989746093750e+02
4.886677551269531250e+01,1.170641326904296875e+02
4.557319641113281250e+01,1.112218322753906250e+02
7.243402099609375000e+01,1.341143646240234375e+02
7.798221588134765625e+01,1.280237731933593750e+02
6.633853149414062500e+01,1.238316879272460938e+02
3.324720001220703125e+01,1.285399932861328125e+02
2.066391754150390625e+01,1.077226104736328125e+02
3.522841262817382812e+01,1.132239227294921875e+02
3.023867225646972656e+01,1.160673370361328125e+02
2.158996391296386719e+01,1.193077697753906250e+02
1.943424606323242188e+01,1.233593597412109375e+02
4.649738693237304688e+01,1.214461059570312500e+02
8.853720855712890625e+01,1.413520812988281250e+02
4.074551010131835938e+01,1.181993560791015625e+02
5.041975402832031250e+01,1.224486694335937500e+02
4.983482742309570312e+01,1.327528686523437500e+02
9.477783203125000000e+01,1.358484954833984375e+02
7.089485931396484375e+01,1.370499572753906250e+02
8.992942047119140625e+01,1.312725372314453125e+02
9.090884399414062500e+01,1.299561767578125000e+02
5.424362564086914062e+01,1.156998825073242188e+02
5.742521667480468750e+01,1.340500183105468750e+02
6.867872619628906250e+01,1.278775024414062500e+02
6.063872146606445312e+01,1.174140777587890625e+02
7.582987976074218750e+01,1.300190124511718750e+02
7.326972198486328125e+01,1.295336608886718750e+02
5.180047607421875000e+01,1.283632354736328125e+02
1.039051513671875000e+02,1.393052978515625000e+02
6.679478454589843750e+01,1.263193359375000000e+02
1.004483642578125000e+02,1.361931457519531250e+02
6.866064453125000000e+01,1.357275238037109375e+02
8.649060058593750000e+01,1.286858673095703125e+02
6.414220428466796875e+01,1.299828186035156250e+02
6.192446899414062500e+01,1.303256225585937500e+02
6.169595336914062500e+01,1.127998962402343750e+02
8.680236053466796875e+01,1.329963531494140625e+02
6.619161224365234375e+01,1.193485412597656250e+02
6.791717529296875000e+01,1.305048217773437500e+02
5.472265243530273438e+01,1.300675354003906250e+02
7.482086181640625000e+01,1.408334655761718750e+02
8.091314697265625000e+01,1.344685363769531250e+02
8.311087036132812500e+01,1.348295593261718750e+02
5.917071533203125000e+01,1.239578018188476562e+02
9.498538970947265625e+01,1.399666748046875000e+02
7.144503021240234375e+01,1.424059753417968750e+02
1.132161560058593750e+02,1.425719299316406250e+02
8.161977386474609375e+01,1.424485778808593750e+02
2.351247978210449219e+01,1.179265518188476562e+02
6.925647735595703125e+01,1.328112487792968750e+02
6.091505432128906250e+01,1.365115966796875000e+02
6.960686492919921875e+01,1.298485260009765625e+02
5.065741348266601562e+01,1.309093017578125000e+02
1.001012954711914062e+02,1.408795013427734375e+02
1.172878112792968750e+02,1.387784729003906250e+02
3.422907638549804688e+01,1.298228759765625000e+02
6.820702362060546875e+01,1.319052124023437500e+02
5.390014648437500000e+01,1.168225860595703125e+02
7.033386993408203125e+01,1.295375671386718750e+02
6.960842895507812500e+01,1.315658874511718750e+02
8.978826904296875000e+01,1.293116302490234375e+02
8.862187957763671875e+01,1.305538024902343750e+02
6.198790359497070312e+01,1.214403228759765625e+02
5.303630065917968750e+01,1.156326446533203125e+02
7.653035736083984375e+01,1.238740081787109375e+02
8.299972534179687500e+01,1.375417938232421875e+02
9.000016021728515625e+01,1.366610107421875000e+02
9.237950897216796875e+01,1.336824645996093750e+02
8.482815551757812500e+01,1.374031066894531250e+02
8.030961608886718750e+01,1.330718383789062500e+02
1.144007186889648438e+02,1.420772399902343750e+02
1.013017349243164062e+02,1.342431030273437500e+02
7.974668121337890625e+01,1.286794433593750000e+02
6.876609802246093750e+01,1.270495529174804688e+02
4.079976272583007812e+01,1.394438781738281250e+02
8.889186859130859375e+01,1.402635192871093750e+02
6.461528778076171875e+01,1.331514587402343750e+02
6.744995880126953125e+01,1.275335540771484375e+02
4.295848464965820312e+01,1.264830932617187500e+02
8.169863128662109375e+01,1.408891754150390625e+02
7.021264648437500000e+01,1.382648315429687500e+02
5.404567337036132812e+01,1.331821136474609375e+02
4.992892074584960938e+01,1.178357925415039062e+02
8.049068450927734375e+01,1.350168457031250000e+02
9.289001464843750000e+01,1.397435913085937500e+02
5.878710556030273438e+01,1.311404113769531250e+02
4.086431503295898438e+01,1.178206481933593750e+02
4.790833663940429688e+01,1.402386779785156250e+02
7.410063171386718750e+01,1.428923339843750000e+02
4.879763793945312500e+01,1.299875793457031250e+02
5.263309097290039062e+01,1.293818969726562500e+02
6.392036819458007812e+01,1.238803787231445312e+02
5.583399963378906250e+01,1.196535339355468750e+02
5.681520462036132812e+01,1.248530426025390625e+02
7.510369873046875000e+01,1.307939605712890625e+02
6.163243103027343750e+01,1.274933166503906250e+02
1.068729629516601562e+02,1.404212036132812500e+02
7.998522949218750000e+01,1.371778259277343750e+02
7.689593505859375000e+01,1.364798583984375000e+02
7.186898040771484375e+01,1.323387756347656250e+02
6.577999114990234375e+01,1.352894744873046875e+02
5.795543289184570312e+01,1.212971801757812500e+02
8.737542724609375000e+01,1.334211730957031250e+02
8.794104003906250000e+01,1.368113098144531250e+02
1.068012313842773438e+02,1.376079711914062500e+02
1.096967239379882812e+02,1.434237976074218750e+02
4.526814651489257812e+01,1.201579437255859375e+02
7.800028228759765625e+01,1.319237670898437500e+02
4.305064010620117188e+01,1.034781036376953125e+02
8.948215484619140625e+01,1.474112701416015625e+02
8.450904083251953125e+01,1.339762115478515625e+02
5.607592773437500000e+01,1.147252655029296875e+02
9.462158203125000000e+01,1.345377655029296875e+02
1.213321762084960938e+02,1.358321228027343750e+02
1.231629333496093750e+02,1.459111633300781250e+02
7.367270660400390625e+01,1.099915771484375000e+02
8.798117065429687500e+01,1.101309509277343750e+02
8.513140869140625000e+01,1.046335372924804688e+02
9.446810150146484375e+01,1.346120910644531250e+02
9.499462890625000000e+01,1.406016998291015625e+02
4.152508163452148438e+01,1.394722290039062500e+02
1.131874771118164062e+02,1.456242828369140625e+02
4.148928833007812500e+01,1.057676696777343750e+02
8.683547973632812500e+01,1.484093017578125000e+02
9.819292449951171875e+01,1.403407745361328125e+02
1.069753799438476562e+02,1.389705505371093750e+02
1.053494873046875000e+02,1.330734558105468750e+02
8.672521209716796875e+01,1.388386840820312500e+02
1.220156021118164062e+02,1.511354980468750000e+02
8.184024810791015625e+01,1.243722076416015625e+02
5.000489425659179688e+01,1.299002685546875000e+02
2.888874626159667969e+01,8.627285003662109375e+01
9.614113616943359375e+01,1.345949096679687500e+02
1.263603897094726562e+02,1.447753448486328125e+02
1.059043655395507812e+02,1.418172912597656250e+02
1.110457763671875000e+02,1.439757385253906250e+02
8.956631469726562500e+01,1.344611816406250000e+02
9.893827056884765625e+01,1.397915954589843750e+02
1.091644210815429688e+02,1.413508148193359375e+02
1.033606567382812500e+02,1.442438659667968750e+02
9.825223541259765625e+01,1.461086120605468750e+02
1.342783813476562500e+02,1.410448608398437500e+02
1.024447021484375000e+02,1.437920532226562500e+02
1.239575805664062500e+02,1.387347259521484375e+02
1.212270431518554688e+02,1.442119445800781250e+02
8.443972015380859375e+01,1.391440429687500000e+02
6.481615447998046875e+01,1.246427536010742188e+02
9.682485961914062500e+01,1.401493530273437500e+02
1.056538162231445312e+02,1.351640625000000000e+02
1.233887023925781250e+02,1.431384887695312500e+02
8.884424591064453125e+01,1.329412841796875000e+02
1.092627029418945312e+02,1.350375976562500000e+02
6.860235595703125000e+01,1.294023895263671875e+02
1.064855346679687500e+02,1.423739929199218750e+02
5.456440353393554688e+01,1.352630004882812500e+02
9.652429199218750000e+01,1.481154632568359375e+02
8.032308197021484375e+01,1.139426574707031250e+02
8.358193206787109375e+01,1.389077148437500000e+02
6.762261199951171875e+01,1.052084732055664062e+02
1.032700576782226562e+02,1.361087341308593750e+02
5.989822006225585938e+01,1.111635208129882812e+02
7.499529266357421875e+01,1.277512359619140625e+02
4.775930786132812500e+01,9.415910339355468750e+01
5.632465744018554688e+01,1.286909179687500000e+02
8.900958251953125000e+01,1.296404876708984375e+02
3.981276702880859375e+01,1.106318893432617188e+02
1.053787612915039062e+02,1.297614746093750000e+02
6.308601379394531250e+01,1.110007781982421875e+02
1.065744400024414062e+02,1.368742065429687500e+02
8.954621124267578125e+01,1.348824768066406250e+02
1.362115173339843750e+02,1.399880676269531250e+02
1.063262100219726562e+02,1.410753326416015625e+02
1.157268753051757812e+02,1.373318023681640625e+02
1.300493927001953125e+02,1.393541870117187500e+02
9.593111419677734375e+01,1.472793121337890625e+02
1.285506896972656250e+02,1.393595886230468750e+02
3.755968093872070312e+01,1.005807037353515625e+02
3.083444404602050781e+01,8.558836364746093750e+01
9.554736328125000000e+01,1.392565307617187500e+02
8.413224029541015625e+01,1.356799926757812500e+02
7.327404022216796875e+01,1.218717498779296875e+02
4.639030838012695312e+01,1.087168426513671875e+02
5.253837203979492188e+01,1.180848083496093750e+02
1.009947280883789062e+02,1.414770202636718750e+02
7.573840332031250000e+01,1.389717102050781250e+02
3.739494323730468750e+01,1.034006423950195312e+02
8.714163970947265625e+01,1.370480346679687500e+02
7.393383026123046875e+01,1.371734924316406250e+02
7.458877563476562500e+01,1.297868804931640625e+02
9.848326873779296875e+01,1.462509307861328125e+02
8.056364440917968750e+01,1.323811645507812500e+02
8.437215423583984375e+01,1.204249725341796875e+02
7.836026763916015625e+01,1.388509826660156250e+02
1.182107315063476562e+02,1.375145263671875000e+02
3.039838409423828125e+01,1.088712768554687500e+02
8.581915283203125000e+01,1.413189544677734375e+02
1.025220336914062500e+02,1.385447082519531250e+02
7.935125732421875000e+01,1.388029174804687500e+02
7.300615692138671875e+01,1.375729064941406250e+02
6.992469024658203125e+01,1.304049224853515625e+02
9.441439056396484375e+01,1.440834197998046875e+02
5.116579818725585938e+01,1.017144165039062500e+02
9.883675384521484375e+01,1.357309570312500000e+02
7.961537933349609375e+01,1.269376983642578125e+02
6.503961181640625000e+01,1.195220336914062500e+02
5.767140197753906250e+01,1.129108581542968750e+02
1.019010391235351562e+02,1.429529418945312500e+02
1.008645324707031250e+02,1.330739288330078125e+02
9.740496063232421875e+01,1.336786041259765625e+02
3.349699783325195312e+01,9.745736694335937500e+01
7.922459411621093750e+01,1.304745941162109375e+02
1.033796920776367188e+02,1.335864562988281250e+02
1.034260940551757812e+02,1.417352294921875000e+02
1.271125259399414062e+02,1.423030700683593750e+02
9.402872467041015625e+01,1.399235229492187500e+02
5.593849182128906250e+01,1.145904388427734375e+02
5.223261642456054688e+01,9.525430297851562500e+01
9.665454101562500000e+01,1.458604278564453125e+02
6.309168624877929688e+01,1.209597549438476562e+02
7.872353363037109375e+01,1.263019638061523438e+02
7.133765411376953125e+01,1.275094375610351562e+02
4.771929550170898438e+01,1.055731658935546875e+02
6.437570953369140625e+01,1.258572998046875000e+02
4.429327774047851562e+01,1.054490203857421875e+02
6.854706573486328125e+01,1.014291458129882812e+02
8.164502716064453125e+01,1.225953750610351562e+02
3.089208984375000000e+01,1.063179397583007812e+02
1.229985122680664062e+02,1.307999877929687500e+02
9.107568359375000000e+01,1.136263275146484375e+02
7.102725982666015625e+01,9.890368652343750000e+01
8.577091217041015625e+01,1.145673828125000000e+02
3.489397811889648438e+01,7.958379364013671875e+01
4.131987762451171875e+01,8.630189514160156250e+01
2.224442481994628906e+01,7.229167175292968750e+01
3.154808807373046875e+01,7.668090820312500000e+01
3.223751449584960938e+01,7.921255493164062500e+01
3.696981430053710938e+01,7.849949645996093750e+01
3.378017807006835938e+01,7.836730194091796875e+01
6.615774536132812500e+01,1.004360733032226562e+02
8.303975677490234375e+01,1.238584518432617188e+02
1.134290771484375000e+02,1.366076965332031250e+02
8.123992156982421875e+01,1.245406188964843750e+02
6.529693603515625000e+01,1.168152389526367188e+02
8.246213531494140625e+01,1.264564208984375000e+02
4.078137207031250000e+01,8.677062988281250000e+01
2.575234985351562500e+01,5.820330047607421875e+01
5.520692062377929688e+01,7.659295654296875000e+01
5.024675369262695312e+01,8.620927429199218750e+01
8.315192413330078125e+01,1.180340728759765625e+02
9.079345703125000000e+01,1.166559677124023438e+02
8.570672607421875000e+01,1.136623687744140625e+02
7.524173736572265625e+01,1.094298782348632812e+02
6.463861846923828125e+01,1.156241226196289062e+02
6.952974700927734375e+01,1.167964019775390625e+02
8.684249114990234375e+01,1.267249755859375000e+02
1.128512344360351562e+02,1.333322143554687500e+02
9.200671386718750000e+01,1.264574661254882812e+02
8.800661468505859375e+01,1.281751098632812500e+02
5.561565780639648438e+01,9.705987548828125000e+01
8.059059906005859375e+01,1.115887298583984375e+02
7.668486785888671875e+01,1.098298110961914062e+02
7.708039093017578125e+01,1.074738769531250000e+02
1.017552871704101562e+02,1.232174377441406250e+02
4.256218719482421875e+01,9.476514434814453125e+01
1.159661560058593750e+02,1.310365905761718750e+02
1.126264114379882812e+02,1.292756805419921875e+02
7.178597259521484375e+01,1.186670989990234375e+02
1.103866195678710938e+02,1.273637161254882812e+02
1.123635253906250000e+02,1.306210327148437500e+02
1.054001541137695312e+02,1.310010986328125000e+02
1.271130676269531250e+02,1.290158386230468750e+02
1.220014114379882812e+02,1.296673126220703125e+02
1.279518203735351562e+02,1.341190490722656250e+02
1.063891830444335938e+02,1.216679763793945312e+02
1.018227233886718750e+02,1.231175994873046875e+02
1.205628128051757812e+02,1.313110961914062500e+02
1.205844116210937500e+02,1.305862426757812500e+02
1.047482986450195312e+02,1.248826446533203125e+02
1.314744873046875000e+02,1.370523986816406250e+02
1.273902511596679688e+02,1.347714233398437500e+02
1.246277847290039062e+02,1.335589904785156250e+02
1.293283843994140625e+02,1.345238647460937500e+02
1.342939453125000000e+02,1.379194641113281250e+02
7.073192596435546875e+01,1.050715332031250000e+02
3.659037399291992188e+01,7.710861206054687500e+01
2.444942665100097656e+01,6.079548645019531250e+01
9.811762237548828125e+01,1.179860076904296875e+02
5.244883346557617188e+01,8.866339111328125000e+01
6.497650909423828125e+01,9.535002136230468750e+01
5.630940628051757812e+01,1.009897613525390625e+02
6.140846633911132812e+01,1.076406860351562500e+02
6.363912963867187500e+01,9.840171813964843750e+01
7.437273406982421875e+01,1.103601150512695312e+02
7.323094940185546875e+01,1.146751098632812500e+02
9.088339996337890625e+01,1.137290725708007812e+02
1.130249938964843750e+02,1.273641738891601562e+02
6.852252960205078125e+01,1.090844268798828125e+02
2.980802917480468750e+01,8.329779052734375000e+01
3.640760421752929688e+01,9.165070343017578125e+01
9.189237213134765625e+01,1.170518035888671875e+02
8.195872497558593750e+01,1.018716583251953125e+02
5.411632919311523438e+01,1.032733688354492188e+02
9.075982666015625000e+01,1.207707061767578125e+02
1.164709396362304688e+02,1.369295654296875000e+02
5.207355880737304688e+01,9.162304687500000000e+01
2.908995819091796875e+01,6.375269317626953125e+01
6.067667770385742188e+01,7.579194641113281250e+01
1.884640693664550781e+01,6.800189971923828125e+01
5.023152160644531250e+01,9.586883544921875000e+01
2.059901237487792969e+01,5.773034667968750000e+01
2.450661659240722656e+01,6.381349563598632812e+01
4.654581069946289062e+01,7.202194213867187500e+01
3.735017395019531250e+01,7.948156738281250000e+01
3.855546569824218750e+01,6.626170349121093750e+01
2.667555809020996094e+01,6.787743377685546875e+01
3.013186836242675781e+01,8.845598602294921875e+01
7.494220733642578125e+01,1.197557525634765625e+02
1.010570449829101562e+02,1.202119293212890625e+02
6.443743133544921875e+01,1.304933929443359375e+02
2.537611961364746094e+01,7.026670074462890625e+01
5.705139541625976562e+01,9.075186157226562500e+01
3.931828308105468750e+01,9.051049804687500000e+01
7.959249877929687500e+01,1.001706695556640625e+02
5.791473388671875000e+01,1.038951187133789062e+02
9.106172943115234375e+01,1.295050201416015625e+02
5.659207534790039062e+01,9.392668151855468750e+01
1.568463516235351562e+01,8.654612731933593750e+01
1.637047576904296875e+01,9.639259338378906250e+01
3.452215576171875000e+01,8.375450897216796875e+01
5.839976882934570312e+01,7.888270568847656250e+01
1.143406448364257812e+02,1.292116394042968750e+02
5.390404129028320312e+01,1.023710021972656250e+02
5.882377624511718750e+01,9.826608276367187500e+01
1.716961479187011719e+01,4.971448898315429688e+01
9.879833221435546875e+01,1.217204589843750000e+02
8.832450103759765625e+01,1.189392929077148438e+02
8.842751312255859375e+01,1.157935256958007812e+02
1.803804588317871094e+01,6.540814208984375000e+01
3.168033027648925781e+01,9.081755828857421875e+01
2.905681800842285156e+01,6.260055541992187500e+01
1.770352745056152344e+01,5.884870147705078125e+01
5.955565261840820312e+01,1.111817245483398438e+02
3.874437713623046875e+01,7.583476257324218750e+01
3.819919204711914062e+01,8.350160980224609375e+01
4.298875045776367188e+01,1.055515747070312500e+02
6.211127853393554688e+01,9.587500000000000000e+01
4.616851806640625000e+01,9.671601867675781250e+01
1.199501342773437500e+02,1.394793243408203125e+02
9.444888305664062500e+01,1.250493545532226562e+02
1.216622543334960938e+02,1.305188598632812500e+02
1.133872756958007812e+02,1.255183410644531250e+02
1.166749954223632812e+02,1.020394287109375000e+02
1.278034973144531250e+02,1.264886398315429688e+02
9.933612823486328125e+01,1.224416961669921875e+02
9.554187011718750000e+01,1.174974517822265625e+02
7.930702209472656250e+01,1.100047073364257812e+02
1.097027816772460938e+02,1.235752105712890625e+02
9.735466766357421875e+01,1.167889938354492188e+02
9.349426269531250000e+01,1.191049957275390625e+02
1.139842758178710938e+02,1.322231140136718750e+02
9.401342773437500000e+01,1.169055175781250000e+02
1.046773605346679688e+02,1.236505508422851562e+02
1.199188919067382812e+02,1.319918518066406250e+02
1.080952453613281250e+02,1.242495574951171875e+02
1.337964172363281250e+02,1.345447998046875000e+02
1.186702880859375000e+02,1.259389038085937500e+02
1.223288650512695312e+02,1.297659606933593750e+02
9.513167572021484375e+01,1.197383117675781250e+02
8.081983184814453125e+01,1.070695343017578125e+02
1.127918701171875000e+02,1.197279891967773438e+02
8.829345703125000000e+01,1.185375671386718750e+02
1.378451385498046875e+02,1.342760009765625000e+02
1.113711166381835938e+02,1.256308898925781250e+02
9.744543457031250000e+01,1.191209945678710938e+02
1.097398452758789062e+02,1.275516662597656250e+02
9.223709106445312500e+01,1.212004394531250000e+02
1.021405868530273438e+02,1.272155456542968750e+02
1.003982162475585938e+02,1.246269912719726562e+02
1.221517105102539062e+02,1.282794036865234375e+02
8.287387084960937500e+01,1.057551116943359375e+02
1.168453369140625000e+02,1.288648071289062500e+02
9.037353515625000000e+01,1.163498687744140625e+02
1.010080184936523438e+02,1.131546630859375000e+02
6.260267257690429688e+01,1.052071151733398438e+02
8.620096588134765625e+01,1.265012817382812500e+02
9.346910858154296875e+01,1.070184173583984375e+02
6.596181488037109375e+01,1.026514587402343750e+02
5.715842819213867188e+01,1.011917114257812500e+02
7.456604003906250000e+01,1.246871032714843750e+02
8.695656585693359375e+01,1.315993957519531250e+02
1.098480834960937500e+02,1.368633728027343750e+02
7.378711700439453125e+01,1.248528289794921875e+02
8.366114044189453125e+01,1.234442214965820312e+02
8.850582885742187500e+01,1.061622314453125000e+02
5.701983261108398438e+01,8.455721282958984375e+01
7.237592315673828125e+01,1.080988159179687500e+02
9.573492431640625000e+01,9.228857421875000000e+01
8.591860198974609375e+01,8.845997619628906250e+01
1.017339096069335938e+02,1.215861511230468750e+02
1.132603454589843750e+02,1.171068267822265625e+02
1.103502502441406250e+02,1.381524353027343750e+02
7.147876739501953125e+01,1.081279754638671875e+02
1.218198852539062500e+02,1.207102355957031250e+02
5.930073547363281250e+01,8.965065002441406250e+01
9.105847167968750000e+01,1.127098541259765625e+02
1.024922256469726562e+02,1.012892456054687500e+02
7.261029815673828125e+01,6.700363159179687500e+01
7.096621704101562500e+01,4.592219543457031250e+01
8.847937774658203125e+01,7.138816070556640625e+01
7.904967498779296875e+01,1.115024871826171875e+02
1.023005371093750000e+02,1.323387603759765625e+02
1.109732284545898438e+02,1.195571594238281250e+02
7.661904144287109375e+01,1.082028656005859375e+02
6.920069885253906250e+01,8.479185485839843750e+01
3.163818931579589844e+01,4.880498504638671875e+01
1.728226852416992188e+01,3.976818084716796875e+01
4.174058914184570312e+01,3.219332122802734375e+01
1.784282684326171875e+01,1.215573978424072266e+01
2.905387115478515625e+01,3.741553497314453125e+01
9.188729095458984375e+01,1.100818862915039062e+02
1.037443618774414062e+02,1.072539596557617188e+02
1.201913833618164062e+02,1.256170196533203125e+02
3.958854675292968750e+01,6.801409912109375000e+01
4.554868698120117188e+01,6.535824584960937500e+01
2.874373817443847656e+01,3.272157287597656250e+01
3.065480995178222656e+01,4.124809646606445312e+01
9.238823699951171875e+01,1.112230072021484375e+02
1.228208618164062500e+02,1.242999343872070312e+02
9.997897338867187500e+01,1.242148208618164062e+02
7.911315917968750000e+01,1.009568862915039062e+02
9.933957672119140625e+01,1.179741744995117188e+02
1.034442749023437500e+02,1.169761810302734375e+02
7.663800048828125000e+01,8.765907287597656250e+01
8.671074676513671875e+01,8.742863464355468750e+01
8.297881317138671875e+01,1.184033203125000000e+02
1.021345443725585938e+02,1.161924896240234375e+02
1.166926803588867188e+02,1.394989013671875000e+02
5.080094528198242188e+01,8.531782531738281250e+01
8.804702758789062500e+01,1.123832931518554688e+02
7.050376129150390625e+01,9.895153808593750000e+01
1.008080062866210938e+02,1.288094177246093750e+02
5.430883789062500000e+01,7.112512969970703125e+01
6.201184082031250000e+01,1.015088195800781250e+02
8.348635101318359375e+01,1.027352752685546875e+02
4.935960006713867188e+01,8.479750061035156250e+01
7.382063293457031250e+01,8.055374145507812500e+01
8.033460235595703125e+01,1.050465927124023438e+02
1.132043533325195312e+02,1.254573135375976562e+02
8.596974945068359375e+01,1.088921966552734375e+02
8.305892181396484375e+01,1.149522705078125000e+02
1.036353836059570312e+02,1.265899505615234375e+02
1.243135986328125000e+02,1.383673095703125000e+02
3.018215942382812500e+01,2.439174652099609375e+01
1.165775756835937500e+02,1.303388824462890625e+02
7.992266082763671875e+01,7.429429626464843750e+01
3.490816879272460938e+01,2.599727249145507812e+01
5.302538681030273438e+01,1.049598846435546875e+02
1.054294433593750000e+02,1.289627532958984375e+02
5.274220275878906250e+01,7.090243530273437500e+01
1.229416732788085938e+02,1.217265243530273438e+02
3.983866500854492188e+01,6.460240936279296875e+01
3.084278678894042969e+01,1.478910446166992188e+01
5.787290573120117188e+01,8.043292236328125000e+01
1.200757064819335938e+02,1.062067108154296875e+02
4.890983963012695312e+01,1.997163009643554688e+01
8.187072753906250000e+01,1.158651504516601562e+02
1.036911315917968750e+02,1.170551605224609375e+02
9.720557403564453125e+01,1.223418502807617188e+02
9.632334136962890625e+01,1.057843780517578125e+02
9.228308105468750000e+01,1.001694335937500000e+02
7.586348724365234375e+01,9.136087799072265625e+01
1.200422134399414062e+02,1.036701812744140625e+02
7.750827026367187500e+01,5.685534667968750000e+01
6.891137695312500000e+01,8.844932556152343750e+01
1.032276306152343750e+02,9.756753540039062500e+01
8.276413726806640625e+01,7.055667114257812500e+01
7.321736145019531250e+01,1.013451385498046875e+02
5.935564041137695312e+01,7.494299316406250000e+01
5.764654922485351562e+01,1.064792633056640625e+02
6.786891174316406250e+01,7.872313690185546875e+01
1.327823486328125000e+02,1.341135406494140625e+02
5.921040725708007812e+01,8.924107360839843750e+01
6.149296951293945312e+01,5.924800109863281250e+01
1.046195983886718750e+02,1.247962036132812500e+02
8.320246887207031250e+01,1.023786544799804688e+02
1.201759872436523438e+02,1.158766326904296875e+02
1.376890563964843750e+02,1.328328399658203125e+02
9.900381469726562500e+01,7.176144409179687500e+01
4.966633224487304688e+01,6.172110748291015625e+01
3.634831237792968750e+01,2.418071174621582031e+01
9.675827789306640625e+01,1.248923339843750000e+02
1.193277816772460938e+02,1.389673309326171875e+02
9.964830780029296875e+01,1.015841751098632812e+02
8.287151336669921875e+01,7.608784484863281250e+01
5.588583755493164062e+01,8.004342651367187500e+01
1.166034164428710938e+02,1.283595275878906250e+02
9.991553497314453125e+01,1.205055084228515625e+02
8.256545257568359375e+01,9.759349060058593750e+01
4.307664871215820312e+01,5.566935729980468750e+01
4.178693771362304688e+01,7.763950347900390625e+01
5.093059921264648438e+01,8.917863464355468750e+01
4.649586105346679688e+01,7.287429809570312500e+01
6.971971130371093750e+01,9.861688232421875000e+01
3.491439437866210938e+01,6.818031311035156250e+01
2.194753456115722656e+01,5.696558761596679688e+01
5.609951400756835938e+01,9.476078033447265625e+01
1.219138793945312500e+02,1.409875793457031250e+02
7.823525238037109375e+01,1.180695343017578125e+02
1.577539443969726562e+01,3.776153564453125000e+01
8.995597076416015625e+01,1.364432525634765625e+02
9.104153442382812500e+01,1.189958343505859375e+02
1.251581649780273438e+02,1.329779357910156250e+02
8.881790924072265625e+01,1.071266632080078125e+02
9.961868286132812500e+01,1.133492050170898438e+02
9.518032073974609375e+01,1.179101867675781250e+02
5.878015136718750000e+01,1.058580322265625000e+02
1.027984924316406250e+02,1.259445953369140625e+02
9.677563476562500000e+01,1.219613647460937500e+02
3.080597877502441406e+01,7.697126770019531250e+01
7.052627563476562500e+01,1.100383911132812500e+02
9.253983306884765625e+01,1.205111770629882812e+02
9.585468292236328125e+01,1.280648040771484375e+02
9.962545013427734375e+01,1.288225708007812500e+02
6.548647308349609375e+01,1.089398498535156250e+02
1.188425521850585938e+02,1.320264892578125000e+02
9.222235107421875000e+01,1.239248657226562500e+02
7.813729095458984375e+01,1.164556427001953125e+02
7.969295501708984375e+01,1.123230895996093750e+02
7.510481262207031250e+01,1.199304504394531250e+02
9.371976470947265625e+01,1.259099273681640625e+02
5.733397293090820312e+01,1.115194091796875000e+02
8.441533660888671875e+01,1.249730682373046875e+02
9.495162200927734375e+01,1.273389587402343750e+02
8.527265167236328125e+01,1.131142272949218750e+02
8.419904327392578125e+01,1.160611038208007812e+02
1.039374618530273438e+02,1.277707061767578125e+02
1.018653869628906250e+02,1.265599365234375000e+02
1.055091629028320312e+02,1.284696807861328125e+02
1.040801696777343750e+02,1.263764343261718750e+02
8.598813629150390625e+01,1.191479568481445312e+02
1.149303588867187500e+02,1.309245147705078125e+02
1.221128234863281250e+02,1.349070129394531250e+02
1.021937561035156250e+02,1.286081848144531250e+02
1.050562973022460938e+02,1.286362609863281250e+02
1.071121444702148438e+02,1.320072326660156250e+02
1.185217666625976562e+02,1.338118133544921875e+02
9.827603912353515625e+01,1.268090438842773438e+02
9.269925689697265625e+01,1.263527374267578125e+02
1.079501113891601562e+02,1.279464721679687500e+02
7.591272735595703125e+01,1.138556213378906250e+02
8.689471435546875000e+01,1.253825073242187500e+02
1.022406997680664062e+02,1.314139099121093750e+02
1.149501266479492188e+02,1.319626464843750000e+02
1.197668075561523438e+02,1.331324157714843750e+02
1.144040145874023438e+02,1.338642578125000000e+02
1.022084732055664062e+02,1.251153411865234375e+02
1.069836425781250000e+02,1.287725067138671875e+02
9.721736907958984375e+01,1.292983093261718750e+02
4.500619506835937500e+01,1.061246185302734375e+02
1.122218551635742188e+02,1.351465148925781250e+02
1.237580795288085938e+02,1.379615173339843750e+02
5.617340469360351562e+01,1.063741455078125000e+02
1.188743286132812500e+02,1.349906463623046875e+02
1.042856445312500000e+02,1.326104583740234375e+02
1.035195083618164062e+02,1.263548355102539062e+02
9.274770355224609375e+01,1.246999740600585938e+02
1.045498275756835938e+02,1.260555114746093750e+02
1.008418197631835938e+02,1.305063629150390625e+02
8.875278472900390625e+01,1.214037933349609375e+02
8.227170562744140625e+01,1.132546081542968750e+02
9.379947662353515625e+01,1.251229171752929688e+02
1.090370101928710938e+02,1.299453887939453125e+02
1.078902206420898438e+02,1.301614685058593750e+02
1.055771713256835938e+02,1.299468994140625000e+02
8.819992828369140625e+01,1.228265686035156250e+02
1.120874023437500000e+02,1.320700531005859375e+02
4.712337112426757812e+01,1.076237487792968750e+02
1.227559432983398438e+02,1.346621398925781250e+02
9.928567504882812500e+01,1.259300918579101562e+02
9.858530426025390625e+01,1.211716308593750000e+02
7.283290863037109375e+01,1.185527648925781250e+02
7.145685577392578125e+01,1.106334533691406250e+02
8.708975982666015625e+01,1.191660919189453125e+02
1.042963562011718750e+02,1.279953765869140625e+02
1.075968399047851562e+02,1.317121276855468750e+02
1.079573745727539062e+02,1.317779235839843750e+02
1.197334213256835938e+02,1.324047546386718750e+02
1.091950683593750000e+02,1.327255249023437500e+02
1.223085937500000000e+02,1.374212951660156250e+02
1.023760681152343750e+02,1.278313369750976562e+02
8.741175079345703125e+01,1.244083938598632812e+02
1.290704345703125000e+02,1.384906921386718750e+02
9.389337921142578125e+01,1.219814147949218750e+02
5.937365341186523438e+01,9.815902709960937500e+01
6.402809143066406250e+01,1.069320220947265625e+02
9.823773956298828125e+01,1.234289398193359375e+02
1.011863403320312500e+02,1.243648757934570312e+02
7.073541259765625000e+01,1.158004608154296875e+02
9.177616119384765625e+01,1.209337234497070312e+02
1.039090957641601562e+02,1.321033020019531250e+02
9.107974243164062500e+01,1.224589614868164062e+02
8.293279266357421875e+01,1.197603225708007812e+02
8.371614837646484375e+01,1.271088790893554688e+02
5.049429321289062500e+01,9.552523803710937500e+01
8.388320159912109375e+01,1.186381683349609375e+02
9.473760223388671875e+01,1.229737854003906250e+02
9.069323730468750000e+01,1.240378875732421875e+02
7.127280426025390625e+01,1.088224487304687500e+02
1.049528503417968750e+02,1.318303833007812500e+02
1.184721069335937500e+02,1.355909729003906250e+02
5.740199661254882812e+01,1.129637603759765625e+02
8.261331939697265625e+01,1.350775146484375000e+02
1.228189620971679688e+02,1.408452606201171875e+02
1.275581054687500000e+02,1.356489562988281250e+02
1.106870498657226562e+02,1.236996459960937500e+02
4.088771057128906250e+01,8.185125732421875000e+01
6.546752166748046875e+01,9.074636840820312500e+01
1.036263656616210938e+02,1.162569427490234375e+02
1.109127197265625000e+02,1.283771972656250000e+02
9.330688476562500000e+01,1.284428100585937500e+02
1.184370803833007812e+02,1.291305847167968750e+02
8.903942871093750000e+01,1.024551696777343750e+02
8.132452392578125000e+01,1.063587570190429688e+02
1.045348587036132812e+02,1.235864944458007812e+02
1.342995452880859375e+02,1.398823852539062500e+02
8.545124053955078125e+01,1.021408462524414062e+02
1.010080337524414062e+02,1.259163665771484375e+02
5.246858215332031250e+01,8.524290466308593750e+01
8.498300933837890625e+01,1.097679290771484375e+02
8.762951660156250000e+01,1.252943115234375000e+02
4.747091674804687500e+01,5.741883087158203125e+01
1.140540542602539062e+02,1.315463256835937500e+02
4.182969665527343750e+01,4.360308074951171875e+01
5.527640914916992188e+01,9.973661804199218750e+01
8.618917083740234375e+01,1.173508605957031250e+02
8.908496093750000000e+01,1.052710876464843750e+02
3.419784927368164062e+01,7.622030639648437500e+01
5.542083740234375000e+01,9.818692016601562500e+01
9.606079101562500000e+01,1.189272384643554688e+02
7.008135986328125000e+01,1.010272827148437500e+02
9.413413238525390625e+01,1.298409118652343750e+02
1.173114395141601562e+02,1.271894073486328125e+02
1.211770858764648438e+02,1.310585174560546875e+02
6.047330093383789062e+01,9.265136718750000000e+01
9.390451049804687500e+01,1.135669097900390625e+02
1.078132553100585938e+02,1.215953369140625000e+02
5.385348510742187500e+01,8.891467285156250000e+01
7.934667205810546875e+01,1.010304107666015625e+02
3.563240432739257812e+01,7.261104583740234375e+01
6.716283416748046875e+01,8.962716674804687500e+01
1.143282470703125000e+02,1.311324157714843750e+02
1.315814361572265625e+02,1.272519989013671875e+02
4.868226623535156250e+01,8.978691101074218750e+01
1.200707702636718750e+02,1.344961547851562500e+02
6.220575332641601562e+01,1.000969238281250000e+02
7.292891693115234375e+01,9.949175262451171875e+01
5.491732406616210938e+01,1.004916839599609375e+02
2.931613731384277344e+01,8.333067321777343750e+01
4.123724746704101562e+01,8.234907531738281250e+01
5.374839401245117188e+01,9.102299499511718750e+01
5.158619308471679688e+01,9.119744873046875000e+01
1.234033584594726562e+02,1.318150634765625000e+02
8.707096099853515625e+01,1.080888824462890625e+02
6.396947097778320312e+01,9.571056365966796875e+01
1.097026290893554688e+02,1.199538116455078125e+02
1.109049453735351562e+02,1.219887237548828125e+02
7.868331909179687500e+01,1.066598052978515625e+02
8.185350036621093750e+01,1.111935729980468750e+02
5.400078201293945312e+01,9.431826782226562500e+01
7.939078521728515625e+01,1.017363739013671875e+02
1.140179824829101562e+02,1.246102142333984375e+02
5.879592895507812500e+01,8.485789489746093750e+01
8.064943695068359375e+01,1.071923675537109375e+02
8.817492675781250000e+01,1.166414184570312500e+02
8.490924835205078125e+01,1.185877532958984375e+02
9.884723663330078125e+01,1.166049804687500000e+02
8.935831451416015625e+01,1.140706024169921875e+02
1.101198120117187500e+02,1.198545379638671875e+02
4.522260665893554688e+01,6.982553100585937500e+01
8.524227905273437500e+01,1.144172973632812500e+02
3.682709121704101562e+01,8.873086547851562500e+01
6.402474212646484375e+01,1.099386901855468750e+02
3.892767333984375000e+01,7.091443634033203125e+01
1.065252914428710938e+02,1.410179443359375000e+02
3.843906021118164062e+01,6.510136413574218750e+01
1.282812042236328125e+02,1.397654876708984375e+02
8.758573150634765625e+01,9.515278625488281250e+01
4.303025436401367188e+01,8.538916015625000000e+01
1.005188217163085938e+02,1.133156585693359375e+02
1.005420913696289062e+02,1.389196777343750000e+02
9.123233795166015625e+01,1.329358367919921875e+02
1.215498657226562500e+02,1.329120178222656250e+02
1.024969100952148438e+02,1.282435607910156250e+02
1.090282592773437500e+02,1.413655395507812500e+02
7.151247406005859375e+01,9.123706817626953125e+01
1.136421203613281250e+02,1.297125549316406250e+02
9.379772186279296875e+01,1.183756561279296875e+02
5.700567245483398438e+01,9.058575439453125000e+01
1.323575286865234375e+02,1.397508087158203125e+02
6.197497940063476562e+01,8.800299072265625000e+01
8.623563385009765625e+01,9.973434448242187500e+01
1.131547927856445312e+02,1.193956527709960938e+02
1.060217666625976562e+02,1.421397399902343750e+02
8.473935699462890625e+01,1.240886993408203125e+02
7.543604278564453125e+01,1.104540863037109375e+02
1.023518295288085938e+02,1.269293975830078125e+02
6.465022277832031250e+01,1.353063049316406250e+02
5.961767578125000000e+01,1.023445739746093750e+02
1.130420837402343750e+02,1.287814331054687500e+02
1.168113174438476562e+02,1.279296112060546875e+02
1.124536666870117188e+02,1.056644439697265625e+02
9.895699310302734375e+01,1.233871002197265625e+02
7.421083831787109375e+01,9.941706848144531250e+01
7.011692047119140625e+01,9.781620788574218750e+01
8.570449066162109375e+01,1.037584762573242188e+02
3.274799346923828125e+01,6.230936431884765625e+01
6.998254394531250000e+01,9.889128112792968750e+01
3.072117614746093750e+01,5.308052062988281250e+01
1.072962341308593750e+02,1.043098754882812500e+02
1.181076889038085938e+02,1.023843536376953125e+02
1.123005599975585938e+02,1.066178588867187500e+02
7.355632781982421875e+01,5.394787597656250000e+01
7.520809173583984375e+01,9.969195556640625000e+01
4.052710723876953125e+01,4.540016174316406250e+01
1.254129104614257812e+02,1.306380004882812500e+02
1.316071014404296875e+02,1.392605590820312500e+02
1.307797393798828125e+02,1.353620452880859375e+02
1.312459564208984375e+02,1.278430557250976562e+02
1.207685546875000000e+02,1.229237365722656250e+02
1.248642272949218750e+02,1.258970184326171875e+02
1.374337158203125000e+02,1.398893432617187500e+02
1.252665328979492188e+02,1.330260467529296875e+02
1.137242126464843750e+02,1.239005737304687500e+02
1.060624084472656250e+02,1.186523666381835938e+02
1.196783447265625000e+02,1.294004211425781250e+02
1.178786621093750000e+02,1.289489440917968750e+02
1.206671829223632812e+02,1.293323364257812500e+02
1.311224365234375000e+02,1.365533142089843750e+02
1.187375259399414062e+02,1.266212005615234375e+02
1.255552368164062500e+02,1.322826690673828125e+02
1.258115844726562500e+02,1.293713378906250000e+02
1.122977676391601562e+02,1.215347290039062500e+02
1.269125137329101562e+02,1.328815612792968750e+02
1.317294311523437500e+02,1.363422241210937500e+02
1.084015121459960938e+02,1.247344818115234375e+02
1.203416213989257812e+02,1.311578979492187500e+02
1.146889419555664062e+02,1.293290863037109375e+02
1.273115005493164062e+02,1.224714889526367188e+02
1.183632431030273438e+02,1.285519409179687500e+02
1.056925277709960938e+02,1.208619995117187500e+02
1.129060745239257812e+02,1.235472259521484375e+02
1.170623779296875000e+02,1.241673583984375000e+02
7.901042175292968750e+01,1.019224700927734375e+02
1.132493057250976562e+02,1.251894378662109375e+02
1.256557006835937500e+02,1.297131347656250000e+02
1.245439224243164062e+02,1.289850006103515625e+02
1.379151763916015625e+02,1.369389953613281250e+02
9.075147247314453125e+01,1.068259735107421875e+02
1.001354751586914062e+02,1.095083312988281250e+02
1.228577346801757812e+02,1.327755126953125000e+02
1.338244018554687500e+02,1.347693023681640625e+02
1.350878448486328125e+02,1.361505126953125000e+02
1.036628417968750000e+02,1.165189971923828125e+02
1.198481826782226562e+02,1.301723022460937500e+02
1.277884521484375000e+02,1.279154052734375000e+02
1.304169616699218750e+02,1.330239105224609375e+02
1.234082641601562500e+02,1.326371154785156250e+02
1.025321655273437500e+02,1.115209197998046875e+02
1.244325485229492188e+02,1.309904479980468750e+02
1.146601943969726562e+02,1.229466094970703125e+02
1.215543441772460938e+02,1.296377868652343750e+02
1.195590286254882812e+02,1.222109680175781250e+02
9.032631683349609375e+01,9.380801391601562500e+01
1.147956161499023438e+02,1.164333038330078125e+02
1.100227432250976562e+02,1.137086029052734375e+02
1.307028656005859375e+02,1.270131072998046875e+02
6.715464019775390625e+01,8.437343597412109375e+01
4.148565292358398438e+01,2.919219207763671875e+01
1.327587585449218750e+02,1.313760375976562500e+02
2.315082359313964844e+01,1.823396110534667969e+01
2.500760078430175781e+01,1.045484733581542969e+01
3.339281845092773438e+01,3.041624450683593750e+01
2.747744178771972656e+01,1.224534416198730469e+01
4.178689956665039062e+01,2.573397445678710938e+01
2.585552978515625000e+01,1.154524040222167969e+01
5.968346786499023438e+01,3.621530151367187500e+01
5.706643295288085938e+01,6.732628631591796875e+01
4.493419265747070312e+01,1.113342285156250000e+02
1.945845985412597656e+01,1.773043441772460938e+01
1.880821418762207031e+01,5.596467971801757812e+01
2.131909179687500000e+01,4.348629379272460938e+01
1.412578868865966797e+01,2.375020980834960938e+01
2.688041687011718750e+01,1.964795684814453125e+01
2.641278076171875000e+01,5.713499450683593750e+01
5.112751388549804688e+01,4.715036773681640625e+01
2.884166526794433594e+01,1.581269168853759766e+01
1.136143569946289062e+02,1.161479110717773438e+02
1.308489379882812500e+02,1.126757812500000000e+02
5.467343139648437500e+01,5.737927627563476562e+01
3.237380218505859375e+01,3.484959030151367188e+01
8.708904266357421875e+01,6.448853302001953125e+01
9.637227630615234375e+01,8.339570617675781250e+01
3.305894470214843750e+01,2.529431533813476562e+01
1.165489425659179688e+02,1.209441680908203125e+02
6.227966308593750000e+01,8.967309570312500000e+01
1.015047607421875000e+02,1.010816345214843750e+02
3.209697341918945312e+01,4.140191650390625000e+01
4.144848251342773438e+01,5.919608306884765625e+01
4.247029495239257812e+01,4.242978668212890625e+01
7.231710815429687500e+01,8.520744323730468750e+01
7.254843902587890625e+01,7.056941223144531250e+01
6.459998321533203125e+01,5.026534271240234375e+01
1.043064575195312500e+02,1.041199188232421875e+02
9.098686981201171875e+01,1.054347686767578125e+02
3.292039489746093750e+01,3.675400543212890625e+01
5.001325988769531250e+01,9.021022033691406250e+01
1.334540863037109375e+02,1.361072082519531250e+02
5.075883102416992188e+01,6.611309814453125000e+01
4.969364929199218750e+01,9.371151733398437500e+01
8.896191406250000000e+01,1.136961975097656250e+02
9.132009124755859375e+01,1.124606933593750000e+02
1.285843963623046875e+02,1.175519714355468750e+02
6.342236328125000000e+01,8.617941284179687500e+01
7.690174102783203125e+01,1.144812088012695312e+02
7.652854156494140625e+01,1.029374389648437500e+02
6.293692016601562500e+01,1.008342742919921875e+02
8.564453125000000000e+01,1.054990921020507812e+02
8.040557861328125000e+01,1.053439483642578125e+02
8.136225128173828125e+01,1.106270294189453125e+02
7.650579071044921875e+01,9.855398559570312500e+01
8.839386749267578125e+01,1.237727661132812500e+02
1.035150527954101562e+02,1.269659271240234375e+02
1.166012802124023438e+02,1.267718505859375000e+02
6.089294433593750000e+01,8.534666442871093750e+01
8.228371429443359375e+01,1.030220947265625000e+02
9.165918731689453125e+01,1.160784759521484375e+02
6.141304397583007812e+01,1.008742370605468750e+02
9.262532806396484375e+01,1.194908905029296875e+02
9.780066490173339844e+00,9.209334373474121094e+00
1.077387695312500000e+02,1.162530364990234375e+02
5.055810546875000000e+01,8.557325744628906250e+01
1.225767135620117188e+02,1.221460113525390625e+02
7.444922637939453125e+01,9.242083740234375000e+01
8.688120269775390625e+01,1.179095458984375000e+02
1.129987792968750000e+02,1.244065628051757812e+02
1.076861038208007812e+02,1.087592620849609375e+02
4.820763778686523438e+01,6.590016174316406250e+01
7.595223236083984375e+01,7.875984191894531250e+01
9.754785919189453125e+01,1.037963485717773438e+02
7.421880340576171875e+01,1.057122039794921875e+02
1.131406784057617188e+02,1.227536468505859375e+02
1.058544082641601562e+02,1.098485870361328125e+02
1.077649917602539062e+02,1.185085830688476562e+02
9.268328857421875000e+01,1.035329284667968750e+02
1.169287109375000000e+02,1.077653961181640625e+02
8.370412445068359375e+01,1.099769973754882812e+02
1.250373611450195312e+02,1.214879302978515625e+02
7.331334686279296875e+01,1.013488922119140625e+02
7.222403717041015625e+01,9.736956024169921875e+01
8.231262969970703125e+01,1.134655914306640625e+02
1.030362243652343750e+02,1.209464492797851562e+02
1.007092514038085938e+02,1.110499420166015625e+02
1.047514266967773438e+02,9.126145935058593750e+01
9.153732299804687500e+01,1.120591812133789062e+02
6.223277664184570312e+01,7.169139099121093750e+01
9.472153472900390625e+01,1.140774002075195312e+02
4.044587326049804688e+01,7.473944854736328125e+01
1.012362442016601562e+02,1.122721099853515625e+02
1.006877212524414062e+02,1.095690155029296875e+02
2.482755851745605469e+01,7.345049285888671875e+01
4.962874221801757812e+01,7.388166809082031250e+01
4.356340408325195312e+01,5.755448913574218750e+01
8.220381927490234375e+01,9.314295959472656250e+01
9.211656951904296875e+01,1.027012252807617188e+02
9.234518432617187500e+01,1.067815399169921875e+02
8.652907562255859375e+01,9.727845764160156250e+01
8.339859008789062500e+01,9.152239990234375000e+01
9.852991485595703125e+01,1.273025741577148438e+02
1.018563461303710938e+02,1.173135528564453125e+02
1.144654541015625000e+02,1.314976806640625000e+02
4.493501281738281250e+01,5.152436065673828125e+01
7.778893280029296875e+01,6.929515075683593750e+01
5.605194473266601562e+01,6.306067657470703125e+01
8.992742919921875000e+01,1.144034423828125000e+02
8.453582763671875000e+01,8.917508697509765625e+01
1.293369903564453125e+02,1.206971893310546875e+02
6.938957977294921875e+01,6.563685607910156250e+01
9.474590301513671875e+01,1.068920593261718750e+02
4.664031600952148438e+01,4.955794525146484375e+01
8.902065277099609375e+01,1.126560058593750000e+02
1.115691757202148438e+02,1.189388580322265625e+02
1.025896911621093750e+02,1.041097717285156250e+02
1.004592819213867188e+02,9.170376586914062500e+01
8.080529022216796875e+01,9.725582885742187500e+01
7.774575042724609375e+01,9.313159179687500000e+01
1.000139236450195312e+02,1.114462814331054688e+02
1.054888229370117188e+02,1.033291702270507812e+02
6.594956207275390625e+01,8.667356872558593750e+01
9.541189575195312500e+01,9.330151367187500000e+01
9.627514648437500000e+01,1.059976348876953125e+02
9.243869018554687500e+01,9.498544311523437500e+01
8.927292633056640625e+01,9.301548767089843750e+01
8.843039703369140625e+01,9.395100402832031250e+01
8.877767944335937500e+01,8.682983398437500000e+01
8.411932373046875000e+01,1.125662689208984375e+02
9.162625885009765625e+01,1.050111312866210938e+02
6.539884948730468750e+01,9.586272430419921875e+01
7.042092895507812500e+01,8.892352294921875000e+01
6.684903717041015625e+01,8.759999084472656250e+01
6.801671600341796875e+01,7.503456878662109375e+01
9.855352783203125000e+01,1.030905609130859375e+02
5.672344970703125000e+01,6.982055664062500000e+01
6.134593582153320312e+01,6.907943725585937500e+01
4.366823196411132812e+01,7.765475463867187500e+01
6.544692230224609375e+01,8.355297851562500000e+01
7.993687438964843750e+01,8.613769531250000000e+01
5.754742050170898438e+01,6.826846313476562500e+01
5.188196182250976562e+01,6.578205871582031250e+01
5.158256149291992188e+01,6.106618881225585938e+01
6.857407379150390625e+01,8.265287780761718750e+01
7.011963653564453125e+01,8.295825195312500000e+01
9.375336456298828125e+01,1.011669921875000000e+02
9.699578857421875000e+01,1.081311264038085938e+02
4.485075759887695312e+01,6.124026489257812500e+01
4.484851074218750000e+01,5.684615325927734375e+01
4.304423904418945312e+01,5.355017089843750000e+01
4.452391433715820312e+01,5.663739395141601562e+01
7.286334228515625000e+01,9.824748229980468750e+01
8.125084686279296875e+01,9.330662536621093750e+01
1.175357284545898438e+02,1.161392364501953125e+02
9.324776458740234375e+01,1.147203979492187500e+02
1.153226623535156250e+02,1.206139373779296875e+02
6.436437225341796875e+01,7.302633666992187500e+01
7.452438354492187500e+01,9.468852233886718750e+01
6.744945526123046875e+01,8.440091705322265625e+01
5.447690200805664062e+01,6.979476165771484375e+01
5.738206100463867188e+01,7.191932678222656250e+01
9.226666259765625000e+01,9.705543518066406250e+01
5.940956497192382812e+01,7.411157226562500000e+01
5.156726074218750000e+01,5.686149597167968750e+01
8.461478424072265625e+01,9.484465026855468750e+01
5.554967117309570312e+01,7.354321289062500000e+01
7.224324798583984375e+01,8.378147888183593750e+01
4.236555862426757812e+01,6.138342666625976562e+01
6.054645156860351562e+01,8.113873291015625000e+01
9.683358001708984375e+01,1.045404586791992188e+02
1.216873092651367188e+02,1.182455444335937500e+02
1.127694320678710938e+02,1.122559356689453125e+02
9.145265960693359375e+01,8.650508880615234375e+01
1.295116424560546875e+02,1.285947265625000000e+02
1.124479141235351562e+02,1.086759948730468750e+02
7.122116851806640625e+01,7.222937011718750000e+01
1.166092910766601562e+02,1.286826629638671875e+02
4.873715209960937500e+01,6.333761215209960938e+01
1.034767761230468750e+02,9.600317382812500000e+01
9.408943939208984375e+01,1.002573318481445312e+02
1.121807632446289062e+02,1.125457534790039062e+02
1.012443313598632812e+02,1.156574096679687500e+02
1.048434371948242188e+02,1.177591705322265625e+02
7.361032104492187500e+01,8.702516174316406250e+01
9.496958160400390625e+01,1.157731475830078125e+02
7.457028961181640625e+01,9.823748779296875000e+01
9.863356781005859375e+01,1.216305389404296875e+02
6.161715698242187500e+01,6.811386108398437500e+01
1.308784179687500000e+02,1.250301818847656250e+02
5.005305099487304688e+01,7.132622528076171875e+01
1.058247299194335938e+02,9.203639221191406250e+01
1.384928283691406250e+02,1.242403717041015625e+02
3.277953720092773438e+01,5.411061859130859375e+01
2.842703819274902344e+01,5.258118057250976562e+01
9.652343750000000000e+01,7.855705261230468750e+01
1.284513397216796875e+02,1.153911819458007812e+02
9.626062011718750000e+01,1.072538146972656250e+02
6.002426147460937500e+01,6.544009399414062500e+01
6.283023071289062500e+01,5.584511184692382812e+01
1.015478820800781250e+02,9.515734100341796875e+01
1.058308792114257812e+02,9.207525634765625000e+01
4.410191726684570312e+01,9.157066345214843750e+01
7.645858001708984375e+01,9.150198364257812500e+01
9.825757598876953125e+01,1.017274322509765625e+02
7.984593963623046875e+01,9.948585510253906250e+01
7.287218475341796875e+01,1.027278366088867188e+02
4.674989700317382812e+01,3.506552124023437500e+01
1.124079284667968750e+02,1.214664535522460938e+02
8.550380706787109375e+01,1.079181518554687500e+02
6.030065917968750000e+01,6.948368835449218750e+01
8.098076629638671875e+01,9.830958557128906250e+01
6.164089965820312500e+01,9.471541595458984375e+01
9.469828033447265625e+01,1.151309661865234375e+02
2.255211448669433594e+01,3.731273651123046875e+01
1.042515029907226562e+02,1.205140991210937500e+02
1.236752090454101562e+02,1.304120025634765625e+02
9.731295013427734375e+01,1.037867889404296875e+02
1.297888641357421875e+02,1.245189971923828125e+02
1.086098709106445312e+02,1.010769805908203125e+02
9.541815185546875000e+01,1.042442626953125000e+02
9.044173431396484375e+01,1.141574401855468750e+02
6.088793563842773438e+01,8.585925292968750000e+01
4.805287551879882812e+01,9.149428558349609375e+01
6.560235595703125000e+01,8.409203338623046875e+01
9.257159423828125000e+01,1.225132751464843750e+02
1.110595703125000000e+02,1.004253234863281250e+02
1.133216781616210938e+02,1.283939361572265625e+02
1.046230697631835938e+02,1.134036788940429688e+02
9.472860717773437500e+01,1.180965270996093750e+02
1.043586502075195312e+02,1.105760498046875000e+02
5.935922241210937500e+01,9.698513793945312500e+01
8.392956542968750000e+01,8.864335632324218750e+01
5.620502853393554688e+01,7.255455017089843750e+01
9.461841583251953125e+01,1.076439208984375000e+02
9.199593353271484375e+01,1.046910781860351562e+02
8.903490447998046875e+01,9.740834045410156250e+01
5.985487365722656250e+01,9.150424194335937500e+01
6.847156524658203125e+01,8.686008453369140625e+01
5.038786697387695312e+01,5.796848297119140625e+01
6.190723037719726562e+01,7.806974792480468750e+01
7.224639892578125000e+01,9.531592559814453125e+01
8.855059814453125000e+01,1.037628555297851562e+02
6.587814331054687500e+01,9.591352844238281250e+01
4.323874282836914062e+01,6.360496520996093750e+01
4.422436141967773438e+01,6.288937377929687500e+01
5.155303955078125000e+01,7.387667083740234375e+01
7.059821319580078125e+01,8.735778808593750000e+01
7.858649444580078125e+01,1.036543045043945312e+02
7.393676757812500000e+01,9.426856994628906250e+01
7.191378021240234375e+01,8.682565307617187500e+01
9.165652465820312500e+01,1.086332321166992188e+02
8.821504974365234375e+01,1.050908508300781250e+02
6.775806427001953125e+01,1.028214874267578125e+02
6.311124801635742188e+01,8.139705657958984375e+01
9.465268707275390625e+01,1.117485122680664062e+02
1.000480957031250000e+02,1.126385116577148438e+02
7.672505950927734375e+01,8.800662994384765625e+01
1.001856460571289062e+02,1.179526214599609375e+02
7.344451141357421875e+01,1.074981689453125000e+02
4.660020828247070312e+01,7.975466918945312500e+01
1.007279891967773438e+02,1.063349761962890625e+02
7.815042877197265625e+01,1.026518554687500000e+02
1.227044143676757812e+02,1.278911666870117188e+02
4.582351303100585938e+01,7.099139404296875000e+01
7.357373809814453125e+01,8.132460784912109375e+01
4.339488220214843750e+01,4.497521972656250000e+01
7.102283477783203125e+01,8.112020874023437500e+01
6.702307891845703125e+01,7.681093597412109375e+01
7.706239318847656250e+01,8.815062713623046875e+01
6.175230026245117188e+01,7.283055114746093750e+01
5.902836990356445312e+01,6.825312042236328125e+01
5.849827194213867188e+01,6.868214416503906250e+01
4.321277999877929688e+01,5.808288574218750000e+01
7.322342681884765625e+01,8.293923950195312500e+01
1.070904312133789062e+02,8.847181701660156250e+01
7.179650878906250000e+01,7.785046386718750000e+01
1.139745712280273438e+02,1.292599334716796875e+02
9.429602050781250000e+01,9.484146118164062500e+01
8.862938690185546875e+01,1.063179016113281250e+02
1.091423721313476562e+02,1.162320938110351562e+02
9.186685180664062500e+01,8.728347778320312500e+01
9.767578887939453125e+01,1.007315979003906250e+02
1.087225341796875000e+02,1.044763565063476562e+02
3.183251380920410156e+01,6.426882934570312500e+01
6.427477264404296875e+01,1.248673553466796875e+02
5.227635574340820312e+01,6.777560424804687500e+01
1.242107162475585938e+02,1.174527740478515625e+02
1.063763046264648438e+02,1.024016342163085938e+02
6.949945831298828125e+01,8.582309722900390625e+01
8.603617095947265625e+01,1.031819610595703125e+02
7.149633026123046875e+01,1.049642486572265625e+02
8.798502349853515625e+01,8.260340881347656250e+01
8.960337066650390625e+01,9.899238586425781250e+01
6.556916046142578125e+01,8.242341613769531250e+01
5.950500869750976562e+01,6.178694915771484375e+01
8.256623077392578125e+01,9.723947143554687500e+01
8.237018585205078125e+01,8.646682739257812500e+01
7.853696441650390625e+01,9.095549011230468750e+01
3.260261917114257812e+01,5.214190292358398438e+01
1.014724044799804688e+02,1.020135192871093750e+02
4.533361434936523438e+01,8.510096740722656250e+01
1.185113906860351562e+02,1.113530273437500000e+02
1.289515838623046875e+02,1.231235961914062500e+02
3.147798156738281250e+01,1.322892379760742188e+01
5.084483718872070312e+01,4.393984222412109375e+01
1.277398452758789062e+02,1.254407196044921875e+02
1.329811553955078125e+02,1.277590103149414062e+02
1.099396743774414062e+02,1.122255554199218750e+02
1.277927474975585938e+02,1.222357788085937500e+02
1.273963699340820312e+02,1.246864624023437500e+02
8.554900360107421875e+01,7.697047424316406250e+01
4.489100265502929688e+01,2.697242736816406250e+01
1.994679832458496094e+01,5.639078140258789062e+00
2.219554710388183594e+01,7.031183242797851562e+00
2.553782081604003906e+01,1.201873588562011719e+01
5.107564926147460938e+01,5.043632888793945312e+01
7.375733947753906250e+01,8.138368988037109375e+01
3.196674537658691406e+01,1.649240112304687500e+01
2.458785057067871094e+01,9.681851387023925781e+00
1.621392440795898438e+01,1.705571365356445312e+01
4.254605484008789062e+01,5.132372665405273438e+01
2.004986953735351562e+01,1.108734321594238281e+01
8.406334686279296875e+01,6.639006042480468750e+01
2.177424621582031250e+01,2.736333084106445312e+01
1.186050415039062500e+02,1.193241271972656250e+02
4.777592086791992188e+01,2.094502639770507812e+01
4.055956649780273438e+01,9.942469596862792969e+00
4.707611465454101562e+01,3.771039581298828125e+01
8.349577331542968750e+01,6.817988586425781250e+01
2.543408775329589844e+01,1.190756416320800781e+01
1.194848556518554688e+02,1.276287002563476562e+02
1.059031372070312500e+02,1.100732574462890625e+02
1.213715591430664062e+02,1.228673248291015625e+02
3.218299865722656250e+01,5.841015625000000000e+01
5.926825332641601562e+01,1.006604919433593750e+02
6.912882232666015625e+01,1.199235153198242188e+02
6.096290206909179688e+01,5.772901535034179688e+01
9.700643157958984375e+01,1.066903305053710938e+02
1.012811889648437500e+02,1.071876068115234375e+02
9.613957977294921875e+01,1.091780090332031250e+02
1.668605232238769531e+01,1.085007095336914062e+01
5.388725662231445312e+01,5.862705993652343750e+01
1.163548889160156250e+02,1.192915344238281250e+02
3.514505386352539062e+01,5.931745910644531250e+01
7.256988525390625000e+01,9.670453643798828125e+01
9.890930175781250000e+01,1.186782379150390625e+02
9.694177246093750000e+01,7.319210052490234375e+01
9.089868927001953125e+01,1.128704986572265625e+02
5.511275100708007812e+01,9.670233917236328125e+01
9.215030670166015625e+01,1.155956878662109375e+02
4.918983078002929688e+01,8.449122619628906250e+01
5.482775878906250000e+01,9.191156005859375000e+01
9.106259918212890625e+01,1.061076507568359375e+02
1.038320922851562500e+02,1.187140350341796875e+02
6.707907104492187500e+01,1.052106781005859375e+02
1.000506668090820312e+02,1.093563766479492188e+02
3.698924255371093750e+01,2.451889038085937500e+01
5.709288406372070312e+01,6.988673400878906250e+01
3.928631210327148438e+01,4.421307754516601562e+01
1.942287635803222656e+01,1.222772598266601562e+01
3.243679428100585938e+01,2.117218780517578125e+01
1.475611877441406250e+01,2.915153503417968750e+01
2.032645988464355469e+01,4.970866394042968750e+01
1.158494567871093750e+01,3.025186538696289062e+01
4.723566818237304688e+01,3.496714782714843750e+01
8.095439910888671875e+01,8.019983673095703125e+01
6.493480682373046875e+01,6.939393615722656250e+01
4.659390258789062500e+01,5.542327117919921875e+01
3.374218750000000000e+01,4.584523010253906250e+01
9.890398406982421875e+01,1.216848297119140625e+02
1.007220535278320312e+02,1.223146591186523438e+02
5.713651657104492188e+01,9.967353820800781250e+01
5.060351562500000000e+01,8.041329193115234375e+01
3.480078506469726562e+01,6.351060867309570312e+01
5.354744338989257812e+01,7.821261596679687500e+01
4.527882385253906250e+01,8.015116882324218750e+01
4.412423706054687500e+01,8.780438232421875000e+01
2.947951316833496094e+01,8.849993896484375000e+01
7.024386596679687500e+01,1.094509277343750000e+02
2.251112937927246094e+01,1.900173568725585938e+01
4.735971450805664062e+01,4.235551452636718750e+01
8.424272918701171875e+01,1.184276275634765625e+02
7.196827697753906250e+01,1.111023712158203125e+02
5.015018844604492188e+01,1.089851379394531250e+02
1.086685409545898438e+02,1.327399139404296875e+02
3.944685363769531250e+01,8.451283264160156250e+01
1.009920043945312500e+02,8.081665039062500000e+01
1.315769500732421875e+02,1.149541473388671875e+02
7.240390014648437500e+01,1.107153472900390625e+02
7.491378021240234375e+01,1.055179443359375000e+02
1.016346969604492188e+02,1.258370590209960938e+02
1.127644424438476562e+02,1.149319000244140625e+02
1.084999313354492188e+02,1.197182159423828125e+02
8.657208251953125000e+01,7.732576751708984375e+01
9.075085449218750000e+01,1.104278793334960938e+02
1.134405136108398438e+02,1.315846099853515625e+02
1.047377624511718750e+02,1.001718063354492188e+02
1.181086425781250000e+02,1.093367004394531250e+02
1.149260864257812500e+02,1.109463577270507812e+02
9.468854522705078125e+01,1.085470275878906250e+02
7.359296417236328125e+01,9.040758514404296875e+01
6.206810379028320312e+01,4.819513702392578125e+01
9.815097808837890625e+01,1.039909210205078125e+02
1.171605453491210938e+02,1.110536346435546875e+02
1.099440612792968750e+02,1.126288299560546875e+02
1.317178497314453125e+02,1.223895721435546875e+02
9.180316925048828125e+01,9.608074951171875000e+01
1.195748519897460938e+02,1.160141067504882812e+02
1.162387695312500000e+02,1.079190826416015625e+02
1.206741561889648438e+02,1.127001190185546875e+02
1.355012664794921875e+02,1.272895812988281250e+02
6.782202148437500000e+01,4.958044433593750000e+01
1.148955307006835938e+02,1.118175506591796875e+02
1.157082748413085938e+02,1.127636566162109375e+02
1.369601287841796875e+02,1.289284667968750000e+02
1.226014785766601562e+02,1.113242645263671875e+02
8.895831298828125000e+01,5.808037567138671875e+01
4.403772354125976562e+01,1.207159805297851562e+01
9.143595123291015625e+01,8.296952819824218750e+01
6.427020263671875000e+01,6.011144256591796875e+01
1.212961196899414062e+02,1.125861968994140625e+02
1.136900253295898438e+02,1.104751129150390625e+02
1.144172286987304688e+02,8.365771484375000000e+01
8.042402648925781250e+01,6.391365814208984375e+01
1.032213134765625000e+02,1.027420196533203125e+02
1.151125869750976562e+02,1.223633575439453125e+02
1.112209854125976562e+02,1.110023498535156250e+02
9.858878326416015625e+01,1.031241455078125000e+02
9.428497314453125000e+01,8.660784912109375000e+01
5.665625000000000000e+01,3.688400268554687500e+01
1.057383804321289062e+02,7.953565216064453125e+01
3.993767166137695312e+01,9.392530441284179688e+00
7.632128906250000000e+01,5.858663940429687500e+01
1.063875808715820312e+02,7.853419494628906250e+01
9.077990722656250000e+01,6.788459777832031250e+01
1.051308822631835938e+02,7.978871154785156250e+01
1.050456314086914062e+02,8.321430206298828125e+01
4.471841430664062500e+01,1.277934455871582031e+01
3.853744125366210938e+01,8.250461578369140625e+00
1.023624343872070312e+02,7.531628417968750000e+01
6.956221771240234375e+01,3.323031997680664062e+01
3.617681884765625000e+01,1.086478614807128906e+01
4.381643676757812500e+01,1.172803878784179688e+01
5.216690063476562500e+01,2.242379760742187500e+01
4.103185653686523438e+01,1.107745265960693359e+01
5.941321945190429688e+01,2.165055084228515625e+01
8.618426513671875000e+01,3.639125823974609375e+01
1.114546279907226562e+02,8.507035064697265625e+01
8.768880462646484375e+01,5.556109619140625000e+01
7.868407440185546875e+01,6.004118347167968750e+01
6.688434600830078125e+01,2.889706230163574219e+01
4.044347763061523438e+01,1.212040138244628906e+01
1.210238571166992188e+02,1.037796096801757812e+02
7.968231201171875000e+01,7.028139495849609375e+01
5.681723022460937500e+01,8.951470184326171875e+01
8.112116241455078125e+01,7.005140686035156250e+01
5.873425292968750000e+01,7.866745758056640625e+01
2.183809471130371094e+01,1.356244850158691406e+01
9.691474151611328125e+01,1.065727996826171875e+02
9.276285552978515625e+01,1.217339782714843750e+02
8.272512817382812500e+01,6.212252426147460938e+01
1.350679321289062500e+02,1.254203186035156250e+02
1.158691406250000000e+02,9.349720764160156250e+01
6.180639648437500000e+01,4.015703582763671875e+01
6.101750183105468750e+01,4.502960968017578125e+01
5.502122497558593750e+01,2.138869476318359375e+01
7.226535797119140625e+01,5.343529510498046875e+01
1.174379882812500000e+02,8.837280273437500000e+01
1.116267089843750000e+02,7.839508056640625000e+01
6.646270751953125000e+01,7.594108581542968750e+01
1.007609024047851562e+02,8.992756652832031250e+01
1.196517105102539062e+02,1.158944625854492188e+02
3.180476379394531250e+01,1.597293758392333984e+01
1.002371215820312500e+02,1.392177429199218750e+02
1.214133834838867188e+02,1.211696929931640625e+02
5.427555465698242188e+01,5.194639587402343750e+01
5.591854858398437500e+01,4.851062011718750000e+01
9.666281890869140625e+01,8.796654510498046875e+01
1.173425369262695312e+02,1.109146957397460938e+02
6.749495697021484375e+01,5.275670242309570312e+01
2.325376892089843750e+01,1.595599746704101562e+01
7.687107849121093750e+01,9.775592041015625000e+01
8.975615692138671875e+01,8.893293762207031250e+01
1.333172760009765625e+02,1.253229217529296875e+02
1.182410888671875000e+02,1.192619171142578125e+02
5.161415100097656250e+01,4.220109558105468750e+01
9.878891754150390625e+01,1.101832733154296875e+02
1.114094467163085938e+02,1.083268737792968750e+02
1.181299819946289062e+02,9.838925170898437500e+01
1.051197586059570312e+02,1.013129119873046875e+02
7.873503875732421875e+01,7.570921325683593750e+01
8.146582794189453125e+01,7.849467468261718750e+01
1.056469192504882812e+02,1.033641967773437500e+02
1.216155166625976562e+02,1.191006088256835938e+02
1.129245986938476562e+02,1.196014099121093750e+02
9.713925170898437500e+01,1.013294448852539062e+02
1.210574264526367188e+02,1.157488479614257812e+02
1.120692367553710938e+02,1.138481674194335938e+02
1.166357650756835938e+02,1.254041442871093750e+02
1.171758651733398438e+02,1.197791595458984375e+02
1.242019424438476562e+02,1.150725555419921875e+02
1.268932418823242188e+02,1.264339294433593750e+02
1.135447082519531250e+02,1.158554229736328125e+02
1.276555099487304688e+02,1.164893798828125000e+02
6.589888763427734375e+01,5.422635650634765625e+01
7.530796051025390625e+01,7.965514373779296875e+01
6.830093383789062500e+01,6.547756195068359375e+01
4.298964309692382812e+01,8.545231628417968750e+01
4.197201538085937500e+01,3.920473098754882812e+01
9.246082305908203125e+01,9.406092834472656250e+01
4.371253585815429688e+01,6.528295898437500000e+01
6.628714752197265625e+01,3.878406524658203125e+01
9.169373321533203125e+01,8.942947387695312500e+01
7.045367431640625000e+01,5.524681091308593750e+01
6.917488861083984375e+01,7.320651245117187500e+01
9.519332122802734375e+01,1.305176239013671875e+02
1.099963684082031250e+02,1.265536804199218750e+02
1.001173706054687500e+02,8.138578033447265625e+01
5.260200881958007812e+01,3.229027557373046875e+01
1.134591445922851562e+02,1.265933837890625000e+02
2.375074958801269531e+01,5.006518554687500000e+01
7.301361846923828125e+01,1.267553787231445312e+02
4.060374069213867188e+01,6.653870391845703125e+01
2.219933319091796875e+01,5.654755401611328125e+01
9.489031982421875000e+01,1.118305816650390625e+02
5.945283889770507812e+01,9.946565246582031250e+01
6.487674713134765625e+01,5.894948577880859375e+01
1.056265945434570312e+02,1.200237808227539062e+02
1.105568237304687500e+02,1.202734527587890625e+02
1.402042694091796875e+02,1.319717407226562500e+02
1.126009445190429688e+02,1.137133865356445312e+02
1.097952575683593750e+02,8.545539855957031250e+01
1.267116699218750000e+02,9.998492431640625000e+01
9.795610809326171875e+01,9.704022216796875000e+01
1.189523925781250000e+02,1.104957427978515625e+02
7.283361053466796875e+01,8.441197204589843750e+01
8.995461273193359375e+01,9.388571166992187500e+01
1.122201919555664062e+02,1.226565704345703125e+02
1.018916397094726562e+02,1.183330230712890625e+02
7.010340118408203125e+01,9.679341888427734375e+01
2.490723228454589844e+01,3.530171203613281250e+01
8.287016296386718750e+01,7.099098205566406250e+01
4.111453247070312500e+01,2.375414848327636719e+01
9.035724639892578125e+01,7.454795837402343750e+01
1.008464736938476562e+02,8.300361633300781250e+01
1.174500503540039062e+02,9.721394348144531250e+01
1.348567657470703125e+02,1.232039642333984375e+02
1.135017929077148438e+02,9.027079772949218750e+01
8.382778167724609375e+01,6.868139648437500000e+01
4.369655227661132812e+01,5.799695587158203125e+01
8.173592376708984375e+01,7.109738922119140625e+01
1.119596023559570312e+02,1.194208831787109375e+02
3.694375610351562500e+01,5.440709686279296875e+01
7.165827178955078125e+01,5.593481445312500000e+01
7.959998321533203125e+01,7.666820526123046875e+01
1.062516860961914062e+02,9.905592346191406250e+01
1.388042755126953125e+02,1.353862304687500000e+02
1.109216690063476562e+02,1.186791076660156250e+02
8.200995635986328125e+01,9.784815979003906250e+01
1.293715209960937500e+02,1.256424407958984375e+02
1.389681549072265625e+02,1.344298400878906250e+02
9.211067962646484375e+01,8.084092712402343750e+01
7.507009124755859375e+01,5.780717849731445312e+01
7.914348602294921875e+01,6.232543182373046875e+01
6.978650665283203125e+01,4.902987670898437500e+01
1.248578872680664062e+02,1.002008056640625000e+02
1.022699356079101562e+02,8.649861907958984375e+01
1.321503295898437500e+02,1.084966278076171875e+02
4.916386032104492188e+01,4.553866195678710938e+01
1.291702728271484375e+02,1.197842407226562500e+02
1.190809326171875000e+02,1.030988769531250000e+02
1.312468109130859375e+02,1.212173004150390625e+02
1.371790161132812500e+02,1.341347045898437500e+02
4.531010055541992188e+01,8.387634277343750000e+01
1.101153335571289062e+02,1.090291137695312500e+02
1.328392333984375000e+02,1.255180664062500000e+02
1.411825103759765625e+02,1.215457687377929688e+02
5.873196792602539062e+01,6.182946777343750000e+01
5.703331375122070312e+01,4.904897308349609375e+01
9.295169830322265625e+01,7.329672241210937500e+01
9.979528045654296875e+01,8.934470367431640625e+01
7.648632049560546875e+01,8.921806335449218750e+01
9.316567230224609375e+01,7.532626342773437500e+01
9.460137939453125000e+01,1.143771362304687500e+02
7.251398468017578125e+01,1.095805053710937500e+02
1.004188766479492188e+02,1.211842193603515625e+02
6.434658813476562500e+01,9.563905334472656250e+01
8.525406646728515625e+01,1.123997344970703125e+02
3.734366226196289062e+01,7.656262207031250000e+01
4.602678298950195312e+01,7.222484588623046875e+01
6.655385589599609375e+01,7.705946350097656250e+01
5.253063964843750000e+01,7.044792938232421875e+01
6.576760101318359375e+01,9.783793640136718750e+01
8.120291137695312500e+01,9.988436889648437500e+01
1.024389648437500000e+02,1.150176391601562500e+02
6.076256179809570312e+01,5.744097900390625000e+01
3.636528396606445312e+01,8.654251861572265625e+01
8.822988891601562500e+01,1.127377090454101562e+02
4.436374282836914062e+01,7.627545928955078125e+01
5.248956680297851562e+01,7.385365295410156250e+01
6.065714645385742188e+01,7.708744049072265625e+01
3.530449295043945312e+01,4.759493637084960938e+01
9.154268646240234375e+01,1.239138488769531250e+02
6.401316070556640625e+01,1.007689056396484375e+02
1.863066864013671875e+01,5.246326828002929688e+01
9.293900299072265625e+01,1.165697402954101562e+02
4.625496292114257812e+01,7.831176757812500000e+01
3.968159866333007812e+01,8.570681762695312500e+01
8.586013031005859375e+01,1.111533813476562500e+02
9.543908691406250000e+01,1.117830963134765625e+02
5.353708267211914062e+01,8.404100036621093750e+01
1.074362564086914062e+02,1.291577148437500000e+02
1.027672805786132812e+02,1.215749053955078125e+02
1.373623809814453125e+02,1.365249633789062500e+02
7.788806915283203125e+01,1.175718536376953125e+02
1.199073562622070312e+02,1.325956420898437500e+02
1.096019363403320312e+02,1.317304840087890625e+02
8.485622406005859375e+01,1.056795043945312500e+02
1.074005737304687500e+02,1.171989288330078125e+02
1.239943923950195312e+02,1.142112121582031250e+02
5.923413085937500000e+01,8.602702331542968750e+01
6.461505889892578125e+01,7.861443328857421875e+01
4.902569580078125000e+01,6.406601715087890625e+01
1.182790756225585938e+02,1.061955413818359375e+02
2.374099731445312500e+01,5.299778366088867188e+01
4.431970214843750000e+01,8.378741455078125000e+01
5.680553054809570312e+01,2.877950668334960938e+01
7.889136505126953125e+01,5.549184417724609375e+01
1.000766525268554688e+02,1.214692077636718750e+02
6.879357147216796875e+01,6.658499145507812500e+01
3.051291084289550781e+01,7.082763671875000000e+01
3.917184066772460938e+01,7.317137145996093750e+01
6.771381378173828125e+01,5.562048339843750000e+01
8.484153747558593750e+01,1.033713073730468750e+02
9.803598022460937500e+01,1.317859039306640625e+02
1.249648056030273438e+02,1.336540222167968750e+02
1.036936416625976562e+02,1.066968231201171875e+02
1.356537475585937500e+02,1.391900939941406250e+02
1.261656112670898438e+02,1.355067749023437500e+02
1.284937286376953125e+02,1.370275573730468750e+02
8.586224365234375000e+01,9.827457427978515625e+01
1.288507690429687500e+02,1.291524505615234375e+02
1.213599548339843750e+02,1.259720535278320312e+02
1.083202514648437500e+02,1.207567443847656250e+02
1.279359970092773438e+02,1.394875946044921875e+02
9.107393646240234375e+01,1.134700622558593750e+02
6.588151550292968750e+01,8.944914245605468750e+01
6.487091827392578125e+01,1.079439849853515625e+02
7.702938079833984375e+01,7.872557067871093750e+01
1.013226089477539062e+02,1.040363922119140625e+02
1.113851013183593750e+02,1.260762252807617188e+02
1.315412292480468750e+02,1.141544342041015625e+02
6.212606811523437500e+01,9.281564331054687500e+01
1.064765548706054688e+02,1.117762680053710938e+02
1.143316040039062500e+02,1.098118286132812500e+02
9.893959808349609375e+01,1.206947784423828125e+02
9.708261108398437500e+01,1.047239837646484375e+02
5.315471267700195312e+01,1.005197753906250000e+02
1.097457046508789062e+02,1.333734436035156250e+02
9.466774749755859375e+01,1.269798889160156250e+02
7.935297393798828125e+01,1.192031402587890625e+02
7.951970672607421875e+01,9.079344940185546875e+01
9.257546234130859375e+01,1.151397552490234375e+02
1.166333999633789062e+02,1.258027038574218750e+02
3.558888244628906250e+01,7.768327331542968750e+01
7.226430511474609375e+01,1.167924652099609375e+02
1.213780517578125000e+02,1.388697814941406250e+02
1.316238555908203125e+02,1.400804443359375000e+02
5.959376907348632812e+01,1.080505447387695312e+02
9.173437500000000000e+01,1.012304229736328125e+02
1.146008911132812500e+02,1.305554046630859375e+02
1.138763656616210938e+02,1.344304504394531250e+02
7.005667877197265625e+01,1.091616516113281250e+02
9.002706146240234375e+01,1.269850769042968750e+02
1.170175476074218750e+02,1.292993164062500000e+02
1.177684326171875000e+02,1.165191040039062500e+02
9.252414703369140625e+01,1.264223632812500000e+02
9.991918945312500000e+01,1.114323959350585938e+02
6.716292572021484375e+01,9.567607116699218750e+01
1.264401626586914062e+02,1.261997375488281250e+02
7.145703887939453125e+01,9.742371368408203125e+01
8.202881622314453125e+01,1.224967727661132812e+02
7.789972686767578125e+01,1.256094818115234375e+02
9.352902984619140625e+01,1.324989929199218750e+02
9.503582763671875000e+01,1.166804122924804688e+02
9.183083343505859375e+01,1.074845123291015625e+02
1.114454650878906250e+02,1.292160034179687500e+02
1.072105941772460938e+02,1.355133666992187500e+02
9.466703033447265625e+01,1.264388275146484375e+02
8.385028839111328125e+01,1.120107345581054688e+02
7.205011749267578125e+01,1.003686981201171875e+02
8.911617279052734375e+01,1.386779327392578125e+02
8.752581787109375000e+01,1.214364776611328125e+02
9.525073242187500000e+01,1.151774978637695312e+02
1.043661880493164062e+02,1.227831115722656250e+02
3.682930374145507812e+01,7.041333007812500000e+01
8.135073089599609375e+01,1.101575393676757812e+02
1.058634567260742188e+02,1.306124877929687500e+02
7.996822357177734375e+01,9.494256591796875000e+01
1.061213989257812500e+02,1.213021545410156250e+02
9.640289306640625000e+01,1.159279632568359375e+02
1.162076339721679688e+02,1.295396118164062500e+02
1.165636215209960938e+02,1.267190399169921875e+02
1.263314743041992188e+02,1.343646545410156250e+02
8.580025482177734375e+01,1.134653396606445312e+02
1.085647964477539062e+02,1.248415985107421875e+02
9.175637054443359375e+01,1.113561859130859375e+02
7.750317382812500000e+01,1.056866073608398438e+02
8.527130889892578125e+01,1.161478500366210938e+02
3.553069686889648438e+01,8.276521301269531250e+01
4.411354446411132812e+01,1.060422821044921875e+02
3.247545242309570312e+01,8.823528289794921875e+01
5.147742080688476562e+01,6.743183898925781250e+01
5.999377441406250000e+01,6.400752258300781250e+01
7.770475006103515625e+01,9.096490478515625000e+01
4.303458786010742188e+01,1.063536529541015625e+02
8.892107391357421875e+01,1.224380035400390625e+02
9.017794036865234375e+01,1.141318359375000000e+02
7.931212615966796875e+01,1.142317657470703125e+02
5.995112609863281250e+01,1.125334320068359375e+02
5.848516845703125000e+01,1.006911315917968750e+02
7.437612152099609375e+01,9.917110443115234375e+01
2.278535270690917969e+01,4.899712371826171875e+01
1.305409698486328125e+02,1.331944580078125000e+02
5.248147201538085938e+01,8.797070312500000000e+01
3.862665176391601562e+01,8.745967864990234375e+01
1.205653457641601562e+02,1.213070983886718750e+02
4.272364425659179688e+01,7.904428100585937500e+01
1.111236343383789062e+02,1.142461547851562500e+02
7.298590087890625000e+01,1.006242980957031250e+02
1.263711853027343750e+02,1.344781951904296875e+02
1.213513412475585938e+02,1.160473937988281250e+02
5.439633560180664062e+01,7.434674072265625000e+01
8.094661712646484375e+01,8.726641845703125000e+01
6.313635635375976562e+01,6.380106735229492188e+01
6.441040802001953125e+01,7.719168090820312500e+01
7.764196014404296875e+01,8.935906219482421875e+01
7.678212738037109375e+01,8.720055389404296875e+01
8.063984680175781250e+01,8.353662109375000000e+01
5.719308090209960938e+01,7.823191833496093750e+01
1.184317855834960938e+02,1.394383697509765625e+02
5.048308181762695312e+01,8.541127014160156250e+01
7.410691070556640625e+01,8.144483947753906250e+01
4.611234664916992188e+01,1.044227600097656250e+02
4.831285476684570312e+01,1.052985839843750000e+02
1.620528030395507812e+01,6.051290893554687500e+01
3.380854415893554688e+01,6.622848510742187500e+01
3.205954742431640625e+01,5.811824798583984375e+01
6.539260101318359375e+01,9.616702270507812500e+01
6.804825592041015625e+01,9.555908203125000000e+01
7.763845062255859375e+01,1.065792388916015625e+02
6.748574829101562500e+01,9.148196411132812500e+01
3.324848556518554688e+01,6.037875747680664062e+01
6.961530303955078125e+01,1.041227188110351562e+02
8.462650299072265625e+01,1.139767608642578125e+02
5.883611679077148438e+01,8.518742370605468750e+01
5.972102737426757812e+01,7.741990661621093750e+01
9.029571533203125000e+01,1.011563339233398438e+02
7.142874908447265625e+01,8.974130249023437500e+01
8.436064910888671875e+01,9.838520050048828125e+01
8.553643798828125000e+01,1.135167236328125000e+02
2.799912452697753906e+01,5.753331375122070312e+01
1.146404800415039062e+02,1.305696716308593750e+02
9.112587738037109375e+01,1.037320404052734375e+02
4.384659957885742188e+01,5.806015777587890625e+01
7.802122497558593750e+01,1.219630966186523438e+02
7.734078216552734375e+01,1.156571807861328125e+02
1.008748245239257812e+02,1.314203491210937500e+02
6.989596557617187500e+01,1.164548950195312500e+02
6.655678558349609375e+01,9.564150238037109375e+01
9.403174591064453125e+01,1.238378906250000000e+02
1.145510253906250000e+02,1.312293395996093750e+02
7.216139984130859375e+01,8.596815490722656250e+01
2.859485054016113281e+01,5.767733383178710938e+01
8.518267059326171875e+01,1.062510375976562500e+02
9.398684692382812500e+01,1.237845535278320312e+02
7.889856719970703125e+01,8.516070556640625000e+01
9.996622467041015625e+01,1.050004119873046875e+02
6.244589233398437500e+01,7.743280792236328125e+01
6.070808029174804688e+01,9.442208862304687500e+01
4.296777725219726562e+01,6.721329498291015625e+01
5.691603469848632812e+01,8.536334228515625000e+01
6.420063781738281250e+01,9.436862182617187500e+01
3.427338027954101562e+01,6.451473236083984375e+01
3.912340927124023438e+01,7.187767028808593750e+01
3.469607543945312500e+01,7.253806304931640625e+01
4.647834777832031250e+01,7.735542297363281250e+01
4.999042892456054688e+01,8.796395111083984375e+01
7.527834320068359375e+01,1.075114135742187500e+02
7.365584564208984375e+01,1.096616973876953125e+02
1.081492538452148438e+02,1.140162353515625000e+02
9.037045288085937500e+01,1.129750366210937500e+02
7.083325195312500000e+01,9.263002014160156250e+01
4.760751342773437500e+01,7.524266052246093750e+01
3.140367698669433594e+01,7.117257690429687500e+01
2.804384803771972656e+01,7.601741027832031250e+01
4.812892532348632812e+01,7.961495971679687500e+01
8.790829467773437500e+01,1.096166534423828125e+02
9.945383453369140625e+01,1.149039840698242188e+02
9.828903198242187500e+01,1.213591613769531250e+02
9.868137359619140625e+01,1.153279571533203125e+02
8.859288787841796875e+01,1.335145568847656250e+02
8.599325561523437500e+01,1.217849807739257812e+02
1.297321014404296875e+02,1.337793579101562500e+02
3.829939270019531250e+01,6.627433776855468750e+01
8.400917053222656250e+01,1.043871765136718750e+02
9.830273437500000000e+01,1.233981475830078125e+02
1.294646453857421875e+02,1.216032867431640625e+02
1.222122573852539062e+02,1.280840454101562500e+02
8.526755523681640625e+01,7.111550903320312500e+01
6.427644348144531250e+01,1.133570404052734375e+02
1.244842758178710938e+02,1.260660018920898438e+02
6.295859146118164062e+01,8.254573059082031250e+01
1.127073135375976562e+02,1.373191528320312500e+02
4.871229934692382812e+01,8.976757812500000000e+01
3.165189552307128906e+01,8.364183044433593750e+01
4.209933090209960938e+01,6.965638732910156250e+01
8.048262023925781250e+01,1.195154113769531250e+02
1.104057006835937500e+02,1.132078552246093750e+02
7.894211578369140625e+01,1.110270233154296875e+02
8.184680938720703125e+01,1.302486724853515625e+02
3.188171958923339844e+01,7.389106750488281250e+01
3.308687973022460938e+01,7.961079406738281250e+01
2.811658668518066406e+01,6.738942718505859375e+01
3.206084060668945312e+01,7.603883361816406250e+01
7.718952178955078125e+01,1.070529632568359375e+02
9.547013092041015625e+01,1.285536804199218750e+02
1.066775741577148438e+02,1.269565658569335938e+02
1.023850021362304688e+02,1.271644744873046875e+02
8.121479034423828125e+01,1.220040130615234375e+02
6.868706512451171875e+01,1.132584991455078125e+02
1.107286758422851562e+02,1.308862457275390625e+02
1.039384536743164062e+02,1.241125793457031250e+02
9.969592285156250000e+01,1.213287506103515625e+02
8.244155120849609375e+01,1.285568847656250000e+02
1.143557968139648438e+02,1.323054962158203125e+02
9.281343841552734375e+01,1.248215026855468750e+02
1.176368789672851562e+02,1.263146362304687500e+02
1.165570449829101562e+02,1.281182098388671875e+02
9.002539062500000000e+01,1.235496597290039062e+02
8.703979492187500000e+01,1.195082321166992188e+02
1.081968002319335938e+02,1.322128906250000000e+02
1.047972793579101562e+02,1.325998229980468750e+02
8.468398284912109375e+01,1.146687774658203125e+02
1.195703430175781250e+02,1.340362701416015625e+02
6.871605682373046875e+01,1.138378524780273438e+02
1.083131332397460938e+02,1.307712707519531250e+02
1.121420288085937500e+02,1.324582214355468750e+02
1.129134750366210938e+02,1.292619323730468750e+02
8.963265991210937500e+01,1.267402648925781250e+02
1.039620361328125000e+02,1.225391921997070312e+02
9.910998535156250000e+01,1.199603881835937500e+02
1.104413528442382812e+02,1.284914550781250000e+02
8.959586334228515625e+01,1.234268417358398438e+02
9.834355926513671875e+01,1.237541656494140625e+02
1.046274795532226562e+02,1.306787414550781250e+02
6.711640167236328125e+01,1.070142211914062500e+02
1.041762695312500000e+02,1.280689392089843750e+02
1.005453186035156250e+02,1.263175888061523438e+02
1.125043029785156250e+02,1.312262115478515625e+02
8.247561645507812500e+01,1.150778045654296875e+02
8.721694946289062500e+01,1.083569793701171875e+02
1.176682128906250000e+02,1.300712738037109375e+02
1.021940383911132812e+02,1.233747100830078125e+02
8.790909576416015625e+01,1.257305755615234375e+02
5.566726684570312500e+01,9.904389953613281250e+01
9.199723052978515625e+01,1.261808471679687500e+02
1.033628311157226562e+02,1.329408111572265625e+02
1.121116943359375000e+02,1.355609130859375000e+02
6.295380783081054688e+01,9.856275177001953125e+01
7.664076995849609375e+01,1.036152801513671875e+02
6.670399475097656250e+01,8.480450439453125000e+01
6.680968475341796875e+01,1.112750320434570312e+02
7.497007751464843750e+01,1.180713882446289062e+02
1.029444351196289062e+02,1.338885040283203125e+02
4.530048751831054688e+01,7.581625366210937500e+01
5.174414062500000000e+01,7.881266784667968750e+01
7.509102630615234375e+01,1.053529357910156250e+02
8.550298309326171875e+01,1.212949523925781250e+02
9.713967895507812500e+01,1.093810882568359375e+02
9.978548431396484375e+01,1.238144836425781250e+02
1.252186660766601562e+02,1.278439636230468750e+02
1.087766113281250000e+02,1.225515518188476562e+02
1.132595214843750000e+02,1.279386291503906250e+02
1.220477066040039062e+02,1.286259918212890625e+02
9.434023284912109375e+01,9.826084899902343750e+01
4.528326797485351562e+01,6.343638610839843750e+01
1.190554275512695312e+02,1.215879058837890625e+02
5.172304916381835938e+01,6.278068542480468750e+01
1.129723739624023438e+02,1.212967453002929688e+02
5.150860595703125000e+01,5.723290634155273438e+01
4.887932205200195312e+01,4.623660659790039062e+01
5.384496688842773438e+01,6.540336608886718750e+01
9.790770721435546875e+01,1.127945861816406250e+02
7.277062225341796875e+01,9.083073425292968750e+01
1.219909133911132812e+02,1.193867721557617188e+02
1.199940109252929688e+02,1.265172119140625000e+02
8.976711273193359375e+01,9.037020874023437500e+01
8.184695434570312500e+01,9.180657958984375000e+01
8.381377410888671875e+01,7.840473937988281250e+01
1.065896682739257812e+02,1.190751647949218750e+02
1.068485717773437500e+02,1.094671020507812500e+02
1.267073974609375000e+02,1.227740631103515625e+02
9.029080963134765625e+01,9.516069030761718750e+01
1.054614486694335938e+02,1.142961502075195312e+02
1.091788330078125000e+02,1.171287384033203125e+02
1.155774307250976562e+02,1.243252716064453125e+02
8.420055389404296875e+01,8.826189422607421875e+01
7.274030303955078125e+01,8.323449707031250000e+01
1.325146942138671875e+02,1.352415161132812500e+02
8.971128082275390625e+01,9.155671691894531250e+01
7.247174835205078125e+01,1.078509521484375000e+02
5.667064285278320312e+01,8.309359741210937500e+01
8.173619842529296875e+01,1.237508392333984375e+02
9.024188995361328125e+01,1.344178771972656250e+02
1.252939453125000000e+02,1.307794189453125000e+02
6.576946258544921875e+01,7.234503173828125000e+01
1.082580947875976562e+02,1.139132232666015625e+02
1.088808670043945312e+02,1.332943420410156250e+02
8.412084197998046875e+01,1.274246902465820312e+02
1.047773132324218750e+02,1.378670349121093750e+02
6.324894332885742188e+01,1.114958801269531250e+02
6.979737091064453125e+01,1.157300262451171875e+02
2.920042419433593750e+01,7.416409301757812500e+01
2.156348991394042969e+01,5.994837188720703125e+01
1.072561645507812500e+02,1.284611968994140625e+02
5.004943847656250000e+01,7.124629974365234375e+01
6.996190643310546875e+01,1.178861083984375000e+02
5.538391494750976562e+01,8.058242797851562500e+01
3.367059707641601562e+01,5.681605529785156250e+01
6.737899017333984375e+01,9.120121765136718750e+01
5.895209884643554688e+01,1.020408630371093750e+02
9.245780181884765625e+01,9.479266357421875000e+01
3.428440856933593750e+01,6.037442016601562500e+01
7.897102355957031250e+01,1.054496917724609375e+02
6.626389312744140625e+01,1.119147109985351562e+02
5.215426635742187500e+01,1.008749237060546875e+02
8.672821044921875000e+01,1.235615692138671875e+02
3.587802886962890625e+01,7.790824890136718750e+01
8.918576812744140625e+01,1.227359771728515625e+02
9.177032470703125000e+01,1.307139892578125000e+02
6.794731140136718750e+01,1.076490020751953125e+02
9.442239379882812500e+01,1.345446472167968750e+02
1.053862533569335938e+02,1.342777709960937500e+02
5.184004592895507812e+01,7.379184722900390625e+01
3.919740295410156250e+01,5.962683868408203125e+01
8.278155517578125000e+01,1.255220184326171875e+02
6.893306732177734375e+01,1.069800415039062500e+02
7.470594787597656250e+01,1.062919616699218750e+02
5.101211547851562500e+01,1.014819183349609375e+02
2.250605201721191406e+01,5.369002532958984375e+01
6.359452438354492188e+01,8.407086181640625000e+01
7.156015014648437500e+01,1.021158523559570312e+02
8.518854522705078125e+01,1.183567810058593750e+02
1.229813537597656250e+02,1.418970336914062500e+02
9.261203765869140625e+01,1.341314086914062500e+02
1.069862976074218750e+02,1.264183502197265625e+02
1.108824462890625000e+02,1.282622070312500000e+02
1.134976196289062500e+02,1.293997497558593750e+02
8.292015838623046875e+01,1.118916931152343750e+02
9.051555633544921875e+01,1.235702362060546875e+02
9.625722503662109375e+01,1.275149383544921875e+02
8.180169677734375000e+01,1.236633071899414062e+02
7.300073242187500000e+01,9.979941558837890625e+01
7.134375000000000000e+01,1.046004791259765625e+02
5.616994094848632812e+01,9.704713439941406250e+01
9.594891357421875000e+01,1.412148132324218750e+02
8.704010009765625000e+01,1.222079467773437500e+02
2.976663208007812500e+01,8.471443176269531250e+01
7.023294830322265625e+01,1.005213928222656250e+02
6.019252395629882812e+01,9.929615783691406250e+01
5.761294937133789062e+01,1.025149307250976562e+02
3.378995513916015625e+01,8.175564575195312500e+01
1.058244857788085938e+02,1.371077728271484375e+02
6.932669830322265625e+01,1.119244155883789062e+02
1.048624038696289062e+02,1.370189208984375000e+02
9.773600006103515625e+01,1.400892333984375000e+02
1.215280990600585938e+02,1.450121154785156250e+02
1.035981063842773438e+02,1.329513244628906250e+02
1.073815231323242188e+02,1.356901855468750000e+02
4.732344055175781250e+01,8.598297119140625000e+01
1.106692504882812500e+02,1.327176513671875000e+02
7.388536834716796875e+01,1.060818786621093750e+02
6.413344573974609375e+01,1.003901977539062500e+02
1.077042236328125000e+02,1.255874633789062500e+02
7.745440673828125000e+01,1.134721832275390625e+02
6.160848999023437500e+01,9.806698608398437500e+01
6.194816207885742188e+01,8.347879028320312500e+01
9.166232299804687500e+01,1.123179092407226562e+02
1.202524414062500000e+02,1.408864746093750000e+02
1.162717514038085938e+02,1.392941131591796875e+02
1.130893554687500000e+02,1.363541412353515625e+02
1.053259506225585938e+02,1.224852523803710938e+02
9.490047454833984375e+01,1.159224243164062500e+02
2.855701255798339844e+01,4.984408569335937500e+01
4.403032302856445312e+01,6.647639465332031250e+01
8.534340667724609375e+01,1.147864837646484375e+02
7.638744354248046875e+01,1.350421142578125000e+02
8.829666900634765625e+01,1.283997497558593750e+02
1.120098266601562500e+02,1.325602722167968750e+02
1.216230850219726562e+02,1.277771301269531250e+02
2.272404289245605469e+01,1.064689483642578125e+02
8.197522735595703125e+01,1.170146408081054688e+02
6.982413482666015625e+01,1.177129821777343750e+02
1.055192642211914062e+02,1.375479431152343750e+02
1.285305786132812500e+02,1.356970520019531250e+02
1.308513488769531250e+02,1.432159729003906250e+02
1.088906250000000000e+02,1.312923583984375000e+02
1.058051986694335938e+02,1.381344604492187500e+02
8.215727996826171875e+01,1.104120864868164062e+02
3.892102432250976562e+01,8.707415771484375000e+01
8.399937438964843750e+01,1.084322052001953125e+02
4.032812500000000000e+01,9.105469512939453125e+01
4.429768753051757812e+01,9.015932464599609375e+01
9.322194671630859375e+01,1.297995605468750000e+02
2.456421852111816406e+01,5.804587554931640625e+01
3.122923278808593750e+01,6.406628417968750000e+01
2.147903442382812500e+01,5.835628509521484375e+01
6.417563629150390625e+01,1.109348449707031250e+02
7.554837799072265625e+01,9.489807891845703125e+01
8.467952728271484375e+01,1.204127349853515625e+02
5.284765625000000000e+01,9.084610748291015625e+01
5.300053024291992188e+01,7.567842102050781250e+01
6.270576858520507812e+01,8.828694152832031250e+01
3.059995269775390625e+01,5.977478790283203125e+01
9.523661041259765625e+01,1.234759979248046875e+02
1.172118530273437500e+02,1.265337677001953125e+02
1.099785156250000000e+02,1.255900115966796875e+02
8.845965576171875000e+01,1.241498947143554688e+02
1.272625732421875000e+02,1.304922180175781250e+02
1.240433578491210938e+02,1.218436431884765625e+02
1.288305664062500000e+02,1.349278717041015625e+02
1.102373657226562500e+02,1.093032684326171875e+02
1.052907180786132812e+02,1.076550140380859375e+02
1.118193893432617188e+02,1.129292297363281250e+02
1.131760177612304688e+02,1.104866409301757812e+02
8.584055328369140625e+01,8.844405364990234375e+01
6.347850036621093750e+01,9.713258361816406250e+01
1.095010070800781250e+02,1.073660125732421875e+02
7.100969696044921875e+01,9.812963867187500000e+01
5.164877319335937500e+01,8.134903717041015625e+01
1.121046676635742188e+02,1.240010070800781250e+02
1.295151519775390625e+02,1.421398010253906250e+02
1.008455123901367188e+02,1.316493682861328125e+02
9.639825439453125000e+01,1.321141967773437500e+02
9.444485473632812500e+01,1.213114089965820312e+02
1.107812118530273438e+02,1.448255004882812500e+02
1.072515029907226562e+02,1.352633666992187500e+02
1.243368759155273438e+02,1.330747375488281250e+02
9.403194427490234375e+01,1.412482299804687500e+02
1.062077865600585938e+02,1.245036163330078125e+02
1.015865402221679688e+02,1.358366699218750000e+02
1.024386978149414062e+02,1.368419494628906250e+02
1.227549209594726562e+02,1.462669677734375000e+02
9.674443817138671875e+01,1.316188049316406250e+02
9.645461273193359375e+01,1.253274536132812500e+02
6.256213378906250000e+01,8.933837890625000000e+01
4.217208480834960938e+01,7.482015991210937500e+01
1.278599014282226562e+02,1.423194274902343750e+02
1.144138183593750000e+02,1.379098663330078125e+02
1.185669631958007812e+02,1.401842346191406250e+02
1.107429428100585938e+02,1.360948181152343750e+02
9.941024017333984375e+01,1.281976928710937500e+02
1.111957931518554688e+02,1.310712280273437500e+02
1.240634155273437500e+02,1.319748992919921875e+02
1.185276260375976562e+02,1.399869689941406250e+02
1.090026245117187500e+02,1.439861145019531250e+02
8.970593261718750000e+01,1.296713104248046875e+02
1.257018661499023438e+02,1.358957519531250000e+02
1.103816833496093750e+02,1.364306182861328125e+02
1.084137954711914062e+02,1.404361419677734375e+02
9.663939666748046875e+01,1.331775970458984375e+02
8.288437652587890625e+01,1.185125579833984375e+02
4.528969192504882812e+01,6.838774108886718750e+01
9.057989501953125000e+01,1.194391326904296875e+02
1.129110488891601562e+02,1.306240234375000000e+02
8.632128906250000000e+01,1.207246246337890625e+02
9.061773681640625000e+01,1.296632080078125000e+02
8.342593383789062500e+01,1.099139938354492188e+02
4.851073837280273438e+01,5.482752990722656250e+01
1.129760742187500000e+02,1.335662231445312500e+02
1.230017929077148438e+02,1.434614868164062500e+02
9.860043334960937500e+01,1.315760650634765625e+02
1.053219985961914062e+02,1.347778625488281250e+02
1.008557128906250000e+02,1.288388671875000000e+02
1.323060913085937500e+02,1.447751617431640625e+02
8.066483306884765625e+01,1.129187622070312500e+02
1.214526138305664062e+02,1.399451599121093750e+02
1.140389633178710938e+02,1.236771087646484375e+02
1.235792160034179688e+02,1.287481384277343750e+02
1.306447143554687500e+02,1.306546783447265625e+02
1.207526855468750000e+02,1.363996582031250000e+02
1.014607925415039062e+02,1.207237014770507812e+02
6.719012451171875000e+01,1.141066284179687500e+02
8.144605255126953125e+01,1.100780868530273438e+02
8.328815460205078125e+01,1.129384918212890625e+02
1.128023757934570312e+02,1.330506591796875000e+02
5.654714965820312500e+01,1.098624954223632812e+02
4.271827316284179688e+01,8.600666809082031250e+01
7.848920440673828125e+01,1.100312042236328125e+02
1.061050643920898438e+02,1.211272506713867188e+02
1.022762222290039062e+02,1.206722793579101562e+02
1.103961181640625000e+02,1.399778594970703125e+02
2.361806678771972656e+01,6.205167007446289062e+01
6.935969543457031250e+01,9.696560668945312500e+01
1.234776229858398438e+02,1.438108520507812500e+02
1.149225692749023438e+02,1.363627014160156250e+02
7.211215209960937500e+01,1.090687103271484375e+02
1.124630966186523438e+02,1.322326660156250000e+02
7.845560455322265625e+01,1.095726623535156250e+02
9.606652069091796875e+01,1.196097793579101562e+02
9.999288940429687500e+01,1.243691635131835938e+02
1.023721008300781250e+02,1.306968841552734375e+02
1.098518142700195312e+02,1.326561889648437500e+02
7.982505035400390625e+01,1.208700103759765625e+02
1.084292373657226562e+02,1.378599395751953125e+02
8.626277923583984375e+01,1.163138809204101562e+02
5.565317153930664062e+01,1.056437072753906250e+02
9.727942657470703125e+01,1.245658187866210938e+02
5.701327133178710938e+01,9.469422912597656250e+01
6.363178634643554688e+01,9.434601593017578125e+01
9.466601562500000000e+01,1.257203140258789062e+02
1.202073745727539062e+02,1.219062042236328125e+02
8.034664154052734375e+01,1.159572143554687500e+02
5.587162399291992188e+01,9.734387207031250000e+01
9.767771148681640625e+01,1.167782745361328125e+02
7.753453063964843750e+01,1.044525833129882812e+02
9.841512298583984375e+01,1.259072799682617188e+02
1.244827270507812500e+02,1.323643798828125000e+02
1.074792480468750000e+02,1.207625656127929688e+02
1.145069503784179688e+02,1.265705718994140625e+02
8.816048431396484375e+01,1.104348678588867188e+02
1.071735916137695312e+02,1.276812286376953125e+02
1.235340270996093750e+02,1.281750640869140625e+02
1.153732528686523438e+02,1.230603713989257812e+02
1.209290695190429688e+02,1.306738739013671875e+02
1.011906433105468750e+02,1.240298690795898438e+02
1.280584106445312500e+02,1.334678649902343750e+02
1.010820617675781250e+02,1.127091064453125000e+02
1.288672943115234375e+02,1.402536926269531250e+02
9.433205413818359375e+01,1.190365600585937500e+02
8.113973236083984375e+01,1.176822662353515625e+02
7.133917999267578125e+01,1.091186523437500000e+02
9.574743652343750000e+01,1.303309326171875000e+02
5.959452438354492188e+01,9.217443847656250000e+01
8.713852691650390625e+01,1.197113189697265625e+02
8.528137207031250000e+01,1.242476654052734375e+02
7.999040985107421875e+01,1.043903732299804688e+02
1.057067871093750000e+02,1.208556671142578125e+02
7.984808349609375000e+01,9.423020935058593750e+01
9.849581909179687500e+01,1.296280212402343750e+02
9.291223144531250000e+01,1.035403518676757812e+02
8.578498077392578125e+01,1.100229492187500000e+02
1.086688613891601562e+02,1.175942687988281250e+02
7.006995391845703125e+01,9.953348541259765625e+01
1.018631820678710938e+02,1.295926971435546875e+02
9.353740692138671875e+01,1.253285217285156250e+02
1.028684158325195312e+02,1.277434463500976562e+02
5.445005416870117188e+01,7.970169067382812500e+01
5.683070755004882812e+01,8.073547363281250000e+01
6.560942840576171875e+01,9.070161437988281250e+01
7.463098907470703125e+01,1.206172485351562500e+02
1.130954589843750000e+02,1.294094696044921875e+02
6.568619537353515625e+01,1.241994018554687500e+02
1.005391006469726562e+02,1.238766403198242188e+02
7.266207885742187500e+01,8.661520385742187500e+01
1.201236343383789062e+02,1.264410552978515625e+02
6.237096786499023438e+01,9.589945983886718750e+01
1.034253616333007812e+02,1.364616394042968750e+02
9.129373931884765625e+01,1.287245178222656250e+02
5.032646179199218750e+01,7.296618652343750000e+01
8.891950225830078125e+01,1.181194992065429688e+02
8.567024993896484375e+01,1.243165664672851562e+02
1.048741836547851562e+02,1.326022949218750000e+02
6.043377685546875000e+01,9.526992797851562500e+01
2.090291023254394531e+01,5.415228652954101562e+01
8.294559478759765625e+01,1.405185394287109375e+02
9.991140747070312500e+01,1.341103363037109375e+02
9.990216827392578125e+01,1.227901000976562500e+02
8.865961456298828125e+01,1.208642120361328125e+02
1.004221420288085938e+02,1.312351074218750000e+02
6.254401779174804688e+01,9.215140533447265625e+01
8.073767852783203125e+01,1.204580917358398438e+02
5.329034042358398438e+01,8.599758911132812500e+01
4.035369491577148438e+01,6.380693817138671875e+01
1.186964721679687500e+02,1.374677886962890625e+02
3.919966506958007812e+01,6.249118041992187500e+01
7.035949707031250000e+01,1.143128280639648438e+02
1.148008117675781250e+02,1.248935394287109375e+02
9.090494537353515625e+01,1.143156127929687500e+02
7.172306060791015625e+01,1.083346405029296875e+02
9.964723968505859375e+01,1.116844406127929688e+02
9.464511871337890625e+01,1.122187805175781250e+02
1.278249130249023438e+02,1.363846588134765625e+02
1.028438644409179688e+02,1.164552917480468750e+02
9.719503021240234375e+01,1.176610412597656250e+02
9.073077392578125000e+01,1.087562713623046875e+02
4.104826354980468750e+01,7.760523986816406250e+01
1.167699584960937500e+02,1.344122619628906250e+02
1.220413818359375000e+02,1.309269866943359375e+02
1.729005241394042969e+01,4.309252929687500000e+01
2.223100852966308594e+01,5.551995849609375000e+01
7.371773529052734375e+01,9.217716979980468750e+01
4.319828414916992188e+01,7.675858306884765625e+01
7.060363006591796875e+01,1.223358154296875000e+02
6.882845306396484375e+01,1.112566452026367188e+02
5.282017135620117188e+01,9.426144409179687500e+01
2.521440315246582031e+01,5.983946609497070312e+01
6.874401092529296875e+01,1.036211853027343750e+02
5.851882934570312500e+01,7.371537780761718750e+01
5.096171188354492188e+01,7.238629150390625000e+01
7.622678375244140625e+01,1.093276824951171875e+02
9.631384277343750000e+01,1.273664855957031250e+02
4.806748580932617188e+01,8.306903076171875000e+01
1.074121322631835938e+02,1.364246978759765625e+02
9.662030792236328125e+01,1.262327117919921875e+02
5.833373641967773438e+01,9.176481628417968750e+01
8.610631561279296875e+01,9.454541015625000000e+01
9.715579986572265625e+01,1.247902374267578125e+02
6.242515563964843750e+01,8.147603607177734375e+01
1.020365600585937500e+02,1.249696350097656250e+02
9.196622467041015625e+01,1.160267257690429688e+02
7.994921112060546875e+01,1.024596481323242188e+02
3.226688003540039062e+01,4.993946838378906250e+01
9.268529510498046875e+01,1.014380645751953125e+02
9.737518310546875000e+01,1.208817672729492188e+02
1.115248947143554688e+02,1.319999084472656250e+02
1.095928115844726562e+02,1.290112915039062500e+02
7.944451141357421875e+01,1.159538116455078125e+02
3.453120040893554688e+01,6.660186767578125000e+01
8.270752716064453125e+01,1.126060256958007812e+02
4.559163284301757812e+01,7.393338012695312500e+01
1.004233016967773438e+02,1.270657501220703125e+02
9.865267181396484375e+01,1.248262023925781250e+02
9.581244659423828125e+01,1.241264343261718750e+02
5.345157241821289062e+01,8.653175354003906250e+01
3.844741821289062500e+01,9.202995300292968750e+01
9.286116790771484375e+01,1.217790069580078125e+02
1.203711242675781250e+02,1.251226959228515625e+02
1.124852523803710938e+02,1.238337020874023438e+02
6.553740692138671875e+01,7.187725830078125000e+01
1.140912704467773438e+02,1.247773132324218750e+02
7.573397827148437500e+01,1.112655944824218750e+02
7.665712738037109375e+01,1.133808212280273438e+02
8.236793518066406250e+01,1.059091186523437500e+02
7.765414428710937500e+01,9.480430603027343750e+01
9.131716156005859375e+01,1.182038269042968750e+02
1.111764755249023438e+02,1.255389099121093750e+02
9.781528472900390625e+01,1.115648651123046875e+02
9.258551025390625000e+01,9.844093322753906250e+01
2.118885040283203125e+01,4.800099945068359375e+01
8.732553100585937500e+01,1.062626647949218750e+02
7.759036254882812500e+01,9.709765625000000000e+01
1.020450057983398438e+02,1.059290313720703125e+02
1.075291824340820312e+02,1.183741455078125000e+02
1.051474609375000000e+02,1.257611694335937500e+02
7.280676269531250000e+01,1.086266250610351562e+02
6.674116516113281250e+01,1.055960922241210938e+02
6.724318695068359375e+01,9.529048156738281250e+01
6.161573791503906250e+01,9.884130859375000000e+01
4.907932662963867188e+01,8.260299682617187500e+01
1.294710540771484375e+02,1.375893859863281250e+02
1.150394668579101562e+02,1.215671768188476562e+02
6.691929626464843750e+01,1.052854843139648438e+02
6.500450134277343750e+01,9.965377807617187500e+01
5.369840621948242188e+01,9.207237243652343750e+01
1.043621520996093750e+02,1.174333267211914062e+02
9.502973175048828125e+01,1.061403732299804688e+02
9.204312896728515625e+01,1.066925506591796875e+02
1.012560119628906250e+02,1.118408966064453125e+02
1.010879898071289062e+02,1.168529281616210938e+02
1.179281005859375000e+02,1.270575714111328125e+02
1.120056381225585938e+02,1.201851882934570312e+02
1.080781936645507812e+02,1.113043823242187500e+02
1.030336990356445312e+02,1.199892807006835938e+02
7.190930175781250000e+01,9.139328002929687500e+01
1.072626571655273438e+02,1.215465316772460938e+02
3.117820739746093750e+01,5.207402038574218750e+01
1.078131027221679688e+02,1.290238494873046875e+02
8.688793182373046875e+01,9.697888946533203125e+01
1.308931732177734375e+01,4.216069793701171875e+01
4.870319747924804688e+01,1.065750274658203125e+02
8.052115631103515625e+01,1.004999771118164062e+02
4.201784896850585938e+01,7.831224060058593750e+01
8.270963287353515625e+01,1.230663299560546875e+02
7.630518341064453125e+01,1.403636474609375000e+02
5.769157028198242188e+01,1.195161590576171875e+02
7.540393066406250000e+01,1.149930267333984375e+02
4.115313339233398438e+01,8.584548187255859375e+01
7.807402801513671875e+01,1.211727142333984375e+02
4.394931030273437500e+01,5.223820877075195312e+01
1.127163619995117188e+02,1.251281280517578125e+02
3.427850723266601562e+01,7.424188232421875000e+01
4.575759506225585938e+01,9.576712036132812500e+01
3.982500076293945312e+01,8.862468719482421875e+01
2.640966606140136719e+01,5.327761459350585938e+01
3.530433654785156250e+01,8.217672729492187500e+01
1.002981643676757812e+02,1.331741638183593750e+02
3.056543540954589844e+01,6.680298614501953125e+01
5.374531936645507812e+01,1.031700744628906250e+02
7.296628570556640625e+01,1.127521820068359375e+02
7.279793548583984375e+01,9.624627685546875000e+01
7.791585540771484375e+01,1.128784027099609375e+02
7.058946990966796875e+01,1.046600646972656250e+02
8.565908813476562500e+01,1.129049072265625000e+02
9.936077880859375000e+01,1.318684082031250000e+02
6.726450347900390625e+01,1.114093093872070312e+02
6.066414260864257812e+01,1.057053756713867188e+02
1.118854141235351562e+02,1.339873809814453125e+02
8.295143890380859375e+01,1.313605499267578125e+02
9.678104400634765625e+01,1.389335937500000000e+02
1.024112930297851562e+02,1.367058563232421875e+02
6.180237960815429688e+01,1.012399597167968750e+02
1.079588088989257812e+02,1.270879058837890625e+02
8.192400360107421875e+01,1.171216964721679688e+02
1.027299270629882812e+02,1.235512237548828125e+02
5.879581832885742188e+01,9.382876586914062500e+01
1.113209762573242188e+02,1.270076293945312500e+02
9.661577606201171875e+01,1.144898986816406250e+02
1.240207824707031250e+02,1.350382690429687500e+02
2.244509315490722656e+01,4.467115402221679688e+01
9.140616607666015625e+01,1.228593521118164062e+02
6.977593231201171875e+01,1.167800216674804688e+02
8.260299682617187500e+01,1.134307556152343750e+02
4.196035385131835938e+01,7.432473754882812500e+01
3.431202697753906250e+01,6.318486785888671875e+01
1.133927612304687500e+02,1.386437683105468750e+02
7.642444610595703125e+01,1.049673004150390625e+02
8.570806884765625000e+01,1.111852722167968750e+02
7.552335357666015625e+01,1.190212860107421875e+02
4.964759445190429688e+01,9.381781005859375000e+01
1.093583374023437500e+02,1.317571105957031250e+02
7.741095733642578125e+01,9.536759948730468750e+01
4.899900436401367188e+01,9.863168334960937500e+01
8.319226837158203125e+01,1.062675857543945312e+02
7.567340087890625000e+01,1.276914825439453125e+02
1.148783340454101562e+02,1.401361541748046875e+02
9.980818939208984375e+01,1.286470031738281250e+02
2.762805747985839844e+01,5.352722549438476562e+01
7.464492797851562500e+01,1.140592117309570312e+02
8.405641937255859375e+01,1.302143249511718750e+02
8.673043060302734375e+01,1.198390045166015625e+02
4.222450637817382812e+01,1.014429473876953125e+02
1.016577148437500000e+02,1.440687103271484375e+02
1.086808471679687500e+02,1.508186950683593750e+02
6.442617034912109375e+01,1.143538818359375000e+02
1.083042984008789062e+02,1.416842041015625000e+02
6.501485443115234375e+01,1.022023086547851562e+02
7.943250274658203125e+01,1.121372375488281250e+02
4.256159591674804688e+01,9.505659484863281250e+01
6.951146697998046875e+01,1.152709197998046875e+02
9.456710052490234375e+01,1.266944580078125000e+02
8.843444824218750000e+01,1.194169540405273438e+02
8.572895050048828125e+01,1.178788299560546875e+02
7.198108673095703125e+01,1.178922119140625000e+02
6.478107452392578125e+01,9.904530334472656250e+01
6.181114578247070312e+01,9.682591247558593750e+01
1.920638084411621094e+01,4.863298416137695312e+01
3.097119140625000000e+01,7.241757202148437500e+01
7.615305328369140625e+01,1.116998901367187500e+02
3.048187065124511719e+01,6.685920715332031250e+01
7.258892822265625000e+01,1.142317199707031250e+02
3.294675445556640625e+01,6.627606964111328125e+01
5.017435073852539062e+01,8.381250762939453125e+01
3.145023536682128906e+01,7.023341369628906250e+01
1.009194946289062500e+02,1.318502807617187500e+02
9.070072174072265625e+01,1.247042160034179688e+02
1.055147476196289062e+02,1.352457885742187500e+02
6.902817535400390625e+01,1.074707641601562500e+02
8.957318115234375000e+01,1.294551086425781250e+02
3.086396789550781250e+01,8.666750335693359375e+01
4.047282791137695312e+01,9.574920654296875000e+01
9.553195190429687500e+01,1.224379577636718750e+02
8.085929107666015625e+01,1.183082122802734375e+02
5.016114807128906250e+01,8.020883178710937500e+01
1.090428237915039062e+02,1.268598785400390625e+02
9.538767242431640625e+01,1.141000518798828125e+02
1.085017089843750000e+02,1.269950256347656250e+02
8.932444000244140625e+01,1.064552917480468750e+02
3.511609268188476562e+01,7.542959594726562500e+01
1.054440994262695312e+02,1.252811737060546875e+02
7.289836883544921875e+01,1.127045974731445312e+02
8.398271179199218750e+01,1.275345993041992188e+02
6.749761199951171875e+01,1.088627777099609375e+02
1.887051200866699219e+01,5.440305328369140625e+01
3.487191390991210938e+01,7.175250244140625000e+01
6.537164306640625000e+01,1.058264007568359375e+02
1.087297744750976562e+02,1.334732055664062500e+02
8.115767669677734375e+01,1.067094573974609375e+02
4.184927749633789062e+01,7.474651336669921875e+01
8.454655456542968750e+01,1.231956863403320312e+02
1.212401123046875000e+02,1.434136657714843750e+02
1.036061325073242188e+02,1.373022918701171875e+02
9.937268066406250000e+01,1.357063903808593750e+02
6.140931320190429688e+01,8.291751098632812500e+01
1.249636459350585938e+02,1.440163879394531250e+02
9.132494354248046875e+01,1.447693939208984375e+02
9.999703216552734375e+01,1.264371490478515625e+02
1.120573654174804688e+02,1.281071777343750000e+02
3.392442703247070312e+01,6.372041320800781250e+01
7.342035675048828125e+01,1.182113723754882812e+02
8.312597656250000000e+01,1.185703735351562500e+02
9.843563079833984375e+01,1.217329330444335938e+02
8.177011108398437500e+01,1.163671875000000000e+02
6.716071319580078125e+01,1.002598190307617188e+02
2.608233070373535156e+01,5.002996826171875000e+01
9.595080566406250000e+01,1.157841262817382812e+02
8.525844573974609375e+01,1.094582443237304688e+02
4.832901382446289062e+01,7.681124877929687500e+01
9.552750396728515625e+01,1.154511413574218750e+02
1.011648941040039062e+02,1.334370117187500000e+02
1.225538940429687500e+02,1.314518585205078125e+02
1.035297851562500000e+02,1.118239288330078125e+02
8.375900268554687500e+01,1.323532409667968750e+02
1.104139785766601562e+02,1.287429046630859375e+02
1.226087265014648438e+02,1.389488830566406250e+02
7.871480560302734375e+01,1.156511306762695312e+02
7.154725646972656250e+01,1.096166076660156250e+02
7.635382080078125000e+01,1.094800109863281250e+02
9.507675933837890625e+01,1.126196441650390625e+02
4.142837142944335938e+01,8.661513519287109375e+01
5.562957763671875000e+01,8.764761352539062500e+01
2.140032386779785156e+01,5.954079437255859375e+01
6.231438064575195312e+01,9.849806213378906250e+01
6.246792602539062500e+01,9.627746582031250000e+01
6.893824005126953125e+01,8.386523437500000000e+01
4.328168869018554688e+01,1.061973495483398438e+02
7.218920135498046875e+01,1.182877349853515625e+02
5.948184204101562500e+01,1.030085525512695312e+02
9.976821136474609375e+01,1.438499908447265625e+02
6.104565429687500000e+01,9.214739990234375000e+01
1.054139022827148438e+02,1.288733215332031250e+02
9.821993255615234375e+01,1.079461669921875000e+02
6.607018280029296875e+01,7.989855957031250000e+01
7.792034149169921875e+01,1.116523742675781250e+02
4.240636825561523438e+01,7.678263854980468750e+01
1.022808456420898438e+02,1.156792755126953125e+02
7.548552703857421875e+01,1.020833282470703125e+02
1.166655273437500000e+02,1.242938079833984375e+02
4.266864013671875000e+01,7.197135925292968750e+01
9.560781097412109375e+01,1.312527465820312500e+02
3.224851226806640625e+01,8.206356811523437500e+01
8.836106109619140625e+01,1.264935302734375000e+02
1.173942260742187500e+02,1.325906524658203125e+02
9.389122772216796875e+01,1.268999786376953125e+02
9.932056427001953125e+01,1.100601196289062500e+02
1.181080932617187500e+02,1.440200500488281250e+02
1.142094497680664062e+02,1.383327331542968750e+02
8.203068542480468750e+01,1.175517196655273438e+02
1.096058578491210938e+02,1.408099212646484375e+02
7.287341308593750000e+01,1.208798294067382812e+02
6.509591674804687500e+01,1.109528350830078125e+02
1.107941207885742188e+02,1.394874420166015625e+02
1.011190414428710938e+02,1.359844970703125000e+02
8.886728668212890625e+01,1.253101654052734375e+02
8.476892089843750000e+01,1.206679611206054688e+02
1.075643692016601562e+02,1.349336853027343750e+02
5.831986618041992188e+01,8.260292053222656250e+01
1.026458969116210938e+02,1.150772857666015625e+02
9.664444732666015625e+01,1.062126693725585938e+02
7.706552886962890625e+01,9.814077758789062500e+01
7.056903076171875000e+01,9.061715698242187500e+01
1.134339370727539062e+02,1.354075622558593750e+02
1.338846111297607422e+01,3.002446174621582031e+01
1.056167984008789062e+02,1.254583206176757812e+02
8.960532379150390625e+01,1.231853256225585938e+02
6.497778320312500000e+01,8.797683715820312500e+01
9.039444732666015625e+01,1.002114944458007812e+02
1.068793334960937500e+02,1.304492492675781250e+02
7.904434204101562500e+01,1.044188766479492188e+02
1.073981399536132812e+02,1.382181091308593750e+02
1.036896362304687500e+02,1.297220611572265625e+02
1.041443481445312500e+02,1.139375152587890625e+02
1.261392211914062500e+02,1.448854217529296875e+02
1.142867660522460938e+02,1.420711669921875000e+02
8.363167572021484375e+01,1.148838043212890625e+02
1.184255981445312500e+02,1.341344604492187500e+02
8.856792449951171875e+01,1.002538757324218750e+02
1.100172348022460938e+02,1.282837524414062500e+02
9.631204223632812500e+01,1.167022781372070312e+02
1.080567321777343750e+02,1.373764343261718750e+02
1.132522659301757812e+02,1.228271484375000000e+02
1.248226852416992188e+02,1.223506774902343750e+02
8.706540679931640625e+01,1.155762786865234375e+02
3.064912605285644531e+01,5.912373733520507812e+01
4.314790344238281250e+01,5.431021881103515625e+01
3.662107467651367188e+01,5.533132171630859375e+01
9.395310211181640625e+01,1.008516540527343750e+02
1.042704467773437500e+02,1.294501647949218750e+02
8.493405914306640625e+01,1.046856079101562500e+02
7.809638214111328125e+01,1.069002761840820312e+02
1.001594924926757812e+02,1.233315658569335938e+02
1.180793151855468750e+02,1.292218322753906250e+02
1.173773727416992188e+02,1.378782958984375000e+02
8.939890289306640625e+01,1.162125854492187500e+02
1.183667602539062500e+02,1.232118530273437500e+02
9.952323150634765625e+01,1.146392822265625000e+02
7.462612152099609375e+01,1.237864379882812500e+02
4.648312377929687500e+01,9.448281860351562500e+01
7.245846557617187500e+01,1.003703994750976562e+02
3.276309204101562500e+01,7.929707336425781250e+01
6.167726135253906250e+01,1.098406524658203125e+02
8.894284820556640625e+01,1.054534606933593750e+02
2.025664520263671875e+01,5.306317901611328125e+01
4.409530639648437500e+01,7.611114501953125000e+01
5.225062561035156250e+01,9.285560607910156250e+01
9.258124542236328125e+01,1.302484741210937500e+02
9.677138519287109375e+01,1.309107971191406250e+02
4.416666793823242188e+01,8.462406158447265625e+01
7.159870147705078125e+01,1.021753845214843750e+02
8.108032226562500000e+01,1.181413574218750000e+02
6.435153961181640625e+01,1.396685943603515625e+02
1.117114868164062500e+02,1.453545989990234375e+02
1.206968765258789062e+02,1.449467620849609375e+02
8.267637634277343750e+01,1.402464904785156250e+02
1.004720077514648438e+02,1.294077758789062500e+02
6.327143478393554688e+01,1.102293548583984375e+02
1.238351440429687500e+02,1.412551574707031250e+02
9.801366424560546875e+01,1.014371337890625000e+02
4.796289443969726562e+01,8.217349243164062500e+01
5.188337326049804688e+01,8.842944335937500000e+01
7.142989349365234375e+01,1.136121139526367188e+02
4.329907608032226562e+01,5.978655242919921875e+01
1.160496597290039062e+02,1.239248504638671875e+02
8.370291137695312500e+01,1.047982177734375000e+02
7.258997344970703125e+01,1.282200622558593750e+02
8.760738372802734375e+01,1.122099914550781250e+02
3.891959762573242188e+01,5.429138183593750000e+01
7.731943511962890625e+01,1.008349151611328125e+02
7.554647064208984375e+01,8.697268676757812500e+01
8.927727508544921875e+01,9.705224609375000000e+01
9.936676025390625000e+01,1.261807785034179688e+02
4.744979858398437500e+01,9.180858612060546875e+01
9.585405731201171875e+01,1.235518417358398438e+02
6.744437408447265625e+01,1.105867919921875000e+02
5.386837387084960938e+01,8.998741149902343750e+01
1.033351669311523438e+02,1.202547454833984375e+02
7.029372406005859375e+01,8.618011474609375000e+01
7.188854980468750000e+01,1.129565963745117188e+02
7.444374847412109375e+01,1.137350158691406250e+02
4.135917282104492188e+01,7.600643920898437500e+01
1.038715744018554688e+02,1.309328613281250000e+02
1.223948593139648438e+02,1.261084899902343750e+02
7.282877349853515625e+01,9.908180236816406250e+01
4.702330398559570312e+01,6.786984252929687500e+01
1.221262207031250000e+02,1.326409606933593750e+02
3.816249084472656250e+01,4.781359100341796875e+01
5.433432006835937500e+01,7.866110229492187500e+01
1.060041732788085938e+02,1.134350433349609375e+02
3.956406784057617188e+01,8.066268920898437500e+01
8.624808502197265625e+01,1.132179260253906250e+02
1.067630233764648438e+02,1.307322082519531250e+02
8.250453186035156250e+01,1.178168182373046875e+02
5.977928161621093750e+01,9.720832824707031250e+01
7.257674407958984375e+01,1.007587738037109375e+02
1.628840446472167969e+01,4.158903503417968750e+01
8.450467681884765625e+01,8.957250976562500000e+01
1.242104110717773438e+02,1.297821960449218750e+02
5.180346679687500000e+01,1.104805755615234375e+02
9.922241210937500000e+01,1.261402740478515625e+02
6.058984375000000000e+01,9.728219604492187500e+01
1.140875930786132812e+02,1.260269775390625000e+02
1.129121627807617188e+02,1.266015472412109375e+02
1.266389083862304688e+02,1.341240844726562500e+02
1.221505508422851562e+02,1.317030944824218750e+02
1.275794372558593750e+02,1.350156555175781250e+02
1.185931777954101562e+02,1.320994567871093750e+02
4.330888748168945312e+01,8.488941955566406250e+01
3.709037399291992188e+01,5.129769897460937500e+01
5.363462829589843750e+01,7.117922973632812500e+01
6.776366424560546875e+01,9.256211853027343750e+01
8.042110443115234375e+01,1.028581466674804688e+02
4.400799179077148438e+01,1.062722473144531250e+02
4.021865463256835938e+01,1.018637542724609375e+02
6.734397888183593750e+01,1.199794616699218750e+02
7.001245117187500000e+01,1.101375656127929688e+02
1.032275695800781250e+02,1.177616424560546875e+02
7.914930725097656250e+01,1.186188201904296875e+02
1.104335327148437500e+02,1.317614135742187500e+02
1.278455734252929688e+02,1.388559570312500000e+02
1.278952636718750000e+02,1.382543640136718750e+02
1.263111953735351562e+02,1.397358703613281250e+02
1.197556152343750000e+02,1.346135864257812500e+02
1.247908554077148438e+02,1.330959777832031250e+02
1.257898788452148438e+02,1.383133239746093750e+02
1.261109619140625000e+02,1.304198913574218750e+02
1.088962173461914062e+02,1.211788787841796875e+02
1.176985702514648438e+02,1.267857666015625000e+02
1.251074142456054688e+02,1.315295715332031250e+02
1.197523117065429688e+02,1.281274108886718750e+02
1.170863876342773438e+02,1.279273986816406250e+02
7.733716583251953125e+01,1.046078948974609375e+02
4.207813644409179688e+01,9.291626739501953125e+01
2.764822196960449219e+01,7.583197021484375000e+01
3.883494567871093750e+01,1.003609619140625000e+02
8.858438110351562500e+01,1.113402252197265625e+02
3.886435317993164062e+01,9.346833801269531250e+01
8.816152191162109375e+01,1.251879272460937500e+02
9.324114990234375000e+01,1.070683822631835938e+02
1.179351272583007812e+02,1.273924560546875000e+02
1.187738571166992188e+02,1.252912292480468750e+02
3.047330665588378906e+01,8.236294555664062500e+01
8.284439849853515625e+01,1.084977035522460938e+02
1.259513778686523438e+02,1.319036102294921875e+02
1.241524047851562500e+02,1.239867706298828125e+02
1.165161437988281250e+02,1.301036987304687500e+02
9.695867156982421875e+01,1.172607269287109375e+02
6.735623931884765625e+01,1.046598663330078125e+02
6.509460449218750000e+01,9.772200775146484375e+01
5.526196289062500000e+01,1.031555709838867188e+02
7.537634277343750000e+01,1.002572784423828125e+02
6.907501983642578125e+01,1.005498580932617188e+02
4.249405288696289062e+01,9.555409240722656250e+01
6.024902343750000000e+01,1.005512084960937500e+02
6.133811569213867188e+01,1.052271804809570312e+02
7.388871002197265625e+01,1.049679946899414062e+02
5.734854125976562500e+01,1.189654388427734375e+02
6.779640197753906250e+01,1.240358810424804688e+02
1.078306350708007812e+02,1.439684753417968750e+02
9.277706909179687500e+01,1.158172912597656250e+02
6.869870758056640625e+01,9.401618957519531250e+01
4.230613327026367188e+01,6.637054443359375000e+01
6.697391510009765625e+01,1.079310531616210938e+02
1.321383819580078125e+02,1.344970397949218750e+02
5.103196334838867188e+01,1.021920318603515625e+02
1.037245864868164062e+02,1.336848449707031250e+02
2.309184455871582031e+01,8.332444763183593750e+01
2.393788146972656250e+01,6.080368423461914062e+01
1.051901168823242188e+02,1.094024200439453125e+02
1.209651260375976562e+02,1.341684417724609375e+02
2.969931983947753906e+01,6.352828216552734375e+01
6.820973968505859375e+01,1.001267089843750000e+02
8.999356842041015625e+01,9.823634338378906250e+01
3.691835784912109375e+01,8.951716613769531250e+01
4.497395324707031250e+01,1.054600067138671875e+02
3.820029449462890625e+01,7.663783264160156250e+01
6.009579849243164062e+01,8.529827880859375000e+01
3.996969223022460938e+01,6.277477264404296875e+01
4.253489303588867188e+01,7.379978942871093750e+01
3.291232681274414062e+01,6.241643142700195312e+01
7.863311004638671875e+01,9.218128967285156250e+01
1.046078872680664062e+02,1.258995056152343750e+02
1.076413574218750000e+02,1.224604187011718750e+02
5.505257034301757812e+01,9.122846984863281250e+01
1.320172271728515625e+02,1.387632141113281250e+02
8.080274200439453125e+01,1.052088317871093750e+02
8.363600921630859375e+01,1.073282318115234375e+02
1.084932022094726562e+02,1.429412231445312500e+02
5.461369705200195312e+01,6.760709381103515625e+01
3.591172790527343750e+01,5.683110809326171875e+01
4.156098556518554688e+01,5.884309387207031250e+01
9.014368438720703125e+01,9.626855468750000000e+01
6.475772857666015625e+01,9.160327148437500000e+01
1.107036514282226562e+02,1.259675521850585938e+02
5.113775634765625000e+01,6.420068359375000000e+01
1.101260375976562500e+02,1.099310455322265625e+02
5.568751144409179688e+01,9.444042968750000000e+01
8.130741119384765625e+01,9.907605743408203125e+01
7.081211090087890625e+01,9.000686645507812500e+01
6.017021179199218750e+01,7.760011291503906250e+01
4.304150009155273438e+01,6.717752075195312500e+01
7.061386108398437500e+01,9.265554809570312500e+01
6.168535232543945312e+01,9.925125885009765625e+01
8.190294647216796875e+01,1.038694763183593750e+02
3.130449485778808594e+01,6.939762115478515625e+01
5.242461776733398438e+01,9.569569396972656250e+01
7.555157470703125000e+01,9.873281860351562500e+01
9.100960540771484375e+01,1.078739318847656250e+02
4.489706802368164062e+01,1.095842590332031250e+02
4.424639892578125000e+01,1.027828979492187500e+02
7.172242736816406250e+01,9.497100830078125000e+01
3.541370010375976562e+01,9.231161499023437500e+01
5.589035034179687500e+01,1.000997772216796875e+02
8.337615203857421875e+01,1.108045883178710938e+02
1.224403457641601562e+02,1.333274536132812500e+02
1.036474380493164062e+02,1.259991302490234375e+02
1.065850143432617188e+02,1.266123657226562500e+02
1.033700942993164062e+02,1.249889678955078125e+02
1.024175415039062500e+02,1.298625488281250000e+02
6.289437866210937500e+01,9.620495605468750000e+01
1.117353439331054688e+02,1.315078430175781250e+02
8.049996185302734375e+01,1.175523147583007812e+02
8.247949218750000000e+01,1.210763092041015625e+02
9.851388549804687500e+01,1.272300643920898438e+02
1.163764572143554688e+02,1.227884597778320312e+02
4.250865936279296875e+01,8.421585845947265625e+01
4.521810913085937500e+01,9.433535766601562500e+01
6.877319335937500000e+01,9.966009521484375000e+01
7.785169219970703125e+01,1.091672821044921875e+02
8.577437591552734375e+01,1.131296234130859375e+02
9.145238494873046875e+01,1.132459716796875000e+02
5.178263473510742188e+01,8.111063385009765625e+01
7.324600982666015625e+01,1.058307723999023438e+02
6.214896774291992188e+01,9.711600494384765625e+01
6.903139495849609375e+01,1.009964599609375000e+02
7.112865447998046875e+01,1.047484359741210938e+02
9.645800781250000000e+01,1.179158630371093750e+02
3.773976516723632812e+01,9.409593963623046875e+01
2.998496437072753906e+01,6.735060119628906250e+01
1.243454818725585938e+02,1.283214721679687500e+02
9.076396942138671875e+01,1.298221435546875000e+02
1.016642990112304688e+02,1.280520019531250000e+02
1.177610549926757812e+02,1.379785461425781250e+02
1.125085983276367188e+02,1.249594726562500000e+02
9.418709564208984375e+01,1.131530761718750000e+02
7.667170715332031250e+01,9.283673858642578125e+01
8.464344024658203125e+01,1.051385345458984375e+02
7.341819000244140625e+01,8.468485260009765625e+01
5.587945175170898438e+01,6.356060409545898438e+01
9.439748382568359375e+01,1.048545379638671875e+02
1.032305679321289062e+02,9.400744628906250000e+01
1.057394027709960938e+02,1.251942443847656250e+02
5.955795288085937500e+01,1.104763946533203125e+02
6.386421585083007812e+01,1.160989837646484375e+02
6.422055816650390625e+01,1.062777404785156250e+02
8.762472534179687500e+01,1.102582244873046875e+02
8.884293365478515625e+01,1.209924468994140625e+02
1.052134170532226562e+02,1.327680358886718750e+02
6.372409057617187500e+01,8.889553833007812500e+01
8.414232635498046875e+01,1.081761779785156250e+02
5.653493118286132812e+01,1.146839599609375000e+02
4.739759826660156250e+01,7.399712371826171875e+01
6.953414916992187500e+01,9.798306274414062500e+01
1.086697082519531250e+02,1.290117492675781250e+02
5.669727706909179688e+01,8.721900939941406250e+01
1.039124069213867188e+02,1.257148590087890625e+02
6.896732330322265625e+01,9.003915405273437500e+01
7.142202758789062500e+01,1.133156356811523438e+02
3.877714157104492188e+01,1.202702941894531250e+02
4.920454025268554688e+01,1.079815750122070312e+02
1.228405456542968750e+02,1.290105743408203125e+02
6.319688796997070312e+01,1.083803329467773438e+02
8.458415222167968750e+01,1.060047836303710938e+02
1.193689346313476562e+02,1.268763427734375000e+02
9.896097564697265625e+01,1.231193771362304688e+02
1.243517532348632812e+02,1.341504058837890625e+02
7.885050201416015625e+01,1.204247741699218750e+02
6.004670333862304688e+01,8.901704406738281250e+01
8.859493255615234375e+01,1.045881042480468750e+02
1.116135864257812500e+02,1.285658264160156250e+02
4.438455200195312500e+01,1.207554168701171875e+02
7.640386962890625000e+01,9.798345184326171875e+01
1.161273117065429688e+02,1.286431427001953125e+02
1.267962646484375000e+02,1.356070861816406250e+02
1.301243438720703125e+02,1.358858642578125000e+02
8.514102172851562500e+01,1.123364105224609375e+02
7.815688323974609375e+01,9.596586608886718750e+01
9.422369384765625000e+01,1.253956604003906250e+02
5.745878219604492188e+01,7.771668243408203125e+01
8.206282806396484375e+01,1.065304565429687500e+02
8.058127593994140625e+01,1.075693359375000000e+02
5.799261474609375000e+01,9.138131713867187500e+01
1.099795608520507812e+02,1.295530395507812500e+02
8.834991455078125000e+01,1.140742187500000000e+02
3.739651489257812500e+01,7.545571899414062500e+01
7.816201019287109375e+01,9.431324005126953125e+01
9.499530029296875000e+01,1.152360229492187500e+02
9.733548736572265625e+01,1.136610717773437500e+02
1.025852737426757812e+02,1.208453216552734375e+02
8.489856719970703125e+01,1.095088729858398438e+02
4.115935134887695312e+01,7.750923156738281250e+01
9.724801635742187500e+01,1.202157592773437500e+02
1.047896957397460938e+02,1.220785980224609375e+02
1.044838256835937500e+02,1.226258468627929688e+02
4.947602462768554688e+01,7.428807830810546875e+01
7.971125030517578125e+01,9.902295684814453125e+01
8.961752319335937500e+01,1.095962066650390625e+02
8.013814544677734375e+01,1.128840484619140625e+02
6.364183425903320312e+01,9.730732727050781250e+01
3.638445663452148438e+01,7.671098327636718750e+01
9.086294555664062500e+01,1.116560974121093750e+02
5.128755187988281250e+01,9.005341339111328125e+01
7.544815063476562500e+01,1.052860565185546875e+02
7.992044067382812500e+01,1.100680236816406250e+02
1.044809799194335938e+02,1.202389984130859375e+02
9.405611419677734375e+01,1.180804595947265625e+02
1.030399780273437500e+02,1.195525970458984375e+02
9.933753204345703125e+01,1.209565277099609375e+02
9.597881317138671875e+01,1.262896575927734375e+02
1.044981307983398438e+02,1.221042175292968750e+02
9.667446899414062500e+01,1.127380828857421875e+02
3.684921264648437500e+01,6.451203155517578125e+01
9.360758209228515625e+01,1.111641540527343750e+02
8.500964355468750000e+01,1.145293426513671875e+02
9.439235687255859375e+01,1.137801666259765625e+02
4.921715927124023438e+01,7.498006439208984375e+01
9.101915740966796875e+01,1.102525177001953125e+02
9.393492889404296875e+01,1.109475097656250000e+02
1.086431045532226562e+02,1.297577514648437500e+02
5.882770919799804688e+01,8.214956665039062500e+01
8.580368804931640625e+01,1.059238128662109375e+02
1.031691284179687500e+02,1.284601593017578125e+02
6.552150726318359375e+01,9.486021423339843750e+01
1.090464782714843750e+02,1.277857055664062500e+02
9.300934600830078125e+01,1.137628936767578125e+02
7.735257720947265625e+01,1.006605987548828125e+02
6.425005340576171875e+01,9.079554748535156250e+01
3.872909164428710938e+01,7.812477111816406250e+01
5.952502059936523438e+01,9.024024963378906250e+01
7.805583953857421875e+01,1.126293334960937500e+02
1.022059936523437500e+02,1.206176452636718750e+02
9.318148803710937500e+01,1.128225784301757812e+02
7.491761016845703125e+01,9.424295043945312500e+01
7.853915405273437500e+01,1.025059967041015625e+02
7.044680786132812500e+01,9.407438659667968750e+01
4.867373657226562500e+01,6.795772552490234375e+01
1.103413085937500000e+02,1.243561248779296875e+02
9.473493194580078125e+01,1.070654449462890625e+02
8.845559692382812500e+01,9.525229644775390625e+01
3.482769393920898438e+01,6.263161087036132812e+01
7.909346771240234375e+01,1.191711120605468750e+02
1.166107559204101562e+02,1.309277191162109375e+02
7.332222747802734375e+01,1.038814620971679688e+02
9.565126800537109375e+01,1.202589263916015625e+02
8.684234619140625000e+01,1.048992156982421875e+02
4.310775375366210938e+01,6.898675537109375000e+01
3.343171310424804688e+01,6.999938201904296875e+01
6.143295288085937500e+01,1.019520492553710938e+02
5.844907760620117188e+01,8.142165374755859375e+01
1.047851943969726562e+02,1.219272079467773438e+02
1.225589599609375000e+02,1.285006713867187500e+02
7.179842376708984375e+01,1.060462646484375000e+02
5.978515243530273438e+01,9.755343627929687500e+01
4.129537963867187500e+01,6.556608581542968750e+01
1.242911300659179688e+02,1.329827117919921875e+02
5.950426864624023438e+01,1.210188674926757812e+02
7.665021514892578125e+01,1.290504913330078125e+02
9.459432220458984375e+01,1.181284027099609375e+02
1.033697586059570312e+02,1.204896240234375000e+02
1.087876968383789062e+02,1.151055145263671875e+02
2.669829750061035156e+01,8.188305664062500000e+01
9.535378265380859375e+01,1.371881103515625000e+02
1.163025741577148438e+02,1.294584960937500000e+02
7.147354888916015625e+01,9.919882965087890625e+01
1.248612442016601562e+02,1.245888595581054688e+02
9.052376556396484375e+01,1.149398498535156250e+02
6.833462524414062500e+01,1.069850769042968750e+02
3.458706665039062500e+01,8.855258178710937500e+01
1.285385589599609375e+02,1.392151184082031250e+02
1.026387863159179688e+02,1.297127990722656250e+02
9.464086151123046875e+01,1.062640533447265625e+02
1.148561477661132812e+02,1.288493652343750000e+02
1.178069381713867188e+02,1.153667907714843750e+02
9.042980957031250000e+01,1.121713867187500000e+02
1.133559799194335938e+02,1.232201080322265625e+02
1.028453903198242188e+02,1.181093215942382812e+02
8.506183624267578125e+01,1.311716003417968750e+02
9.039138031005859375e+01,1.344319000244140625e+02
3.309083557128906250e+01,6.968933105468750000e+01
1.220100402832031250e+02,1.256240997314453125e+02
9.451222991943359375e+01,1.185022735595703125e+02
1.102565383911132812e+02,1.152323608398437500e+02
6.565283966064453125e+01,9.663571166992187500e+01
9.226504516601562500e+01,1.112783813476562500e+02
5.703542709350585938e+01,1.206798858642578125e+02
1.129708786010742188e+02,1.327833251953125000e+02
5.989728927612304688e+01,1.175381469726562500e+02
1.256524047851562500e+02,1.321903381347656250e+02
3.811189651489257812e+01,8.944186401367187500e+01
2.359465026855468750e+01,7.215411376953125000e+01
6.883811950683593750e+01,1.056350708007812500e+02
4.688972854614257812e+01,8.246025085449218750e+01
4.214521789550781250e+01,5.673796081542968750e+01
4.891527175903320312e+01,1.261495056152343750e+02
4.333332443237304688e+01,1.172947540283203125e+02
7.648941802978515625e+01,1.403038177490234375e+02
2.056868934631347656e+01,3.960112762451171875e+01
9.606330108642578125e+01,1.197131805419921875e+02
1.214239730834960938e+02,1.225901794433593750e+02
1.280579223632812500e+02,1.294939575195312500e+02
1.122490844726562500e+02,1.178902587890625000e+02
6.653635406494140625e+01,8.485021972656250000e+01
9.868704223632812500e+01,1.044920196533203125e+02
1.066774826049804688e+02,1.106859130859375000e+02
5.323718261718750000e+01,7.631781768798828125e+01
4.742050170898437500e+01,6.974716186523437500e+01
3.913994216918945312e+01,6.609478759765625000e+01
3.827058792114257812e+01,6.969963836669921875e+01
3.708066940307617188e+01,6.635437774658203125e+01
4.442897415161132812e+01,7.361248779296875000e+01
3.108331489562988281e+01,5.923575210571289062e+01
3.192873191833496094e+01,6.292203140258789062e+01
4.973131179809570312e+01,9.725271606445312500e+01
4.922166824340820312e+01,7.837536621093750000e+01
3.369480514526367188e+01,6.606575012207031250e+01
4.606210327148437500e+01,8.356400299072265625e+01
4.128170013427734375e+01,7.075260925292968750e+01
2.632183837890625000e+01,5.709760665893554688e+01
3.526289749145507812e+01,5.936048126220703125e+01
3.312945175170898438e+01,5.703995895385742188e+01
3.527725601196289062e+01,5.539974212646484375e+01
3.213156890869140625e+01,5.211457061767578125e+01
4.028824234008789062e+01,7.834254455566406250e+01
3.199119377136230469e+01,5.007636260986328125e+01
9.702435302734375000e+01,9.910494995117187500e+01
5.918452835083007812e+01,6.611787414550781250e+01
1.109192886352539062e+02,1.186713714599609375e+02
8.107328796386718750e+01,8.777331542968750000e+01
5.563318252563476562e+01,6.412123870849609375e+01
1.015021667480468750e+02,1.091464385986328125e+02
6.397363662719726562e+01,7.552561950683593750e+01
9.271276855468750000e+01,9.877051544189453125e+01
8.967770385742187500e+01,8.989694976806640625e+01
7.560800933837890625e+01,7.894599151611328125e+01
1.059251708984375000e+02,1.068482055664062500e+02
5.366639328002929688e+01,6.937049102783203125e+01
5.129376602172851562e+01,6.806618499755859375e+01
1.040762329101562500e+02,1.097273101806640625e+02
9.920149993896484375e+01,1.158660125732421875e+02
8.892586517333984375e+01,1.100701522827148438e+02
1.016592025756835938e+02,1.098612670898437500e+02
8.936010742187500000e+01,1.024643554687500000e+02
4.609190368652343750e+01,8.048365020751953125e+01
3.405790710449218750e+01,6.375054931640625000e+01
3.022104454040527344e+01,6.469296264648437500e+01
5.106991577148437500e+01,8.783113861083984375e+01
2.788509559631347656e+01,5.691277313232421875e+01
3.533604049682617188e+01,7.064419555664062500e+01
5.449132156372070312e+01,9.083030700683593750e+01
5.462887954711914062e+01,7.801985168457031250e+01
9.484454345703125000e+01,1.071968078613281250e+02
4.936689758300781250e+01,6.503742980957031250e+01
6.990139007568359375e+01,8.257691955566406250e+01
7.562593841552734375e+01,9.167501831054687500e+01
6.362076187133789062e+01,1.236144409179687500e+02
1.334442291259765625e+02,1.304678955078125000e+02
1.887795639038085938e+01,4.703125381469726562e+01
3.551115036010742188e+01,4.775962829589843750e+01
5.798846054077148438e+01,9.619876098632812500e+01
4.239688873291015625e+01,7.887707519531250000e+01
1.134991073608398438e+02,1.295850067138671875e+02
8.900072479248046875e+01,1.162655029296875000e+02
7.979232025146484375e+01,1.127982254028320312e+02
8.955416870117187500e+01,1.200300292968750000e+02
1.003031387329101562e+02,1.248680114746093750e+02
3.243997192382812500e+01,1.141845016479492188e+02
7.158092498779296875e+01,1.131811599731445312e+02
7.216799163818359375e+01,1.188582534790039062e+02
6.360052108764648438e+01,1.085350036621093750e+02
8.253603363037109375e+01,1.318368682861328125e+02
5.140011978149414062e+01,1.056038513183593750e+02
7.520529937744140625e+01,1.116686096191406250e+02
6.860634613037109375e+01,1.232113342285156250e+02
1.276149978637695312e+02,1.393244628906250000e+02
8.884645843505859375e+01,1.269814300537109375e+02
8.408197784423828125e+01,1.149362335205078125e+02
4.425331115722656250e+01,8.039104461669921875e+01
5.832769393920898438e+01,9.867315673828125000e+01
4.479603958129882812e+01,6.882272338867187500e+01
6.593376922607421875e+01,1.258224182128906250e+02
5.123494338989257812e+01,1.169775848388671875e+02
2.394853782653808594e+01,1.019881744384765625e+02
5.650639724731445312e+01,1.111497802734375000e+02
3.584603500366210938e+01,1.087349853515625000e+02
2.531499290466308594e+01,7.993571472167968750e+01
6.241711044311523438e+01,1.148911285400390625e+02
5.931168746948242188e+01,1.041225585937500000e+02
1.064537734985351562e+02,1.246962051391601562e+02
4.815063858032226562e+01,1.011741180419921875e+02
3.974308013916015625e+01,1.135358581542968750e+02
2.536088562011718750e+01,9.310490417480468750e+01
3.889907455444335938e+01,9.607870483398437500e+01
5.276535415649414062e+01,1.073580627441406250e+02
6.727436065673828125e+01,1.162816009521484375e+02
2.406878662109375000e+01,6.518704986572265625e+01
3.035005378723144531e+01,7.559156036376953125e+01
1.259183578491210938e+02,1.331730041503906250e+02
5.418822097778320312e+01,6.896313476562500000e+01
4.367175674438476562e+01,7.271353149414062500e+01
6.224744796752929688e+01,8.352734375000000000e+01
1.295072631835937500e+02,1.338405761718750000e+02
1.270743484497070312e+02,1.303466796875000000e+02
1.282192077636718750e+02,1.312484893798828125e+02
1.246498336791992188e+02,1.270341720581054688e+02
1.291771240234375000e+02,1.339400482177734375e+02
1.274876098632812500e+02,1.343703765869140625e+02
1.249370117187500000e+02,1.301496582031250000e+02
1.314900970458984375e+02,1.348088684082031250e+02
1.310734405517578125e+02,1.345573120117187500e+02
1.328530273437500000e+02,1.355208740234375000e+02
1.226072769165039062e+02,1.280737304687500000e+02
1.341646270751953125e+02,1.357711181640625000e+02
1.335757904052734375e+02,1.389674682617187500e+02
1.346581268310546875e+02,1.399467926025390625e+02
1.342841033935546875e+02,1.410055236816406250e+02
1.322938079833984375e+02,1.342189331054687500e+02
1.225501708984375000e+02,1.243382873535156250e+02
3.553514099121093750e+01,6.580143737792968750e+01
1.273367309570312500e+02,1.330728759765625000e+02
1.320146636962890625e+02,1.369248657226562500e+02
7.234518432617187500e+01,1.204561462402343750e+02
1.064944686889648438e+02,1.327525939941406250e+02
8.535758209228515625e+01,1.210422668457031250e+02
9.206055450439453125e+01,1.309685363769531250e+02
6.990676116943359375e+01,1.317689208984375000e+02
1.077519760131835938e+02,1.350949401855468750e+02
9.901535797119140625e+01,1.320077362060546875e+02
1.027253646850585938e+02,1.318168029785156250e+02
1.041178512573242188e+02,1.340903320312500000e+02
1.093063278198242188e+02,1.297514038085937500e+02
9.788672637939453125e+01,1.390117645263671875e+02
1.001880493164062500e+02,1.359728393554687500e+02
1.026403579711914062e+02,1.359220733642578125e+02
1.147120361328125000e+02,1.398267059326171875e+02
1.234327392578125000e+02,1.422232666015625000e+02
1.200689086914062500e+02,1.418871765136718750e+02
1.216348495483398438e+02,1.398685150146484375e+02
1.014583969116210938e+02,1.348469238281250000e+02
1.145238037109375000e+02,1.361743164062500000e+02
9.644643402099609375e+01,1.276640014648437500e+02
1.005803833007812500e+02,1.322233276367187500e+02
1.189529953002929688e+02,1.372886047363281250e+02
1.222777481079101562e+02,1.391652832031250000e+02
1.192053451538085938e+02,1.383260192871093750e+02
9.984085845947265625e+01,1.323399353027343750e+02
1.293618774414062500e+02,1.397186279296875000e+02
8.593514251708984375e+01,1.210957107543945312e+02
7.574677276611328125e+01,1.287763214111328125e+02
7.381415557861328125e+01,1.242688140869140625e+02
1.019476089477539062e+02,1.316723937988281250e+02
8.887065887451171875e+01,1.289176330566406250e+02
9.394826507568359375e+01,1.316474914550781250e+02
1.230057983398437500e+02,1.404611816406250000e+02
1.101222305297851562e+02,1.339205932617187500e+02
9.465024566650390625e+01,1.230049896240234375e+02
8.877808380126953125e+01,1.065238876342773438e+02
1.180010147094726562e+02,1.243925018310546875e+02
8.845914459228515625e+01,1.085060119628906250e+02
4.450822830200195312e+01,1.004115295410156250e+02
5.040612792968750000e+01,1.157523040771484375e+02
1.053101425170898438e+02,1.252961883544921875e+02
1.105484924316406250e+02,1.300229187011718750e+02
7.568011474609375000e+01,9.081396484375000000e+01
8.849741363525390625e+01,9.862776184082031250e+01
1.141545486450195312e+02,1.198678970336914062e+02
3.208449935913085938e+01,6.095321273803710938e+01
7.627547454833984375e+01,1.224644241333007812e+02
9.205828094482421875e+01,1.329240417480468750e+02
7.689278411865234375e+01,1.197125549316406250e+02
1.196526489257812500e+02,1.384066162109375000e+02
8.937210083007812500e+01,1.234631652832031250e+02
1.042106094360351562e+02,1.351475219726562500e+02
1.046538162231445312e+02,1.225369186401367188e+02
6.853649902343750000e+01,9.695281219482421875e+01
8.273487854003906250e+01,1.000300598144531250e+02
1.359160614013671875e+02,1.420162353515625000e+02
5.712950515747070312e+01,1.049466934204101562e+02
8.873422241210937500e+01,1.089837646484375000e+02
7.763903045654296875e+01,1.475702209472656250e+02
6.285421752929687500e+01,1.240874328613281250e+02
1.155574417114257812e+02,1.461719970703125000e+02
1.018093643188476562e+02,1.420961608886718750e+02
5.135468673706054688e+01,1.131464691162109375e+02
5.020231246948242188e+01,1.046104125976562500e+02
6.152829360961914062e+01,1.076926803588867188e+02
5.014001846313476562e+01,1.203373260498046875e+02
8.417449951171875000e+01,1.173222503662109375e+02
1.014408264160156250e+02,1.398614959716796875e+02
3.562852096557617188e+01,7.862864685058593750e+01
4.952257919311523438e+01,9.952719116210937500e+01
8.206797027587890625e+01,1.050355072021484375e+02
7.512643432617187500e+01,9.365863037109375000e+01
6.656829833984375000e+01,9.594995117187500000e+01
8.222617340087890625e+01,1.171165771484375000e+02
5.781740188598632812e+01,1.072226715087890625e+02
5.599351882934570312e+01,1.020316314697265625e+02
5.555975341796875000e+01,1.197486419677734375e+02
7.665195465087890625e+01,1.244777679443359375e+02
8.694570922851562500e+01,1.399306945800781250e+02
5.696244430541992188e+01,1.079753417968750000e+02
4.655923461914062500e+01,9.304493713378906250e+01
1.113949661254882812e+02,1.347489624023437500e+02
9.740042877197265625e+01,1.359891052246093750e+02
8.467543792724609375e+01,1.353388977050781250e+02
9.098151397705078125e+01,1.170542144775390625e+02
4.364448547363281250e+01,9.821899414062500000e+01
7.471240997314453125e+01,1.223699111938476562e+02
4.875510787963867188e+01,9.889767456054687500e+01
8.045518493652343750e+01,1.150716705322265625e+02
4.172567367553710938e+01,1.031526641845703125e+02
4.486367416381835938e+01,8.148056030273437500e+01
9.481914520263671875e+01,1.278055267333984375e+02
5.832938766479492188e+01,1.144697570800781250e+02
3.309920120239257812e+01,6.144367599487304688e+01
1.289585723876953125e+02,1.305918579101562500e+02
1.285218200683593750e+02,1.317424621582031250e+02
1.347398281097412109e+01,4.352372741699218750e+01
3.031706428527832031e+01,6.137612152099609375e+01
1.324291992187500000e+02,1.383909606933593750e+02
1.279822692871093750e+02,1.316370239257812500e+02
8.435617065429687500e+01,1.044125213623046875e+02
4.607980728149414062e+01,8.699713134765625000e+01
3.261514663696289062e+01,5.932218170166015625e+01
3.583869934082031250e+01,8.451283264160156250e+01
3.790017318725585938e+01,9.301821899414062500e+01
3.561060714721679688e+01,7.399961090087890625e+01
2.469990539550781250e+01,6.244865036010742188e+01
2.765535926818847656e+01,1.171700363159179688e+02
5.352575683593750000e+01,7.386388397216796875e+01
9.629079437255859375e+01,1.087560119628906250e+02
1.897342300415039062e+01,5.326170349121093750e+01
6.715657806396484375e+01,1.394933471679687500e+02
4.914640426635742188e+01,9.432540893554687500e+01
1.109657821655273438e+02,1.221223754882812500e+02
7.705783081054687500e+01,1.035296783447265625e+02
4.162958145141601562e+01,9.029522705078125000e+01
5.098286437988281250e+01,1.006513824462890625e+02
9.490772247314453125e+01,1.226585235595703125e+02
5.642469406127929688e+01,8.291809082031250000e+01
1.014465332031250000e+02,1.247461090087890625e+02
5.684547805786132812e+01,9.053061676025390625e+01
8.040242767333984375e+01,1.207656860351562500e+02
1.031773071289062500e+02,1.221427459716796875e+02
4.940095901489257812e+01,8.729869842529296875e+01
1.218316650390625000e+02,1.302984619140625000e+02
9.961987304687500000e+01,1.229749603271484375e+02
9.594661712646484375e+01,1.198475036621093750e+02
1.291473846435546875e+02,1.364142913818359375e+02
5.805187988281250000e+01,1.038516693115234375e+02
1.190828475952148438e+02,1.304230041503906250e+02
1.015786666870117188e+02,1.185956192016601562e+02
3.860966873168945312e+01,6.475679016113281250e+01
6.530748748779296875e+01,8.013818359375000000e+01
4.672346496582031250e+01,7.876380920410156250e+01
1.059099502563476562e+02,1.321803588867187500e+02
6.953896331787109375e+01,1.010861968994140625e+02
6.469289398193359375e+01,1.064257354736328125e+02
4.376160812377929688e+01,1.036244430541992188e+02
1.310996246337890625e+02,1.368699798583984375e+02
6.560987091064453125e+01,1.049706726074218750e+02
1.115236129760742188e+02,1.398717956542968750e+02
3.240215682983398438e+01,6.001119995117187500e+01
4.485522460937500000e+01,8.741213226318359375e+01
5.894860839843750000e+01,8.634707641601562500e+01
7.859427642822265625e+01,1.127222442626953125e+02
1.076035156250000000e+02,1.197639923095703125e+02
1.094987792968750000e+02,1.293061828613281250e+02
9.694293212890625000e+01,1.219928894042968750e+02
4.208658218383789062e+01,8.360037231445312500e+01
1.193010940551757812e+02,1.298706817626953125e+02
7.902368164062500000e+01,1.172982482910156250e+02
6.568061065673828125e+01,7.735847473144531250e+01
3.635715866088867188e+01,5.873599243164062500e+01
3.226391220092773438e+01,6.705813598632812500e+01
8.018758392333984375e+01,1.055285949707031250e+02
9.955457305908203125e+01,1.308020629882812500e+02
9.708118438720703125e+01,1.035609664916992188e+02
3.886798095703125000e+01,1.166998138427734375e+02
1.027689590454101562e+02,1.255719833374023438e+02
3.531417465209960938e+01,1.304312591552734375e+02
7.728811645507812500e+01,1.221592254638671875e+02
7.498175811767578125e+01,1.161371612548828125e+02
4.737276840209960938e+01,9.089529418945312500e+01
5.735800552368164062e+01,1.003559722900390625e+02
7.303949737548828125e+01,1.165020751953125000e+02
1.202158584594726562e+02,1.238487396240234375e+02
1.216344680786132812e+02,1.311009521484375000e+02
3.243926620483398438e+01,8.661047363281250000e+01
1.187710647583007812e+02,1.340702056884765625e+02
9.472427368164062500e+01,1.155898590087890625e+02
1.327898559570312500e+02,1.366063537597656250e+02
1.270974349975585938e+02,1.355806121826171875e+02
8.105139923095703125e+01,1.063457794189453125e+02
1.129727783203125000e+02,1.214401473999023438e+02
1.076624450683593750e+02,1.155518035888671875e+02
8.114150238037109375e+01,1.296812133789062500e+02
9.996364593505859375e+01,1.237834472656250000e+02
6.481748199462890625e+01,8.287554931640625000e+01
1.153380508422851562e+02,1.267358093261718750e+02
8.572074127197265625e+01,1.289789428710937500e+02
1.138680419921875000e+02,1.330646667480468750e+02
1.014487686157226562e+02,1.327908630371093750e+02
5.789216995239257812e+01,1.061601791381835938e+02
1.090371475219726562e+02,1.200068054199218750e+02
1.098171768188476562e+02,1.330826873779296875e+02
8.154042816162109375e+01,9.499092102050781250e+01
5.531718063354492188e+01,8.729274749755859375e+01
9.446486663818359375e+01,1.241616439819335938e+02
4.173646926879882812e+01,6.656713104248046875e+01
4.597802352905273438e+01,8.396730041503906250e+01
8.389508056640625000e+01,1.239951782226562500e+02
3.055828094482421875e+01,5.606140899658203125e+01
5.116690444946289062e+01,9.056370544433593750e+01
9.401989746093750000e+01,1.163061676025390625e+02
6.047160720825195312e+01,9.470489501953125000e+01
6.829456329345703125e+01,1.148522186279296875e+02
8.146062469482421875e+01,1.115826110839843750e+02
1.063592605590820312e+02,1.308231201171875000e+02
1.942247390747070312e+01,6.855389404296875000e+01
3.540033340454101562e+01,8.307926177978515625e+01
3.853311157226562500e+01,7.493743133544921875e+01
3.915888214111328125e+01,5.427982330322265625e+01
5.934840774536132812e+01,9.366463470458984375e+01
4.930668640136718750e+01,1.082434082031250000e+02
4.033169937133789062e+01,1.209334564208984375e+02
5.115065383911132812e+01,1.335711364746093750e+02
5.569981002807617188e+01,8.198698425292968750e+01
3.217307662963867188e+01,8.228136444091796875e+01
2.820610237121582031e+01,7.339872741699218750e+01
6.480410003662109375e+01,8.540830993652343750e+01
7.961248016357421875e+01,1.076920623779296875e+02
1.068765258789062500e+02,1.363077545166015625e+02
8.832855224609375000e+01,1.166408538818359375e+02
4.558982467651367188e+01,1.057599487304687500e+02
3.935850906372070312e+01,1.013276062011718750e+02
1.970711517333984375e+01,7.952223205566406250e+01
3.826539230346679688e+01,5.468601226806640625e+01
5.146168136596679688e+01,8.458824157714843750e+01
4.446436691284179688e+01,7.401740264892578125e+01
7.482464599609375000e+01,1.319809265136718750e+02
5.496521377563476562e+01,8.706988525390625000e+01
3.454218673706054688e+01,7.384009552001953125e+01
5.860822677612304688e+01,1.270231628417968750e+02
6.003803634643554688e+01,1.229611968994140625e+02
3.066701316833496094e+01,6.232850646972656250e+01
2.267892456054687500e+01,8.200034332275390625e+01
3.580218124389648438e+01,1.151787872314453125e+02
5.137834548950195312e+01,1.253879547119140625e+02
5.885527420043945312e+01,1.335134277343750000e+02
4.688869094848632812e+01,8.925499725341796875e+01
3.814507293701171875e+01,1.036873321533203125e+02
4.070682907104492188e+01,6.995241546630859375e+01
1.011535339355468750e+02,9.827182006835937500e+01
3.919349288940429688e+01,1.046122131347656250e+02
4.928659057617187500e+01,9.152233886718750000e+01
1.138770141601562500e+02,1.329536743164062500e+02
7.928524780273437500e+01,1.131002044677734375e+02
7.353542327880859375e+01,1.224111480712890625e+02
2.164825439453125000e+01,6.919694519042968750e+01
6.808652496337890625e+01,1.264999542236328125e+02
6.125792312622070312e+01,1.274719238281250000e+02
4.845647811889648438e+01,1.138824157714843750e+02
8.966207122802734375e+01,1.157458343505859375e+02
3.382365798950195312e+01,5.174867248535156250e+01
1.020611953735351562e+02,1.061993103027343750e+02
5.458928298950195312e+01,8.783112335205078125e+01
1.088581314086914062e+02,1.128666076660156250e+02
4.833110046386718750e+01,4.305871582031250000e+01
2.524449348449707031e+01,3.280979156494140625e+01
2.180772209167480469e+01,1.692809486389160156e+01
1.685772132873535156e+01,2.972987937927246094e+01
1.985386466979980469e+01,4.768218994140625000e+01
5.302846908569335938e+01,1.002338409423828125e+02
1.749664306640625000e+01,3.175135040283203125e+01
3.231712341308593750e+01,7.122085571289062500e+01
1.804769134521484375e+01,4.888581085205078125e+01
2.211690330505371094e+01,2.945140075683593750e+01
1.136045532226562500e+02,1.230023193359375000e+02
2.278777122497558594e+01,6.429272460937500000e+01
3.423035049438476562e+01,6.989403533935546875e+01
3.411680221557617188e+01,6.724905395507812500e+01
6.210700607299804688e+01,9.284481811523437500e+01
8.674428558349609375e+01,1.079600219726562500e+02
3.375038528442382812e+01,7.319784545898437500e+01
5.968864059448242188e+01,7.927780151367187500e+01
4.865846633911132812e+01,6.511026763916015625e+01
9.243111419677734375e+01,9.978240966796875000e+01
1.138330688476562500e+02,1.224864807128906250e+02
6.340813827514648438e+01,8.817180633544921875e+01
7.974335479736328125e+01,9.490534210205078125e+01
7.867542266845703125e+01,1.006213531494140625e+02
1.092564468383789062e+02,1.159071197509765625e+02
1.142418289184570312e+02,1.220120544433593750e+02
1.082389144897460938e+02,1.230055999755859375e+02
5.583652114868164062e+01,8.904053497314453125e+01
7.566568756103515625e+01,8.773806762695312500e+01
6.750804901123046875e+01,8.265530395507812500e+01
9.100809478759765625e+01,1.162163543701171875e+02
1.156588745117187500e+02,1.251827011108398438e+02
1.230864486694335938e+02,1.382574768066406250e+02
1.198664245605468750e+02,1.178403320312500000e+02
8.854640960693359375e+01,1.028156127929687500e+02
7.217217254638671875e+01,9.512660217285156250e+01
3.434312057495117188e+01,8.433152770996093750e+01
3.361618423461914062e+01,8.016416931152343750e+01
5.756412887573242188e+01,1.123872833251953125e+02
8.596317291259765625e+01,1.214857940673828125e+02
1.215338058471679688e+02,1.361548767089843750e+02
3.006960296630859375e+01,8.557719421386718750e+01
9.319500732421875000e+01,1.341765899658203125e+02
1.272875366210937500e+02,1.322458190917968750e+02
1.225942916870117188e+02,1.205692977905273438e+02
1.534203624725341797e+01,3.462892913818359375e+01
5.898864364624023438e+01,1.122044677734375000e+02
1.001827316284179688e+02,1.239994201660156250e+02
8.364524078369140625e+01,1.166349334716796875e+02
5.232891464233398438e+01,1.153891372680664062e+02
2.203508567810058594e+01,8.940078735351562500e+01
4.808842086791992188e+01,1.113967132568359375e+02
5.125990295410156250e+01,1.059611663818359375e+02
3.499329757690429688e+01,9.680310058593750000e+01
1.290975799560546875e+02,1.352109069824218750e+02
4.379482650756835938e+01,1.045657119750976562e+02
6.398910903930664062e+01,1.265822982788085938e+02
1.750824737548828125e+01,4.843757629394531250e+01
1.981013298034667969e+01,7.687672424316406250e+01
3.145513343811035156e+01,6.126287078857421875e+01
1.295563201904296875e+02,1.366079406738281250e+02
4.633510208129882812e+01,6.950544738769531250e+01
1.173849105834960938e+02,1.259188995361328125e+02
1.218507995605468750e+02,1.306630554199218750e+02
1.220222854614257812e+02,1.233052520751953125e+02
9.814818572998046875e+01,1.025311584472656250e+02
1.056507873535156250e+02,1.143422698974609375e+02
1.621361541748046875e+01,2.888309097290039062e+01
7.365393066406250000e+01,1.231502914428710938e+02
9.887758636474609375e+01,1.263541107177734375e+02
9.786865234375000000e+01,1.255816345214843750e+02
5.629980087280273438e+01,1.034947814941406250e+02
1.046950912475585938e+02,1.458116149902343750e+02
1.098675308227539062e+02,1.335056457519531250e+02
6.642952728271484375e+01,8.939196777343750000e+01
6.365530014038085938e+01,9.495324707031250000e+01
1.008852005004882812e+02,1.157643280029296875e+02
8.057723236083984375e+01,1.110494384765625000e+02
6.397520446777343750e+01,9.941590881347656250e+01
3.428886795043945312e+01,7.869448852539062500e+01
7.114101409912109375e+01,1.172219543457031250e+02
9.818532562255859375e+01,1.179443969726562500e+02
3.201757812500000000e+01,7.454380798339843750e+01
4.272764205932617188e+01,8.609925079345703125e+01
3.863665771484375000e+01,8.026007080078125000e+01
4.521838378906250000e+01,8.844721221923828125e+01
3.164565467834472656e+01,6.218394470214843750e+01
3.717846679687500000e+01,7.425402832031250000e+01
5.337278366088867188e+01,8.867198181152343750e+01
5.476993942260742188e+01,9.392677307128906250e+01
4.485727310180664062e+01,8.498422241210937500e+01
4.389439773559570312e+01,8.474784088134765625e+01
4.649214172363281250e+01,8.662905120849609375e+01
4.714083480834960938e+01,8.632309722900390625e+01
4.515161514282226562e+01,8.398777770996093750e+01
5.579315185546875000e+01,8.412854003906250000e+01
3.722530746459960938e+01,7.697639465332031250e+01
4.560205078125000000e+01,8.819009399414062500e+01
7.238480377197265625e+01,1.029710769653320312e+02
9.370888519287109375e+01,1.208227539062500000e+02
5.796305465698242188e+01,9.247853088378906250e+01
5.076191329956054688e+01,8.468356323242187500e+01
3.794776153564453125e+01,7.440757751464843750e+01
6.230867385864257812e+01,9.635182189941406250e+01
4.368912124633789062e+01,8.385835266113281250e+01
8.241827392578125000e+01,1.083884735107421875e+02
4.794778442382812500e+01,8.157229614257812500e+01
4.834899902343750000e+01,8.530473327636718750e+01
8.554946899414062500e+01,1.143813552856445312e+02
5.926640319824218750e+01,1.014393615722656250e+02
5.614831924438476562e+01,9.332769775390625000e+01
5.400859451293945312e+01,9.891027832031250000e+01
3.087334251403808594e+01,6.817917633056640625e+01
9.143251800537109375e+01,1.198025207519531250e+02
5.949769210815429688e+01,1.015348510742187500e+02
6.918596649169921875e+01,1.066997070312500000e+02
5.687852859497070312e+01,9.268470001220703125e+01
6.951549530029296875e+01,1.015046691894531250e+02
1.138490295410156250e+02,1.304039001464843750e+02
9.175500488281250000e+01,1.220194244384765625e+02
8.658188629150390625e+01,1.140263214111328125e+02
4.966365432739257812e+01,9.618878173828125000e+01
1.898809051513671875e+01,5.232078170776367188e+01
1.090546512603759766e+01,5.211558914184570312e+01
5.524641418457031250e+01,1.044908752441406250e+02
2.641121864318847656e+01,1.028986663818359375e+02
1.799972915649414062e+01,7.662278747558593750e+01
1.026884384155273438e+02,1.102880401611328125e+02
6.090875244140625000e+01,1.155863876342773438e+02
5.754971694946289062e+01,1.141629486083984375e+02
6.183765029907226562e+01,1.129558486938476562e+02
8.039086151123046875e+01,1.166360473632812500e+02
8.980999755859375000e+01,1.226382446289062500e+02
6.065971755981445312e+01,1.040307006835937500e+02
7.256003570556640625e+01,1.094566192626953125e+02
7.923374176025390625e+01,1.015166854858398438e+02
7.575071716308593750e+01,9.626718139648437500e+01
1.032323379516601562e+02,1.283991241455078125e+02
4.209008789062500000e+01,9.883793640136718750e+01
5.995164489746093750e+01,1.036079406738281250e+02
8.762857818603515625e+01,1.266298217773437500e+02
1.286488800048828125e+02,1.434275817871093750e+02
7.852527618408203125e+01,1.105605621337890625e+02
1.143718643188476562e+02,1.274812164306640625e+02
1.043963241577148438e+02,1.245498962402343750e+02
8.834836578369140625e+01,1.124103851318359375e+02
1.148635864257812500e+02,1.236812591552734375e+02
1.064772949218750000e+02,1.225462951660156250e+02
9.476920318603515625e+01,1.174846191406250000e+02
4.432444763183593750e+01,1.094663162231445312e+02
4.759176635742187500e+01,1.064034957885742188e+02
1.049206924438476562e+02,1.172052078247070312e+02
1.076725769042968750e+02,1.277541046142578125e+02
1.281503753662109375e+02,1.416831054687500000e+02
9.677975463867187500e+01,1.227934875488281250e+02
1.210792617797851562e+02,1.383383483886718750e+02
1.171616134643554688e+02,1.345568847656250000e+02
9.108484649658203125e+01,1.257610931396484375e+02
9.060147094726562500e+01,1.254989624023437500e+02
9.748078155517578125e+01,1.211052398681640625e+02
6.413014984130859375e+01,1.107486038208007812e+02
8.546411132812500000e+01,1.255819702148437500e+02
1.113615036010742188e+02,1.327808074951171875e+02
1.127029190063476562e+02,1.355329895019531250e+02
1.277543563842773438e+02,1.396377716064453125e+02
9.095017242431640625e+01,1.304356384277343750e+02
1.073140640258789062e+02,1.366740722656250000e+02
1.280232391357421875e+02,1.431132202148437500e+02
1.098223800659179688e+02,1.341723175048828125e+02
1.034035034179687500e+02,1.319773712158203125e+02
1.065284423828125000e+02,1.293734283447265625e+02
1.210073471069335938e+02,1.357394104003906250e+02
6.469091033935546875e+01,1.059614715576171875e+02
2.103004264831542969e+01,8.870488739013671875e+01
1.808809661865234375e+01,8.711634826660156250e+01
4.110521316528320312e+01,1.060644454956054688e+02
8.374266815185546875e+01,1.131515197753906250e+02
1.275762557983398438e+02,1.393652954101562500e+02
5.562450027465820312e+01,9.895619201660156250e+01
1.206975708007812500e+02,1.350868225097656250e+02
1.021396255493164062e+02,1.281432342529296875e+02
1.314832305908203125e+02,1.380603332519531250e+02
1.158040390014648438e+02,1.308540649414062500e+02
1.189325561523437500e+02,1.308025817871093750e+02
7.074526214599609375e+01,9.740616607666015625e+01
9.221952056884765625e+01,1.124514312744140625e+02
6.559468078613281250e+01,1.151186141967773438e+02
7.735814666748046875e+01,1.141920013427734375e+02
1.039904403686523438e+02,1.253128662109375000e+02
1.094155960083007812e+02,1.356288604736328125e+02
9.432513427734375000e+01,1.223834991455078125e+02
9.520330047607421875e+01,1.246083984375000000e+02
8.946836090087890625e+01,1.244351654052734375e+02
2.004379081726074219e+01,9.297844696044921875e+01
1.770631027221679688e+01,7.435075378417968750e+01
1.663394355773925781e+01,7.104133605957031250e+01
2.477842903137207031e+01,9.552642059326171875e+01
8.755724334716796875e+01,1.319544830322265625e+02
9.331726837158203125e+01,1.228352966308593750e+02
9.751686859130859375e+01,1.286847229003906250e+02
1.143777236938476562e+02,1.306231384277343750e+02
1.057341232299804688e+02,1.204992370605468750e+02
9.688169097900390625e+01,1.164311065673828125e+02
1.770937156677246094e+01,3.150081062316894531e+01
1.023801498413085938e+02,1.313073883056640625e+02
5.052995300292968750e+01,7.391851043701171875e+01
2.821056175231933594e+01,4.290982055664062500e+01
1.032807846069335938e+02,1.273627395629882812e+02
6.009617233276367188e+01,1.077761306762695312e+02
1.798995399475097656e+01,6.553308105468750000e+01
1.366785144805908203e+01,5.974054718017578125e+01
3.449479675292968750e+01,7.968902587890625000e+01
1.923950386047363281e+01,4.019776153564453125e+01
6.138796997070312500e+01,9.989750671386718750e+01
1.892714881896972656e+01,3.721873474121093750e+01
2.346933937072753906e+01,4.662719345092773438e+01
5.187762451171875000e+01,1.017134323120117188e+02
1.082337036132812500e+02,1.186382293701171875e+02
6.186201095581054688e+01,6.259449768066406250e+01
1.163356628417968750e+02,1.151612091064453125e+02
1.157066040039062500e+02,1.315880126953125000e+02
6.827658843994140625e+01,7.252742004394531250e+01
1.284048919677734375e+02,1.333405456542968750e+02
1.279262161254882812e+02,1.357778472900390625e+02
1.314020843505859375e+02,1.340424499511718750e+02
1.362692718505859375e+02,1.383464050292968750e+02
1.340056304931640625e+02,1.374929199218750000e+02
6.527748870849609375e+01,6.565454101562500000e+01
1.499230670928955078e+01,6.341728973388671875e+01
2.965586280822753906e+01,6.611640930175781250e+01
3.336716461181640625e+01,5.093943405151367188e+01
1.017310142517089844e+01,4.832373809814453125e+01
1.140753402709960938e+02,1.243583984375000000e+02
8.251856231689453125e+01,9.080892944335937500e+01
5.657888412475585938e+01,1.003368225097656250e+02
7.571215820312500000e+01,1.111830902099609375e+02
5.792264938354492188e+01,8.323884582519531250e+01
8.094435882568359375e+01,1.125127410888671875e+02
1.605225563049316406e+01,7.234591674804687500e+01
4.048376083374023438e+01,9.306091308593750000e+01
1.227759838104248047e+01,4.638164901733398438e+01
1.212556076049804688e+01,4.151874923706054688e+01
1.605044364929199219e+01,6.362734222412109375e+01
1.543270111083984375e+01,6.168512725830078125e+01
1.511386966705322266e+01,4.716206359863281250e+01
1.710626029968261719e+01,5.209243774414062500e+01
6.142649459838867188e+01,9.458918762207031250e+01
1.174031066894531250e+01,1.967331695556640625e+01
2.848860168457031250e+01,8.864990234375000000e+01
3.458378982543945312e+01,8.047491455078125000e+01
2.817422294616699219e+01,6.018663406372070312e+01
5.458203125000000000e+01,6.833302307128906250e+01
6.296842575073242188e+01,7.563289642333984375e+01
3.791867446899414062e+01,8.159158325195312500e+01
5.510911941528320312e+01,9.496377563476562500e+01
1.294295043945312500e+02,1.376206359863281250e+02
2.226496315002441406e+01,8.229921722412109375e+01
1.821811485290527344e+01,5.771555328369140625e+01
1.316048431396484375e+02,1.372201232910156250e+02
1.312892150878906250e+02,1.407047119140625000e+02
1.481842517852783203e+01,5.857469177246093750e+01
1.852594947814941406e+01,6.645691680908203125e+01
2.774582672119140625e+01,7.074738311767578125e+01
2.614136314392089844e+01,7.850566101074218750e+01
1.828253173828125000e+01,6.711465454101562500e+01
1.315698242187500000e+01,5.467805480957031250e+01
1.367139148712158203e+01,6.243804550170898438e+01
4.893703079223632812e+01,7.481367492675781250e+01
8.090924835205078125e+01,9.782037353515625000e+01
5.342222976684570312e+01,6.998011779785156250e+01
7.222393798828125000e+01,1.281950073242187500e+02
1.208212890625000000e+02,1.358622131347656250e+02
1.137319869995117188e+02,1.381310119628906250e+02
7.904456329345703125e+01,1.166369781494140625e+02
9.163906860351562500e+01,1.476258239746093750e+02
9.152551269531250000e+01,1.088723602294921875e+02
4.968930053710937500e+01,9.742979431152343750e+01
6.268457031250000000e+01,1.025026779174804688e+02
8.029784393310546875e+01,1.098106307983398438e+02
4.886522293090820312e+01,9.427369689941406250e+01
6.520589447021484375e+01,8.092043304443359375e+01
5.048839187622070312e+01,1.026905059814453125e+02
5.644412612915039062e+01,9.630771636962890625e+01
5.008325195312500000e+01,1.087911987304687500e+02
7.715567779541015625e+01,1.246858062744140625e+02
9.064690399169921875e+01,1.125910720825195312e+02
7.924130249023437500e+01,1.027396240234375000e+02
6.448233032226562500e+01,8.840679931640625000e+01
8.645800781250000000e+01,1.292398223876953125e+02
7.103620910644531250e+01,1.235916519165039062e+02
5.388134765625000000e+01,1.178962860107421875e+02
6.821985626220703125e+01,1.240535583496093750e+02
9.422954559326171875e+01,1.343349914550781250e+02
5.133026504516601562e+01,1.098326492309570312e+02
4.604298019409179688e+01,1.059156188964843750e+02
5.350051879882812500e+01,1.098412475585937500e+02
5.543442916870117188e+01,1.102812805175781250e+02
5.328028869628906250e+01,1.138789367675781250e+02
9.626110839843750000e+01,1.292069396972656250e+02
1.199075622558593750e+02,1.345658264160156250e+02
9.574344635009765625e+01,1.268182678222656250e+02
9.280868530273437500e+01,1.282919158935546875e+02
9.647271728515625000e+01,1.262546081542968750e+02
8.046794128417968750e+01,1.183531112670898438e+02
8.274392700195312500e+01,1.189333801269531250e+02
1.037607498168945312e+02,1.316654968261718750e+02
1.092606430053710938e+02,1.313168029785156250e+02
9.595050811767578125e+01,1.296061096191406250e+02
1.079509582519531250e+02,1.349388427734375000e+02
9.237738037109375000e+01,1.230983276367187500e+02
7.597127532958984375e+01,1.235166473388671875e+02
7.047975921630859375e+01,1.016100692749023438e+02
9.173496246337890625e+01,1.142434234619140625e+02
1.969827651977539062e+01,5.656897354125976562e+01
2.658123970031738281e+01,3.768048858642578125e+01
1.350235748291015625e+02,1.360602416992187500e+02
1.188460388183593750e+02,1.263226318359375000e+02
3.769654846191406250e+01,7.832563781738281250e+01
5.466287231445312500e+01,9.385816955566406250e+01
1.327460937500000000e+02,1.433155212402343750e+02
1.073013000488281250e+02,1.298792266845703125e+02
9.477371978759765625e+01,1.223893432617187500e+02
1.329010105133056641e+01,2.835256576538085938e+01
1.323031330108642578e+01,4.749787139892578125e+01
8.594403839111328125e+01,1.300818786621093750e+02
3.743176651000976562e+01,8.004115295410156250e+01
5.586904907226562500e+01,1.238593902587890625e+02
1.999617195129394531e+01,7.634385681152343750e+01
4.550920486450195312e+01,9.149403381347656250e+01
3.993213653564453125e+01,9.013149261474609375e+01
6.372979736328125000e+01,9.255422973632812500e+01
1.144080429077148438e+02,1.367565917968750000e+02
3.195964050292968750e+01,7.391696166992187500e+01
8.742636108398437500e+01,1.073578186035156250e+02
4.789186477661132812e+01,7.899803161621093750e+01
1.724295043945312500e+01,5.468365859985351562e+01
8.319600677490234375e+01,1.110032653808593750e+02
1.953549003601074219e+01,5.216489028930664062e+01
1.274107666015625000e+02,1.390655212402343750e+02
2.880805397033691406e+01,9.157568359375000000e+01
8.983187866210937500e+01,1.236467590332031250e+02
9.769556427001953125e+01,1.264653167724609375e+02
5.759486007690429688e+01,7.472959899902343750e+01
2.236437034606933594e+01,9.015077972412109375e+01
1.659491539001464844e+01,6.379602813720703125e+01
3.858775711059570312e+01,9.726817321777343750e+01
3.094522666931152344e+01,8.437993621826171875e+01
3.527973556518554688e+01,9.466276550292968750e+01
3.342102432250976562e+01,3.619692230224609375e+01
7.672058868408203125e+01,9.530355834960937500e+01
6.323685073852539062e+01,1.078825988769531250e+02
1.461392498016357422e+01,3.459078216552734375e+01
4.958288192749023438e+01,8.874705505371093750e+01
5.221132278442382812e+01,8.958871459960937500e+01
8.097220611572265625e+01,1.440165710449218750e+02
6.072581100463867188e+01,9.189018249511718750e+01
1.126615982055664062e+02,1.267614746093750000e+02
1.146257400512695312e+02,1.357998657226562500e+02
3.313986587524414062e+01,7.057714843750000000e+01
3.096173858642578125e+01,6.389553070068359375e+01
2.730378913879394531e+01,5.405648803710937500e+01
4.261317825317382812e+01,6.800925445556640625e+01
1.508230209350585938e+01,5.099699401855468750e+01
2.678371238708496094e+01,6.598335266113281250e+01
2.417606353759765625e+01,5.973184204101562500e+01
6.603551483154296875e+01,1.044912872314453125e+02
4.862014770507812500e+01,8.456719207763671875e+01
4.410681152343750000e+01,8.904913330078125000e+01
1.116441421508789062e+02,1.368258972167968750e+02
1.119524917602539062e+02,1.391926269531250000e+02
1.035646362304687500e+02,1.412209777832031250e+02
3.626461791992187500e+01,8.270390319824218750e+01
1.758356285095214844e+01,5.515707397460937500e+01
7.044223022460937500e+01,1.357298278808593750e+02
5.446386718750000000e+01,1.307643127441406250e+02
1.260141372680664062e+02,1.369641265869140625e+02
8.745438385009765625e+01,1.216219329833984375e+02
8.908739471435546875e+01,1.076214599609375000e+02
1.222389755249023438e+02,1.342381134033203125e+02
8.737953948974609375e+01,1.073021850585937500e+02
8.393604278564453125e+01,1.057400665283203125e+02
1.078518600463867188e+02,1.219200286865234375e+02
1.219489059448242188e+02,1.364237213134765625e+02
5.469503784179687500e+01,1.066143646240234375e+02
1.053266220092773438e+02,1.297861785888671875e+02
1.053462219238281250e+02,1.257500457763671875e+02
5.604721069335937500e+01,1.095720062255859375e+02
4.314474487304687500e+01,9.517528533935546875e+01
4.536837387084960938e+01,9.192651367187500000e+01
1.154173049926757812e+02,1.292731628417968750e+02
8.329067230224609375e+01,9.477317810058593750e+01
5.146604537963867188e+01,8.315966796875000000e+01
4.688047409057617188e+01,6.552713012695312500e+01
3.276099014282226562e+01,6.368798065185546875e+01
1.087855834960937500e+02,1.108749542236328125e+02
8.095262145996093750e+01,9.855587768554687500e+01
5.512611770629882812e+01,8.051097869873046875e+01
7.097688293457031250e+01,7.925236511230468750e+01
5.617347335815429688e+01,9.457968139648437500e+01
5.048471069335937500e+01,7.073896789550781250e+01
4.507968139648437500e+01,7.808587646484375000e+01
3.347492980957031250e+01,6.724950408935546875e+01
1.580739593505859375e+01,6.149736022949218750e+01
9.036743164062500000e+01,1.183364868164062500e+02
8.688177490234375000e+01,1.354651489257812500e+02
6.448618316650390625e+01,1.195386199951171875e+02
6.699908447265625000e+01,1.096199188232421875e+02
7.505414581298828125e+01,1.213457641601562500e+02
6.575118255615234375e+01,1.199139862060546875e+02
4.254597854614257812e+01,1.011747665405273438e+02
1.196076354980468750e+02,1.290317687988281250e+02
7.846603393554687500e+01,1.214801940917968750e+02
9.107558441162109375e+01,1.256350555419921875e+02
2.117701911926269531e+01,8.455168151855468750e+01
6.320799636840820312e+01,1.154081726074218750e+02
9.578098297119140625e+01,1.290597534179687500e+02
1.001061782836914062e+02,1.335639343261718750e+02
1.267593002319335938e+02,1.305752563476562500e+02
1.213496627807617188e+02,1.283772277832031250e+02
3.997778320312500000e+01,8.254179382324218750e+01
2.111331939697265625e+01,7.372367095947265625e+01
1.305075378417968750e+02,1.372216491699218750e+02
4.272404098510742188e+01,9.756250000000000000e+01
6.315407943725585938e+01,1.167279510498046875e+02
1.237504272460937500e+02,1.391998291015625000e+02
1.228045425415039062e+02,1.359776763916015625e+02
1.278281555175781250e+02,1.391365966796875000e+02
1.146774673461914062e+02,1.348892364501953125e+02
1.056857223510742188e+02,1.315599365234375000e+02
7.175088500976562500e+01,1.149240570068359375e+02
1.195855178833007812e+02,1.262271728515625000e+02
1.218137512207031250e+02,1.313304748535156250e+02
1.252363204956054688e+02,1.406510620117187500e+02
5.376492309570312500e+01,7.251333618164062500e+01
8.703179931640625000e+01,1.206900177001953125e+02
4.130207443237304688e+01,8.026664733886718750e+01
4.862455368041992188e+01,9.790217590332031250e+01
8.363500213623046875e+01,1.119811859130859375e+02
3.245025634765625000e+01,6.754479980468750000e+01
6.556180572509765625e+01,1.066401672363281250e+02
1.178884048461914062e+02,1.300756378173828125e+02
4.171890640258789062e+01,6.648255157470703125e+01
6.302402114868164062e+01,8.271627807617187500e+01
7.494121551513671875e+01,8.985916900634765625e+01
7.970986175537109375e+01,1.240009460449218750e+02
1.088042602539062500e+02,1.272789916992187500e+02
6.783124542236328125e+01,1.090997009277343750e+02
1.298286743164062500e+02,1.352552490234375000e+02
1.180776748657226562e+02,1.322307891845703125e+02
1.206492080688476562e+02,1.368930969238281250e+02
9.334745025634765625e+01,9.990521240234375000e+01
8.953911590576171875e+01,1.168265533447265625e+02
4.168960189819335938e+01,8.622831726074218750e+01
1.037129821777343750e+02,1.287210998535156250e+02
7.225595855712890625e+01,1.075760040283203125e+02
1.092626571655273438e+02,1.247537994384765625e+02
6.842777252197265625e+01,1.115108718872070312e+02
9.659993743896484375e+01,1.199155273437500000e+02
1.092532958984375000e+02,1.338603820800781250e+02
1.046336059570312500e+02,1.288272857666015625e+02
1.040333328247070312e+02,1.366173706054687500e+02
5.575451278686523438e+01,1.114441909790039062e+02
1.207817611694335938e+02,1.280932159423828125e+02
1.183650894165039062e+02,1.382653503417968750e+02
1.134792709350585938e+02,1.341513519287109375e+02
8.219647216796875000e+01,1.357464294433593750e+02
3.082769966125488281e+01,8.295262145996093750e+01
4.968193435668945312e+01,1.179490966796875000e+02
1.084447937011718750e+02,1.132272186279296875e+02
1.318141632080078125e+02,1.403732604980468750e+02
7.135236358642578125e+01,1.085232925415039062e+02
5.135908889770507812e+01,9.737871551513671875e+01
5.253147506713867188e+01,1.053911285400390625e+02
7.169263458251953125e+01,1.183564453125000000e+02
7.632668304443359375e+01,1.178880157470703125e+02
6.747550201416015625e+01,1.023100738525390625e+02
4.322837448120117188e+01,8.717187500000000000e+01
5.201541137695312500e+01,8.753760528564453125e+01
9.708190917968750000e+01,1.227242889404296875e+02
8.609558868408203125e+01,1.126054534912109375e+02
1.057937011718750000e+02,1.268631057739257812e+02
9.009692382812500000e+01,1.218588790893554688e+02
1.041222915649414062e+02,1.269197998046875000e+02
5.177859497070312500e+01,8.862741088867187500e+01
5.399327468872070312e+01,8.897503662109375000e+01
5.768057250976562500e+01,8.971429443359375000e+01
8.896121978759765625e+01,1.165094299316406250e+02
9.959151458740234375e+01,1.237659301757812500e+02
8.053874969482421875e+01,1.236790695190429688e+02
1.053968887329101562e+02,1.303514099121093750e+02
3.633771133422851562e+01,9.167845153808593750e+01
9.232486724853515625e+01,1.196501159667968750e+02
6.998992919921875000e+01,9.204948425292968750e+01
5.294287109375000000e+01,8.773448181152343750e+01
3.267877578735351562e+01,6.537101745605468750e+01
2.004137992858886719e+01,5.399736022949218750e+01
1.537409687042236328e+01,4.154560089111328125e+01
4.419059371948242188e+01,7.442150878906250000e+01
4.044123077392578125e+01,7.683416748046875000e+01
7.012075042724609375e+01,1.005589294433593750e+02
3.692945480346679688e+01,6.065096282958984375e+01
1.070376205444335938e+02,1.256967849731445312e+02
9.695574951171875000e+01,1.324923400878906250e+02
1.054849929809570312e+02,1.289682617187500000e+02
9.427435302734375000e+01,1.039735260009765625e+02
1.149033584594726562e+02,1.252777557373046875e+02
1.138288650512695312e+02,1.360874786376953125e+02
1.081394042968750000e+02,1.126621932983398438e+02
8.932392120361328125e+01,1.020552978515625000e+02
6.562279510498046875e+01,8.208206176757812500e+01
1.006815795898437500e+02,1.023242187500000000e+02
1.102452697753906250e+02,1.221094665527343750e+02
1.176094741821289062e+02,1.370773315429687500e+02
1.081877212524414062e+02,1.088193130493164062e+02
1.143233642578125000e+02,1.216886749267578125e+02
7.334032440185546875e+01,8.657566833496093750e+01
8.753060913085937500e+01,1.025867309570312500e+02
9.976966094970703125e+01,1.165017013549804688e+02
7.794237518310546875e+01,1.014485702514648438e+02
1.152078247070312500e+02,1.285690307617187500e+02
7.547476959228515625e+01,1.124261779785156250e+02
2.556653404235839844e+01,6.996298217773437500e+01
6.346569824218750000e+01,1.140126953125000000e+02
5.697801208496093750e+01,1.017104339599609375e+02
2.688543128967285156e+01,8.239799499511718750e+01
3.736320877075195312e+01,9.994104003906250000e+01
2.926963233947753906e+01,9.064661407470703125e+01
1.021067886352539062e+02,1.202074966430664062e+02
6.398560714721679688e+01,1.097081756591796875e+02
6.990850067138671875e+01,9.929862976074218750e+01
8.289481353759765625e+01,1.111951751708984375e+02
3.847992324829101562e+01,7.730215454101562500e+01
1.029731445312500000e+02,1.333619995117187500e+02
1.056884460449218750e+02,1.131747512817382812e+02
8.929540252685546875e+01,8.793208312988281250e+01
1.270507583618164062e+02,1.347123107910156250e+02
8.505751037597656250e+01,1.160826873779296875e+02
1.174603805541992188e+02,1.247447586059570312e+02
1.131097183227539062e+02,1.247713317871093750e+02
2.430443572998046875e+01,7.254097747802734375e+01
9.629087066650390625e+01,1.261319503784179688e+02
7.444115447998046875e+01,1.002303771972656250e+02
5.692324447631835938e+01,9.002320861816406250e+01
9.074572753906250000e+01,1.083492202758789062e+02
3.930230331420898438e+01,6.840977478027343750e+01
5.718424606323242188e+01,8.531815338134765625e+01
4.201883316040039062e+01,8.300952148437500000e+01
4.001628112792968750e+01,7.298999023437500000e+01
4.987839889526367188e+01,9.292905426025390625e+01
5.806025695800781250e+01,1.103110809326171875e+02
1.243801269531250000e+02,1.319896392822265625e+02
9.424327850341796875e+01,1.131127929687500000e+02
9.937066650390625000e+01,1.072608032226562500e+02
9.842688751220703125e+01,1.228907623291015625e+02
5.650461959838867188e+01,8.041169738769531250e+01
1.172551498413085938e+02,1.241317977905273438e+02
4.263999557495117188e+01,8.207817077636718750e+01
4.880587768554687500e+01,7.436592102050781250e+01
1.058468246459960938e+02,1.206018753051757812e+02
7.274191284179687500e+01,1.133688964843750000e+02
1.048769226074218750e+02,1.331055297851562500e+02
9.324646759033203125e+01,1.019697036743164062e+02
7.726640319824218750e+01,1.009618835449218750e+02
8.324264526367187500e+01,1.140125808715820312e+02
1.173023147583007812e+02,1.266854476928710938e+02
1.118222656250000000e+02,1.249869689941406250e+02
7.163158416748046875e+01,9.383538055419921875e+01
1.089411239624023438e+02,1.171920471191406250e+02
9.187963104248046875e+01,1.307526245117187500e+02
1.040376358032226562e+02,1.193344039916992188e+02
1.113654403686523438e+02,1.256729202270507812e+02
1.086681518554687500e+02,1.213300018310546875e+02
1.148081665039062500e+02,1.288297424316406250e+02
1.205417709350585938e+02,1.383316497802734375e+02
8.994304656982421875e+01,1.064873046875000000e+02
9.224491119384765625e+01,1.209219512939453125e+02
1.037581710815429688e+02,1.181519317626953125e+02
8.455504608154296875e+01,1.023213806152343750e+02
3.971488571166992188e+01,6.994654083251953125e+01
1.024897079467773438e+02,1.144581146240234375e+02
4.555874252319335938e+01,6.978532409667968750e+01
8.270922088623046875e+01,1.066487731933593750e+02
5.702845382690429688e+01,9.041117858886718750e+01
8.486750030517578125e+01,1.225708312988281250e+02
5.607136917114257812e+01,9.466329956054687500e+01
1.223556041717529297e+01,6.596186828613281250e+01
3.002913475036621094e+01,6.316394805908203125e+01
2.874664306640625000e+01,7.614716339111328125e+01
4.113254928588867188e+01,8.470114135742187500e+01
2.174205017089843750e+01,6.258351516723632812e+01
2.051723480224609375e+01,5.787108993530273438e+01
1.482571887969970703e+01,5.645259094238281250e+01
9.983210563659667969e+00,6.210535430908203125e+01
1.783938217163085938e+01,5.814025878906250000e+01
1.435006713867187500e+01,5.121414184570312500e+01
4.314941787719726562e+01,8.938023376464843750e+01
1.078984355926513672e+01,7.103452301025390625e+01
4.151767349243164062e+01,8.612318420410156250e+01
2.103260040283203125e+01,5.821395111083984375e+01
3.648633193969726562e+01,8.366038513183593750e+01
2.202116966247558594e+01,8.420290374755859375e+01
8.692948150634765625e+01,1.098686676025390625e+02
7.716867828369140625e+01,1.009497375488281250e+02
7.908397674560546875e+01,9.540214538574218750e+01
1.050488357543945312e+02,1.235965576171875000e+02
5.608208847045898438e+01,8.775195312500000000e+01
1.062502746582031250e+02,1.241844787597656250e+02
7.586138916015625000e+01,1.065914001464843750e+02
8.429593658447265625e+01,1.160250549316406250e+02
8.649910736083984375e+01,1.187648162841796875e+02
5.030104064941406250e+01,9.693127441406250000e+01
1.242130355834960938e+02,1.305511932373046875e+02
1.056333923339843750e+02,1.248007965087890625e+02
8.334604644775390625e+01,1.103089141845703125e+02
1.101184692382812500e+02,1.137062683105468750e+02
1.140463790893554688e+02,1.248029403686523438e+02
9.397107696533203125e+01,1.126829528808593750e+02
7.677475738525390625e+01,9.806758117675781250e+01
1.222256240844726562e+02,1.282206878662109375e+02
1.235995101928710938e+02,1.303902587890625000e+02
1.240402526855468750e+02,1.312341918945312500e+02
1.117757263183593750e+02,1.217636413574218750e+02
9.335294342041015625e+01,1.062963562011718750e+02
7.295483398437500000e+01,9.217634582519531250e+01
1.117393569946289062e+02,1.244079589843750000e+02
8.241658782958984375e+01,1.101236267089843750e+02
1.176597824096679688e+02,1.263702316284179688e+02
1.023891601562500000e+02,1.143357391357421875e+02
1.306610260009765625e+02,1.339290161132812500e+02
1.108578262329101562e+02,1.214307403564453125e+02
1.179193344116210938e+02,1.249721832275390625e+02
1.291308898925781250e+02,1.325112304687500000e+02
1.195488586425781250e+02,1.259306945800781250e+02
1.225523681640625000e+02,1.287657470703125000e+02
1.269117507934570312e+02,1.315368804931640625e+02
1.150368881225585938e+02,1.226732177734375000e+02
1.233259811401367188e+02,1.297276000976562500e+02
1.095065917968750000e+02,1.208360748291015625e+02
1.059228744506835938e+02,1.191581420898437500e+02
1.265591506958007812e+02,1.297161254882812500e+02
1.193363418579101562e+02,1.262758941650390625e+02
1.209821166992187500e+02,1.283709259033203125e+02
1.185587768554687500e+02,1.272638244628906250e+02
1.223076095581054688e+02,1.298017578125000000e+02
1.245658569335937500e+02,1.285107421875000000e+02
1.258135070800781250e+02,1.311720123291015625e+02
1.232099990844726562e+02,1.312297973632812500e+02
9.144985198974609375e+01,1.169076385498046875e+02
1.329835205078125000e+02,1.359065246582031250e+02
1.037015151977539062e+02,1.129473571777343750e+02
9.712070465087890625e+01,1.117838439941406250e+02
1.308105926513671875e+02,1.351430969238281250e+02
4.227845001220703125e+01,9.703018188476562500e+01
4.060885238647460938e+01,7.746055603027343750e+01
6.433036041259765625e+01,9.954933166503906250e+01
1.232461547851562500e+02,1.322046508789062500e+02
9.177581787109375000e+01,1.214215393066406250e+02
4.569064712524414062e+01,1.017861175537109375e+02
7.350334930419921875e+01,1.078923950195312500e+02
1.009358139038085938e+02,1.272914733886718750e+02
1.151032714843750000e+02,1.340297546386718750e+02
8.667105865478515625e+01,1.237613677978515625e+02
1.168219985961914062e+02,1.284292907714843750e+02
1.163880386352539062e+02,1.281298065185546875e+02
1.315875701904296875e+02,1.337505187988281250e+02
1.303901977539062500e+02,1.359186706542968750e+02
1.334226531982421875e+02,1.396360015869140625e+02
1.294290924072265625e+02,1.330129089355468750e+02
1.064882583618164062e+02,1.307487487792968750e+02
1.040317916870117188e+02,1.140114974975585938e+02
1.195223388671875000e+02,1.339797058105468750e+02
9.462722778320312500e+01,1.199555053710937500e+02
9.284169769287109375e+01,1.101197662353515625e+02
1.102472534179687500e+02,1.308016510009765625e+02
9.082318115234375000e+01,1.247586517333984375e+02
1.188900375366210938e+02,1.331037750244140625e+02
1.022901611328125000e+02,1.121734924316406250e+02
3.142200660705566406e+01,7.534228515625000000e+01
1.904095649719238281e+01,6.463922119140625000e+01
2.817353820800781250e+01,7.949410247802734375e+01
2.991129112243652344e+01,6.621321868896484375e+01
2.488750648498535156e+01,6.680418395996093750e+01
3.007796669006347656e+01,8.235233306884765625e+01
2.764114570617675781e+01,6.856235504150390625e+01
2.896562767028808594e+01,6.939183044433593750e+01
2.429261970520019531e+01,6.552426910400390625e+01
3.687422943115234375e+01,7.243568420410156250e+01
1.012586669921875000e+02,1.273549728393554688e+02
1.217341918945312500e+02,1.366558074951171875e+02
1.283437805175781250e+02,1.383919372558593750e+02
2.271010780334472656e+01,3.854609680175781250e+01
1.074398498535156250e+02,1.237490234375000000e+02
8.644257354736328125e+01,1.168573303222656250e+02
5.467580032348632812e+01,9.865926361083984375e+01
6.121109008789062500e+01,1.050060348510742188e+02
9.572368621826171875e+01,1.180430603027343750e+02
7.395151519775390625e+01,1.075456314086914062e+02
7.857480621337890625e+01,1.088329467773437500e+02
6.614237213134765625e+01,1.034809646606445312e+02
7.348369598388671875e+01,1.045414505004882812e+02
8.251261138916015625e+01,1.098962173461914062e+02
6.837157440185546875e+01,1.152377624511718750e+02
9.495839691162109375e+01,1.185469360351562500e+02
5.106352615356445312e+01,1.032301330566406250e+02
1.135356445312500000e+02,1.244482650756835938e+02
5.770338439941406250e+01,9.708146667480468750e+01
1.027251815795898438e+02,1.292114868164062500e+02
1.335907745361328125e+02,1.391999206542968750e+02
1.043221664428710938e+02,1.234521789550781250e+02
1.354287567138671875e+02,1.398077392578125000e+02
1.086460952758789062e+02,1.132435455322265625e+02
7.844219207763671875e+01,9.706396484375000000e+01
8.500560760498046875e+01,1.111298828125000000e+02
1.171538696289062500e+02,1.222166824340820312e+02
1.094455261230468750e+02,1.248364868164062500e+02
1.291190032958984375e+02,1.367879638671875000e+02
4.816107177734375000e+01,9.004884338378906250e+01
5.732511520385742188e+01,1.035177917480468750e+02
1.029741439819335938e+02,1.316817626953125000e+02
1.174346923828125000e+02,1.350328979492187500e+02
1.155073623657226562e+02,1.361194763183593750e+02
1.288455352783203125e+02,1.402132110595703125e+02
6.879479980468750000e+01,1.169984588623046875e+02
1.042149047851562500e+02,1.299662475585937500e+02
1.004959716796875000e+02,1.151383209228515625e+02
1.145281295776367188e+02,1.341165161132812500e+02
3.140195655822753906e+01,5.927504348754882812e+01
1.001828384399414062e+02,1.167101516723632812e+02
6.725868988037109375e+01,8.963348388671875000e+01
6.010405349731445312e+01,9.996952056884765625e+01
3.898265838623046875e+01,9.798097229003906250e+01
1.166344604492187500e+02,1.264790954589843750e+02
8.041225433349609375e+01,1.061489715576171875e+02
1.066011886596679688e+02,1.244140167236328125e+02
1.050772094726562500e+02,1.198851699829101562e+02
9.282752227783203125e+01,1.063669586181640625e+02
7.404784393310546875e+01,1.113038635253906250e+02
1.104399719238281250e+02,1.283974151611328125e+02
3.788909530639648438e+01,7.380070495605468750e+01
3.872386932373046875e+01,7.343437194824218750e+01
1.168013534545898438e+02,1.288629608154296875e+02
1.109128723144531250e+02,1.286168518066406250e+02
1.176621322631835938e+02,1.327250366210937500e+02
1.142493515014648438e+02,1.277971801757812500e+02
7.154332733154296875e+01,9.446224975585937500e+01
5.665379333496093750e+01,8.916857147216796875e+01
1.137277221679687500e+02,1.305872039794921875e+02
1.123904953002929688e+02,1.314228820800781250e+02
4.476754760742187500e+01,8.053227996826171875e+01
3.097772789001464844e+01,6.702890014648437500e+01
5.915881347656250000e+01,8.947851562500000000e+01
1.078046951293945312e+02,1.234479522705078125e+02
1.118449478149414062e+02,1.337897338867187500e+02
1.178147583007812500e+02,1.260187530517578125e+02
9.265073394775390625e+01,1.143728637695312500e+02
1.000626907348632812e+02,1.205820770263671875e+02
9.459984588623046875e+01,1.098729553222656250e+02
5.095439147949218750e+01,8.938032531738281250e+01
1.161303787231445312e+02,1.355893554687500000e+02
1.069101333618164062e+02,1.336101074218750000e+02
1.202061691284179688e+02,1.366309051513671875e+02
9.669805908203125000e+01,1.250061111450195312e+02
9.004355621337890625e+01,1.242795028686523438e+02
1.120571975708007812e+02,1.327614746093750000e+02
1.039944839477539062e+02,1.275432739257812500e+02
9.362103271484375000e+01,1.225653991699218750e+02
1.253928222656250000e+02,1.347783660888671875e+02
1.271546325683593750e+02,1.390061340332031250e+02
1.315422210693359375e+02,1.392796936035156250e+02
1.280572357177734375e+02,1.366126098632812500e+02
9.046868133544921875e+01,1.183644714355468750e+02
8.366933441162109375e+01,1.157142715454101562e+02
3.147424888610839844e+01,6.934526824951171875e+01
9.140936279296875000e+01,1.069176330566406250e+02
5.874140930175781250e+01,8.978378295898437500e+01
1.674510002136230469e+01,5.757170867919921875e+01
5.955003356933593750e+01,9.877140808105468750e+01
7.960752105712890625e+01,9.940525817871093750e+01
8.125131225585937500e+01,1.092595367431640625e+02
5.560901260375976562e+01,9.204343414306640625e+01
7.668645477294921875e+01,9.326165008544921875e+01
9.102606201171875000e+01,1.061808624267578125e+02
6.481654357910156250e+01,8.005966186523437500e+01
8.807351684570312500e+01,1.012898025512695312e+02
7.622278594970703125e+01,8.688305664062500000e+01
7.346282958984375000e+01,9.552680206298828125e+01
5.548681640625000000e+01,9.034993743896484375e+01
7.053945159912109375e+01,8.799708557128906250e+01
7.459410858154296875e+01,8.643543243408203125e+01
8.169947052001953125e+01,9.446315002441406250e+01
6.791083526611328125e+01,8.386936950683593750e+01
7.759214782714843750e+01,9.787036132812500000e+01
7.364696502685546875e+01,9.288633728027343750e+01
1.041785354614257812e+02,1.148228607177734375e+02
7.919912719726562500e+01,9.396472167968750000e+01
6.664034271240234375e+01,8.383148193359375000e+01
6.063789749145507812e+01,7.876020050048828125e+01
5.171635055541992188e+01,6.659304809570312500e+01
3.876762771606445312e+01,6.046599578857421875e+01
5.481576156616210938e+01,6.834059906005859375e+01
5.011364364624023438e+01,7.981024932861328125e+01
5.168715286254882812e+01,7.264480590820312500e+01
5.112008666992187500e+01,6.686280822753906250e+01
5.096018981933593750e+01,8.033706665039062500e+01
8.375597381591796875e+01,1.019070739746093750e+02
5.227322387695312500e+01,7.055181884765625000e+01
6.303602600097656250e+01,8.443958282470703125e+01
8.234355163574218750e+01,1.009624023437500000e+02
6.715174102783203125e+01,8.551824951171875000e+01
4.924992752075195312e+01,7.061680603027343750e+01
3.452184677124023438e+01,7.939942932128906250e+01
2.708833885192871094e+01,7.461895751953125000e+01
7.262494659423828125e+01,1.071436538696289062e+02
5.262407302856445312e+01,7.574314880371093750e+01
6.578559112548828125e+01,8.944013977050781250e+01
9.467235565185546875e+01,1.027690811157226562e+02
7.557566833496093750e+01,1.012851104736328125e+02
4.739851379394531250e+01,7.688633728027343750e+01
1.146549148559570312e+02,1.186414718627929688e+02
1.140463027954101562e+02,1.181209259033203125e+02
6.403369903564453125e+01,8.196542358398437500e+01
6.797994232177734375e+01,7.964539337158203125e+01
6.653586578369140625e+01,9.054965972900390625e+01
1.118240966796875000e+02,1.187365112304687500e+02
5.682097244262695312e+01,8.138876342773437500e+01
7.549268341064453125e+01,9.701435852050781250e+01
9.235301971435546875e+01,1.181013946533203125e+02
1.070965347290039062e+02,1.184815292358398438e+02
6.186132812500000000e+01,8.832619476318359375e+01
5.837132644653320312e+01,8.132342529296875000e+01
5.822350692749023438e+01,8.524938964843750000e+01
4.311030960083007812e+01,8.666873168945312500e+01
5.149327468872070312e+01,9.229545593261718750e+01
6.035725402832031250e+01,8.861091613769531250e+01
5.238372802734375000e+01,8.271798706054687500e+01
5.583329772949218750e+01,8.758000183105468750e+01
7.638536834716796875e+01,1.013926086425781250e+02
1.043418273925781250e+02,1.232700653076171875e+02
7.098199462890625000e+01,9.432664489746093750e+01
7.730484771728515625e+01,9.630757141113281250e+01
5.291361618041992188e+01,8.690078735351562500e+01
4.960781860351562500e+01,8.057567596435546875e+01
5.084276199340820312e+01,7.816323852539062500e+01
6.732926177978515625e+01,9.354340362548828125e+01
3.746416091918945312e+01,6.558854675292968750e+01
7.520508575439453125e+01,9.497119140625000000e+01
6.609056854248046875e+01,9.916094207763671875e+01
9.303649139404296875e+01,1.076660690307617188e+02
5.559235000610351562e+01,8.033432006835937500e+01
6.199272155761718750e+01,8.746340179443359375e+01
4.969107055664062500e+01,7.405538940429687500e+01
5.642624282836914062e+01,1.216175231933593750e+02
9.354437255859375000e+01,1.213342208862304688e+02
6.703961944580078125e+01,1.179541778564453125e+02
2.196798133850097656e+01,6.080595397949218750e+01
9.545034027099609375e+01,1.108854370117187500e+02
7.255400848388671875e+01,9.338836669921875000e+01
7.721480560302734375e+01,9.928250122070312500e+01
6.917613220214843750e+01,8.562483978271484375e+01
6.538495635986328125e+01,9.265515136718750000e+01
4.498921585083007812e+01,6.782624053955078125e+01
6.046894454956054688e+01,8.275723266601562500e+01
9.512780761718750000e+01,1.067928009033203125e+02
1.026781387329101562e+02,1.096527862548828125e+02
7.634371948242187500e+01,9.190758514404296875e+01
7.030265045166015625e+01,9.157736206054687500e+01
6.876775360107421875e+01,9.232279968261718750e+01
4.963952636718750000e+01,6.959294128417968750e+01
5.820518493652343750e+01,8.252485656738281250e+01
7.121498870849609375e+01,8.769584655761718750e+01
8.480551147460937500e+01,9.870741271972656250e+01
6.008065795898437500e+01,7.547697448730468750e+01
4.081033706665039062e+01,6.314258956909179688e+01
8.357741546630859375e+01,9.857179260253906250e+01
7.936048126220703125e+01,1.276606903076171875e+02
7.656276702880859375e+01,9.546520996093750000e+01
9.470676422119140625e+01,1.143238983154296875e+02
7.823702239990234375e+01,1.307290802001953125e+02
6.606591033935546875e+01,1.302567596435546875e+02
1.052041397094726562e+02,1.267664642333984375e+02
2.182933044433593750e+01,8.866539764404296875e+01
2.912131500244140625e+01,8.783044433593750000e+01
6.709637451171875000e+01,1.118477325439453125e+02
1.024715881347656250e+02,1.239083099365234375e+02
7.138515472412109375e+01,1.163752593994140625e+02
5.365703964233398438e+01,1.192905502319335938e+02
3.516303634643554688e+01,9.353733825683593750e+01
9.125228118896484375e+01,1.347026672363281250e+02
8.273667144775390625e+01,1.262124481201171875e+02
4.893440246582031250e+01,9.870507812500000000e+01
7.598865509033203125e+01,1.263151321411132812e+02
5.511000442504882812e+01,1.052094573974609375e+02
2.457974815368652344e+01,1.038524627685546875e+02
3.972537231445312500e+01,9.457113647460937500e+01
3.230762100219726562e+01,9.081651306152343750e+01
2.667217063903808594e+01,6.280668258666992188e+01
7.696533203125000000e+01,1.118243255615234375e+02
9.244412994384765625e+01,1.186966400146484375e+02
5.600242996215820312e+01,1.074350051879882812e+02
1.122087326049804688e+02,1.387105712890625000e+02
4.844923400878906250e+01,7.185768127441406250e+01
6.438927459716796875e+01,8.726465606689453125e+01
8.553540039062500000e+01,1.153156890869140625e+02
8.138031005859375000e+01,1.276917114257812500e+02
1.069258193969726562e+02,1.269992141723632812e+02
8.772573089599609375e+01,1.368439025878906250e+02
2.914315795898437500e+01,9.570417785644531250e+01
9.628460693359375000e+01,1.345767364501953125e+02
8.750377655029296875e+01,1.320827484130859375e+02
8.912496185302734375e+01,1.325772247314453125e+02
8.644417572021484375e+01,1.416263427734375000e+02
5.547864151000976562e+01,1.116069641113281250e+02
7.323260498046875000e+01,9.645241546630859375e+01
1.232441177368164062e+02,1.415271606445312500e+02
1.127009582519531250e+02,1.306778717041015625e+02
1.137704162597656250e+02,1.323677368164062500e+02
4.787884521484375000e+01,1.008283996582031250e+02
6.801292419433593750e+01,1.183610229492187500e+02
7.528873443603515625e+01,1.197216949462890625e+02
6.253393936157226562e+01,1.071566848754882812e+02
9.945919799804687500e+01,1.102099456787109375e+02
8.413210296630859375e+01,1.089101181030273438e+02
3.604046249389648438e+01,7.126885986328125000e+01
9.088913726806640625e+01,1.232667846679687500e+02
4.257612228393554688e+01,7.303359222412109375e+01
6.544314575195312500e+01,9.426036071777343750e+01
1.063581161499023438e+02,1.349129180908203125e+02
2.951170349121093750e+01,5.760684204101562500e+01
3.546255874633789062e+01,9.065798187255859375e+01
2.630444908142089844e+01,6.789452362060546875e+01
6.312518310546875000e+01,9.063986206054687500e+01
5.949318313598632812e+01,9.649783325195312500e+01
5.567829513549804688e+01,1.018044967651367188e+02
1.085636596679687500e+02,1.336789550781250000e+02
4.423263168334960938e+01,8.204570770263671875e+01
5.258552932739257812e+01,7.706336975097656250e+01
9.815264892578125000e+01,1.048391036987304688e+02
5.290261840820312500e+01,8.423995971679687500e+01
9.594278717041015625e+01,1.135452880859375000e+02
8.132424163818359375e+01,1.034673080444335938e+02
6.277310180664062500e+01,9.237490844726562500e+01
1.108939437866210938e+02,1.304801635742187500e+02
7.039108276367187500e+01,1.415217285156250000e+02
1.257023334503173828e+01,2.164255905151367188e+01
4.154327011108398438e+01,4.292412948608398438e+01
2.884509468078613281e+01,5.932719421386718750e+01
6.941527557373046875e+01,8.609602355957031250e+01
1.210064773559570312e+02,1.351345214843750000e+02
4.039327239990234375e+01,8.786529541015625000e+01
5.941372299194335938e+01,1.144733734130859375e+02
3.141836547851562500e+01,5.817626571655273438e+01
9.699851226806640625e+01,1.246591186523437500e+02
9.309000396728515625e+01,1.132218551635742188e+02
6.443211364746093750e+01,1.217203140258789062e+02
4.387870407104492188e+01,8.019387817382812500e+01
6.989124298095703125e+01,1.166069183349609375e+02
5.084512710571289062e+01,9.567990875244140625e+01
9.998960113525390625e+01,1.169613037109375000e+02
9.450437164306640625e+01,1.109618377685546875e+02
3.493336105346679688e+01,6.926152038574218750e+01
5.924911499023437500e+01,9.841134643554687500e+01
7.469194793701171875e+01,1.045019683837890625e+02
4.333517456054687500e+01,9.630432891845703125e+01
3.529307556152343750e+01,7.267654418945312500e+01
2.507395744323730469e+01,5.669427108764648438e+01
1.738488006591796875e+01,4.353648376464843750e+01
3.441551589965820312e+01,8.015094757080078125e+01
3.142904663085937500e+01,6.711159515380859375e+01
5.472894668579101562e+01,9.248359680175781250e+01
3.911902999877929688e+01,8.610278320312500000e+01
3.595184326171875000e+01,7.696781921386718750e+01
2.843854522705078125e+01,5.766401290893554688e+01
9.845738983154296875e+01,1.251161804199218750e+02
9.813580322265625000e+01,1.077516937255859375e+02
7.126580810546875000e+01,1.415081176757812500e+02
4.857415771484375000e+01,8.762603759765625000e+01
7.030371856689453125e+01,1.091099395751953125e+02
5.163794326782226562e+01,1.281149291992187500e+02
6.170745849609375000e+01,9.253245544433593750e+01
6.212165451049804688e+01,8.012989807128906250e+01
5.897105789184570312e+01,8.227960968017578125e+01
5.392257690429687500e+01,7.986198425292968750e+01
9.794318389892578125e+01,1.068090209960937500e+02
6.813874816894531250e+01,1.282511444091796875e+02
4.613909912109375000e+01,1.037487792968750000e+02
8.375639343261718750e+01,1.187959136962890625e+02
8.950847625732421875e+01,1.242519912719726562e+02
1.110196304321289062e+02,1.340036621093750000e+02
1.086357803344726562e+02,1.274770736694335938e+02
3.538015747070312500e+01,9.307384490966796875e+01
3.401263809204101562e+01,7.982640838623046875e+01
1.153682022094726562e+02,1.196221694946289062e+02
6.516410064697265625e+01,7.906410980224609375e+01
7.234146881103515625e+01,9.640817260742187500e+01
5.249647521972656250e+01,7.814648437500000000e+01
7.953743743896484375e+01,1.161628875732421875e+02
1.052648620605468750e+02,1.247145004272460938e+02
6.140087890625000000e+01,1.066520385742187500e+02
1.151463088989257812e+02,1.453836517333984375e+02
6.056544113159179688e+01,1.095036163330078125e+02
6.514192199707031250e+01,8.159976196289062500e+01
8.818866729736328125e+01,1.268855895996093750e+02
1.129114608764648438e+02,1.343954010009765625e+02
1.206672897338867188e+02,1.360807037353515625e+02
1.096865234375000000e+02,1.225859375000000000e+02
2.578020668029785156e+01,5.806781005859375000e+01
2.453948020935058594e+01,6.813821411132812500e+01
4.804285812377929688e+01,6.809243774414062500e+01
4.133833694458007812e+01,5.854743194580078125e+01
4.566724777221679688e+01,8.467016601562500000e+01
2.396916961669921875e+01,1.972570991516113281e+01
2.277325630187988281e+01,1.746368026733398438e+01
2.008769416809082031e+01,1.486933422088623047e+01
2.548925209045410156e+01,3.165678405761718750e+01
3.411947250366210938e+01,2.961091613769531250e+01
2.818605232238769531e+01,2.950752449035644531e+01
2.863703346252441406e+01,4.042824172973632812e+01
3.051574134826660156e+01,5.007894134521484375e+01
5.225037765502929688e+01,4.679122543334960938e+01
3.195479011535644531e+01,5.008231353759765625e+01
3.170516204833984375e+01,3.269471740722656250e+01
3.944630813598632812e+01,3.804998016357421875e+01
7.728409576416015625e+01,6.528752136230468750e+01
4.609565734863281250e+01,7.829966735839843750e+01
5.948353958129882812e+01,6.590495300292968750e+01
3.950950241088867188e+01,3.249538421630859375e+01
8.969344329833984375e+01,1.396268310546875000e+02
6.308665847778320312e+01,8.289585113525390625e+01
5.062179183959960938e+01,1.118014907836914062e+02
7.015139770507812500e+01,1.165528564453125000e+02
3.302305221557617188e+01,6.281269836425781250e+01
1.118755569458007812e+02,1.299560394287109375e+02
1.036535873413085938e+02,1.217604522705078125e+02
8.895005035400390625e+01,1.034158859252929688e+02
3.068406677246093750e+01,7.568785858154296875e+01
1.016534042358398438e+02,1.214183807373046875e+02
4.256098556518554688e+01,7.446363830566406250e+01
1.165850296020507812e+02,1.252762298583984375e+02
6.858119964599609375e+01,9.219463348388671875e+01
8.420865631103515625e+01,8.909580993652343750e+01
7.850473022460937500e+01,8.025227355957031250e+01
1.030682754516601562e+02,1.422832794189453125e+02
8.547298431396484375e+01,9.149057006835937500e+01
8.771569824218750000e+01,1.054215698242187500e+02
2.224051666259765625e+01,7.260568237304687500e+01
8.280188751220703125e+01,9.227166748046875000e+01
1.067407836914062500e+02,1.147387466430664062e+02
8.313615417480468750e+01,9.096041870117187500e+01
5.445276260375976562e+01,7.711183166503906250e+01
7.632495117187500000e+01,8.663006591796875000e+01
8.590470123291015625e+01,9.973352050781250000e+01
1.088713989257812500e+02,1.120002441406250000e+02
6.213930130004882812e+01,7.617026519775390625e+01
8.153950500488281250e+01,9.033895874023437500e+01
8.456172943115234375e+01,9.299649047851562500e+01
7.599151611328125000e+01,9.078028869628906250e+01
8.472789764404296875e+01,9.277337646484375000e+01
9.457816314697265625e+01,1.035662078857421875e+02
1.031855468750000000e+02,1.189225311279296875e+02
1.203324661254882812e+02,1.246655731201171875e+02
6.054140853881835938e+01,8.454214477539062500e+01
6.918283843994140625e+01,7.467576599121093750e+01
1.045670394897460938e+02,1.093004455566406250e+02
6.155480957031250000e+01,1.233812713623046875e+02
2.979380798339843750e+01,6.549302673339843750e+01
9.887636566162109375e+01,1.108193206787109375e+02
1.107664260864257812e+02,1.269980621337890625e+02
7.722264862060546875e+01,9.067610168457031250e+01
8.202574920654296875e+01,9.232769012451171875e+01
7.921779632568359375e+01,9.136514282226562500e+01
4.414724731445312500e+01,6.808474731445312500e+01
5.350404739379882812e+01,6.830920410156250000e+01
8.363207244873046875e+01,9.591049194335937500e+01
8.240475463867187500e+01,8.705100250244140625e+01
7.612479400634765625e+01,7.918650054931640625e+01
6.990700531005859375e+01,7.486344909667968750e+01
9.213306427001953125e+01,9.990045166015625000e+01
1.107587051391601562e+02,1.138378906250000000e+02
2.193645668029785156e+01,6.964262390136718750e+01
7.304210662841796875e+01,8.161957550048828125e+01
7.735131072998046875e+01,1.229509506225585938e+02
1.072991943359375000e+02,1.285922546386718750e+02
8.120073699951171875e+01,1.213720703125000000e+02
4.348681640625000000e+01,9.745736694335937500e+01
8.153893280029296875e+01,1.206119232177734375e+02
9.106231689453125000e+01,1.308888854980468750e+02
9.425189208984375000e+01,1.259165878295898438e+02
6.993437194824218750e+01,1.151007690429687500e+02
6.073587036132812500e+01,8.432179260253906250e+01
8.241593933105468750e+01,9.026219177246093750e+01
8.047136688232421875e+01,1.032529602050781250e+02
9.836126708984375000e+01,1.222849426269531250e+02
8.050688934326171875e+01,1.246762390136718750e+02
1.012233963012695312e+02,1.324534606933593750e+02
6.687776947021484375e+01,1.021014099121093750e+02
2.402704811096191406e+01,7.507905578613281250e+01
1.114793090820312500e+02,1.294800720214843750e+02
1.161335220336914062e+02,1.335051574707031250e+02
8.879105377197265625e+01,1.182045745849609375e+02
1.311588897705078125e+02,1.382153625488281250e+02
9.879265594482421875e+01,1.208604583740234375e+02
1.158974609375000000e+02,1.384908294677734375e+02
9.756609344482421875e+01,1.311073608398437500e+02
5.876890182495117188e+01,1.310178680419921875e+02
8.171466064453125000e+01,1.165738983154296875e+02
7.493437957763671875e+01,1.197411956787109375e+02
8.247351837158203125e+01,1.422951660156250000e+02
7.602481842041015625e+01,1.307507019042968750e+02
1.227236328125000000e+02,1.393469543457031250e+02
9.156158447265625000e+01,1.300191040039062500e+02
1.156969680786132812e+02,1.463836669921875000e+02
1.216136856079101562e+02,1.372726745605468750e+02
8.028452301025390625e+01,1.167890930175781250e+02
1.260357742309570312e+02,1.349737854003906250e+02
1.109506149291992188e+02,1.109138412475585938e+02
2.067395591735839844e+01,8.154602050781250000e+00
1.276890869140625000e+02,1.180700073242187500e+02
1.358092193603515625e+02,1.125837707519531250e+02
6.018699264526367188e+01,6.751195526123046875e+01
1.061722640991210938e+02,1.064881896972656250e+02
9.324804687500000000e+01,1.120313262939453125e+02
5.738722610473632812e+01,1.066357269287109375e+02
6.405215454101562500e+01,8.065648651123046875e+01
3.914570236206054688e+01,7.328804779052734375e+01
1.299870300292968750e+02,1.336159973144531250e+02
7.789200592041015625e+01,9.983375549316406250e+01
7.697869110107421875e+01,9.518214416503906250e+01
7.013920593261718750e+01,1.151132354736328125e+02
4.029308700561523438e+01,5.027393341064453125e+01
5.807944869995117188e+01,9.095159912109375000e+01
8.941819000244140625e+01,8.121004486083984375e+01
8.837188720703125000e+01,1.208962860107421875e+02
9.869248199462890625e+01,1.351209411621093750e+02
7.376917266845703125e+01,9.856253051757812500e+01
1.293317108154296875e+02,1.198879699707031250e+02
6.415067291259765625e+01,8.130775451660156250e+01
1.700424957275390625e+01,4.698699951171875000e+01
8.195664978027343750e+01,1.064082946777343750e+02
2.933337402343750000e+01,1.736508560180664062e+01
6.248220825195312500e+01,1.091237411499023438e+02
4.865102005004882812e+01,7.270214843750000000e+01
5.500139236450195312e+01,6.567763519287109375e+01
4.587709045410156250e+01,2.534125518798828125e+01
1.088531494140625000e+02,1.403261566162109375e+02
4.530747604370117188e+01,8.211753845214843750e+01
1.278183822631835938e+02,1.160915374755859375e+02
1.260837783813476562e+02,1.176456909179687500e+02
1.338232574462890625e+02,1.101144409179687500e+02
1.362989654541015625e+02,1.368643188476562500e+02
6.547743988037109375e+01,1.204018859863281250e+02
1.162556686401367188e+02,1.196334228515625000e+02
9.520394134521484375e+01,1.008942489624023438e+02
5.866845703125000000e+01,8.803201293945312500e+01
1.241977539062500000e+02,1.374209899902343750e+02
7.484156036376953125e+01,1.061874084472656250e+02
7.916313934326171875e+01,1.122531433105468750e+02
6.524812316894531250e+01,9.916915130615234375e+01
3.330938339233398438e+01,6.496964263916015625e+01
4.519888305664062500e+01,7.172869110107421875e+01
1.028464584350585938e+02,1.143093109130859375e+02
4.035197067260742188e+01,7.386054229736328125e+01
2.088339233398437500e+01,1.098771362304687500e+02
8.218868255615234375e+01,1.270189819335937500e+02
1.661250114440917969e+01,4.650353240966796875e+01
3.333666610717773438e+01,3.544091796875000000e+01
1.301515197753906250e+02,1.271771697998046875e+02
1.301265716552734375e+02,1.334577026367187500e+02
1.173374633789062500e+02,1.278457489013671875e+02
1.138785629272460938e+02,1.211078643798828125e+02
7.556148529052734375e+01,1.115643310546875000e+02
1.193192520141601562e+02,1.074021148681640625e+02
9.582363128662109375e+01,1.114264068603515625e+02
5.058947753906250000e+01,1.055413208007812500e+02
8.843854522705078125e+01,1.242326354980468750e+02
4.811294555664062500e+01,8.816438293457031250e+01
1.214346847534179688e+02,1.336055145263671875e+02
8.896243286132812500e+01,1.143541183471679688e+02
9.572784423828125000e+01,1.179877929687500000e+02
8.081741333007812500e+01,1.012119064331054688e+02
6.648458099365234375e+01,1.065824584960937500e+02
4.703876113891601562e+01,1.059656524658203125e+02
1.064630737304687500e+02,1.464115753173828125e+02
1.187294692993164062e+02,1.378476715087890625e+02
4.775189208984375000e+01,8.031092834472656250e+01
1.269722290039062500e+02,1.407795867919921875e+02
9.987761688232421875e+01,1.209684600830078125e+02
5.670180130004882812e+01,1.053324279785156250e+02
4.958314132690429688e+01,1.000849838256835938e+02
1.121612777709960938e+02,1.225061798095703125e+02
6.688648986816406250e+01,1.008932418823242188e+02
1.074891357421875000e+02,1.154579315185546875e+02
2.671365928649902344e+01,8.118714904785156250e+01
1.014272155761718750e+02,1.319363403320312500e+02
1.263881301879882812e+02,1.324708862304687500e+02
3.013671302795410156e+01,8.100122833251953125e+01
5.331009292602539062e+01,8.772285461425781250e+01
2.952829551696777344e+01,6.375223541259765625e+01
7.924011993408203125e+01,9.457638549804687500e+01
9.490496826171875000e+01,1.159187011718750000e+02
3.662582015991210938e+01,6.826937866210937500e+01
8.195293426513671875e+01,1.279992828369140625e+02
9.856887817382812500e+01,1.160761871337890625e+02
2.912837791442871094e+01,8.417562866210937500e+01
4.526418685913085938e+01,8.993190002441406250e+01
6.565724182128906250e+01,1.073915863037109375e+02
5.724186706542968750e+01,1.241453323364257812e+02
1.063644180297851562e+02,1.172978439331054688e+02
7.059663391113281250e+01,9.130178070068359375e+01
4.695295333862304688e+01,7.116395568847656250e+01
6.388920593261718750e+01,1.045141677856445312e+02
1.161154785156250000e+02,1.274335632324218750e+02
1.114909896850585938e+02,1.203739089965820312e+02
1.065451354980468750e+02,1.321386413574218750e+02
5.381166458129882812e+01,1.158932647705078125e+02
9.452919769287109375e+01,1.329251403808593750e+02
8.484006500244140625e+01,1.164546203613281250e+02
4.607715988159179688e+01,1.109737319946289062e+02
6.353934860229492188e+01,9.474801635742187500e+01
7.381921386718750000e+01,1.206764831542968750e+02
9.169412994384765625e+01,1.371578063964843750e+02
1.039393081665039062e+02,1.432011413574218750e+02
1.279062881469726562e+02,1.468255920410156250e+02
7.340296173095703125e+01,1.177758712768554688e+02
8.602182769775390625e+01,1.112884826660156250e+02
3.574618530273437500e+01,8.383975219726562500e+01
7.359633636474609375e+01,1.194940185546875000e+02
7.949883270263671875e+01,1.179562530517578125e+02
1.363374328613281250e+02,1.348206787109375000e+02
6.794924163818359375e+01,9.120409393310546875e+01
7.290072631835937500e+01,1.032153167724609375e+02
1.073919296264648438e+02,1.368309783935546875e+02
8.101767730712890625e+01,1.293779754638671875e+02
1.326201629638671875e+02,1.461120910644531250e+02
1.340045166015625000e+02,1.420445251464843750e+02
6.513867950439453125e+01,8.122364044189453125e+01
2.741434478759765625e+01,5.598570251464843750e+01
7.186987304687500000e+01,1.066750030517578125e+02
1.080707931518554688e+02,1.412861480712890625e+02
1.189131546020507812e+02,1.438586730957031250e+02
1.083634567260742188e+02,1.363476257324218750e+02
9.470790863037109375e+01,1.235538787841796875e+02
8.755510711669921875e+01,1.217210693359375000e+02
1.000244369506835938e+02,1.420963439941406250e+02
8.751323699951171875e+01,1.192241210937500000e+02
9.351876068115234375e+01,1.136712417602539062e+02
9.551568603515625000e+01,1.313240966796875000e+02
1.129770889282226562e+02,1.326904144287109375e+02
8.080212402343750000e+01,9.791987609863281250e+01
1.171416397094726562e+02,1.209162750244140625e+02
1.214112243652343750e+02,1.235776824951171875e+02
1.157616577148437500e+02,1.254245300292968750e+02
1.145445327758789062e+02,1.244144744873046875e+02
1.017841567993164062e+02,1.259936904907226562e+02
8.770654296875000000e+01,9.696055603027343750e+01
8.385173797607421875e+01,1.207209930419921875e+02
1.081028366088867188e+02,1.303772888183593750e+02
5.377175903320312500e+01,7.313751983642578125e+01
5.665495681762695312e+01,9.673051452636718750e+01
9.398390960693359375e+01,1.267096557617187500e+02
4.449543380737304688e+01,8.997780609130859375e+01
1.076075210571289062e+02,1.201583709716796875e+02
9.502258300781250000e+01,1.275084381103515625e+02
6.405334472656250000e+01,7.786886596679687500e+01
2.767455482482910156e+01,8.160509490966796875e+01
7.080858612060546875e+01,1.108149566650390625e+02
8.984686279296875000e+01,1.177123870849609375e+02
7.723903656005859375e+01,1.150332794189453125e+02
8.917419433593750000e+01,1.194142608642578125e+02
9.886697387695312500e+01,1.120608062744140625e+02
8.867401123046875000e+01,1.173125076293945312e+02
6.395698165893554688e+01,1.022872695922851562e+02
5.786866378784179688e+01,9.148453521728515625e+01
8.041417694091796875e+01,1.196966705322265625e+02
7.802959442138671875e+01,1.126064147949218750e+02
4.514329528808593750e+01,7.793797302246093750e+01
1.003009033203125000e+02,1.266917419433593750e+02
6.061662673950195312e+01,1.145014190673828125e+02
6.293548965454101562e+01,9.506255340576171875e+01
4.165800094604492188e+01,7.766375732421875000e+01
2.139639282226562500e+01,5.934239959716796875e+01
1.032151794433593750e+02,1.321891784667968750e+02
8.835053253173828125e+01,1.053452301025390625e+02
1.015047607421875000e+02,1.411607055664062500e+02
1.038445053100585938e+02,1.285835266113281250e+02
9.751889801025390625e+01,1.026187744140625000e+02
9.273465728759765625e+01,1.347181854248046875e+02
1.039911117553710938e+02,1.424119110107421875e+02
7.629240417480468750e+01,1.339455261230468750e+02
7.183349609375000000e+01,9.539653015136718750e+01
6.355234909057617188e+01,1.009521255493164062e+02
7.111302947998046875e+01,1.180682525634765625e+02
8.267862701416015625e+01,1.061182861328125000e+02
9.483764648437500000e+01,1.296274414062500000e+02
5.734001159667968750e+01,1.143338623046875000e+02
7.796669769287109375e+01,1.216608276367187500e+02
9.101782989501953125e+01,1.300091857910156250e+02
1.000744857788085938e+02,1.368135681152343750e+02
1.002911148071289062e+02,1.425458984375000000e+02
4.264752197265625000e+01,9.943324279785156250e+01
6.979621124267578125e+01,1.200606842041015625e+02
6.083847045898437500e+01,1.099954223632812500e+02
2.916778564453125000e+01,7.315887451171875000e+01
3.898978042602539062e+01,8.569181823730468750e+01
5.352440261840820312e+01,9.166008758544921875e+01
8.155683898925781250e+01,1.423384399414062500e+02
8.241611480712890625e+01,1.204203491210937500e+02
9.642645263671875000e+01,1.251460037231445312e+02
1.051851196289062500e+02,1.378575439453125000e+02
1.152989730834960938e+02,1.314479370117187500e+02
4.340340042114257812e+01,1.020915985107421875e+02
8.791116333007812500e+01,1.224255218505859375e+02
8.590979003906250000e+01,1.246288452148437500e+02
7.782801818847656250e+01,1.090317840576171875e+02
1.734477806091308594e+01,5.509217071533203125e+01
6.419303894042968750e+01,1.064483337402343750e+02
5.282662963867187500e+01,9.614960479736328125e+01
1.141644897460937500e+02,1.304894104003906250e+02
8.361798858642578125e+01,1.206492462158203125e+02
7.427311706542968750e+01,1.339568176269531250e+02
1.019963912963867188e+02,1.142739562988281250e+02
1.095321655273437500e+02,1.132814178466796875e+02
5.780194473266601562e+01,1.037322006225585938e+02
1.130387344360351562e+02,1.250805358886718750e+02
1.085933151245117188e+02,1.298258056640625000e+02
6.347502517700195312e+01,9.737368774414062500e+01
8.489524078369140625e+01,1.180815429687500000e+02
1.152344741821289062e+02,1.312828979492187500e+02
7.118141937255859375e+01,1.093986358642578125e+02
3.018428039550781250e+01,7.037002563476562500e+01
9.460663604736328125e+01,1.511545410156250000e+02
1.081345214843750000e+02,1.338421630859375000e+02
7.987187194824218750e+01,1.257281036376953125e+02
5.062987899780273438e+01,9.553564453125000000e+01
5.638439941406250000e+01,7.503202056884765625e+01
9.542575073242187500e+01,1.231606445312500000e+02
2.486574363708496094e+01,2.533158874511718750e+01
6.094209671020507812e+01,7.807994079589843750e+01
7.413690948486328125e+01,8.990009307861328125e+01
1.123192977905273438e+02,1.122794036865234375e+02
8.413104248046875000e+01,1.033914489746093750e+02
9.987659454345703125e+01,1.142504577636718750e+02
1.096248168945312500e+02,1.308525543212890625e+02
1.340767669677734375e+01,7.009092712402343750e+01
9.389199829101562500e+01,1.273871078491210938e+02
2.382927131652832031e+01,3.698091888427734375e+01
3.001129150390625000e+01,4.829488372802734375e+01
6.593290710449218750e+01,1.083775482177734375e+02
7.363368225097656250e+01,1.092502822875976562e+02
6.885824584960937500e+01,1.055163879394531250e+02
8.464466094970703125e+01,1.205583038330078125e+02
1.206977920532226562e+02,1.312152099609375000e+02
1.143609237670898438e+02,1.242019653320312500e+02
7.399759674072265625e+01,9.553981781005859375e+01
1.085640487670898438e+02,1.324408264160156250e+02
1.351211395263671875e+02,1.441096038818359375e+02
9.459225463867187500e+01,1.122076568603515625e+02
1.046745986938476562e+02,1.170586547851562500e+02
4.910776901245117188e+01,8.382415771484375000e+01
4.048345947265625000e+01,6.315074157714843750e+01
1.041578750610351562e+02,1.269879226684570312e+02
5.000248718261718750e+01,6.894976043701171875e+01
1.012696914672851562e+02,1.094565734863281250e+02
9.621729278564453125e+01,1.156820449829101562e+02
3.549288177490234375e+01,6.244340515136718750e+01
1.358133392333984375e+02,1.372850646972656250e+02
1.071222229003906250e+02,1.274234771728515625e+02
6.117558670043945312e+01,1.078011932373046875e+02
1.151518554687500000e+02,1.234887771606445312e+02
7.746772766113281250e+01,1.117433471679687500e+02
3.236486816406250000e+01,4.895795059204101562e+01
1.013550796508789062e+02,9.167419433593750000e+01
5.810525131225585938e+01,7.910003662109375000e+01
4.632446670532226562e+01,2.409973335266113281e+01
1.215871887207031250e+02,1.137422943115234375e+02
3.279925537109375000e+01,2.214701843261718750e+01
1.329935302734375000e+02,1.360359497070312500e+02
4.198234939575195312e+01,2.723595428466796875e+01
2.556419563293457031e+01,6.367662048339843750e+01
1.844489479064941406e+01,4.400852203369140625e+01
2.413971519470214844e+01,4.689207458496093750e+01
2.549344444274902344e+01,4.155624008178710938e+01
1.421064281463623047e+01,4.349733352661132812e+01
1.502777862548828125e+01,4.053633117675781250e+01
2.337965965270996094e+01,4.118263626098632812e+01
1.659205818176269531e+01,3.988928222656250000e+01
2.724452781677246094e+01,6.105038833618164062e+01
1.663487815856933594e+01,4.100671386718750000e+01
2.525885200500488281e+01,5.700389099121093750e+01
2.890593528747558594e+01,3.617931747436523438e+01
1.523209667205810547e+01,3.680602264404296875e+01
2.193993186950683594e+01,5.411400222778320312e+01
1.415856456756591797e+01,2.991482162475585938e+01
3.912991714477539062e+01,6.237771987915039062e+01
3.676578903198242188e+01,6.694023132324218750e+01
3.010704612731933594e+01,5.439377593994140625e+01
1.497158527374267578e+01,2.941048240661621094e+01
1.720598793029785156e+01,2.932760238647460938e+01
1.542543029785156250e+01,3.726253509521484375e+01
1.548628711700439453e+01,4.000688171386718750e+01
1.162675380706787109e+01,3.315752792358398438e+01
1.262283992767333984e+01,3.356297302246093750e+01
2.416397094726562500e+01,6.936544799804687500e+01
1.648709297180175781e+01,4.260824584960937500e+01
2.581227111816406250e+01,3.653233337402343750e+01
1.673386573791503906e+01,3.547475814819335938e+01
1.942689323425292969e+01,4.347532653808593750e+01
1.799700927734375000e+01,4.075074005126953125e+01
1.731208038330078125e+01,3.643646240234375000e+01
4.422990036010742188e+01,8.207094573974609375e+01
3.049643516540527344e+01,9.200712585449218750e+01
2.263557243347167969e+01,3.719841003417968750e+01
2.450601768493652344e+01,3.585678863525390625e+01
2.420693969726562500e+01,3.426331710815429688e+01
3.757551193237304688e+01,8.088822937011718750e+01
2.048079109191894531e+01,3.876752853393554688e+01
5.584650039672851562e+01,1.060347442626953125e+02
7.635334014892578125e+01,1.090392608642578125e+02
9.137349700927734375e+01,1.230219268798828125e+02
9.017922973632812500e+01,1.242249374389648438e+02
1.036668930053710938e+02,1.285729370117187500e+02
7.023529815673828125e+01,1.021992187500000000e+02
4.951846313476562500e+01,8.952108764648437500e+01
1.011483764648437500e+02,1.231759262084960938e+02
9.841961669921875000e+01,1.264882812500000000e+02
8.232199859619140625e+01,1.198878784179687500e+02
3.170369720458984375e+01,8.111747741699218750e+01
3.991351699829101562e+01,7.555158996582031250e+01
3.771628570556640625e+01,7.198985290527343750e+01
4.563652420043945312e+01,9.041493225097656250e+01
4.154515075683593750e+01,7.085353088378906250e+01
5.656953811645507812e+01,8.647949218750000000e+01
4.150201416015625000e+01,8.098889160156250000e+01
3.828837966918945312e+01,8.146862792968750000e+01
5.769794845581054688e+01,9.434027099609375000e+01
4.325216674804687500e+01,8.684105682373046875e+01
9.706012725830078125e+01,1.268617019653320312e+02
2.349070167541503906e+01,6.321429443359375000e+01
9.341341400146484375e+01,1.203901062011718750e+02
3.642644882202148438e+01,8.140195465087890625e+01
5.681973266601562500e+01,1.018327026367187500e+02
4.717835617065429688e+01,8.784058380126953125e+01
5.153059768676757812e+01,9.515174865722656250e+01
2.336448478698730469e+01,6.533922576904296875e+01
7.118733978271484375e+01,9.324789428710937500e+01
7.769579315185546875e+01,1.019338760375976562e+02
9.711472320556640625e+01,1.212429733276367188e+02
8.718560791015625000e+01,1.102425689697265625e+02
6.680060577392578125e+01,1.017692489624023438e+02
7.372226715087890625e+01,1.043677749633789062e+02
4.853894424438476562e+01,8.480628967285156250e+01
4.718893432617187500e+01,8.835407257080078125e+01
3.299092102050781250e+01,7.767113494873046875e+01
5.993626403808593750e+01,1.120418090820312500e+02
1.100432510375976562e+02,1.311556701660156250e+02
9.816643524169921875e+01,1.219855041503906250e+02
3.763908767700195312e+01,8.486102294921875000e+01
1.012972488403320312e+02,1.280705871582031250e+02
1.021826705932617188e+02,1.210989532470703125e+02
5.033012390136718750e+01,1.128396301269531250e+02
1.112197494506835938e+02,1.265535583496093750e+02
1.920686912536621094e+01,5.834216690063476562e+01
2.799816894531250000e+01,8.473789978027343750e+01
1.752355194091796875e+01,6.491979980468750000e+01
2.227951049804687500e+01,7.586987304687500000e+01
3.319061660766601562e+01,8.146376037597656250e+01
1.969435882568359375e+01,6.770616912841796875e+01
4.708161926269531250e+01,8.879290771484375000e+01
1.655175781250000000e+01,5.620124053955078125e+01
1.901844215393066406e+01,6.070825958251953125e+01
3.391650009155273438e+01,9.542163085937500000e+01
2.021110725402832031e+01,7.480537414550781250e+01
3.534321975708007812e+01,9.001248168945312500e+01
2.989365196228027344e+01,9.016417694091796875e+01
1.819286727905273438e+01,7.327433776855468750e+01
1.831999015808105469e+01,5.881700134277343750e+01
1.685902214050292969e+01,8.362049102783203125e+01
2.384598731994628906e+01,8.144706726074218750e+01
1.858813285827636719e+01,6.268349456787109375e+01
2.354061317443847656e+01,6.784215545654296875e+01
2.133408164978027344e+01,5.619250488281250000e+01
2.019589233398437500e+01,7.306843566894531250e+01
1.869952392578125000e+01,6.841902160644531250e+01
1.894664573669433594e+01,7.317544555664062500e+01
3.465391921997070312e+01,7.906278228759765625e+01
1.935480308532714844e+01,5.749311065673828125e+01
2.797841644287109375e+01,6.111774063110351562e+01
5.062026977539062500e+01,1.039063491821289062e+02
7.338054656982421875e+01,1.064307098388671875e+02
2.499510765075683594e+01,6.336443710327148438e+01
2.305896949768066406e+01,7.565075683593750000e+01
1.900784492492675781e+01,6.651538085937500000e+01
5.410563278198242188e+01,9.310360717773437500e+01
5.226984786987304688e+01,9.898014831542968750e+01
2.299233055114746094e+01,5.383006286621093750e+01
1.701297569274902344e+01,6.890930938720703125e+01
1.942419242858886719e+01,7.932049560546875000e+01
2.021895790100097656e+01,7.569768524169921875e+01
1.427519226074218750e+01,5.183604049682617188e+01
5.553460693359375000e+01,1.026216888427734375e+02
3.204947280883789062e+01,9.324392700195312500e+01
3.700279617309570312e+01,9.546214294433593750e+01
1.982330131530761719e+01,7.789459991455078125e+01
5.557194900512695312e+01,8.928469848632812500e+01
8.334085845947265625e+01,1.145437774658203125e+02
4.467945480346679688e+01,8.434735107421875000e+01
2.495547485351562500e+01,6.533863067626953125e+01
2.033002662658691406e+01,6.682397460937500000e+01
5.302598953247070312e+01,9.188570404052734375e+01
1.249713134765625000e+02,1.415323028564453125e+02
1.208314819335937500e+02,1.354593505859375000e+02
3.685863876342773438e+01,7.124063873291015625e+01
3.595548248291015625e+01,7.657333374023437500e+01
5.005460739135742188e+01,9.225883483886718750e+01
1.057627792358398438e+02,1.234689559936523438e+02
6.377456665039062500e+01,1.097819290161132812e+02
2.844974327087402344e+01,8.128502655029296875e+01
8.288982391357421875e+01,1.131559295654296875e+02
5.256025695800781250e+01,8.461270141601562500e+01
9.947781372070312500e+01,1.212615814208984375e+02
2.835194587707519531e+01,8.292897033691406250e+01
2.292364311218261719e+01,6.756910705566406250e+01
1.973226547241210938e+01,5.869436645507812500e+01
5.926924514770507812e+01,1.049014282226562500e+02
3.872151565551757812e+01,9.653163146972656250e+01
2.075448799133300781e+01,8.091316986083984375e+01
5.264833450317382812e+01,8.914242553710937500e+01
3.812809753417968750e+01,8.158506011962890625e+01
3.146514320373535156e+01,7.523785400390625000e+01
7.798755645751953125e+01,9.381238555908203125e+01
9.147771453857421875e+01,8.404585266113281250e+01
2.416721534729003906e+01,1.591884422302246094e+01
1.831249427795410156e+01,2.033874893188476562e+01
4.310901260375976562e+01,3.251576995849609375e+01
4.021088027954101562e+01,2.926148605346679688e+01
5.653080368041992188e+01,1.208211975097656250e+02
1.671882247924804688e+01,3.732698440551757812e+01
4.690178298950195312e+01,9.837718200683593750e+01
6.051821899414062500e+01,7.493360137939453125e+01
3.299037170410156250e+01,8.481222152709960938e+00
1.271522426605224609e+01,5.816576004028320312e+01
4.376675796508789062e+01,9.632763671875000000e+01
5.128521728515625000e+01,7.306942749023437500e+01
8.386011505126953125e+01,9.092085266113281250e+01
7.434316253662109375e+01,1.186482849121093750e+02
5.778163528442382812e+01,1.152938690185546875e+02
9.137005615234375000e+01,1.324134521484375000e+02
5.801609802246093750e+01,1.057450866699218750e+02
1.286798706054687500e+02,1.377210083007812500e+02
1.318333282470703125e+02,1.364756622314453125e+02
1.302515716552734375e+02,1.374504394531250000e+02
7.587142181396484375e+01,9.807463073730468750e+01
1.804361724853515625e+01,5.727550125122070312e+01
1.240573348999023438e+02,1.263828201293945312e+02
8.697093963623046875e+01,1.276835479736328125e+02
3.390055465698242188e+01,4.542333221435546875e+01
2.248728752136230469e+01,4.083813476562500000e+01
2.501372337341308594e+01,3.203632354736328125e+01
4.470820999145507812e+01,5.407083892822265625e+01
1.969531631469726562e+01,3.021761322021484375e+01
8.403993988037109375e+01,1.355000305175781250e+02
1.067393016815185547e+01,1.434334945678710938e+01
3.887442398071289062e+01,3.541819763183593750e+01
5.481435775756835938e+01,6.828583526611328125e+01
4.047131347656250000e+01,7.832101440429687500e+01
1.128704299926757812e+02,1.215178070068359375e+02
6.116210937500000000e+01,1.070401916503906250e+02
9.261397552490234375e+01,8.664382171630859375e+01
8.883933258056640625e+01,7.685594177246093750e+01
7.739714050292968750e+01,8.731387329101562500e+01
5.251976013183593750e+01,8.066436767578125000e+01
9.346479034423828125e+01,1.149941635131835938e+02
6.529312133789062500e+01,1.073956909179687500e+02
1.890933799743652344e+01,5.625049591064453125e+00
3.879825210571289062e+01,1.728441238403320312e+01
1.249760742187500000e+02,1.286354370117187500e+02
7.168920898437500000e+01,8.857346343994140625e+01
8.154648590087890625e+01,5.807518005371093750e+01
2.289984130859375000e+01,1.072200202941894531e+01
1.958096504211425781e+01,1.541818809509277344e+01
1.112256088256835938e+02,1.122460479736328125e+02
5.318170166015625000e+01,4.812757110595703125e+01
2.057342338562011719e+01,1.243048477172851562e+01
6.902237701416015625e+01,5.188094711303710938e+01
1.617382240295410156e+01,8.225779533386230469e+00
1.578410625457763672e+01,2.653545761108398438e+01
6.489206695556640625e+01,4.491169357299804688e+01
2.213394737243652344e+01,1.842985916137695312e+01
2.427657890319824219e+01,3.228158187866210938e+01
2.324221229553222656e+01,3.969028472900390625e+01
4.682558822631835938e+01,5.945143127441406250e+01
2.312731933593750000e+01,3.869878387451171875e+01
2.796709251403808594e+01,4.037685394287109375e+01
2.749398803710937500e+01,4.218134307861328125e+01
3.548161697387695312e+01,4.983119964599609375e+01
4.896649551391601562e+01,6.598286437988281250e+01
2.359148979187011719e+01,3.280593872070312500e+01
7.136725616455078125e+01,8.886416625976562500e+01
2.420214271545410156e+01,3.857993316650390625e+01
1.993432044982910156e+01,3.416020202636718750e+01
3.065572547912597656e+01,4.350020980834960938e+01
3.295682144165039062e+01,4.367314529418945312e+01
1.439569568634033203e+01,1.954346466064453125e+01
2.174191856384277344e+01,3.693893432617187500e+01
2.964181518554687500e+01,4.586743164062500000e+01
1.113716888427734375e+01,1.412329101562500000e+01
2.232929039001464844e+01,3.874565124511718750e+01
1.384856414794921875e+01,1.580264472961425781e+01
3.489670181274414062e+01,4.884104919433593750e+01
2.302592468261718750e+01,3.489282989501953125e+01
3.980228805541992188e+01,5.396123504638671875e+01
2.500151062011718750e+01,3.564762878417968750e+01
1.400600719451904297e+01,1.822109413146972656e+01
1.594584941864013672e+01,2.223040008544921875e+01
9.848293304443359375e+01,1.048768615722656250e+02
4.136974334716796875e+01,4.670698547363281250e+01
5.067396545410156250e+01,6.721300506591796875e+01
2.237025642395019531e+01,3.395159530639648438e+01
4.074521255493164062e+01,5.757693099975585938e+01
1.337486553192138672e+01,2.227369689941406250e+01
3.593987274169921875e+01,5.062451553344726562e+01
2.387247276306152344e+01,3.263660812377929688e+01
4.874701309204101562e+01,5.151043319702148438e+01
1.156108627319335938e+02,1.179298553466796875e+02
1.870320510864257812e+01,2.929574394226074219e+01
1.572900867462158203e+01,2.125432205200195312e+01
2.420632934570312500e+01,3.241403961181640625e+01
4.736512374877929688e+01,6.405461883544921875e+01
3.364813613891601562e+01,4.796331787109375000e+01
2.231975364685058594e+01,4.199002456665039062e+01
3.552334213256835938e+01,5.383129501342773438e+01
2.522715759277343750e+01,2.646609115600585938e+01
5.971098709106445312e+01,7.631134033203125000e+01
4.571041870117187500e+01,6.651212310791015625e+01
3.767775344848632812e+01,6.918982696533203125e+01
6.367256164550781250e+01,9.045629882812500000e+01
9.840631866455078125e+01,1.126830139160156250e+02
9.571942138671875000e+01,1.090052947998046875e+02
1.712961769104003906e+01,1.737613868713378906e+01
1.458379650115966797e+01,1.307349967956542969e+01
3.532527160644531250e+01,3.699563980102539062e+01
2.865046882629394531e+01,2.918457794189453125e+01
1.029657363891601562e+02,9.479403686523437500e+01
8.074069976806640625e+01,9.434291076660156250e+01
1.063102645874023438e+02,9.375631713867187500e+01
8.284457397460937500e+01,5.736587524414062500e+01
4.217396545410156250e+01,8.445382690429687500e+01
5.346981811523437500e+01,4.812912368774414062e+01
1.345025787353515625e+02,1.291371765136718750e+02
2.155197143554687500e+01,2.983553123474121094e+01
2.601416969299316406e+01,1.414797782897949219e+01
1.513522052764892578e+01,3.357465362548828125e+01
1.772535133361816406e+01,4.215827941894531250e+01
3.137953186035156250e+01,3.800390625000000000e+01
1.093643188476562500e+01,3.198114776611328125e+01
2.279290771484375000e+01,5.962801361083984375e+01
2.846838378906250000e+01,4.445176696777343750e+01
7.779013824462890625e+01,1.200400390625000000e+02
6.033940124511718750e+01,1.028631591796875000e+02
1.876173782348632812e+01,5.172822570800781250e+01
2.901514244079589844e+01,6.659391021728515625e+01
7.606833648681640625e+01,1.236312713623046875e+02
1.242978763580322266e+01,1.214105415344238281e+01
4.294337463378906250e+01,5.158563232421875000e+01
2.722073173522949219e+01,2.967305564880371094e+01
9.397808074951171875e+01,1.007847900390625000e+02
4.623794555664062500e+01,5.900286865234375000e+01
1.210715961456298828e+01,2.597200393676757812e+01
9.914920806884765625e+00,6.098745346069335938e+00
3.264167404174804688e+01,7.583971023559570312e+00
2.379286003112792969e+01,1.182441425323486328e+01
1.670949554443359375e+01,1.285847854614257812e+01
7.565725708007812500e+01,4.231816101074218750e+01
7.179680633544921875e+01,3.876877212524414062e+01
1.024139404296875000e+02,5.848802947998046875e+01
9.469091796875000000e+01,7.862832641601562500e+01
1.952458572387695312e+01,1.038645648956298828e+01
7.068947601318359375e+01,8.239678192138671875e+01
1.094366149902343750e+02,9.108045196533203125e+01
2.202867317199707031e+01,2.099371528625488281e+01
5.877345657348632812e+01,4.011488723754882812e+01
2.165278816223144531e+01,6.859584045410156250e+01
2.651580047607421875e+01,6.600267028808593750e+01
2.606542968750000000e+01,7.860673522949218750e+01
5.396409225463867188e+01,1.036027221679687500e+02
1.344971084594726562e+01,3.776815795898437500e+01
8.010582733154296875e+01,7.598596191406250000e+01
6.840254974365234375e+01,6.138851165771484375e+01
9.711937713623046875e+01,1.110697174072265625e+02
1.258226318359375000e+02,1.251148986816406250e+02
6.524227905273437500e+01,1.178145523071289062e+02
1.393107891082763672e+01,3.815470123291015625e+01
2.566037750244140625e+01,5.262943267822265625e+01
1.731077003479003906e+01,2.504689407348632812e+01
1.003419971466064453e+01,1.345357799530029297e+01
9.635097503662109375e+01,1.103771820068359375e+02
1.558848094940185547e+01,1.815784835815429688e+01
1.069936847686767578e+01,7.934892177581787109e+00
3.853133773803710938e+01,8.575096130371093750e+01
7.517673492431640625e+01,1.024606094360351562e+02
3.593999862670898438e+01,4.731037902832031250e+01
7.949284362792968750e+01,1.020215454101562500e+02
1.170279922485351562e+02,1.272133560180664062e+02
2.681897926330566406e+01,3.689138793945312500e+01
8.520690917968750000e+01,1.067537307739257812e+02
1.371682128906250000e+02,1.390812988281250000e+02
1.231058425903320312e+02,1.141859664916992188e+02
1.387456665039062500e+02,1.409074707031250000e+02
1.057612609863281250e+02,1.218894805908203125e+02
6.570092010498046875e+01,8.452182006835937500e+01
1.208432998657226562e+02,1.330929565429687500e+02
9.742237091064453125e+01,1.221972274780273438e+02
7.301063537597656250e+01,1.228341522216796875e+02
9.125095367431640625e+01,1.451563415527343750e+02
1.154522094726562500e+02,1.174411010742187500e+02
1.052065811157226562e+02,1.267982940673828125e+02
1.175329208374023438e+02,1.350785980224609375e+02
5.544428634643554688e+01,1.135195312500000000e+02
4.799504470825195312e+01,7.347203063964843750e+01
7.709343719482421875e+01,1.085804595947265625e+02
7.107494354248046875e+01,1.226199798583984375e+02
1.331794433593750000e+02,1.350061340332031250e+02
1.293207836151123047e+01,4.074362182617187500e+01
3.233990859985351562e+01,4.391987228393554688e+01
1.338147735595703125e+02,1.358061523437500000e+02
4.025368881225585938e+01,9.964253997802734375e+01
1.257909317016601562e+02,1.296128234863281250e+02
3.586011886596679688e+01,6.675903320312500000e+01
7.749374389648437500e+01,8.319826507568359375e+01
1.103235092163085938e+02,1.325691833496093750e+02
2.352690696716308594e+01,6.113388442993164062e+01
6.672189331054687500e+01,1.190185775756835938e+02
5.904719924926757812e+01,8.863650512695312500e+01
7.601461029052734375e+01,9.983676910400390625e+01
7.810544586181640625e+01,1.006264038085937500e+02
1.094687728881835938e+02,1.200945281982421875e+02
3.781295394897460938e+01,8.933397674560546875e+01
3.901437759399414062e+01,8.383418273925781250e+01
3.960884094238281250e+01,9.029037475585937500e+01
6.546768951416015625e+01,1.107617187500000000e+02
3.781634521484375000e+01,4.070061492919921875e+01
5.988617324829101562e+01,1.027909545898437500e+02
3.101452445983886719e+01,8.134156799316406250e+01
5.191979598999023438e+01,9.778358459472656250e+01
1.106469497680664062e+02,9.866816711425781250e+01
4.969747543334960938e+01,1.127891082763671875e+02
4.052508163452148438e+01,9.023404693603515625e+01
1.252398071289062500e+02,1.235365447998046875e+02
3.503588104248046875e+01,8.501128387451171875e+01
7.523438262939453125e+01,1.283958892822265625e+02
7.735076904296875000e+01,1.317332916259765625e+02
8.037658691406250000e+01,5.194330596923828125e+01
5.236982727050781250e+01,8.500190734863281250e+01
4.284546279907226562e+01,9.415890502929687500e+01
1.074353866577148438e+02,1.294526977539062500e+02
3.777123260498046875e+01,7.724504089355468750e+01
7.090024566650390625e+01,1.122927627563476562e+02
8.994147491455078125e+01,9.526515960693359375e+01
7.948126983642578125e+01,1.154853820800781250e+02
9.536594390869140625e+01,1.245053710937500000e+02
2.477133178710937500e+01,3.712518310546875000e+01
3.504592132568359375e+01,7.862341308593750000e+01
1.022228927612304688e+02,1.417759704589843750e+02
1.041111068725585938e+02,1.298473358154296875e+02
9.262585449218750000e+01,1.146691741943359375e+02
1.024645156860351562e+02,1.158952331542968750e+02
7.157238006591796875e+01,1.070022888183593750e+02
7.288631439208984375e+01,1.140802307128906250e+02
9.297375488281250000e+01,1.170002517700195312e+02
6.763119506835937500e+01,1.092177581787109375e+02
6.999346923828125000e+01,9.172496032714843750e+01
3.529220199584960938e+01,7.484459686279296875e+01
1.005181350708007812e+02,1.280213012695312500e+02
7.086705780029296875e+01,1.161242218017578125e+02
4.603949356079101562e+01,8.296791076660156250e+01
8.548010253906250000e+01,1.068788146972656250e+02
4.116938781738281250e+01,6.862829589843750000e+01
9.072629547119140625e+01,1.175745697021484375e+02
9.348918914794921875e+01,1.047802734375000000e+02
1.136124191284179688e+02,1.294234008789062500e+02
4.012623596191406250e+01,7.984102630615234375e+01
9.023791503906250000e+01,1.354998168945312500e+02
1.095266723632812500e+02,1.430031127929687500e+02
9.761627197265625000e+01,1.352975463867187500e+02
4.859466552734375000e+01,6.872668457031250000e+01
7.899815368652343750e+01,1.215173950195312500e+02
9.106140899658203125e+01,1.060080718994140625e+02
5.820035171508789062e+01,8.686854553222656250e+01
7.353823852539062500e+01,1.114508819580078125e+02
9.906313323974609375e+01,1.100443267822265625e+02
7.309973907470703125e+01,9.166249847412109375e+01
2.735256385803222656e+01,4.220826721191406250e+01
7.411538696289062500e+01,1.195491485595703125e+02
8.859906005859375000e+01,1.088721084594726562e+02
8.869744110107421875e+01,1.327610321044921875e+02
1.335416107177734375e+02,1.242611083984375000e+02
3.389519119262695312e+01,5.765427398681640625e+01
1.746518135070800781e+01,5.087084960937500000e+01
4.527634048461914062e+01,5.995223236083984375e+01
2.608197021484375000e+01,4.702717971801757812e+01
2.128329277038574219e+01,4.363352203369140625e+01
1.288994312286376953e+01,4.347686004638671875e+01
1.039675827026367188e+02,1.129333038330078125e+02
3.187058448791503906e+01,3.931055068969726562e+01
2.759319114685058594e+01,4.010434341430664062e+01
2.930648040771484375e+01,5.758540344238281250e+01
3.484849929809570312e+01,5.840895843505859375e+01
2.214618873596191406e+01,7.576264953613281250e+01
4.894364547729492188e+01,1.083140411376953125e+02
1.537438488006591797e+01,8.447692871093750000e+01
4.243773651123046875e+01,7.444419860839843750e+01
4.964913558959960938e+01,9.238465881347656250e+01
3.756126785278320312e+01,7.857884216308593750e+01
8.572899627685546875e+01,1.103732147216796875e+02
5.362988662719726562e+01,9.332293701171875000e+01
4.415776443481445312e+01,9.482752227783203125e+01
7.004859924316406250e+01,9.336755371093750000e+01
8.240740203857421875e+01,1.110153045654296875e+02
4.322834396362304688e+01,1.121950683593750000e+02
4.395057296752929688e+01,9.383078002929687500e+01
6.452803039550781250e+01,1.046867599487304688e+02
2.284477806091308594e+01,3.824324035644531250e+01
3.929300308227539062e+01,8.840288543701171875e+01
6.278311538696289062e+01,8.651077270507812500e+01
6.618462371826171875e+01,9.773014831542968750e+01
5.332214355468750000e+01,1.070887756347656250e+02
4.415966796875000000e+01,7.818161010742187500e+01
4.713218307495117188e+01,8.989489746093750000e+01
7.872451019287109375e+01,1.195396423339843750e+02
5.783662033081054688e+01,1.093536834716796875e+02
9.411260986328125000e+01,1.163136672973632812e+02
5.897603225708007812e+01,8.288146209716796875e+01
6.537152862548828125e+01,1.065771255493164062e+02
1.053374404907226562e+02,1.200777740478515625e+02
6.637712860107421875e+01,9.869888305664062500e+01
7.263945770263671875e+01,9.145292663574218750e+01
7.688600158691406250e+01,1.108103408813476562e+02
9.351929473876953125e+01,1.071770401000976562e+02
8.212112426757812500e+01,1.305489349365234375e+02
7.784316253662109375e+01,1.176430969238281250e+02
3.381771469116210938e+01,8.169931030273437500e+01
2.919866371154785156e+01,6.343046569824218750e+01
1.569613647460937500e+01,6.148655700683593750e+01
5.517401123046875000e+01,8.635858154296875000e+01
4.324933242797851562e+01,9.152432250976562500e+01
2.023937225341796875e+01,7.256440734863281250e+01
2.908173561096191406e+01,7.151385498046875000e+01
1.076480331420898438e+02,1.457938842773437500e+02
7.344618988037109375e+01,1.291450042724609375e+02
1.134319686889648438e+02,1.341067199707031250e+02
1.301989440917968750e+02,1.413636779785156250e+02
1.181140975952148438e+02,1.386198120117187500e+02
2.718024635314941406e+01,8.844099426269531250e+01
4.971623611450195312e+01,9.876916503906250000e+01
4.844828796386718750e+01,1.020351562500000000e+02
2.286952018737792969e+01,7.158131408691406250e+01
1.015946350097656250e+02,1.449641723632812500e+02
2.415530395507812500e+01,7.758808898925781250e+01
4.596544265747070312e+01,6.827021789550781250e+01
9.789636993408203125e+01,1.330984497070312500e+02
1.135474014282226562e+02,1.389102783203125000e+02
1.109188613891601562e+02,1.202476654052734375e+02
1.135350875854492188e+02,1.197360992431640625e+02
9.591986083984375000e+01,1.073787536621093750e+02
8.636415863037109375e+01,1.070473251342773438e+02
1.166376724243164062e+02,1.233245544433593750e+02
1.181752319335937500e+02,1.222084884643554688e+02
9.969644927978515625e+01,1.121242218017578125e+02
1.140901794433593750e+02,1.166933364868164062e+02
7.516485595703125000e+01,1.017585678100585938e+02
6.780541229248046875e+01,1.164918746948242188e+02
9.580141448974609375e+01,1.221814117431640625e+02
5.828026199340820312e+01,1.304422149658203125e+02
9.494486236572265625e+01,1.142438278198242188e+02
8.421060943603515625e+01,1.106024017333984375e+02
1.094664306640625000e+02,1.127806015014648438e+02
8.813898468017578125e+01,9.573011779785156250e+01
8.727921295166015625e+01,1.037470855712890625e+02
1.054686813354492188e+02,1.231511917114257812e+02
1.097296752929687500e+02,1.227857971191406250e+02
7.637495422363281250e+01,1.035891265869140625e+02
9.943967437744140625e+01,1.198464965820312500e+02
1.078298568725585938e+02,1.199667816162109375e+02
1.106766967773437500e+02,1.200618438720703125e+02
1.088941268920898438e+02,1.126183624267578125e+02
7.509626007080078125e+01,1.024176864624023438e+02
1.096155776977539062e+02,1.211139831542968750e+02
8.685440063476562500e+01,1.215411529541015625e+02
7.274011993408203125e+01,1.094731597900390625e+02
1.031995239257812500e+02,1.202792282104492188e+02
1.156474609375000000e+02,1.276181335449218750e+02
9.726708221435546875e+01,1.197369079589843750e+02
6.910727691650390625e+01,1.075712127685546875e+02
9.310822296142578125e+01,1.155805358886718750e+02
8.022394561767578125e+01,1.071286392211914062e+02
1.141801757812500000e+02,1.279116363525390625e+02
5.391064834594726562e+01,8.578896331787109375e+01
6.949396514892578125e+01,1.022321929931640625e+02
4.508938598632812500e+01,8.422887420654296875e+01
2.964279365539550781e+01,6.750389862060546875e+01
6.691633605957031250e+01,1.400986633300781250e+02
2.902346992492675781e+01,5.596504974365234375e+01
3.713595962524414062e+01,5.901057815551757812e+01
2.269579315185546875e+01,5.111065673828125000e+01
1.549081134796142578e+01,2.742517471313476562e+01
9.240483856201171875e+01,1.135453186035156250e+02
9.014670562744140625e+01,1.221721191406250000e+02
1.201309738159179688e+02,1.253154144287109375e+02
8.791577339172363281e+00,2.368912887573242188e+01
1.253141880035400391e+01,1.432081794738769531e+01
9.579228401184082031e+00,1.489729881286621094e+01
1.297999286651611328e+01,2.561859321594238281e+01
1.025438785552978516e+01,1.697849082946777344e+01
1.084754085540771484e+01,1.515935993194580078e+01
1.244712734222412109e+01,1.765002822875976562e+01
1.155156421661376953e+01,1.384602832794189453e+01
6.491281890869140625e+01,1.163598632812500000e+02
6.249518966674804688e+01,1.034035644531250000e+02
2.518327903747558594e+01,5.241355133056640625e+01
3.285924911499023438e+01,8.582652282714843750e+01
1.226876735687255859e+01,4.228458023071289062e+01
1.079958114624023438e+02,1.181850814819335938e+02
2.055638885498046875e+01,6.498326110839843750e+01
5.006978225708007812e+01,1.266460113525390625e+02
6.118286514282226562e+01,9.432307434082031250e+01
3.132235145568847656e+01,9.163182067871093750e+01
3.648492813110351562e+01,1.037873992919921875e+02
6.213862228393554688e+01,1.129707031250000000e+02
8.646829986572265625e+01,1.252653656005859375e+02
2.582892036437988281e+01,9.503186035156250000e+01
4.951719284057617188e+01,6.329277038574218750e+01
9.839801025390625000e+01,1.158261260986328125e+02
2.566443443298339844e+01,7.825619506835937500e+01
7.277880859375000000e+01,1.130654067993164062e+02
3.497150039672851562e+01,9.009223937988281250e+01
8.729333496093750000e+01,1.187239379882812500e+02
4.481599807739257812e+01,8.633206176757812500e+01
2.059794425964355469e+01,7.350465393066406250e+01
2.882788658142089844e+01,7.128118896484375000e+01
3.836501312255859375e+01,9.005881500244140625e+01
2.601463890075683594e+01,7.293658447265625000e+01
3.644752883911132812e+01,8.322503662109375000e+01
2.801393318176269531e+01,7.601826477050781250e+01
3.208924484252929688e+01,9.299877929687500000e+01
2.885529518127441406e+01,8.826812744140625000e+01
2.159226799011230469e+01,7.684183502197265625e+01
3.509779739379882812e+01,7.854724121093750000e+01
2.308365440368652344e+01,7.341868591308593750e+01
1.469829940795898438e+01,7.612361145019531250e+01
4.221191024780273438e+01,8.560463714599609375e+01
4.555369949340820312e+01,8.852435302734375000e+01
4.840527343750000000e+01,1.004295959472656250e+02
4.701576232910156250e+01,1.028953781127929688e+02
7.998426055908203125e+01,1.159260253906250000e+02
4.112315750122070312e+01,1.105916900634765625e+02
2.968956947326660156e+01,7.271673583984375000e+01
2.980592918395996094e+01,8.462916564941406250e+01
2.163825416564941406e+01,7.002844238281250000e+01
2.340883827209472656e+01,6.216760253906250000e+01
2.544572257995605469e+01,7.511767578125000000e+01
2.614592742919921875e+01,6.344085311889648438e+01
1.647706794738769531e+01,6.325909805297851562e+01
2.958421325683593750e+01,6.812453460693359375e+01
2.105762100219726562e+01,7.362529754638671875e+01
3.618894195556640625e+01,8.518292236328125000e+01
3.632028198242187500e+01,7.483097839355468750e+01
3.894707870483398438e+01,9.529222869873046875e+01
3.233895874023437500e+01,6.329908752441406250e+01
5.641569137573242188e+01,9.563553619384765625e+01
2.790023231506347656e+01,8.046008300781250000e+01
5.744847488403320312e+01,8.582546234130859375e+01
9.841204833984375000e+01,1.182008972167968750e+02
1.102759552001953125e+01,5.098245239257812500e+01
1.546661758422851562e+01,4.355841064453125000e+01
1.079749221801757812e+02,1.441154479980468750e+02
1.344339656829833984e+01,6.521894073486328125e+01
9.724019622802734375e+01,1.271876449584960938e+02
2.695512580871582031e+01,7.142036437988281250e+01
3.467908096313476562e+01,7.589711761474609375e+01
4.053313446044921875e+01,7.877182006835937500e+01
2.093823814392089844e+01,6.399117660522460938e+01
1.956436729431152344e+01,7.868487548828125000e+01
1.028441696166992188e+02,1.112536392211914062e+02
4.605233764648437500e+01,9.020273590087890625e+01
2.932747840881347656e+01,5.627821350097656250e+01
7.402813720703125000e+01,1.461245117187500000e+02
7.062313079833984375e+01,1.108529815673828125e+02
5.066459655761718750e+01,1.002085876464843750e+02
2.237681579589843750e+01,1.167724456787109375e+02
3.110437965393066406e+01,1.310708618164062500e+02
2.902280235290527344e+01,1.005328063964843750e+02
1.720337867736816406e+01,9.420994567871093750e+01
3.698514938354492188e+01,8.620683288574218750e+01
2.527822303771972656e+01,8.903962707519531250e+01
2.310926628112792969e+01,8.183717346191406250e+01
3.845792770385742188e+01,1.028855895996093750e+02
3.180764198303222656e+01,8.159634399414062500e+01
3.512052536010742188e+01,8.946093750000000000e+01
2.531970214843750000e+01,8.136421203613281250e+01
2.839081001281738281e+01,9.454202270507812500e+01
2.194248962402343750e+01,9.392121887207031250e+01
1.691235160827636719e+01,6.684641265869140625e+01
6.645262908935546875e+01,9.957160186767578125e+01
9.131529998779296875e+01,1.306335144042968750e+02
4.822062301635742188e+01,1.216951904296875000e+02
9.237030029296875000e+01,1.097059173583984375e+02
7.222024536132812500e+01,9.980729675292968750e+01
6.613300323486328125e+01,9.290724182128906250e+01
6.155131149291992188e+01,1.057522277832031250e+02
7.987320709228515625e+01,1.366798400878906250e+02
4.386656570434570312e+01,1.290464324951171875e+02
6.990257263183593750e+01,1.340797424316406250e+02
3.415513229370117188e+01,9.216113281250000000e+01
2.637831878662109375e+01,8.431526947021484375e+01
1.680054473876953125e+01,7.981838989257812500e+01
3.079606628417968750e+01,9.219805908203125000e+01
2.598774147033691406e+01,9.627330017089843750e+01
1.378831958770751953e+01,5.031954956054687500e+01
1.693528175354003906e+01,6.906343841552734375e+01
2.245392417907714844e+01,7.029151153564453125e+01
3.732065200805664062e+01,1.044421615600585938e+02
2.085379600524902344e+01,7.519804382324218750e+01
5.886433410644531250e+01,9.407184600830078125e+01
6.816299438476562500e+01,1.137105255126953125e+02
9.130084228515625000e+01,1.348167419433593750e+02
6.208868789672851562e+01,1.061213989257812500e+02
7.827612304687500000e+01,1.136923446655273438e+02
6.741929626464843750e+01,9.115710449218750000e+01
5.932717514038085938e+01,9.318077087402343750e+01
1.201262207031250000e+02,1.268305740356445312e+02
2.960124778747558594e+01,6.722262573242187500e+01
4.449897384643554688e+01,8.954133605957031250e+01
2.021776580810546875e+01,4.813190460205078125e+01
1.034134292602539062e+02,1.231948242187500000e+02
6.417089080810546875e+01,9.748773193359375000e+01
9.021767425537109375e+01,1.046257476806640625e+02
1.380397129058837891e+01,3.795536804199218750e+01
3.266828536987304688e+01,8.737868499755859375e+01
6.545180511474609375e+01,9.976795959472656250e+01
5.576954269409179688e+01,1.024107055664062500e+02
1.055946426391601562e+02,1.266259384155273438e+02
3.596979904174804688e+01,5.554916381835937500e+01
7.437170410156250000e+01,9.879609680175781250e+01
1.010566806793212891e+01,5.858532333374023438e+01
1.087411785125732422e+01,3.644272994995117188e+01
1.840050506591796875e+01,6.229892730712890625e+01
2.414824485778808594e+01,5.948153686523437500e+01
7.676888275146484375e+01,1.033959808349609375e+02
5.503961563110351562e+01,9.064468383789062500e+01
1.744467926025390625e+01,4.308737182617187500e+01
3.010421180725097656e+01,8.348567962646484375e+01
3.830992126464843750e+01,8.482499694824218750e+01
2.095526313781738281e+01,7.349346923828125000e+01
2.595765686035156250e+01,7.052076721191406250e+01
5.357727432250976562e+01,1.310659484863281250e+02
2.385479164123535156e+01,4.676870346069335938e+01
2.158409690856933594e+01,5.550366973876953125e+01
1.245946598052978516e+01,2.507532501220703125e+01
4.072644424438476562e+01,7.842498779296875000e+01
1.493528079986572266e+01,3.267569351196289062e+01
2.298708915710449219e+01,2.862313842773437500e+01
4.213460922241210938e+01,1.007841644287109375e+02
8.891238403320312500e+01,1.226488418579101562e+02
9.721432495117187500e+01,1.283800964355468750e+02
9.030184173583984375e+01,1.268904647827148438e+02
1.470272541046142578e+01,4.482619476318359375e+01
1.694217872619628906e+01,5.830369567871093750e+01
1.192438220977783203e+01,3.346457672119140625e+01
4.052691268920898438e+01,6.570037841796875000e+01
6.091444396972656250e+01,1.031916198730468750e+02
2.090152931213378906e+01,4.846354293823242188e+01
8.147218704223632812e+00,1.977287673950195312e+01
7.322071075439453125e+00,1.766425704956054688e+01
2.165332031250000000e+01,7.406895446777343750e+01
3.627865219116210938e+01,7.017004394531250000e+01
3.322517776489257812e+01,1.147205200195312500e+02
1.254076671600341797e+01,7.581086730957031250e+01
3.280819320678710938e+01,9.721337890625000000e+01
3.806059265136718750e+01,1.003188171386718750e+02
2.513335418701171875e+01,1.168884124755859375e+02
6.863953399658203125e+01,1.322542419433593750e+02
3.145371437072753906e+01,1.091376953125000000e+02
7.548511505126953125e+01,1.286963500976562500e+02
4.652780151367187500e+01,1.022188415527343750e+02
4.183872222900390625e+01,1.072190475463867188e+02
4.213208007812500000e+01,1.043500671386718750e+02
2.379417419433593750e+01,1.148467712402343750e+02
4.090066909790039062e+01,1.266035308837890625e+02
4.651942062377929688e+01,1.030636138916015625e+02
6.689300537109375000e+01,1.009940948486328125e+02
4.423040390014648438e+01,1.138695068359375000e+02
3.299050903320312500e+01,9.226490020751953125e+01
2.921573066711425781e+01,8.034864807128906250e+01
4.333698654174804688e+01,1.009707107543945312e+02
2.667622375488281250e+01,8.113524627685546875e+01
1.887222671508789062e+01,5.805828857421875000e+01
1.061211395263671875e+01,9.901016235351562500e+01
1.109836101531982422e+01,6.985415649414062500e+01
3.852954483032226562e+01,9.325690460205078125e+01
2.138847541809082031e+01,7.668272399902343750e+01
9.596034049987792969e+00,4.531936645507812500e+01
6.620471954345703125e+01,9.206753540039062500e+01
7.354690551757812500e+01,1.189687652587890625e+02
4.852803039550781250e+01,1.090315322875976562e+02
5.372725296020507812e+01,1.197951812744140625e+02
4.468801879882812500e+01,1.208166885375976562e+02
2.250904846191406250e+01,7.661505889892578125e+01
4.928745651245117188e+01,1.054744873046875000e+02
2.811385536193847656e+01,9.417666625976562500e+01
3.864973831176757812e+01,1.123613739013671875e+02
6.536638641357421875e+01,1.080420837402343750e+02
6.012817764282226562e+01,1.052113800048828125e+02
9.630927276611328125e+01,1.178769912719726562e+02
8.804409790039062500e+01,1.101964416503906250e+02
1.162395248413085938e+02,1.280580749511718750e+02
1.114623641967773438e+02,1.357881927490234375e+02
8.701979827880859375e+01,1.414174499511718750e+02
6.307452774047851562e+01,8.053308105468750000e+01
7.916635894775390625e+01,9.312805938720703125e+01
5.934159469604492188e+01,9.894734191894531250e+01
1.293665027618408203e+01,4.525429153442382812e+01
5.229511642456054688e+01,9.773734283447265625e+01
9.259613037109375000e+01,1.217282257080078125e+02
3.072402381896972656e+01,7.394567871093750000e+01
4.919422912597656250e+01,1.001178588867187500e+02
1.243922424316406250e+01,7.289909362792968750e+01
4.779114913940429688e+01,1.057109985351562500e+02
5.815590286254882812e+01,9.808559417724609375e+01
2.585121345520019531e+01,6.440558624267578125e+01
3.033415412902832031e+01,7.093797302246093750e+01
3.437664794921875000e+01,6.860623168945312500e+01
1.264469814300537109e+01,5.469216156005859375e+01
1.352445507049560547e+01,5.879319000244140625e+01
2.095853996276855469e+01,5.622272491455078125e+01
2.069597434997558594e+01,5.553438568115234375e+01
1.435047245025634766e+01,5.849287033081054688e+01
1.513566112518310547e+01,6.908041381835937500e+01
2.392980384826660156e+01,6.244734954833984375e+01
3.566379928588867188e+01,6.913948822021484375e+01
1.987866210937500000e+01,7.571284484863281250e+01
4.002180099487304688e+01,9.423156738281250000e+01
1.005765609741210938e+02,1.361039581298828125e+02
7.507982635498046875e+01,1.060439147949218750e+02
3.181977844238281250e+01,8.105540466308593750e+01
4.354791259765625000e+01,8.843028259277343750e+01
6.469974517822265625e+01,1.043316345214843750e+02
3.066947364807128906e+01,1.166795578002929688e+02
6.661478424072265625e+01,9.906089782714843750e+01
9.112662506103515625e+01,1.189240570068359375e+02
9.930056571960449219e+00,5.915336608886718750e+01
3.560548400878906250e+01,7.864002227783203125e+01
3.491899490356445312e+01,6.205942535400390625e+01
2.686432838439941406e+01,6.214370346069335938e+01
6.200279235839843750e+01,8.761659240722656250e+01
5.755407333374023438e+01,1.059320068359375000e+02
5.622399902343750000e+01,1.139154968261718750e+02
2.210734367370605469e+01,7.165893554687500000e+01
2.726059913635253906e+01,9.575880432128906250e+01
1.109897613525390625e+01,3.127930831909179688e+01
1.528525638580322266e+01,5.139209365844726562e+01
3.321728134155273438e+01,1.038974533081054688e+02
2.214353752136230469e+01,4.623347854614257812e+01
2.436874961853027344e+01,6.538143920898437500e+01
1.874663925170898438e+01,4.426678085327148438e+01
1.519785690307617188e+01,5.727455902099609375e+01
1.265338897705078125e+01,3.456160736083984375e+01
1.810646057128906250e+01,6.240305328369140625e+01
4.704545974731445312e+01,1.158173599243164062e+02
1.816003799438476562e+01,7.544299316406250000e+01
5.242488479614257812e+01,1.272238922119140625e+02
1.389015960693359375e+01,5.053925323486328125e+01
4.248266601562500000e+01,9.937921142578125000e+01
7.709409332275390625e+01,1.321035156250000000e+02
2.411582756042480469e+01,7.462184906005859375e+01
3.815419387817382812e+01,9.569519042968750000e+01
2.893617820739746094e+01,6.852981567382812500e+01
4.783564758300781250e+01,1.240949325561523438e+02
8.086145782470703125e+01,1.366824645996093750e+02
7.376130676269531250e+01,1.272360076904296875e+02
3.302835845947265625e+01,7.161332702636718750e+01
1.086473846435546875e+01,3.586180496215820312e+01
9.020931243896484375e+01,1.296582946777343750e+02
5.031764602661132812e+01,1.112898101806640625e+02
1.829473686218261719e+01,4.333503723144531250e+01
3.083553314208984375e+01,6.928421020507812500e+01
8.500262451171875000e+01,1.237161636352539062e+02
1.957837295532226562e+01,4.831912231445312500e+01
6.146620559692382812e+01,1.010993041992187500e+02
5.154614257812500000e+01,9.984773254394531250e+01
2.968427467346191406e+01,7.090173339843750000e+01
2.490105628967285156e+01,6.866723632812500000e+01
3.440848922729492188e+01,6.663304901123046875e+01
3.246543502807617188e+01,6.846516418457031250e+01
2.111980056762695312e+01,4.339188385009765625e+01
2.376369667053222656e+01,7.172164916992187500e+01
1.659724617004394531e+01,6.549090576171875000e+01
4.374364852905273438e+01,8.579212951660156250e+01
4.026184844970703125e+01,1.030401611328125000e+02
2.623693084716796875e+01,7.630467224121093750e+01
5.648292160034179688e+01,1.038455352783203125e+02
1.174042282104492188e+02,1.308916168212890625e+02
3.593902969360351562e+01,1.204296875000000000e+02
9.925054931640625000e+01,1.245069122314453125e+02
8.117959594726562500e+01,1.171908111572265625e+02
7.413010406494140625e+01,1.136462631225585938e+02
2.493475914001464844e+01,9.436009216308593750e+01
1.613155937194824219e+01,8.731628417968750000e+01
1.762080192565917969e+01,8.871678161621093750e+01
1.940508842468261719e+01,9.769029998779296875e+01
1.525539398193359375e+01,8.000741577148437500e+01
6.359266281127929688e+01,1.038672332763671875e+02
1.087690811157226562e+02,1.296143798828125000e+02
4.848657226562500000e+01,1.290046691894531250e+02
7.453766632080078125e+01,1.477920684814453125e+02
7.073911190032958984e+00,4.993777465820312500e+01
1.366179180145263672e+01,5.631011962890625000e+01
1.750709724426269531e+01,1.004578552246093750e+02
1.083709812164306641e+01,5.927357864379882812e+01
1.317195415496826172e+01,8.983447265625000000e+01
1.535154247283935547e+01,5.482785034179687500e+01
1.292482376098632812e+01,4.828099060058593750e+01
4.454318237304687500e+01,1.001664199829101562e+02
8.686397552490234375e+01,1.217683563232421875e+02
6.252607345581054688e+01,1.184029235839843750e+02
9.626392364501953125e+01,1.224578475952148438e+02
7.025259399414062500e+01,1.124783325195312500e+02
3.615443038940429688e+01,1.070171356201171875e+02
6.707179260253906250e+01,1.119435577392578125e+02
1.010702514648437500e+02,1.298211975097656250e+02
5.066013717651367188e+01,9.981365203857421875e+01
4.763496017456054688e+01,1.013853302001953125e+02
1.051761398315429688e+02,1.351864013671875000e+02
1.841568183898925781e+01,8.855461120605468750e+01
3.472818756103515625e+01,7.209463500976562500e+01
1.091918869018554688e+02,1.265479736328125000e+02
7.025196838378906250e+01,1.153485870361328125e+02
1.261122035980224609e+01,4.279853057861328125e+01
1.885907554626464844e+01,4.849759674072265625e+01
5.580088424682617188e+01,1.012226409912109375e+02
1.814241790771484375e+01,4.594460678100585938e+01
1.038501815795898438e+02,1.177542877197265625e+02
6.664804840087890625e+01,1.003571472167968750e+02
3.147196960449218750e+01,6.680998229980468750e+01
7.770971679687500000e+01,1.071877136230468750e+02
7.392893218994140625e+01,1.270167160034179688e+02
6.060225296020507812e+01,1.348458251953125000e+02
2.714480400085449219e+01,8.853453063964843750e+01
7.993458557128906250e+01,1.280532989501953125e+02
6.809201049804687500e+01,1.163227081298828125e+02
5.945173263549804688e+01,1.278352203369140625e+02
4.559459304809570312e+01,1.278244476318359375e+02
3.796292495727539062e+01,1.122260589599609375e+02
5.829356002807617188e+01,1.284420623779296875e+02
8.246657562255859375e+01,1.150861053466796875e+02
6.482767486572265625e+01,1.360070800781250000e+02
7.827953338623046875e+01,1.260848999023437500e+02
6.625698852539062500e+01,1.218328399658203125e+02
4.857063674926757812e+01,1.376461334228515625e+02
1.970392608642578125e+01,8.917942047119140625e+01
5.481005859375000000e+01,1.144640960693359375e+02
7.462509155273437500e+01,1.326804351806640625e+02
2.483062744140625000e+01,1.024922103881835938e+02
5.095846176147460938e+01,1.059684677124023438e+02
6.630753326416015625e+01,1.320889282226562500e+02
3.500825500488281250e+01,9.801005554199218750e+01
4.276569747924804688e+01,1.242417144775390625e+02
1.116334533691406250e+02,1.322526702880859375e+02
3.587042236328125000e+01,1.179408187866210938e+02
8.465914154052734375e+01,1.048072814941406250e+02
5.928323364257812500e+01,8.480036926269531250e+01
3.659515762329101562e+01,8.155358886718750000e+01
2.058492279052734375e+01,5.112680816650390625e+01
3.935777282714843750e+01,7.801652526855468750e+01
3.715618896484375000e+01,7.413462829589843750e+01
4.386983108520507812e+01,7.653128814697265625e+01
2.580138397216796875e+01,5.808699035644531250e+01
1.502715778350830078e+01,5.073021697998046875e+01
1.192477703094482422e+01,5.024735260009765625e+01
1.332115459442138672e+01,4.929690170288085938e+01
2.490981483459472656e+01,6.284237670898437500e+01
2.290837097167968750e+01,5.935337829589843750e+01
2.028748512268066406e+01,6.494387817382812500e+01
1.211362743377685547e+01,4.822731018066406250e+01
2.297244071960449219e+01,5.834799194335937500e+01
1.167282104492187500e+01,4.809396362304687500e+01
1.531142711639404297e+01,4.769726181030273438e+01
2.490558624267578125e+01,5.856921386718750000e+01
2.604258155822753906e+01,5.895918273925781250e+01
6.328970718383789062e+01,1.454247741699218750e+02
7.790569305419921875e+01,1.200775070190429688e+02
7.087296295166015625e+01,1.190608062744140625e+02
5.834630203247070312e+01,1.126657028198242188e+02
5.857985305786132812e+01,1.123717041015625000e+02
6.212657546997070312e+01,1.097524414062500000e+02
6.568996429443359375e+01,1.066752929687500000e+02
6.222294235229492188e+01,1.080150146484375000e+02
4.953637695312500000e+01,1.105105285644531250e+02
8.609340667724609375e+01,1.297911682128906250e+02
6.767698669433593750e+01,1.057140045166015625e+02
1.123385314941406250e+02,1.237936859130859375e+02
8.218511199951171875e+01,1.167760772705078125e+02
8.304253387451171875e+01,1.138932495117187500e+02
9.977962493896484375e+01,1.345468750000000000e+02
9.911869049072265625e+01,1.338088684082031250e+02
6.194475936889648438e+01,9.257535552978515625e+01
1.434908294677734375e+01,5.110684967041015625e+01
1.538847255706787109e+01,5.500422668457031250e+01
2.739137268066406250e+01,7.134465789794921875e+01
9.052496910095214844e+00,4.741706848144531250e+01
1.597965717315673828e+01,6.052371215820312500e+01
1.071331405639648438e+01,4.544461059570312500e+01
9.160522460937500000e+00,4.790956878662109375e+01
4.630109786987304688e+01,8.550798797607421875e+01
1.475384998321533203e+01,4.872257232666015625e+01
2.119766235351562500e+01,6.726681518554687500e+01
2.696286201477050781e+01,6.016719055175781250e+01
2.896101188659667969e+01,4.224771499633789062e+01
3.184762573242187500e+01,7.471238708496093750e+01
8.279826354980468750e+01,1.165059661865234375e+02
3.558361816406250000e+01,7.511947631835937500e+01
8.427638244628906250e+01,1.225441970825195312e+02
3.484596252441406250e+01,6.057969665527343750e+01
6.208397293090820312e+01,1.035912628173828125e+02
1.257072925567626953e+01,4.495562744140625000e+01
1.012347030639648438e+02,1.162573928833007812e+02
6.242666625976562500e+01,8.742778778076171875e+01
5.852975463867187500e+01,8.380673217773437500e+01
6.647040557861328125e+01,8.856314086914062500e+01
5.332945632934570312e+01,6.734966278076171875e+01
4.791578292846679688e+01,7.566810607910156250e+01
6.237771224975585938e+01,1.055348739624023438e+02
7.075489044189453125e+01,9.256462860107421875e+01
2.967496490478515625e+01,6.353443145751953125e+01
3.945125198364257812e+01,7.683513641357421875e+01
9.395645904541015625e+01,1.174313507080078125e+02
3.374124526977539062e+01,8.447068023681640625e+01
2.093275642395019531e+01,4.932406616210937500e+01
1.717020988464355469e+01,5.756489562988281250e+01
3.933573913574218750e+01,8.631873321533203125e+01
4.771832656860351562e+01,7.442330932617187500e+01
8.506137847900390625e+01,1.280360107421875000e+02
3.115797996520996094e+01,5.993644332885742188e+01
3.163680267333984375e+01,7.537739562988281250e+01
5.499212265014648438e+01,9.975070190429687500e+01
1.359636211395263672e+01,4.220660018920898438e+01
3.077586936950683594e+01,1.138010406494140625e+02
5.290600585937500000e+01,1.196635360717773438e+02
7.874717712402343750e+01,1.304663391113281250e+02
3.746600723266601562e+01,1.131698303222656250e+02
3.576311111450195312e+01,7.165794372558593750e+01
8.110085296630859375e+01,1.091333847045898438e+02
2.372562980651855469e+01,5.587068939208984375e+01
5.801939010620117188e+01,1.041318359375000000e+02
5.024627685546875000e+01,9.697833251953125000e+01
3.670962905883789062e+01,6.066224670410156250e+01
5.544039916992187500e+01,8.611772155761718750e+01
1.083982372283935547e+01,2.508929061889648438e+01
1.821208381652832031e+01,4.405213165283203125e+01
1.465574645996093750e+01,3.082926368713378906e+01
4.788846969604492188e+01,9.263360595703125000e+01
1.901875114440917969e+01,4.330986022949218750e+01
2.692606925964355469e+01,6.164341735839843750e+01
1.183603897094726562e+02,1.297730865478515625e+02
5.897561550140380859e+00,1.184347152709960938e+01
6.251356887817382812e+01,8.734649658203125000e+01
2.628201866149902344e+01,5.440156555175781250e+01
3.162659645080566406e+01,6.509361267089843750e+01
2.143768882751464844e+01,4.745874404907226562e+01
3.015938377380371094e+01,5.767479324340820312e+01
3.743642044067382812e+01,6.345822906494140625e+01
2.893453407287597656e+01,5.586751556396484375e+01
3.954776382446289062e+01,7.861271667480468750e+01
4.414332580566406250e+01,6.707929992675781250e+01
1.292124462127685547e+01,6.263543701171875000e+01
1.076714096069335938e+02,1.336929321289062500e+02
7.596453094482421875e+01,1.193824386596679688e+02
4.199089050292968750e+01,9.627886199951171875e+01
3.287594223022460938e+01,6.276150512695312500e+01
2.721073341369628906e+01,6.665130615234375000e+01
2.162885856628417969e+01,5.801912307739257812e+01
3.332391357421875000e+01,6.895181274414062500e+01
1.793236160278320312e+01,4.177247619628906250e+01
2.412635612487792969e+01,5.890333175659179688e+01
1.177136993408203125e+01,3.863746643066406250e+01
2.482752037048339844e+01,5.313994216918945312e+01
6.732443237304687500e+01,1.039027404785156250e+02
2.141468620300292969e+01,6.154996490478515625e+01
3.796527481079101562e+01,8.640341949462890625e+01
3.249109649658203125e+01,7.646301269531250000e+01
2.032570075988769531e+01,5.529577636718750000e+01
1.207406311035156250e+02,1.289514923095703125e+02
1.588366413116455078e+01,3.719591140747070312e+01
1.361153888702392578e+01,4.332600402832031250e+01
2.889624595642089844e+01,6.321146392822265625e+01
1.909028625488281250e+01,5.035414123535156250e+01
1.434375381469726562e+01,3.313550186157226562e+01
2.619665527343750000e+01,6.277645111083984375e+01
1.242082118988037109e+01,4.423229598999023438e+01
7.305954742431640625e+01,8.882078552246093750e+01
8.457932281494140625e+01,1.020487060546875000e+02
3.238278198242187500e+01,6.839237976074218750e+01
9.085441589355468750e+00,3.346782684326171875e+01
5.991026687622070312e+01,1.097988357543945312e+02
1.139103412628173828e+01,1.784321594238281250e+01
1.431482315063476562e+01,2.876612663269042969e+01
2.862956809997558594e+01,4.467061614990234375e+01
6.865830230712890625e+01,1.022727203369140625e+02
8.458374786376953125e+01,1.201075286865234375e+02
1.760892295837402344e+01,5.058923339843750000e+01
5.538691329956054688e+01,1.048755493164062500e+02
5.092158889770507812e+01,1.018717117309570312e+02
2.974426841735839844e+01,8.324910736083984375e+01
3.596406555175781250e+01,8.456956481933593750e+01
5.105450439453125000e+01,7.068577575683593750e+01
5.903131484985351562e+01,7.980789184570312500e+01
9.540377044677734375e+01,1.099608306884765625e+02
1.020848617553710938e+02,1.013318634033203125e+02
1.672182464599609375e+01,4.906475830078125000e+01
5.136978149414062500e+01,9.056132507324218750e+01
1.823193550109863281e+01,7.926531982421875000e+01
5.370428466796875000e+01,9.036424255371093750e+01
3.517551803588867188e+01,7.810514068603515625e+01
3.518701171875000000e+01,8.271554565429687500e+01
4.217169189453125000e+01,9.239109039306640625e+01
3.617319107055664062e+01,8.616811370849609375e+01
3.324885559082031250e+01,8.723103332519531250e+01
2.270287322998046875e+01,7.891073608398437500e+01
4.528413772583007812e+01,9.548961639404296875e+01
2.938959503173828125e+01,8.199798583984375000e+01
4.080386734008789062e+01,6.308738708496093750e+01
1.030055809020996094e+01,2.634014892578125000e+01
1.327642345428466797e+01,2.727572631835937500e+01
3.385835266113281250e+01,7.040523529052734375e+01
3.316500091552734375e+01,7.845285034179687500e+01
2.789301109313964844e+01,6.476679992675781250e+01
4.677427291870117188e+01,7.803685760498046875e+01
1.827141761779785156e+01,4.693698883056640625e+01
1.625011444091796875e+01,3.729688644409179688e+01
9.045709228515625000e+01,1.182757415771484375e+02
4.902881240844726562e+01,8.553829193115234375e+01
5.101097106933593750e+01,6.981596374511718750e+01
3.088182067871093750e+01,7.349053955078125000e+01
7.059868621826171875e+01,1.071694488525390625e+02
7.260953521728515625e+01,1.242259674072265625e+02
5.649876022338867188e+01,1.114207305908203125e+02
2.898486518859863281e+01,3.962136077880859375e+01
8.174917602539062500e+01,1.250346679687500000e+02
5.038897323608398438e+01,1.149737548828125000e+02
2.608530616760253906e+01,9.699366760253906250e+01
3.808192825317382812e+01,8.917858886718750000e+01
9.934423828125000000e+01,1.413789825439453125e+02
1.337306518554687500e+02,1.365507202148437500e+02
2.145514488220214844e+01,6.169454193115234375e+01
3.230257415771484375e+01,7.133066558837890625e+01
8.135385894775390625e+01,1.245989532470703125e+02
1.189998703002929688e+02,1.339235382080078125e+02
1.830804252624511719e+01,6.015956115722656250e+01
1.879009819030761719e+01,6.157383728027343750e+01
4.070612716674804688e+01,7.437537384033203125e+01
1.027095870971679688e+02,1.286653747558593750e+02
6.551440429687500000e+01,8.371960449218750000e+01
4.018391799926757812e+01,7.195493316650390625e+01
3.699351882934570312e+01,8.534552001953125000e+01
3.792088699340820312e+01,8.682441711425781250e+01
4.446897506713867188e+01,9.073738098144531250e+01
3.016030883789062500e+01,9.964974975585937500e+01
7.401024627685546875e+01,1.287557373046875000e+02
5.069639968872070312e+01,1.166419219970703125e+02
1.209350357055664062e+02,1.279011459350585938e+02
2.407540321350097656e+01,6.262509918212890625e+01
1.272230300903320312e+02,1.246150512695312500e+02
4.560228347778320312e+01,9.025486755371093750e+01
7.340360260009765625e+01,1.255907135009765625e+02
1.787006759643554688e+01,6.075105285644531250e+01
7.557086944580078125e+01,1.126777343750000000e+02
4.015050506591796875e+01,1.194108505249023438e+02
3.000972557067871094e+01,7.302489471435546875e+01
3.580467605590820312e+01,6.678211975097656250e+01
5.137610244750976562e+01,1.109125518798828125e+02
2.549533081054687500e+01,6.554941558837890625e+01
7.423548889160156250e+01,1.398623962402343750e+02
4.110154724121093750e+01,9.454837036132812500e+01
4.202235412597656250e+01,7.499185180664062500e+01
3.538601303100585938e+01,7.867868804931640625e+01
2.783913612365722656e+01,7.557800292968750000e+01
6.507169342041015625e+01,9.290221405029296875e+01
5.237112045288085938e+01,9.128768920898437500e+01
4.107894897460937500e+01,7.828755187988281250e+01
2.672355079650878906e+01,7.210822296142578125e+01
4.495520401000976562e+01,9.338227081298828125e+01
2.878320312500000000e+01,9.670292663574218750e+01
2.208108520507812500e+01,6.467173004150390625e+01
4.357682800292968750e+01,8.077072143554687500e+01
2.124452781677246094e+01,6.761538696289062500e+01
1.312149047851562500e+01,7.980442047119140625e+01
1.609356117248535156e+01,7.657769775390625000e+01
1.661150550842285156e+01,9.209619140625000000e+01
2.132969665527343750e+01,9.021078491210937500e+01
1.607999992370605469e+01,8.772381591796875000e+01
4.212263107299804688e+01,7.342759704589843750e+01
4.561608505249023438e+01,1.011105957031250000e+02
3.895150375366210938e+01,8.155041503906250000e+01
6.062652587890625000e+01,1.063025588989257812e+02
3.011777687072753906e+01,8.137715148925781250e+01
2.298031425476074219e+01,5.886692810058593750e+01
3.113172912597656250e+01,7.091864013671875000e+01
3.124160194396972656e+01,8.102514648437500000e+01
7.969048309326171875e+01,1.238848190307617188e+02
1.330078411102294922e+01,5.705170822143554688e+01
1.187016582489013672e+01,4.376863479614257812e+01
7.930902862548828125e+01,8.868138885498046875e+01
3.608534622192382812e+01,6.580427551269531250e+01
7.188690948486328125e+01,9.666262817382812500e+01
9.206213951110839844e+00,4.324288177490234375e+01
2.466686248779296875e+01,4.554409027099609375e+01
2.608923149108886719e+01,5.417050933837890625e+01
8.304487228393554688e+00,2.275789642333984375e+01
1.986128044128417969e+01,4.665460968017578125e+01
1.667384529113769531e+01,3.278664779663085938e+01
3.745449447631835938e+01,6.765061950683593750e+01
2.937742614746093750e+01,5.236952209472656250e+01
3.989510345458984375e+01,6.674790954589843750e+01
6.880718231201171875e+01,8.632350158691406250e+01
1.571652221679687500e+01,3.428794479370117188e+01
8.909207344055175781e+00,2.790802764892578125e+01
2.663990783691406250e+01,5.163545989990234375e+01
1.740740966796875000e+01,3.205708312988281250e+01
4.808649063110351562e+01,6.302481460571289062e+01
6.902021026611328125e+01,7.894643402099609375e+01
5.751341629028320312e+01,7.105208587646484375e+01
3.335844421386718750e+01,5.300337600708007812e+01
4.523920059204101562e+01,5.588038635253906250e+01
1.169402847290039062e+02,1.183299942016601562e+02
4.218342590332031250e+01,5.727427673339843750e+01
3.719250869750976562e+01,5.504676818847656250e+01
2.959647178649902344e+01,4.275865173339843750e+01
7.558805084228515625e+01,8.458944702148437500e+01
1.153957290649414062e+02,1.173951568603515625e+02
3.276620864868164062e+01,5.455790328979492188e+01
2.735961151123046875e+01,5.152610015869140625e+01
4.660755538940429688e+01,1.095971221923828125e+02
5.696157455444335938e+01,8.351771545410156250e+01
6.192005920410156250e+01,1.129348449707031250e+02
2.078190803527832031e+01,8.194287109375000000e+01
2.912394714355468750e+01,9.587284851074218750e+01
3.109819030761718750e+01,1.027104339599609375e+02
3.116050720214843750e+01,9.992281341552734375e+01
4.159966659545898438e+01,1.046623229980468750e+02
2.056865501403808594e+01,7.975071716308593750e+01
3.463623428344726562e+01,9.736915588378906250e+01
3.922172164916992188e+01,1.222654495239257812e+02
6.440328216552734375e+01,1.225100860595703125e+02
5.401951980590820312e+01,1.038657684326171875e+02
7.845694732666015625e+01,1.302140197753906250e+02
6.341795349121093750e+01,1.040840911865234375e+02
2.537890815734863281e+01,9.252333068847656250e+01
1.327647495269775391e+01,5.877752685546875000e+01
6.734468078613281250e+01,1.114847259521484375e+02
2.725279235839843750e+01,7.288671875000000000e+01
3.207556915283203125e+01,8.133253479003906250e+01
2.111108207702636719e+01,6.503865814208984375e+01
4.723591232299804688e+01,9.885686492919921875e+01
3.082388877868652344e+01,9.036367797851562500e+01
5.886092758178710938e+01,1.136465759277343750e+02
5.305009841918945312e+01,1.000829620361328125e+02
3.892722320556640625e+01,1.030798645019531250e+02
1.793262481689453125e+01,8.877716064453125000e+01
5.095195388793945312e+01,9.954641723632812500e+01
2.991892242431640625e+01,9.639851379394531250e+01
5.185454940795898438e+01,1.181581344604492188e+02
5.945933914184570312e+01,1.098106689453125000e+02
4.413839340209960938e+01,9.541679382324218750e+01
2.248197937011718750e+01,8.434835052490234375e+01
6.268513870239257812e+01,9.924172973632812500e+01
7.220214843750000000e+01,1.185378952026367188e+02
2.519702720642089844e+01,7.573397827148437500e+01
3.140444755554199219e+01,9.710056304931640625e+01
1.769279289245605469e+01,8.333828735351562500e+01
2.465094757080078125e+01,8.296562194824218750e+01
4.054059219360351562e+01,9.280138397216796875e+01
6.011281204223632812e+01,1.111944046020507812e+02
3.125448799133300781e+01,1.010648880004882812e+02
2.989171791076660156e+01,7.867612457275390625e+01
5.759084701538085938e+01,1.052844543457031250e+02
1.969557380676269531e+01,6.980723571777343750e+01
3.301972579956054688e+01,9.270465087890625000e+01
1.504004287719726562e+01,6.433470916748046875e+01
9.668477058410644531e+00,4.341454315185546875e+01
8.176335334777832031e+00,5.228023529052734375e+01
7.831914424896240234e+00,4.497808074951171875e+01
2.529687500000000000e+01,8.008041381835937500e+01
1.368792343139648438e+01,3.407595825195312500e+01
3.296628189086914062e+01,5.669169616699218750e+01
3.803915023803710938e+01,1.003940429687500000e+02
1.463812923431396484e+01,7.588303375244140625e+01
2.785530662536621094e+01,1.010074157714843750e+02
2.192095375061035156e+01,6.302034378051757812e+01
4.604082107543945312e+01,7.404396820068359375e+01
3.180026817321777344e+01,7.969361114501953125e+01
3.584695816040039062e+01,7.140144348144531250e+01
3.577486801147460938e+01,8.658753204345703125e+01
1.450337886810302734e+01,5.634737396240234375e+01
1.469622135162353516e+01,5.628533172607421875e+01
3.746659851074218750e+01,8.151373291015625000e+01
9.584696769714355469e+00,5.768461608886718750e+01
1.782316398620605469e+01,6.664257049560546875e+01
2.088080024719238281e+01,8.569243621826171875e+01
3.713877487182617188e+01,8.214131164550781250e+01
4.283694458007812500e+01,9.017150115966796875e+01
7.058022308349609375e+01,1.160433959960937500e+02
5.580936050415039062e+01,9.337068176269531250e+01
7.577969360351562500e+01,1.094599304199218750e+02
5.994253540039062500e+01,8.752320861816406250e+01
6.496211242675781250e+01,1.020288238525390625e+02
4.789799118041992188e+01,9.805230712890625000e+01
3.672102355957031250e+01,1.006638488769531250e+02
6.306623458862304688e+00,4.355373764038085938e+01
1.252884292602539062e+02,1.380740966796875000e+02
7.681945037841796875e+01,1.078667984008789062e+02
8.840216064453125000e+01,1.034792938232421875e+02
4.124764251708984375e+01,8.354077148437500000e+01
8.422317504882812500e+01,1.102915115356445312e+02
5.511170959472656250e+01,7.306404113769531250e+01
9.052340698242187500e+01,1.044972305297851562e+02
6.968207550048828125e+01,9.404949951171875000e+01
4.889325332641601562e+01,6.788034820556640625e+01
1.023044662475585938e+02,1.291153411865234375e+02
1.185481338500976562e+02,1.304183959960937500e+02
2.882518577575683594e+01,6.814564514160156250e+01
2.652615356445312500e+01,5.897077941894531250e+01
4.653496932983398438e+01,4.727579116821289062e+01
3.475197219848632812e+01,4.336309814453125000e+01
7.517079162597656250e+01,1.233191909790039062e+02
2.347622108459472656e+01,5.333404922485351562e+01
2.385863685607910156e+01,6.914800262451171875e+01
6.221583938598632812e+01,1.014809494018554688e+02
6.536310577392578125e+01,1.080384063720703125e+02
8.780242919921875000e+01,1.121228790283203125e+02
4.979350662231445312e+01,1.027526855468750000e+02
8.666696166992187500e+01,1.194098358154296875e+02
8.306466674804687500e+01,1.206461029052734375e+02
6.443966674804687500e+01,9.856178283691406250e+01
3.747854614257812500e+01,1.093725585937500000e+02
3.184308815002441406e+01,8.656746673583984375e+01
2.312744140625000000e+01,8.210469818115234375e+01
7.429535675048828125e+01,1.045424804687500000e+02
4.165274429321289062e+01,7.161737060546875000e+01
9.229211807250976562e+00,3.477156066894531250e+01
3.506924438476562500e+01,7.113036346435546875e+01
5.979508972167968750e+01,5.876173400878906250e+01
8.232633972167968750e+01,1.088499908447265625e+02
3.539206314086914062e+01,5.767961120605468750e+01
3.629489135742187500e+01,5.140107727050781250e+01
3.145088195800781250e+01,5.854492187500000000e+01
2.060367012023925781e+01,4.742838668823242188e+01
2.665552330017089844e+01,4.060166931152343750e+01
2.014610290527343750e+01,3.904222106933593750e+01
5.481170654296875000e+01,6.576530456542968750e+01
2.511229896545410156e+01,5.282852172851562500e+01
3.373526763916015625e+01,7.018518066406250000e+01
6.417675781250000000e+01,8.052452087402343750e+01
7.970877075195312500e+01,1.029098510742187500e+02
6.307818603515625000e+01,7.798706054687500000e+01
9.577608489990234375e+01,1.166690216064453125e+02
1.346701431274414062e+01,7.427853393554687500e+01
3.212163162231445312e+01,8.027071380615234375e+01
6.983173370361328125e+01,1.210989761352539062e+02
6.742098236083984375e+01,8.396717834472656250e+01
1.052043685913085938e+02,1.222205810546875000e+02
4.475784301757812500e+01,8.023674011230468750e+01
6.449702453613281250e+01,9.370658874511718750e+01
4.487590408325195312e+01,1.219906692504882812e+02
9.618241119384765625e+01,1.043103485107421875e+02
2.925377845764160156e+01,5.159990692138671875e+01
3.845519638061523438e+01,8.040467834472656250e+01
2.870110130310058594e+01,6.834288024902343750e+01
3.275469589233398438e+01,7.248895263671875000e+01
4.014786148071289062e+01,7.027886962890625000e+01
9.904404640197753906e+00,3.995578002929687500e+01
5.373225784301757812e+01,9.842575073242187500e+01
1.852415657043457031e+01,7.524591064453125000e+01
1.779116249084472656e+01,6.099894714355468750e+01
2.466060638427734375e+01,8.051094818115234375e+01
4.157043457031250000e+01,8.964660644531250000e+01
2.769425964355468750e+01,8.469068908691406250e+01
3.959213638305664062e+01,6.616000366210937500e+01
2.191306877136230469e+01,7.142277526855468750e+01
3.184769439697265625e+01,7.261849975585937500e+01
1.188829040527343750e+01,4.877986526489257812e+01
7.216451263427734375e+01,1.035418930053710938e+02
6.684606170654296875e+01,1.097929077148437500e+02
4.900791931152343750e+01,8.702484130859375000e+01
6.674923706054687500e+01,1.027637176513671875e+02
6.069264602661132812e+01,9.808787536621093750e+01
1.178734741210937500e+02,1.339782867431640625e+02
4.476431655883789062e+01,7.956112670898437500e+01
3.204865264892578125e+01,8.046189880371093750e+01
4.185630416870117188e+01,9.174157714843750000e+01
2.306160545349121094e+01,6.594813537597656250e+01
3.365768432617187500e+01,7.417190551757812500e+01
2.748756408691406250e+01,6.357989501953125000e+01
4.127350616455078125e+01,7.543338775634765625e+01
3.581010055541992188e+01,7.407153320312500000e+01
2.947943878173828125e+01,7.191798400878906250e+01
3.533020401000976562e+01,7.885249328613281250e+01
3.006067848205566406e+01,6.830086517333984375e+01
4.206915283203125000e+01,7.343592071533203125e+01
6.190758132934570312e+01,9.432058715820312500e+01
5.520295333862304688e+01,1.002979660034179688e+02
4.762528610229492188e+01,7.072601318359375000e+01
4.701061630249023438e+01,7.977622985839843750e+01
4.749737930297851562e+01,7.446736145019531250e+01
4.152571868896484375e+01,8.281935119628906250e+01
6.343754196166992188e+01,9.178666687011718750e+01
3.717958450317382812e+01,7.414498901367187500e+01
4.757810974121093750e+01,7.540103149414062500e+01
3.791321945190429688e+01,7.687466430664062500e+01
3.512399673461914062e+01,7.154917907714843750e+01
4.192477416992187500e+01,8.489421081542968750e+01
3.121137046813964844e+01,6.697511291503906250e+01
6.594998931884765625e+01,1.006858596801757812e+02
2.325804710388183594e+01,6.854159545898437500e+01
1.179324722290039062e+02,1.355179290771484375e+02
1.242607650756835938e+02,1.402488403320312500e+02
5.200236129760742188e+01,9.569245147705078125e+01
4.192959213256835938e+01,6.239087677001953125e+01
5.857162857055664062e+01,1.404748077392578125e+02
5.106663513183593750e+01,9.468708801269531250e+01
2.772077751159667969e+01,8.913217163085937500e+01
2.130809783935546875e+01,7.534909057617187500e+01
3.030383872985839844e+01,8.999578094482421875e+01
1.406990051269531250e+01,5.432875061035156250e+01
1.335502910614013672e+01,4.909877014160156250e+01
3.439755249023437500e+01,8.712265014648437500e+01
1.715449333190917969e+01,6.685414123535156250e+01
3.213753890991210938e+01,7.643537139892578125e+01
7.403902435302734375e+01,9.390875244140625000e+01
9.197853851318359375e+01,1.017049560546875000e+02
1.128124694824218750e+02,1.138016204833984375e+02
1.029302902221679688e+02,1.108384399414062500e+02
7.555836486816406250e+01,9.303709411621093750e+01
7.838961029052734375e+01,9.918777465820312500e+01
7.140291595458984375e+01,9.252015686035156250e+01
3.201766967773437500e+01,7.994688415527343750e+01
3.914595413208007812e+01,8.450459289550781250e+01
1.405885791778564453e+01,6.172342681884765625e+01
2.356912803649902344e+01,5.322158813476562500e+01
2.985510444641113281e+01,8.384689331054687500e+01
3.918430328369140625e+01,9.899044799804687500e+01
1.214594554901123047e+01,5.378520202636718750e+01
5.247311401367187500e+01,1.065632247924804688e+02
1.331513214111328125e+02,1.305604858398437500e+02
1.004346847534179688e+02,1.343318786621093750e+02
6.617250823974609375e+01,1.034926147460937500e+02
6.255987930297851562e+01,1.010194778442382812e+02
4.906694030761718750e+01,8.920697784423828125e+01
1.870527648925781250e+01,4.150244140625000000e+01
3.551284408569335938e+01,7.129925537109375000e+01
6.415229034423828125e+01,1.391647949218750000e+02
1.193887042999267578e+01,6.347954559326171875e+01
3.246191406250000000e+01,1.085833282470703125e+02
1.128863811492919922e+01,5.829558181762695312e+01
1.127610015869140625e+01,4.954521179199218750e+01
2.135283470153808594e+01,7.489547729492187500e+01
3.930380249023437500e+01,8.453697204589843750e+01
1.633322715759277344e+01,6.028611373901367188e+01
1.789796066284179688e+01,8.831363677978515625e+01
1.602543449401855469e+01,7.778575134277343750e+01
2.834319496154785156e+01,8.486886596679687500e+01
5.584168624877929688e+01,9.683970642089843750e+01
1.033592834472656250e+02,1.393957366943359375e+02
5.719161987304687500e+01,1.122776107788085938e+02
4.558682632446289062e+01,9.525097656250000000e+01
2.155130195617675781e+01,6.741986083984375000e+01
7.324465179443359375e+01,1.354287567138671875e+02
5.319689941406250000e+01,1.120704193115234375e+02
4.904362106323242188e+01,1.152496643066406250e+02
7.752117156982421875e+01,1.302272644042968750e+02
3.233186721801757812e+01,1.142021331787109375e+02
5.834245300292968750e+01,1.459586029052734375e+02
5.263999557495117188e+01,8.448133850097656250e+01
8.961707305908203125e+01,1.389003601074218750e+02
6.258413696289062500e+01,1.069508972167968750e+02
7.950357055664062500e+01,1.005505371093750000e+02
7.932697296142578125e+01,1.181113586425781250e+02
5.168152236938476562e+01,6.609594726562500000e+01
2.837323760986328125e+01,5.868444824218750000e+01
3.305009841918945312e+01,6.976034545898437500e+01
2.825780296325683594e+01,6.162045288085937500e+01
5.106964492797851562e+01,9.288893890380859375e+01
5.165401077270507812e+01,8.405303955078125000e+01
8.029147338867187500e+01,1.151753311157226562e+02
6.585140228271484375e+01,1.076349563598632812e+02
3.736552429199218750e+01,7.202896118164062500e+01
5.250504684448242188e+01,9.039596557617187500e+01
7.722550201416015625e+01,1.146961517333984375e+02
7.980419158935546875e+01,1.262483215332031250e+02
5.077683639526367188e+01,9.314878845214843750e+01
5.497598648071289062e+01,1.073646850585937500e+02
7.070241546630859375e+01,1.116121978759765625e+02
2.911276245117187500e+01,5.668106079101562500e+01
3.813941574096679688e+01,7.064914703369140625e+01
8.106651306152343750e+01,1.073194808959960938e+02
2.381379890441894531e+01,5.027600097656250000e+01
3.196177482604980469e+01,7.777679443359375000e+01
2.624290275573730469e+01,5.435690307617187500e+01
3.476752853393554688e+01,6.002587127685546875e+01
5.220639038085937500e+01,8.128477478027343750e+01
2.582312011718750000e+01,9.825877380371093750e+01
1.907050323486328125e+01,5.857678985595703125e+01
1.457707691192626953e+01,6.071470642089843750e+01
2.887703895568847656e+01,6.815593719482421875e+01
2.596839714050292969e+01,5.681805419921875000e+01
4.827215576171875000e+01,6.830236816406250000e+01
6.320976638793945312e+01,8.973609924316406250e+01
2.897094726562500000e+01,6.318696975708007812e+01
5.426892089843750000e+01,1.012460937500000000e+02
4.953887939453125000e+01,1.160507965087890625e+02
3.994622421264648438e+01,1.261452636718750000e+02
9.413018226623535156e+00,6.883451843261718750e+01
1.890547180175781250e+01,5.045248413085937500e+01
1.649283027648925781e+01,4.349406433105468750e+01
3.330445861816406250e+01,7.476033020019531250e+01
9.816058158874511719e+00,4.122277069091796875e+01
3.143233680725097656e+01,1.128369903564453125e+02
1.813669586181640625e+01,1.084256591796875000e+02
5.930474472045898438e+01,1.177004699707031250e+02
2.120373916625976562e+01,7.449057006835937500e+01
2.312625122070312500e+01,5.966574859619140625e+01
2.446421813964843750e+01,7.729118347167968750e+01
1.439095020294189453e+01,6.138605499267578125e+01
1.623583793640136719e+01,6.363259124755859375e+01
1.532125854492187500e+01,6.893586730957031250e+01
2.366706085205078125e+01,9.311247253417968750e+01
6.312619018554687500e+01,1.252694854736328125e+02
7.379187011718750000e+01,1.161743545532226562e+02
5.882959365844726562e+01,1.393264770507812500e+02
8.099581146240234375e+01,1.275904388427734375e+02
4.381423568725585938e+01,8.792180633544921875e+01
7.997747039794921875e+01,1.147612762451171875e+02
3.245218276977539062e+01,8.996014404296875000e+01
3.017375946044921875e+01,7.498367309570312500e+01
7.978512573242187500e+01,1.313523101806640625e+02
1.194465103149414062e+02,1.345321044921875000e+02
7.084247589111328125e+01,1.060089569091796875e+02
7.735569000244140625e+01,1.111650085449218750e+02
4.283635330200195312e+01,7.444552612304687500e+01
1.752723121643066406e+01,4.426944732666015625e+01
6.637407684326171875e+01,9.296435546875000000e+01
5.332179641723632812e+01,5.577796173095703125e+01
8.110003662109375000e+01,9.004861450195312500e+01
6.474227905273437500e+01,1.141886215209960938e+02
3.586489486694335938e+01,6.777529907226562500e+01
5.376907348632812500e+01,1.033291320800781250e+02
3.603587722778320312e+01,4.607587814331054688e+01
2.367462730407714844e+01,8.215310668945312500e+01
4.393510055541992188e+01,1.163138580322265625e+02
1.641270446777343750e+01,5.097151184082031250e+01
1.567333698272705078e+01,8.590244293212890625e+01
8.595513153076171875e+01,1.379265747070312500e+02
5.246362686157226562e+01,1.252313995361328125e+02
8.580151367187500000e+01,1.376412658691406250e+02
2.703627014160156250e+01,9.345455932617187500e+01
8.840604400634765625e+01,1.194820175170898438e+02
9.342163085937500000e+01,1.349738464355468750e+02
3.199628639221191406e+01,5.275366973876953125e+01
3.354317474365234375e+01,8.011387634277343750e+01
4.675947570800781250e+01,1.119226989746093750e+02
2.593731880187988281e+01,6.161669921875000000e+01
2.156212806701660156e+01,6.072613525390625000e+01
4.829297256469726562e+01,7.600601196289062500e+01
7.074532318115234375e+01,1.183050308227539062e+02
3.085375785827636719e+01,8.070095062255859375e+01
6.723433685302734375e+01,9.224722290039062500e+01
1.289549350738525391e+01,4.103011322021484375e+01
1.754036140441894531e+01,3.470925140380859375e+01
1.342514801025390625e+01,2.723731613159179688e+01
2.930615806579589844e+01,7.488952636718750000e+01
1.141153621673583984e+01,5.941923904418945312e+01
4.300590133666992188e+01,7.757853698730468750e+01
2.120846366882324219e+01,6.800298309326171875e+01
2.575553894042968750e+01,6.948222351074218750e+01
5.404885864257812500e+01,1.136480941772460938e+02
1.731459808349609375e+01,6.977257537841796875e+01
3.183834838867187500e+01,1.225335540771484375e+02
1.728011512756347656e+01,7.989364624023437500e+01
1.325225067138671875e+01,6.603030395507812500e+01
1.684724426269531250e+01,9.761446380615234375e+01
2.481302452087402344e+01,1.064953155517578125e+02
1.035487594604492188e+02,1.193900909423828125e+02
6.771068572998046875e+01,9.274585723876953125e+01
3.635870742797851562e+01,7.116166687011718750e+01
2.671103477478027344e+01,6.074848937988281250e+01
7.431536102294921875e+01,1.361856231689453125e+02
5.874258804321289062e+01,8.751150512695312500e+01
1.064195632934570312e+02,1.345984497070312500e+02
4.545244979858398438e+01,8.517781829833984375e+01
8.966638946533203125e+01,1.153727111816406250e+02
4.386148452758789062e+01,9.753165435791015625e+01
1.157119445800781250e+02,1.264375305175781250e+02
9.519269561767578125e+01,1.133633804321289062e+02
1.108128128051757812e+02,1.292447509765625000e+02
6.695952606201171875e+01,1.223817291259765625e+02
5.116586303710937500e+01,8.356453704833984375e+01
6.584450531005859375e+01,1.044009780883789062e+02
5.624793624877929688e+01,9.992005920410156250e+01
6.241404342651367188e+01,8.863801574707031250e+01
4.847558593750000000e+01,9.805950927734375000e+01
4.984928512573242188e+01,8.662322235107421875e+01
4.323782348632812500e+01,8.163951873779296875e+01
7.645761871337890625e+01,1.235982360839843750e+02
4.621729660034179688e+01,1.003234939575195312e+02
9.771543121337890625e+01,1.325194091796875000e+02
5.886190795898437500e+01,1.065923614501953125e+02
5.211613082885742188e+01,8.014212036132812500e+01
9.399661254882812500e+01,1.276959686279296875e+02
5.252398681640625000e+01,9.178302001953125000e+01
3.082481193542480469e+01,7.179206848144531250e+01
4.899433517456054688e+01,8.627212524414062500e+01
4.255141830444335938e+01,1.291698913574218750e+02
1.846125984191894531e+01,5.679362106323242188e+01
2.572318458557128906e+01,1.010143432617187500e+02
9.973431396484375000e+01,1.290014953613281250e+02
6.946482086181640625e+01,1.055888748168945312e+02
8.453027343750000000e+01,1.137975997924804688e+02
4.511381912231445312e+01,9.616036224365234375e+01
3.740190124511718750e+01,9.490466308593750000e+01
1.465935039520263672e+01,3.936002731323242188e+01
5.576611328125000000e+01,7.802899169921875000e+01
3.209746551513671875e+01,5.897551345825195312e+01
7.356520843505859375e+01,1.021123962402343750e+02
8.190464019775390625e+01,1.131136398315429688e+02
6.286010360717773438e+01,9.553815460205078125e+01
1.144787979125976562e+02,1.291316223144531250e+02
2.357289123535156250e+01,9.890563201904296875e+01
4.757339477539062500e+01,9.742687988281250000e+01
4.338865661621093750e+01,1.111925811767578125e+02
3.486236190795898438e+01,1.010696182250976562e+02
1.004806747436523438e+02,1.323768615722656250e+02
5.932313156127929688e+01,1.071786956787109375e+02
1.997001647949218750e+01,5.071861267089843750e+01
5.690611648559570312e+01,9.633224487304687500e+01
6.505655670166015625e+01,1.050686645507812500e+02
8.150704193115234375e+01,1.214985656738281250e+02
6.984690093994140625e+01,1.085625457763671875e+02
1.613368034362792969e+01,5.371617126464843750e+01
5.284693527221679688e+01,1.056931304931640625e+02
2.436495018005371094e+01,5.940646362304687500e+01
1.870165061950683594e+01,5.706248474121093750e+01
1.135096054077148438e+02,1.290248413085937500e+02
5.362614059448242188e+01,1.076263580322265625e+02
3.944369506835937500e+01,8.140011596679687500e+01
3.605916213989257812e+01,6.867504882812500000e+01
2.705471038818359375e+01,1.084811248779296875e+02
6.602989959716796875e+01,1.003834075927734375e+02
2.601788520812988281e+01,6.022415161132812500e+01
4.569461441040039062e+01,1.148566055297851562e+02
7.711415100097656250e+01,1.396231689453125000e+02
3.928430938720703125e+01,7.035783386230468750e+01
1.265330600738525391e+01,3.609439849853515625e+01
3.470788192749023438e+01,1.135133132934570312e+02
6.481426239013671875e+01,1.138820266723632812e+02
3.033540916442871094e+01,6.524413299560546875e+01
2.063000106811523438e+01,7.477494812011718750e+01
1.040278339385986328e+01,3.264853668212890625e+01
8.005425262451171875e+01,1.170496826171875000e+02
5.997119140625000000e+01,9.371876525878906250e+01
6.969281768798828125e+01,1.142495727539062500e+02
4.535010910034179688e+01,7.798345947265625000e+01
7.831365203857421875e+01,1.377404174804687500e+02
4.831170654296875000e+01,1.169679870605468750e+02
1.476875400543212891e+01,7.867297363281250000e+01
4.152300643920898438e+01,1.063819885253906250e+02
1.042309093475341797e+01,2.766333389282226562e+01
1.954930686950683594e+01,9.738964843750000000e+01
2.960743713378906250e+01,7.980830383300781250e+01
3.025651359558105469e+01,8.041200256347656250e+01
5.973979568481445312e+01,1.159066162109375000e+02
2.772916984558105469e+01,9.070116424560546875e+01
1.391081523895263672e+01,4.302507019042968750e+01
3.640591812133789062e+01,7.755925750732421875e+01
1.846976280212402344e+01,5.613314056396484375e+01
1.052025413513183594e+01,3.501802444458007812e+01
4.108495330810546875e+01,1.145547637939453125e+02
6.072600173950195312e+01,1.108097076416015625e+02
7.920691680908203125e+01,1.106528625488281250e+02
9.694295501708984375e+01,1.294729614257812500e+02
7.998809051513671875e+01,1.241923370361328125e+02
2.329881095886230469e+01,6.457376861572265625e+01
1.048617935180664062e+02,1.358854675292968750e+02
5.421101760864257812e+01,1.019816894531250000e+02
5.104600143432617188e+01,9.650447082519531250e+01
1.039174575805664062e+02,1.305340576171875000e+02
4.024514389038085938e+01,7.190911865234375000e+01
4.297349548339843750e+01,9.639131164550781250e+01
8.056693267822265625e+01,1.295310211181640625e+02
2.951078033447265625e+01,9.901740264892578125e+01
6.121754455566406250e+01,1.091759414672851562e+02
6.189952468872070312e+01,1.143776550292968750e+02
5.203767395019531250e+01,1.127980194091796875e+02
1.010768432617187500e+02,1.319975128173828125e+02
2.431652832031250000e+01,4.952886199951171875e+01
2.237800025939941406e+01,5.426440048217773438e+01
5.376116943359375000e+01,8.789533996582031250e+01
4.815454101562500000e+01,8.114407348632812500e+01
1.640842628479003906e+01,7.734864044189453125e+01
7.486839771270751953e+00,5.088130950927734375e+01
4.736633682250976562e+01,1.080310516357421875e+02
7.389392852783203125e+01,1.327370300292968750e+02
1.988576889038085938e+01,5.421278381347656250e+01
4.991740798950195312e+01,8.836186218261718750e+01
5.801575851440429688e+01,9.725704956054687500e+01
5.435845947265625000e+01,8.689356994628906250e+01
1.449414348602294922e+01,3.623724365234375000e+01
3.789875793457031250e+01,8.057036590576171875e+01
6.988419342041015625e+01,1.218389739990234375e+02
1.827526473999023438e+01,6.085214996337890625e+01
4.786769104003906250e+01,1.080071868896484375e+02
1.920701789855957031e+01,7.653617858886718750e+01
7.632637023925781250e+01,1.034789810180664062e+02
6.339612960815429688e+01,1.144641723632812500e+02
2.231579589843750000e+01,2.385827636718750000e+01
6.912204742431640625e+01,1.428293151855468750e+02
2.181790161132812500e+01,6.621200561523437500e+01
5.023992919921875000e+01,1.311413421630859375e+02
1.386829223632812500e+02,1.225015106201171875e+02
2.446112060546875000e+01,3.493610382080078125e+01
5.133914184570312500e+01,8.238874816894531250e+01
9.989184570312500000e+01,1.280900573730468750e+02
1.075130233764648438e+02,1.285105285644531250e+02
5.372243881225585938e+01,7.018373870849609375e+01
2.821602630615234375e+01,6.966694641113281250e+01
2.612963867187500000e+01,5.600270843505859375e+01
8.094241333007812500e+01,1.215244827270507812e+02
4.687401199340820312e+01,9.732286071777343750e+01
6.591162109375000000e+01,8.714022827148437500e+01
9.502933502197265625e+01,1.113686981201171875e+02
7.997611236572265625e+01,9.778944396972656250e+01
1.109698104858398438e+02,1.222345275878906250e+02
3.179773521423339844e+01,8.089716339111328125e+01
1.273344345092773438e+02,1.272929534912109375e+02
7.674037933349609375e+01,1.113979492187500000e+02
4.777398681640625000e+01,6.848779296875000000e+01
3.206275939941406250e+01,5.385610198974609375e+01
1.232661209106445312e+02,1.235215148925781250e+02
6.421423339843750000e+01,9.177755737304687500e+01
2.834757041931152344e+01,4.586240386962890625e+01
2.996558952331542969e+01,6.129146575927734375e+01
6.167097854614257812e+01,7.669590759277343750e+01
8.513780975341796875e+01,1.136199188232421875e+02
2.915577507019042969e+01,7.281892395019531250e+01
9.035265350341796875e+01,1.111140136718750000e+02
4.112921524047851562e+01,7.622697448730468750e+01
6.024501419067382812e+01,9.305378723144531250e+01
7.251137542724609375e+01,9.070288085937500000e+01
4.936720657348632812e+01,1.014814071655273438e+02
2.915051460266113281e+01,6.719932556152343750e+01
2.335247802734375000e+01,6.199563980102539062e+01
7.311180877685546875e+01,1.063438873291015625e+02
4.354141235351562500e+01,8.171264648437500000e+01
2.717503356933593750e+01,6.790565490722656250e+01
3.714026641845703125e+01,7.680725097656250000e+01
4.466818618774414062e+01,7.687033843994140625e+01
3.521009063720703125e+01,4.380577087402343750e+01
1.235800476074218750e+02,1.424446105957031250e+02
3.649707031250000000e+01,5.890915679931640625e+01
2.542509460449218750e+01,3.311251831054687500e+01
1.005763168334960938e+02,1.159182586669921875e+02
1.088936996459960938e+02,1.244601745605468750e+02
8.009461212158203125e+01,1.217566986083984375e+02
9.031989288330078125e+01,1.387007751464843750e+02
9.714841461181640625e+01,1.285055847167968750e+02
6.598452758789062500e+01,1.016768035888671875e+02
4.864111328125000000e+01,7.114135742187500000e+01
7.715129852294921875e+01,1.037258758544921875e+02
2.772610473632812500e+01,2.976276397705078125e+01
5.910250854492187500e+01,9.570915985107421875e+01
1.776045989990234375e+01,3.387493133544921875e+01
1.713473701477050781e+01,3.346572875976562500e+01
2.723768806457519531e+01,7.215619659423828125e+01
1.664033699035644531e+01,2.926714324951171875e+01
2.026651382446289062e+01,5.402268981933593750e+01
1.627146339416503906e+01,3.364026641845703125e+01
3.055716896057128906e+01,6.390826416015625000e+01
2.066746520996093750e+01,3.826503753662109375e+01
1.459367752075195312e+01,4.260021972656250000e+01
1.545845508575439453e+01,2.996983337402343750e+01
2.012349128723144531e+01,3.601958847045898438e+01
2.582449913024902344e+01,4.531796264648437500e+01
2.554316902160644531e+01,4.559264373779296875e+01
2.310148620605468750e+01,3.253701019287109375e+01
4.069568252563476562e+01,5.674414825439453125e+01
2.020388031005859375e+01,3.893460083007812500e+01
2.295942687988281250e+01,3.945228576660156250e+01
2.110912895202636719e+01,3.088832664489746094e+01
5.123493576049804688e+01,6.033708572387695312e+01
1.391175174713134766e+01,3.981896209716796875e+01
1.221273517608642578e+01,2.618624877929687500e+01
1.744028282165527344e+01,2.502982711791992188e+01
3.415628433227539062e+01,7.580960083007812500e+01
8.480397033691406250e+01,1.252789154052734375e+02
4.434748840332031250e+01,7.475288391113281250e+01
1.583109569549560547e+01,5.473289489746093750e+01
3.438667678833007812e+01,5.927287292480468750e+01
5.886857986450195312e+01,9.121562957763671875e+01
8.553594207763671875e+01,1.143791885375976562e+02
6.178070449829101562e+01,9.526908874511718750e+01
6.636424255371093750e+01,9.240666961669921875e+01
8.305606079101562500e+01,1.085845108032226562e+02
1.064564132690429688e+02,1.057898559570312500e+02
6.806174468994140625e+01,8.150973510742187500e+01
8.709418487548828125e+01,8.906134033203125000e+01
2.247104644775390625e+01,3.444686126708984375e+01
4.370073318481445312e+01,4.979244232177734375e+01
9.579665374755859375e+01,1.114170684814453125e+02
1.012406692504882812e+02,1.197607727050781250e+02
4.404661560058593750e+01,6.062498092651367188e+01
1.044263534545898438e+02,1.150162658691406250e+02
8.982610321044921875e+01,9.800164031982421875e+01
7.184567260742187500e+01,8.168365478515625000e+01
7.232901000976562500e+01,7.987964630126953125e+01
4.077198410034179688e+01,5.714929962158203125e+01
5.429634094238281250e+01,6.784291076660156250e+01
3.184392356872558594e+01,5.447491455078125000e+01
1.861173820495605469e+01,5.107646942138671875e+01
1.571827220916748047e+01,5.401061248779296875e+01
2.673281288146972656e+01,6.600398254394531250e+01
8.135946655273437500e+01,9.531519317626953125e+01
4.627335739135742188e+01,9.872653198242187500e+01
3.286529159545898438e+01,2.064790725708007812e+01
6.379478836059570312e+01,6.372702026367187500e+01
1.000108718872070312e+02,1.141727752685546875e+02
1.261270141601562500e+02,1.357751770019531250e+02
4.355399703979492188e+01,5.723851776123046875e+01
3.032157707214355469e+01,6.290650939941406250e+01
4.265251541137695312e+01,8.323102569580078125e+01
4.626164627075195312e+01,4.774996185302734375e+01
6.147328567504882812e+01,7.532725524902343750e+01
2.190559387207031250e+01,6.551286315917968750e+01
6.406602478027343750e+01,1.077880783081054688e+02
5.781049728393554688e+01,1.129208984375000000e+02
8.483060455322265625e+01,1.279072418212890625e+02
7.984180450439453125e+01,1.129727859497070312e+02
2.470493125915527344e+01,6.762301635742187500e+01
8.231564331054687500e+01,1.110899505615234375e+02
2.535484123229980469e+01,8.195184326171875000e+01
4.675028991699218750e+01,6.944741821289062500e+01
3.219810485839843750e+01,6.366960906982421875e+01
5.498206710815429688e+01,8.834860229492187500e+01
2.908839416503906250e+01,6.554415893554687500e+01
3.627548599243164062e+01,8.639794921875000000e+01
2.164327049255371094e+01,4.428842163085937500e+01
1.659941864013671875e+01,5.374819946289062500e+01
1.847932243347167969e+01,5.714026641845703125e+01
1.657155990600585938e+01,5.308074951171875000e+01
2.133866882324218750e+01,5.277908325195312500e+01
2.635189819335937500e+01,4.198566055297851562e+01
1.131267166137695312e+02,1.266430206298828125e+02
9.890450286865234375e+01,1.284927062988281250e+02
3.454514694213867188e+01,7.200434875488281250e+01
2.514548683166503906e+01,6.590150451660156250e+01
1.440069484710693359e+01,4.222590255737304688e+01
2.042147254943847656e+01,9.063912963867187500e+01
1.092229003906250000e+02,1.202973556518554688e+02
2.552002716064453125e+01,7.609638977050781250e+01
1.988463783264160156e+01,6.274279403686523438e+01
3.686402130126953125e+01,7.017610168457031250e+01
3.571278381347656250e+01,8.124392700195312500e+01
4.434727859497070312e+01,1.012789306640625000e+02
4.922433471679687500e+01,1.005486907958984375e+02
8.440354156494140625e+01,1.161216430664062500e+02
7.960506439208984375e+01,1.073176498413085938e+02
3.832216262817382812e+01,9.077088928222656250e+01
4.204713821411132812e+01,7.483049011230468750e+01
2.514379119873046875e+01,6.704417419433593750e+01
4.365591049194335938e+01,7.914443969726562500e+01
6.464502716064453125e+01,9.992835998535156250e+01
3.514646530151367188e+01,6.585894775390625000e+01
1.600673866271972656e+01,5.110002899169921875e+01
2.030134391784667969e+01,5.379945373535156250e+01
4.041025924682617188e+01,7.562627410888671875e+01
4.012482833862304688e+01,8.170051574707031250e+01
2.847873687744140625e+01,6.931334686279296875e+01
9.362296295166015625e+01,1.195059890747070312e+02
5.167873001098632812e+01,1.002962646484375000e+02
5.099192428588867188e+01,8.647808074951171875e+01
1.226700687408447266e+01,4.442096710205078125e+01
8.274239349365234375e+01,1.006007385253906250e+02
4.556151199340820312e+01,6.792275238037109375e+01
7.402854156494140625e+01,9.247531127929687500e+01
6.154658126831054688e+01,8.911591339111328125e+01
1.218664779663085938e+02,1.255511932373046875e+02
5.457807540893554688e+01,9.628323364257812500e+01
5.685185623168945312e+01,9.392138671875000000e+01
3.845058059692382812e+01,6.114221572875976562e+01
4.097526931762695312e+01,7.184963226318359375e+01
3.546792602539062500e+01,9.808413696289062500e+01
4.115539932250976562e+01,9.596790313720703125e+01
1.242542343139648438e+02,1.364380187988281250e+02
1.286183013916015625e+02,1.465296020507812500e+02
2.589637184143066406e+01,5.722253417968750000e+01
3.666469955444335938e+01,6.795523834228515625e+01
4.601866149902343750e+01,7.515525054931640625e+01
5.340439224243164062e+01,8.365306091308593750e+01
4.651342773437500000e+01,7.721087646484375000e+01
3.439671707153320312e+01,6.743684387207031250e+01
1.008407974243164062e+01,4.276224136352539062e+01
1.118379287719726562e+02,1.230609283447265625e+02
8.240761566162109375e+01,1.165903625488281250e+02
5.882245254516601562e+01,7.707035827636718750e+01
6.104468154907226562e+01,7.606481933593750000e+01
9.772396087646484375e+01,1.031619415283203125e+02
6.062198257446289062e+01,7.016700744628906250e+01
7.377587127685546875e+01,1.012798767089843750e+02
4.222380065917968750e+01,1.195210266113281250e+02
2.938040733337402344e+01,1.429714660644531250e+02
3.252812576293945312e+01,1.387278442382812500e+02
4.146066665649414062e+01,8.200818634033203125e+01
5.521793746948242188e+01,8.930023956298828125e+01
3.864669418334960938e+01,9.819028472900390625e+01
3.661912155151367188e+01,9.390773773193359375e+01
9.489052581787109375e+01,1.196687316894531250e+02
5.066656494140625000e+01,9.248388671875000000e+01
8.268027496337890625e+01,1.152996826171875000e+02
5.504680252075195312e+01,9.879172515869140625e+01
6.444381713867187500e+01,1.004998168945312500e+02
4.908076858520507812e+01,1.352221069335937500e+02
5.882886886596679688e+01,1.327373352050781250e+02
5.280013656616210938e+01,9.146803283691406250e+01
1.065988540649414062e+01,4.399422454833984375e+01
8.180024719238281250e+01,1.098924942016601562e+02
2.248528480529785156e+01,3.681798553466796875e+01
4.512840270996093750e+01,7.923664855957031250e+01
3.009912681579589844e+01,6.907376098632812500e+01
9.228975677490234375e+01,1.125794830322265625e+02
9.767678070068359375e+01,1.134967651367187500e+02
2.976783752441406250e+01,5.508947372436523438e+01
6.827194976806640625e+01,1.295221557617187500e+02
3.270697021484375000e+01,8.051718139648437500e+01
5.308067703247070312e+01,9.332752990722656250e+01
5.178424072265625000e+01,6.725124359130859375e+01
1.879427528381347656e+01,2.752963638305664062e+01
4.989476394653320312e+01,4.201672363281250000e+01
1.217056369781494141e+01,5.437577247619628906e+00
4.101321411132812500e+01,4.695635986328125000e+01
2.007027244567871094e+01,1.923741340637207031e+01
1.028800277709960938e+02,8.571954345703125000e+01
1.264555435180664062e+02,1.251149902343750000e+02
3.226923751831054688e+01,5.736463165283203125e+01
1.619717788696289062e+01,1.778926849365234375e+01
6.091443252563476562e+01,6.907832336425781250e+01
1.596105194091796875e+01,4.836060523986816406e+00
4.143420791625976562e+01,3.123054504394531250e+01
1.001876831054687500e+02,8.385775756835937500e+01
2.915683555603027344e+01,3.368052291870117188e+01
2.992166328430175781e+01,3.858913421630859375e+01
2.689349174499511719e+01,2.885362815856933594e+01
1.164752101898193359e+01,1.045037841796875000e+01
5.513656234741210938e+01,7.030418395996093750e+01
6.979958343505859375e+01,7.785261535644531250e+01
4.802719116210937500e+01,8.937359619140625000e+01
3.160193824768066406e+01,4.347842407226562500e+01
2.495883369445800781e+01,6.208468627929687500e+01
1.939114952087402344e+01,4.044508361816406250e+01
2.069229698181152344e+01,4.853673553466796875e+01
1.630843925476074219e+01,4.644085693359375000e+01
1.574959087371826172e+01,4.919126129150390625e+01
1.702138328552246094e+01,5.497058868408203125e+01
2.541462898254394531e+01,5.466266632080078125e+01
2.726415824890136719e+01,6.261384963989257812e+01
2.198185539245605469e+01,5.947211456298828125e+01
2.783250999450683594e+01,5.497641754150390625e+01
2.206837272644042969e+01,6.856661224365234375e+01
1.962599945068359375e+01,5.761715698242187500e+01
2.998429107666015625e+01,5.701071929931640625e+01
1.877171897888183594e+01,6.733428192138671875e+01
1.645302009582519531e+01,4.687545013427734375e+01
1.590376758575439453e+01,4.776868438720703125e+01
1.853448486328125000e+01,4.489250946044921875e+01
1.495346736907958984e+01,4.696599578857421875e+01
1.811567115783691406e+01,5.543713378906250000e+01
2.586654663085937500e+01,7.268704223632812500e+01
1.766577339172363281e+01,4.682339477539062500e+01
2.489776039123535156e+01,5.838484573364257812e+01
2.047606277465820312e+01,5.086771774291992188e+01
1.946763038635253906e+01,5.144991302490234375e+01
1.550904560089111328e+01,3.958713531494140625e+01
2.068641281127929688e+01,5.588236999511718750e+01
2.262499809265136719e+01,5.818698883056640625e+01
3.428242874145507812e+01,6.198705291748046875e+01
2.147530174255371094e+01,4.604399871826171875e+01
2.828820991516113281e+01,5.963661956787109375e+01
2.081375694274902344e+01,5.273710250854492188e+01
2.463846015930175781e+01,5.698681640625000000e+01
1.916234397888183594e+01,4.908541488647460938e+01
2.053026008605957031e+01,6.455232238769531250e+01
7.281429290771484375e+01,7.709784698486328125e+01
4.961030197143554688e+01,4.261739349365234375e+01
2.927080345153808594e+01,3.529373168945312500e+01
2.293214607238769531e+01,2.469449615478515625e+01
3.533919525146484375e+01,7.148382568359375000e+01
1.930648803710937500e+01,5.188242340087890625e+01
3.647478866577148438e+01,6.960718536376953125e+01
3.151576042175292969e+01,7.554743194580078125e+01
3.402140426635742188e+01,7.278558349609375000e+01
1.048282852172851562e+02,1.208558120727539062e+02
1.745080566406250000e+01,2.967554092407226562e+01
1.204385375976562500e+01,2.382711219787597656e+01
8.123246192932128906e+00,1.636754417419433594e+01
5.570715332031250000e+01,7.324807739257812500e+01
5.018331909179687500e+01,8.497038269042968750e+01
3.826782608032226562e+01,4.472512817382812500e+01
1.393982315063476562e+01,2.134313964843750000e+01
1.332506561279296875e+01,1.568667411804199219e+01
1.479028797149658203e+01,3.839515686035156250e+01
1.242037200927734375e+01,4.286837005615234375e+01
7.804303741455078125e+01,9.412014007568359375e+01
7.389794158935546875e+01,8.401712799072265625e+01
1.095871887207031250e+02,1.260837860107421875e+02
1.711560630798339844e+01,5.369393157958984375e+01
4.037196731567382812e+01,4.012769699096679688e+01
6.946441650390625000e+01,9.145272827148437500e+01
5.635625076293945312e+01,5.870364761352539062e+01
5.769067382812500000e+01,7.257295989990234375e+01
4.277711486816406250e+01,4.361528778076171875e+01
4.988408279418945312e+01,4.730381393432617188e+01
2.752780914306640625e+01,1.224059104919433594e+01
3.563107681274414062e+01,1.083040332794189453e+01
6.085285568237304688e+01,6.482484436035156250e+01
7.616072845458984375e+01,8.361936950683593750e+01
5.446658325195312500e+01,5.922789382934570312e+01
6.316542434692382812e+01,7.041874694824218750e+01
8.867775726318359375e+01,9.355427551269531250e+01
8.206929779052734375e+01,8.147648620605468750e+01
6.494603729248046875e+01,6.915281677246093750e+01
3.850788879394531250e+01,4.004470825195312500e+01
9.510534667968750000e+01,1.008028411865234375e+02
2.548751831054687500e+01,5.234740066528320312e+01
3.819950866699218750e+01,2.570851707458496094e+01
3.615304565429687500e+01,3.343689346313476562e+01
3.260420227050781250e+01,2.068070602416992188e+01
6.617626953125000000e+01,7.005822753906250000e+01
5.410137939453125000e+01,5.248724746704101562e+01
4.808981323242187500e+01,6.362850570678710938e+01
4.032693481445312500e+01,6.262785339355468750e+01
2.487681388854980469e+01,5.825570297241210938e+01
2.254428100585937500e+01,6.256135177612304688e+01
4.702145004272460938e+01,4.399661254882812500e+01
2.555327033996582031e+01,5.918733978271484375e+01
2.574881744384765625e+01,2.926166725158691406e+01
1.337241363525390625e+02,1.232424850463867188e+02
1.776438903808593750e+01,5.588883972167968750e+01
2.343684387207031250e+01,6.203897476196289062e+01
2.383364868164062500e+01,1.677414703369140625e+01
9.734513092041015625e+01,9.716477966308593750e+01
1.390942840576171875e+02,1.336475830078125000e+02
1.083940200805664062e+02,1.097517471313476562e+02
1.235972976684570312e+02,1.215724792480468750e+02
1.025043869018554688e+02,1.003047332763671875e+02
1.108284530639648438e+02,1.159695816040039062e+02
8.347339630126953125e+01,1.004502410888671875e+02
8.992829132080078125e+01,1.050812835693359375e+02
1.205805969238281250e+02,1.223535156250000000e+02
1.269927749633789062e+02,1.260192642211914062e+02
6.252011489868164062e+01,7.800518035888671875e+01
1.266660690307617188e+02,1.266674041748046875e+02
1.288271331787109375e+02,1.206256713867187500e+02
9.468735504150390625e+01,9.818824768066406250e+01
9.527883911132812500e+01,1.072362442016601562e+02
9.334445953369140625e+01,8.545162200927734375e+01
1.148509750366210938e+02,1.118346099853515625e+02
6.490666198730468750e+01,7.165905761718750000e+01
1.066092605590820312e+02,9.838734436035156250e+01
6.775482940673828125e+01,7.428582000732421875e+01
1.005535354614257812e+02,1.105648956298828125e+02
5.796969604492187500e+01,6.757407379150390625e+01
7.941597747802734375e+01,1.005191955566406250e+02
6.820326232910156250e+01,8.332557678222656250e+01
1.283633575439453125e+02,1.234791870117187500e+02
1.213501968383789062e+02,1.102504653930664062e+02
1.261945419311523438e+02,1.243381423950195312e+02
1.340467681884765625e+02,1.306336364746093750e+02
1.374896392822265625e+02,1.311066894531250000e+02
4.830555343627929688e+01,7.400995635986328125e+01
1.069409484863281250e+02,1.158566055297851562e+02
1.249227371215820312e+02,1.258741607666015625e+02
1.118975219726562500e+02,1.104502258300781250e+02
1.121780471801757812e+02,1.121072540283203125e+02
1.079858398437500000e+02,1.094682769775390625e+02
8.213387298583984375e+01,1.038785552978515625e+02
9.544989013671875000e+01,1.096205596923828125e+02
1.263381347656250000e+02,1.256588439941406250e+02
4.481946945190429688e+01,7.144337463378906250e+01
6.064964294433593750e+01,8.093814086914062500e+01
4.679890823364257812e+01,7.214335632324218750e+01
1.215931396484375000e+02,1.223111419677734375e+02
1.104800186157226562e+02,1.130202331542968750e+02
1.113181152343750000e+02,1.160886993408203125e+02
1.414423522949218750e+02,1.368757629394531250e+02
9.054970550537109375e+01,1.039011077880859375e+02
1.362789916992187500e+01,1.161177062988281250e+01
7.325315856933593750e+01,9.558569335937500000e+01
9.670855712890625000e+01,1.447363891601562500e+02
6.079793167114257812e+01,9.850286865234375000e+01
5.161694335937500000e+01,8.754079437255859375e+01
7.361517333984375000e+01,1.070736389160156250e+02
1.097672958374023438e+02,1.320381927490234375e+02
1.083752822875976562e+02,1.233203125000000000e+02
1.147569198608398438e+02,1.281958923339843750e+02
1.329227600097656250e+02,1.393377380371093750e+02
2.718964576721191406e+01,5.855628204345703125e+01
8.863474273681640625e+01,9.792282104492187500e+01
2.757551765441894531e+01,6.134815597534179688e+01
8.673367309570312500e+01,9.895716857910156250e+01
6.170348739624023438e+01,8.198023986816406250e+01
1.295232391357421875e+02,1.324738616943359375e+02
6.089075088500976562e+01,1.143819580078125000e+02
9.444061279296875000e+01,1.213091430664062500e+02
9.845107269287109375e+01,1.164857025146484375e+02
3.921870803833007812e+01,3.885726928710937500e+01
8.963485717773437500e+01,1.321321868896484375e+02
4.433582687377929688e+01,9.749338531494140625e+01
6.041434097290039062e+01,8.168911743164062500e+01
4.813222122192382812e+01,7.325124359130859375e+01
1.230489273071289062e+02,1.218448181152343750e+02
1.097042160034179688e+02,1.183819580078125000e+02
9.007174682617187500e+01,1.145872039794921875e+02
8.217426300048828125e+01,1.219387359619140625e+02
6.052724838256835938e+01,1.182311706542968750e+02
6.619772338867187500e+01,1.188546295166015625e+02
8.664055633544921875e+01,1.020156250000000000e+02
5.410477828979492188e+01,8.589860534667968750e+01
7.392831420898437500e+01,9.710239410400390625e+01
6.840453338623046875e+01,1.087357482910156250e+02
5.833802795410156250e+01,8.984320068359375000e+01
4.824204635620117188e+01,8.443263244628906250e+01
4.500045394897460938e+01,8.173139190673828125e+01
5.848626708984375000e+01,7.768383789062500000e+01
6.200949478149414062e+01,9.034614562988281250e+01
7.787989807128906250e+01,9.942849731445312500e+01
8.195188140869140625e+01,1.027653961181640625e+02
4.216660308837890625e+01,7.367863464355468750e+01
6.239416503906250000e+01,8.884212493896484375e+01
9.105929565429687500e+01,1.055174560546875000e+02
8.246798706054687500e+01,1.006253662109375000e+02
4.980047607421875000e+01,8.073030090332031250e+01
7.122644805908203125e+01,1.079319610595703125e+02
8.569454193115234375e+01,9.522431945800781250e+01
9.355099487304687500e+01,1.179174804687500000e+02
1.089049987792968750e+02,1.280027770996093750e+02
3.898758316040039062e+01,4.806470108032226562e+01
7.644005584716796875e+01,9.770245361328125000e+01
1.088031311035156250e+02,1.335754394531250000e+02
7.656928253173828125e+01,8.537768554687500000e+01
8.709191894531250000e+01,1.334394531250000000e+02
1.003154678344726562e+02,1.335025329589843750e+02
9.334719085693359375e+01,1.163004608154296875e+02
8.197854614257812500e+01,1.141486053466796875e+02
1.055862655639648438e+02,1.301392364501953125e+02
7.484717559814453125e+01,1.242820816040039062e+02
1.093373184204101562e+02,1.140800476074218750e+02
1.058759536743164062e+02,1.150755233764648438e+02
3.718142318725585938e+01,1.291124114990234375e+02
3.957562637329101562e+01,9.443017578125000000e+01
4.542046737670898438e+01,1.313572387695312500e+02
5.139354324340820312e+01,1.398546447753906250e+02
8.385305786132812500e+01,1.070551300048828125e+02
7.838657379150390625e+01,1.105438537597656250e+02
4.954657363891601562e+01,9.510896301269531250e+01
4.476035690307617188e+01,8.157315063476562500e+01
1.066991195678710938e+02,1.167436370849609375e+02
1.136758651733398438e+02,1.199150390625000000e+02
6.272198867797851562e+01,1.318251647949218750e+02
8.893256378173828125e+01,1.071431427001953125e+02
4.492691040039062500e+01,1.270861358642578125e+02
4.677922058105468750e+01,1.310480346679687500e+02
4.081375503540039062e+01,7.656109619140625000e+01
4.551399612426757812e+01,7.185791015625000000e+01
1.117757186889648438e+02,1.191773300170898438e+02
8.065206909179687500e+01,1.351006774902343750e+02
7.336701202392578125e+01,1.297201538085937500e+02
7.590396881103515625e+01,1.044870452880859375e+02
1.299058685302734375e+02,1.342633361816406250e+02
9.999846649169921875e+01,1.326135864257812500e+02
7.631478881835937500e+01,9.919270324707031250e+01
1.117618637084960938e+02,1.198278121948242188e+02
8.822104644775390625e+01,1.076841812133789062e+02
9.801345062255859375e+01,1.235392074584960938e+02
5.661317825317382812e+01,1.287545471191406250e+02
1.204906311035156250e+02,1.290470275878906250e+02
9.775203704833984375e+01,1.264435424804687500e+02
7.942212677001953125e+01,1.239716186523437500e+02
5.789407348632812500e+01,9.341091918945312500e+01
7.965365600585937500e+01,1.303984069824218750e+02
6.426641082763671875e+01,1.285624694824218750e+02
6.955520629882812500e+01,1.342771911621093750e+02
1.071959228515625000e+02,1.079413986206054688e+02
7.723994445800781250e+01,1.230667495727539062e+02
6.192979049682617188e+01,8.723656463623046875e+01
9.200610351562500000e+01,1.197294464111328125e+02
6.353278732299804688e+01,9.161016845703125000e+01
7.807236480712890625e+01,1.333373718261718750e+02
1.245878677368164062e+02,1.330157012939453125e+02
1.015129165649414062e+02,1.194073486328125000e+02
1.030479125976562500e+02,1.246679534912109375e+02
9.481307983398437500e+01,1.094040527343750000e+02
1.105578079223632812e+02,1.348511810302734375e+02
9.974871826171875000e+01,1.129779357910156250e+02
5.437568283081054688e+01,8.174482727050781250e+01
4.284883499145507812e+01,7.948976135253906250e+01
9.450246429443359375e+01,1.234015960693359375e+02
5.240392684936523438e+01,9.455240631103515625e+01
3.466272354125976562e+01,7.126995849609375000e+01
1.042642288208007812e+02,1.169808883666992188e+02
7.222636413574218750e+01,1.061678009033203125e+02
5.584531021118164062e+01,9.354082489013671875e+01
7.180924987792968750e+01,1.080716934204101562e+02
6.743647003173828125e+01,1.024553680419921875e+02
8.987064361572265625e+01,1.236217346191406250e+02
7.475569152832031250e+01,1.052611389160156250e+02
9.278515625000000000e+01,1.031563568115234375e+02
4.549252700805664062e+01,8.204098510742187500e+01
6.659466552734375000e+01,1.027039184570312500e+02
9.559914398193359375e+01,1.223404769897460938e+02
6.748477172851562500e+01,1.001374359130859375e+02
7.667386627197265625e+01,1.151141510009765625e+02
8.806564331054687500e+01,1.141340332031250000e+02
5.122684097290039062e+01,8.614904785156250000e+01
7.644435882568359375e+01,9.930722045898437500e+01
4.572257614135742188e+01,7.864154815673828125e+01
9.693509674072265625e+01,1.140576629638671875e+02
1.226854476928710938e+02,1.268272094726562500e+02
1.070977172851562500e+02,1.234042739868164062e+02
7.643191528320312500e+01,1.061054306030273438e+02
1.120994873046875000e+02,1.196491851806640625e+02
1.236600341796875000e+02,1.254353408813476562e+02
5.988673782348632812e+01,7.245037841796875000e+01
7.778017425537109375e+01,8.317970275878906250e+01
9.859390258789062500e+01,1.012545471191406250e+02
1.059171371459960938e+02,8.670470428466796875e+01
6.760961151123046875e+01,1.251770629882812500e+02
9.060312652587890625e+01,1.102015991210937500e+02
4.256021118164062500e+01,7.402371215820312500e+01
6.504248809814453125e+01,9.957676696777343750e+01
8.569512939453125000e+01,1.094213256835937500e+02
9.479219818115234375e+01,1.185356597900390625e+02
1.794136238098144531e+01,5.675930786132812500e+01
4.380325698852539062e+01,8.069877624511718750e+01
6.673229980468750000e+01,9.545271301269531250e+01
4.984249877929687500e+01,8.203999328613281250e+01
2.747119712829589844e+01,5.622894287109375000e+01
3.469742584228515625e+01,7.202866363525390625e+01
1.228812866210937500e+02,1.278959655761718750e+02
1.394558238983154297e+01,8.086521911621093750e+01
8.649114990234375000e+01,1.230788879394531250e+02
6.789420318603515625e+01,9.777683258056640625e+01
7.092131805419921875e+01,9.496052551269531250e+01
6.665975189208984375e+01,9.769185638427734375e+01
1.017362365722656250e+02,1.214318084716796875e+02
1.042630386352539062e+02,1.157817840576171875e+02
2.958489990234375000e+01,7.222026062011718750e+01
8.234174346923828125e+01,1.135092086791992188e+02
4.828284835815429688e+01,8.986545562744140625e+01
6.215676879882812500e+01,9.943481445312500000e+01
5.323553848266601562e+01,8.428735351562500000e+01
1.092276229858398438e+02,1.303411254882812500e+02
3.902043914794921875e+01,7.597445678710937500e+01
2.421044731140136719e+01,7.060843658447265625e+01
1.035968875885009766e+01,4.235337829589843750e+01
2.526064109802246094e+01,5.740837860107421875e+01
3.739576721191406250e+01,6.513626098632812500e+01
3.169458580017089844e+01,6.518847656250000000e+01
9.227806854248046875e+01,1.360542297363281250e+02
1.770842742919921875e+01,1.005537109375000000e+02
1.470454692840576172e+01,7.934716796875000000e+01
1.356468105316162109e+01,9.043154907226562500e+01
8.244761466979980469e+00,4.557779312133789062e+01
1.074344348907470703e+01,6.387285995483398438e+01
3.376465225219726562e+01,6.370893096923828125e+01
3.097998619079589844e+01,8.645559692382812500e+01
1.331643962860107422e+01,2.559930992126464844e+01
1.306753826141357422e+01,9.194357299804687500e+01
1.294250011444091797e+01,9.634897613525390625e+01
1.010970783233642578e+01,8.529231262207031250e+01
1.011973857879638672e+01,5.024221038818359375e+01
1.007826328277587891e+01,8.134167480468750000e+01
1.701876831054687500e+01,9.282760620117187500e+01
1.076644897460937500e+01,8.269345855712890625e+01
1.029136276245117188e+01,6.332099914550781250e+01
1.998708915710449219e+01,9.073094177246093750e+01
9.724461555480957031e+00,5.639023590087890625e+01
1.281503772735595703e+01,8.357388305664062500e+01
1.233307170867919922e+01,5.587229156494140625e+01
1.291081523895263672e+01,8.152772521972656250e+01
1.089967060089111328e+01,7.091693878173828125e+01
8.256106376647949219e+00,6.326020812988281250e+01
2.528618812561035156e+01,9.194316101074218750e+01
4.478558731079101562e+01,9.170657348632812500e+01
2.135035514831542969e+01,4.860419845581054688e+01
1.484043121337890625e+01,3.248934173583984375e+01
4.807260131835937500e+01,8.795701599121093750e+01
1.522291088104248047e+01,1.003787765502929688e+02
1.200376415252685547e+01,9.121502685546875000e+01
1.342012119293212891e+01,8.659851074218750000e+01
1.655666542053222656e+01,8.293975067138671875e+01
4.829421997070312500e+01,1.153759536743164062e+02
1.163397693634033203e+01,7.972581481933593750e+01
1.460916423797607422e+01,8.840748596191406250e+01
1.867209815979003906e+01,9.721832275390625000e+01
1.888460540771484375e+01,6.002264022827148438e+01
1.314204406738281250e+01,3.443097686767578125e+01
1.226762104034423828e+01,5.244024658203125000e+01
1.513434600830078125e+01,5.249807739257812500e+01
2.282998466491699219e+01,4.627629470825195312e+01
9.525189208984375000e+01,1.087760696411132812e+02
3.544327163696289062e+01,7.961300659179687500e+01
3.002915382385253906e+01,6.410673522949218750e+01
3.138565635681152344e+01,6.303067398071289062e+01
6.872676849365234375e+01,9.823489379882812500e+01
3.166971778869628906e+01,7.693800354003906250e+01
5.514910888671875000e+01,8.114822387695312500e+01
4.193536376953125000e+01,6.448402404785156250e+01
2.181600761413574219e+01,6.549065399169921875e+01
7.112477111816406250e+01,8.503650665283203125e+01
7.234561157226562500e+01,8.938423156738281250e+01
3.880676269531250000e+01,7.986596679687500000e+01
9.356421661376953125e+01,1.086835174560546875e+02
4.094433212280273438e+01,7.862422180175781250e+01
6.659868621826171875e+01,9.796672058105468750e+01
4.592939376831054688e+01,8.129885864257812500e+01
3.834603118896484375e+01,7.546409606933593750e+01
5.172193527221679688e+01,7.680699157714843750e+01
4.981874084472656250e+01,8.226950836181640625e+01
3.714449691772460938e+01,7.253650665283203125e+01
8.380767059326171875e+01,1.018786697387695312e+02
3.421548080444335938e+01,7.040225219726562500e+01
5.239068222045898438e+01,8.371690368652343750e+01
6.667866516113281250e+01,8.191018676757812500e+01
4.710362625122070312e+01,6.853244018554687500e+01
1.149496536254882812e+02,1.384481964111328125e+02
1.190840530395507812e+02,1.400206604003906250e+02
8.467411041259765625e+01,1.331333618164062500e+02
6.225352478027343750e+01,1.201358108520507812e+02
9.369519805908203125e+01,1.297775268554687500e+02
1.014888534545898438e+02,1.273665847778320312e+02
8.671239471435546875e+01,1.233106231689453125e+02
9.557279205322265625e+01,1.327920074462890625e+02
8.238754272460937500e+01,1.251401748657226562e+02
6.699456024169921875e+01,1.219677734375000000e+02
7.769142913818359375e+01,1.321457214355468750e+02
8.567945098876953125e+01,1.325465545654296875e+02
1.050259780883789062e+02,1.323851013183593750e+02
9.789441680908203125e+01,1.247236022949218750e+02
9.718395996093750000e+01,1.373813171386718750e+02
9.397751617431640625e+01,1.303632202148437500e+02
9.551963043212890625e+01,1.378280334472656250e+02
8.986276245117187500e+01,1.392147216796875000e+02
8.958760833740234375e+01,1.354236297607421875e+02
7.095453643798828125e+01,1.240318298339843750e+02
1.068246383666992188e+02,1.313343200683593750e+02
9.848610687255859375e+01,1.391269378662109375e+02
1.154127883911132812e+02,1.346419067382812500e+02
1.179439926147460938e+02,1.330772094726562500e+02
8.621057128906250000e+01,1.315578308105468750e+02
7.207600402832031250e+01,1.175126342773437500e+02
8.822995758056640625e+01,1.245646514892578125e+02
9.275409698486328125e+01,1.368748931884765625e+02
6.068090438842773438e+01,1.114047622680664062e+02
5.985087203979492188e+01,1.092038574218750000e+02
9.176602935791015625e+01,1.217574768066406250e+02
2.823132896423339844e+01,7.093167114257812500e+01
5.410784912109375000e+01,9.309120178222656250e+01
4.020698547363281250e+01,8.260535430908203125e+01
1.119798812866210938e+02,1.238634185791015625e+02
5.670964431762695312e+01,8.480195617675781250e+01
7.852944183349609375e+01,8.960793304443359375e+01
5.616994094848632812e+01,7.716457366943359375e+01
4.809681320190429688e+01,7.919206237792968750e+01
1.023143692016601562e+02,1.312670135498046875e+02
8.838158416748046875e+01,1.254674682617187500e+02
7.933477020263671875e+01,1.206824340820312500e+02
7.850357818603515625e+01,1.170719909667968750e+02
9.620971679687500000e+01,1.220358428955078125e+02
2.747500801086425781e+01,6.715688323974609375e+01
5.760741806030273438e+01,6.544299316406250000e+01
7.321942901611328125e+01,9.136152648925781250e+01
5.736725997924804688e+01,6.482630920410156250e+01
2.918659782409667969e+01,6.035420989990234375e+01
3.788559722900390625e+01,5.680929183959960938e+01
1.004244079589843750e+02,1.239757003784179688e+02
5.025725936889648438e+01,4.298036956787109375e+01
6.576473236083984375e+01,1.011479034423828125e+02
3.971995162963867188e+01,7.458165740966796875e+01
8.827160644531250000e+01,1.078458251953125000e+02
4.950799560546875000e+01,7.337253570556640625e+01
5.554758071899414062e+01,1.193546600341796875e+02
7.671179962158203125e+01,1.125297546386718750e+02
4.327427291870117188e+01,7.086386108398437500e+01
4.700214004516601562e+01,5.813400268554687500e+01
3.459629440307617188e+01,6.738150024414062500e+01
3.440623474121093750e+01,4.987913513183593750e+01
4.073419570922851562e+01,6.433332061767578125e+01
5.072542190551757812e+01,6.359152603149414062e+01
9.315842437744140625e+01,1.080859527587890625e+02
5.024903488159179688e+01,6.837448120117187500e+01
4.746596145629882812e+01,6.630537414550781250e+01
3.895399093627929688e+01,5.986031341552734375e+01
5.752409744262695312e+01,8.428874206542968750e+01
4.066285324096679688e+01,5.685787200927734375e+01
4.924417114257812500e+01,7.133856201171875000e+01
3.435606384277343750e+01,6.779315948486328125e+01
3.544562911987304688e+01,6.293013000488281250e+01
4.413397216796875000e+01,6.619512939453125000e+01
4.146743392944335938e+01,5.716142272949218750e+01
2.890303039550781250e+01,6.318603897094726562e+01
6.380200195312500000e+01,6.554390716552734375e+01
7.470563507080078125e+01,8.014881134033203125e+01
3.930730056762695312e+01,4.917226409912109375e+01
3.497728729248046875e+01,5.395449447631835938e+01
6.738884735107421875e+01,7.013731384277343750e+01
5.793640136718750000e+01,8.912068176269531250e+01
3.218470764160156250e+01,7.659256744384765625e+01
9.849991607666015625e+01,1.259540023803710938e+02
8.689408111572265625e+01,1.392430572509765625e+02
9.374546051025390625e+01,1.438401489257812500e+02
1.146976089477539062e+02,1.453022155761718750e+02
8.131703948974609375e+01,1.320662078857421875e+02
7.939164733886718750e+01,1.301103057861328125e+02
7.007929229736328125e+01,7.333132171630859375e+01
2.282832145690917969e+01,5.041440200805664062e+01
5.873312759399414062e+01,8.327926635742187500e+01
4.121913146972656250e+01,6.985337829589843750e+01
2.855754661560058594e+01,5.303524780273437500e+01
1.727646064758300781e+01,1.961673736572265625e+01
3.577082443237304688e+01,5.975152206420898438e+01
8.198954772949218750e+01,1.350549316406250000e+02
9.695433807373046875e+01,1.455793304443359375e+02
7.681942749023437500e+01,1.362237854003906250e+02
6.672464752197265625e+01,8.554249572753906250e+01
9.558957672119140625e+01,1.256026000976562500e+02
3.617394638061523438e+01,7.139688110351562500e+01
2.687036705017089844e+01,5.163302612304687500e+01
3.348329544067382812e+01,6.297795486450195312e+01
7.611730194091796875e+01,8.265013122558593750e+01
5.191884231567382812e+01,9.204578399658203125e+01
1.214563217163085938e+02,1.232124023437500000e+02
1.210471725463867188e+02,1.155260620117187500e+02
1.204955520629882812e+02,1.239913330078125000e+02
4.486159133911132812e+01,7.351435852050781250e+01
3.606894683837890625e+01,6.376155090332031250e+01
6.444445037841796875e+01,9.008739471435546875e+01
3.148408508300781250e+01,6.498617553710937500e+01
4.097499465942382812e+01,6.635767364501953125e+01
8.322976684570312500e+01,1.176952667236328125e+02
5.159152221679687500e+01,8.066113281250000000e+01
1.042013320922851562e+02,1.193454437255859375e+02
6.407927703857421875e+01,9.729499816894531250e+01
7.459452056884765625e+01,9.552893066406250000e+01
6.412883758544921875e+01,8.910113525390625000e+01
1.068269271850585938e+02,1.312429046630859375e+02
6.776732635498046875e+01,9.679746246337890625e+01
1.046485977172851562e+02,1.201025772094726562e+02
1.033896484375000000e+02,1.273694381713867188e+02
6.936585235595703125e+01,8.820286560058593750e+01
1.081618881225585938e+02,1.104503326416015625e+02
6.330824279785156250e+01,8.378971099853515625e+01
3.987244796752929688e+01,9.241992950439453125e+01
4.832120895385742188e+01,8.657261657714843750e+01
3.391188430786132812e+01,7.372702026367187500e+01
5.435482788085937500e+01,8.917652893066406250e+01
9.318106842041015625e+01,1.120939178466796875e+02
1.123765258789062500e+02,1.155893859863281250e+02
8.434525299072265625e+01,1.147850799560546875e+02
7.303665161132812500e+01,1.031117248535156250e+02
6.821303558349609375e+01,9.056468963623046875e+01
1.131781997680664062e+02,1.185979461669921875e+02
6.386347579956054688e+01,9.204760742187500000e+01
5.277782058715820312e+01,9.150354003906250000e+01
4.532974243164062500e+01,7.733972930908203125e+01
1.041564102172851562e+02,1.136955261230468750e+02
7.606758880615234375e+01,9.847507476806640625e+01
6.146016311645507812e+01,9.866371154785156250e+01
7.394071197509765625e+01,1.180106201171875000e+02
8.995623779296875000e+01,1.046803436279296875e+02
7.741577148437500000e+01,9.593949127197265625e+01
7.562023162841796875e+01,1.049867553710937500e+02
3.701977539062500000e+01,5.963622665405273438e+01
4.110548019409179688e+01,6.275979995727539062e+01
4.182098388671875000e+01,7.218392944335937500e+01
4.653469848632812500e+01,7.525173950195312500e+01
6.462989044189453125e+01,9.240048217773437500e+01
2.285502052307128906e+01,4.079029846191406250e+01
7.651146697998046875e+01,1.073057861328125000e+02
8.856715202331542969e+00,4.137893676757812500e+01
1.122189617156982422e+01,4.014233016967773438e+01
1.677528953552246094e+01,3.537118530273437500e+01
1.546658802032470703e+01,4.149790191650390625e+01
1.762011718750000000e+01,6.720764923095703125e+01
3.988025665283203125e+01,7.353403472900390625e+01
1.071877212524414062e+02,1.212095642089843750e+02
1.574573898315429688e+01,4.994810485839843750e+01
1.067661666870117188e+01,3.529562377929687500e+01
4.030414199829101562e+01,8.121554565429687500e+01
2.767336273193359375e+01,7.597991180419921875e+01
2.831199455261230469e+01,5.620531463623046875e+01
1.868023872375488281e+01,4.640763854980468750e+01
2.648449516296386719e+01,6.916365814208984375e+01
5.885296630859375000e+01,8.998904418945312500e+01
4.245965576171875000e+01,7.287834167480468750e+01
2.424222373962402344e+01,5.684915161132812500e+01
1.023521900177001953e+01,4.379185485839843750e+01
1.542155170440673828e+01,4.291071319580078125e+01
2.201406288146972656e+01,7.109922790527343750e+01
1.388172245025634766e+01,3.765039825439453125e+01
2.086225318908691406e+01,5.125547790527343750e+01
2.543170356750488281e+01,5.412819671630859375e+01
1.499857997894287109e+01,5.068808746337890625e+01
1.860057830810546875e+01,5.099002075195312500e+01
1.457981967926025391e+01,4.381910705566406250e+01
2.594328498840332031e+01,5.266285705566406250e+01
1.589306926727294922e+01,5.106414794921875000e+01
5.679710006713867188e+01,8.271372985839843750e+01
1.259027194976806641e+01,4.115644073486328125e+01
1.140817642211914062e+01,3.728987121582031250e+01
1.233097076416015625e+01,3.360057067871093750e+01
1.376386737823486328e+01,4.268238830566406250e+01
8.125521087646484375e+01,1.251557617187500000e+02
3.506142807006835938e+01,8.656640625000000000e+01
2.756307983398437500e+01,5.542198181152343750e+01
2.493382072448730469e+01,6.648446655273437500e+01
1.119238567352294922e+01,4.018119812011718750e+01
1.242016983032226562e+01,4.101162719726562500e+01
1.150672912597656250e+01,3.254144668579101562e+01
1.923904228210449219e+01,5.331617736816406250e+01
2.353411102294921875e+01,5.619839477539062500e+01
2.898067283630371094e+01,7.327397155761718750e+01
2.586380004882812500e+01,5.171159362792968750e+01
6.223314285278320312e+01,1.018499755859375000e+02
2.505393409729003906e+01,5.450597381591796875e+01
2.186715507507324219e+01,5.910110473632812500e+01
1.738172340393066406e+01,4.108176040649414062e+01
4.971794509887695312e+01,1.108554992675781250e+02
3.827785110473632812e+01,8.476554107666015625e+01
2.068725967407226562e+01,6.033538055419921875e+01
2.099291229248046875e+01,5.015913391113281250e+01
2.281006813049316406e+01,4.435489654541015625e+01
2.373881530761718750e+01,3.925157928466796875e+01
4.416076660156250000e+01,8.710066223144531250e+01
4.065234756469726562e+01,7.103415679931640625e+01
3.446078109741210938e+01,6.773719787597656250e+01
5.480984115600585938e+01,1.044280929565429688e+02
5.858003616333007812e+01,7.016062927246093750e+01
7.691773223876953125e+01,1.011658172607421875e+02
1.804958915710449219e+01,4.526609039306640625e+01
1.623105239868164062e+01,5.235527420043945312e+01
9.003628540039062500e+01,1.160063323974609375e+02
6.644757843017578125e+01,1.030053253173828125e+02
1.424989604949951172e+01,3.486147689819335938e+01
1.663669013977050781e+01,3.534442901611328125e+01
1.013648147583007812e+02,1.126790313720703125e+02
3.714300918579101562e+01,5.507942962646484375e+01
4.604481124877929688e+01,6.392084503173828125e+01
5.250642776489257812e+01,7.833290100097656250e+01
2.670713996887207031e+01,5.130456542968750000e+01
1.966119575500488281e+01,5.138863372802734375e+01
1.368451690673828125e+01,5.058675003051757812e+01
1.422240734100341797e+01,4.981918334960937500e+01
5.163299942016601562e+01,7.432144165039062500e+01
5.756975173950195312e+01,8.734160614013671875e+01
5.306517410278320312e+01,9.754711914062500000e+01
3.642212295532226562e+01,5.802293395996093750e+01
1.783020210266113281e+01,3.874371337890625000e+01
2.024582099914550781e+01,5.362941741943359375e+01
3.029715156555175781e+01,5.559747695922851562e+01
3.244379806518554688e+01,5.284440612792968750e+01
3.922127151489257812e+01,7.552377319335937500e+01
2.227993011474609375e+01,5.032020568847656250e+01
3.151049804687500000e+01,5.572532653808593750e+01
5.239237976074218750e+01,7.118983459472656250e+01
5.374218750000000000e+01,5.551371002197265625e+01
6.721026611328125000e+01,7.458406066894531250e+01
2.970856666564941406e+01,7.291321563720703125e+01
7.129454803466796875e+01,1.086605987548828125e+02
1.917230796813964844e+01,5.622953033447265625e+01
3.926421737670898438e+01,5.898246002197265625e+01
1.036713562011718750e+02,1.132739562988281250e+02
3.660727310180664062e+01,8.461851501464843750e+01
1.779414367675781250e+01,4.044575881958007812e+01
1.463512039184570312e+01,3.641135406494140625e+01
4.002577590942382812e+01,7.650596618652343750e+01
9.998923492431640625e+01,1.277792053222656250e+02
1.708946609497070312e+01,3.818681716918945312e+01
6.481959533691406250e+01,7.457585906982421875e+01
9.001879882812500000e+01,1.012199859619140625e+02
4.631180953979492188e+01,8.207944488525390625e+01
8.693733978271484375e+01,9.657451629638671875e+01
5.273390579223632812e+01,1.052637481689453125e+02
4.869656753540039062e+01,9.354347229003906250e+01
4.248926925659179688e+01,8.089428710937500000e+01
4.164671707153320312e+01,8.677916717529296875e+01
5.479336929321289062e+01,1.002706146240234375e+02
3.869515228271484375e+01,7.384006500244140625e+01
5.878767776489257812e+01,1.072347335815429688e+02
3.779770278930664062e+01,1.287091522216796875e+02
4.994660568237304688e+01,7.653590393066406250e+01
8.759558868408203125e+01,1.067323303222656250e+02
9.359625244140625000e+01,1.170566711425781250e+02
1.486742687225341797e+01,4.671111297607421875e+01
1.250080566406250000e+02,1.429475708007812500e+02
1.122291259765625000e+02,1.211604919433593750e+02
4.028165817260742188e+01,1.052159271240234375e+02
1.023868942260742188e+02,1.127885131835937500e+02
1.014395828247070312e+02,1.182946929931640625e+02
1.276035842895507812e+02,1.258094940185546875e+02
1.294993133544921875e+02,1.223461837768554688e+02
7.740854644775390625e+01,1.210774688720703125e+02
1.240781250000000000e+02,1.326202392578125000e+02
1.050417785644531250e+02,1.267026977539062500e+02
7.404923248291015625e+01,9.078782653808593750e+01
3.377008056640625000e+01,9.659484863281250000e+01
7.562712860107421875e+01,1.271609191894531250e+02
7.571171569824218750e+01,1.286843872070312500e+02
6.290704345703125000e+01,1.248677062988281250e+02
5.299136734008789062e+01,1.112091522216796875e+02
2.816118431091308594e+01,9.670599365234375000e+01
3.129843902587890625e+01,8.276464843750000000e+01
3.494869613647460938e+01,9.696322631835937500e+01
3.956914901733398438e+01,9.103617858886718750e+01
5.230450439453125000e+01,1.195023040771484375e+02
1.067190856933593750e+02,1.145284729003906250e+02
1.195502243041992188e+02,1.379662170410156250e+02
6.336597061157226562e+01,1.503869934082031250e+02
1.118950500488281250e+02,1.308110351562500000e+02
3.364488601684570312e+01,6.524367523193359375e+01
6.592644500732421875e+01,8.085806274414062500e+01
7.393975067138671875e+01,1.086742477416992188e+02
7.032061004638671875e+01,1.028607635498046875e+02
1.055890197753906250e+02,1.274753341674804688e+02
1.110633621215820312e+02,1.295208435058593750e+02
1.085035781860351562e+02,1.356781005859375000e+02
5.970006942749023438e+01,8.496492767333984375e+01
4.998022460937500000e+01,7.754330444335937500e+01
5.095632934570312500e+01,7.837800598144531250e+01
9.493630218505859375e+01,1.045023880004882812e+02
7.600334167480468750e+01,9.970147705078125000e+01
4.468656921386718750e+01,7.352525329589843750e+01
8.524288177490234375e+01,1.127956085205078125e+02
9.672195434570312500e+01,1.214457550048828125e+02
5.941987991333007812e+01,1.085897903442382812e+02
8.284247589111328125e+01,1.142366180419921875e+02
7.845034790039062500e+01,9.400981140136718750e+01
6.889871978759765625e+01,9.523934936523437500e+01
1.163268356323242188e+02,1.279685668945312500e+02
8.871681976318359375e+01,1.196772766113281250e+02
1.041313095092773438e+02,1.252179107666015625e+02
8.365092468261718750e+01,1.083552627563476562e+02
8.890277099609375000e+01,1.065259323120117188e+02
1.053159255981445312e+02,1.290914916992187500e+02
8.419577789306640625e+01,1.089227523803710938e+02
5.558166122436523438e+01,9.798353576660156250e+01
4.465788650512695312e+01,9.616058349609375000e+01
1.020991744995117188e+02,1.271945800781250000e+02
1.072838821411132812e+02,1.226577606201171875e+02
8.613265228271484375e+01,1.046055908203125000e+02
6.142111587524414062e+01,1.123140258789062500e+02
8.485778808593750000e+01,1.109819717407226562e+02
1.161065673828125000e+02,1.279153518676757812e+02
1.252948608398437500e+02,1.379042663574218750e+02
7.963258361816406250e+01,1.252321624755859375e+02
5.475627517700195312e+01,9.996922302246093750e+01
8.788793945312500000e+01,1.059348602294921875e+02
7.781851959228515625e+01,1.003160095214843750e+02
7.280664825439453125e+01,1.115082550048828125e+02
1.175203628540039062e+02,1.300416870117187500e+02
9.730870819091796875e+01,1.164585571289062500e+02
8.436073303222656250e+01,1.111695709228515625e+02
1.005497741699218750e+02,1.206598510742187500e+02
1.309838562011718750e+02,1.399309234619140625e+02
5.430821228027343750e+01,1.096943588256835938e+02
5.309350585937500000e+01,7.914601135253906250e+01
4.913613510131835938e+01,7.526560974121093750e+01
6.891277313232421875e+01,8.242247009277343750e+01
1.212819213867187500e+02,1.265092773437500000e+02
4.442294311523437500e+01,8.009393310546875000e+01
1.039753417968750000e+02,1.308882446289062500e+02
1.108969497680664062e+02,1.258294677734375000e+02
3.407781600952148438e+01,7.275108337402343750e+01
6.767404937744140625e+01,1.178426208496093750e+02
4.308598709106445312e+01,8.655201721191406250e+01
4.454684448242187500e+01,8.241830444335937500e+01
6.767273712158203125e+01,9.993037414550781250e+01
9.637306976318359375e+01,1.328154296875000000e+02
4.358340072631835938e+01,1.199220352172851562e+02
9.349625396728515625e+01,1.203394927978515625e+02
8.310149383544921875e+01,1.233253326416015625e+02
6.842324066162109375e+01,1.355847320556640625e+02
7.038231658935546875e+01,1.342849121093750000e+02
9.018904876708984375e+01,1.168618164062500000e+02
1.159010620117187500e+02,1.406100463867187500e+02
4.276229858398437500e+01,1.088996124267578125e+02
2.782353210449218750e+01,8.132481384277343750e+01
1.058250961303710938e+02,1.208547821044921875e+02
6.459675598144531250e+01,9.316571044921875000e+01
4.370859146118164062e+01,1.044754943847656250e+02
9.378009033203125000e+01,1.178874282836914062e+02
9.316806030273437500e+01,1.251048126220703125e+02
7.473227691650390625e+01,1.269418411254882812e+02
1.138771896362304688e+02,1.286584625244140625e+02
6.257633590698242188e+01,9.717442321777343750e+01
4.818827438354492188e+01,8.366435241699218750e+01
4.635032653808593750e+01,8.234458160400390625e+01
9.200830841064453125e+01,1.094830398559570312e+02
9.659588623046875000e+01,1.155743255615234375e+02
1.220117416381835938e+02,1.311979827880859375e+02
8.933040618896484375e+01,1.085942993164062500e+02
6.789530181884765625e+01,9.365394592285156250e+01
9.280382537841796875e+01,1.204710235595703125e+02
5.132204818725585938e+01,9.287718963623046875e+01
1.062956771850585938e+02,1.186833953857421875e+02
5.936915969848632812e+01,9.172682189941406250e+01
4.734655761718750000e+01,7.552456665039062500e+01
1.069602050781250000e+02,1.184828720092773438e+02
8.994161224365234375e+01,1.082646713256835938e+02
1.056794204711914062e+02,1.149084930419921875e+02
1.093286819458007812e+02,1.185359344482421875e+02
7.229462432861328125e+01,9.259385681152343750e+01
1.089369812011718750e+02,1.161636657714843750e+02
6.011414718627929688e+01,1.168892822265625000e+02
8.695587921142578125e+01,1.279659652709960938e+02
1.114800186157226562e+02,1.141096954345703125e+02
1.134491806030273438e+02,1.199593200683593750e+02
1.161692428588867188e+02,1.378054199218750000e+02
7.965158081054687500e+01,1.052474594116210938e+02
1.109276733398437500e+02,1.302042388916015625e+02
7.793936157226562500e+01,1.244683380126953125e+02
6.621960449218750000e+01,1.025452728271484375e+02
3.824430465698242188e+01,8.397308349609375000e+01
9.078079223632812500e+01,1.177511291503906250e+02
5.523962783813476562e+01,8.794593811035156250e+01
9.154030609130859375e+01,1.228738861083984375e+02
1.216797714233398438e+02,1.320741882324218750e+02
7.272797393798828125e+01,1.202363204956054688e+02
1.175730972290039062e+02,1.304766082763671875e+02
1.089141006469726562e+02,1.279167709350585938e+02
6.023673629760742188e+01,1.268328094482421875e+02
2.128172111511230469e+01,8.998602294921875000e+01
7.280093383789062500e+01,8.034609222412109375e+01
5.594044494628906250e+01,8.521685791015625000e+01
5.165070724487304688e+01,9.847328186035156250e+01
1.091584091186523438e+02,1.299564514160156250e+02
1.195370712280273438e+02,1.405098419189453125e+02
8.554471588134765625e+01,1.088642807006835938e+02
5.030757141113281250e+01,6.194773864746093750e+01
7.469436645507812500e+01,8.195887756347656250e+01
5.048527145385742188e+01,8.301465606689453125e+01
2.168148803710937500e+01,3.448145675659179688e+01
8.183175659179687500e+01,9.721774291992187500e+01
5.353828811645507812e+01,7.324069976806640625e+01
1.027026367187500000e+02,1.097507934570312500e+02
2.703703308105468750e+01,7.429373168945312500e+01
8.763332366943359375e+01,9.837683105468750000e+01
8.095146942138671875e+01,1.028742370605468750e+02
9.658689117431640625e+01,1.002108688354492188e+02
1.092380981445312500e+02,7.562203979492187500e+01
2.573440551757812500e+01,2.006110191345214844e+01
2.980208778381347656e+01,4.918433761596679688e+01
1.472666454315185547e+01,2.515751075744628906e+01
2.307402610778808594e+01,4.338298034667968750e+01
8.959423065185546875e+01,1.044037857055664062e+02
5.262249755859375000e+01,5.723864746093750000e+01
1.179114761352539062e+02,1.310864257812500000e+02
8.471752929687500000e+01,1.258275375366210938e+02
1.157354354858398438e+02,1.350257873535156250e+02
5.640742111206054688e+01,8.796368408203125000e+01
8.194823455810546875e+01,1.169646148681640625e+02
5.429618453979492188e+01,5.293165969848632812e+01
5.355123901367187500e+01,6.160217285156250000e+01
9.570162963867187500e+01,1.182130126953125000e+02
8.515735626220703125e+01,1.267907104492187500e+02
8.225237274169921875e+01,1.126033859252929688e+02
4.103762435913085938e+01,7.999569702148437500e+01
8.420008850097656250e+01,1.202275543212890625e+02
5.771635055541992188e+01,1.097828826904296875e+02
4.238682556152343750e+01,6.954120635986328125e+01
2.857350730895996094e+01,8.905508422851562500e+01
3.671607208251953125e+01,8.402465820312500000e+01
4.397848892211914062e+01,9.122254943847656250e+01
4.484231948852539062e+01,1.014991683959960938e+02
3.927457046508789062e+01,8.631716918945312500e+01
6.141003036499023438e+01,1.020077209472656250e+02
8.582279205322265625e+01,1.189256134033203125e+02
2.310212707519531250e+01,7.343041992187500000e+01
6.223733520507812500e+01,1.112771453857421875e+02
4.602985000610351562e+01,9.010348510742187500e+01
6.311619567871093750e+01,1.085380859375000000e+02
3.605562591552734375e+01,7.223371124267578125e+01
4.683974838256835938e+01,8.796092224121093750e+01
3.519744873046875000e+01,8.366551971435546875e+01
3.982685852050781250e+01,7.635916137695312500e+01
7.883254241943359375e+01,1.084993896484375000e+02
5.222462463378906250e+01,9.348025512695312500e+01
4.170238113403320312e+01,8.154585266113281250e+01
3.239368057250976562e+01,7.584555816650390625e+01
4.716232681274414062e+01,9.613641357421875000e+01
6.438114166259765625e+01,1.101789550781250000e+02
4.400004196166992188e+01,8.552439880371093750e+01
2.670984458923339844e+01,7.362821960449218750e+01
3.328484725952148438e+01,7.103890991210937500e+01
6.473027801513671875e+01,1.086232452392578125e+02
8.071831512451171875e+01,1.353082580566406250e+02
8.381041717529296875e+01,9.257418060302734375e+01
8.038496398925781250e+01,1.142841339111328125e+02
8.386158752441406250e+01,1.201499176025390625e+02
3.336307907104492188e+01,7.783775329589843750e+01
1.357585601806640625e+02,1.363277282714843750e+02
3.937363815307617188e+01,6.368968200683593750e+01
9.802065277099609375e+01,1.350711975097656250e+02
8.702508544921875000e+01,1.100460357666015625e+02
4.069969558715820312e+01,4.320388031005859375e+01
1.189077377319335938e+02,1.289472045898437500e+02
1.037439041137695312e+02,1.262626800537109375e+02
1.230719604492187500e+02,1.259626770019531250e+02
6.549277496337890625e+01,1.382441558837890625e+02
7.929296875000000000e+01,8.206124877929687500e+01
4.785515213012695312e+01,9.273365783691406250e+01
5.809384536743164062e+01,1.035189819335937500e+02
4.044708633422851562e+01,6.765683746337890625e+01
8.752713775634765625e+01,1.179613342285156250e+02
5.601806640625000000e+01,9.615155029296875000e+01
7.191229248046875000e+01,1.107336196899414062e+02
3.581986999511718750e+01,7.776075744628906250e+01
4.139874649047851562e+01,8.413302612304687500e+01
8.495304107666015625e+01,1.066169662475585938e+02
7.062789154052734375e+01,9.773431396484375000e+01
1.284574737548828125e+02,1.188790054321289062e+02
8.090854644775390625e+01,1.175316162109375000e+02
1.084207382202148438e+02,1.364343719482421875e+02
9.738018035888671875e+01,1.168912200927734375e+02
1.163053588867187500e+02,1.282551574707031250e+02
9.743096923828125000e+01,1.100315246582031250e+02
9.552159881591796875e+01,1.229051284790039062e+02
4.965980148315429688e+01,1.123272171020507812e+02
8.895621490478515625e+01,1.212303085327148438e+02
1.049965438842773438e+02,1.154234313964843750e+02
1.007739028930664062e+02,1.213373718261718750e+02
4.736448287963867188e+01,1.052673797607421875e+02
7.096511077880859375e+01,1.076986236572265625e+02
6.214191818237304688e+01,9.191624450683593750e+01
9.492526245117187500e+01,1.145618438720703125e+02
9.091140747070312500e+01,7.310127258300781250e+01
7.153865051269531250e+01,8.909986114501953125e+01
4.743470764160156250e+01,7.589924621582031250e+01
8.356990814208984375e+01,1.086629791259765625e+02
8.677915191650390625e+01,9.826981353759765625e+01
1.259505538940429688e+02,1.337886352539062500e+02
4.582388687133789062e+01,9.784348297119140625e+01
8.245745849609375000e+01,9.652886962890625000e+01
8.373627471923828125e+01,1.016267547607421875e+02
1.185414810180664062e+02,1.391054840087890625e+02
8.964234161376953125e+01,1.317549743652343750e+02
4.930624389648437500e+01,1.010177612304687500e+02
4.185078811645507812e+01,9.375381469726562500e+01
6.622432708740234375e+01,8.151775360107421875e+01
1.020160217285156250e+02,1.096570281982421875e+02
7.010417938232421875e+01,9.569671630859375000e+01
6.381848144531250000e+01,1.352985687255859375e+02
8.842020416259765625e+01,1.098263626098632812e+02
1.069974365234375000e+02,1.033621368408203125e+02
1.019271774291992188e+02,1.267313995361328125e+02
5.310042190551757812e+01,1.288976440429687500e+02
4.511480712890625000e+01,9.585923004150390625e+01
2.008516883850097656e+01,3.161224746704101562e+01
1.189256896972656250e+02,1.301367187500000000e+02
1.371299591064453125e+02,1.416960144042968750e+02
9.097150421142578125e+01,1.073932495117187500e+02
9.722216796875000000e+01,1.217094268798828125e+02
8.477496337890625000e+01,1.411363220214843750e+02
2.877175712585449219e+01,6.452044677734375000e+01
2.754835510253906250e+01,5.760078811645507812e+01
1.024249343872070312e+02,1.269968566894531250e+02
8.372138214111328125e+01,1.034747238159179688e+02
7.899117279052734375e+01,9.362421417236328125e+01
4.974326705932617188e+01,8.620440673828125000e+01
8.548499298095703125e+01,1.438825683593750000e+02
5.999327087402343750e+01,1.001596374511718750e+02
1.538874053955078125e+01,1.325531005859375000e+01
2.020548439025878906e+01,5.640426635742187500e+01
2.197883033752441406e+01,2.920529556274414062e+01
2.626135063171386719e+01,4.071502685546875000e+01
5.114648056030273438e+01,1.282840881347656250e+02
6.693404388427734375e+01,1.012852783203125000e+02
5.158609390258789062e+01,1.211960906982421875e+02
6.813768768310546875e+01,1.207500457763671875e+02
8.751934051513671875e+01,1.220840454101562500e+02
8.979177093505859375e+01,1.202446441650390625e+02
6.131150436401367188e+01,1.089470520019531250e+02
7.149483489990234375e+01,1.130425033569335938e+02
9.895694732666015625e+01,1.285437011718750000e+02
9.237749481201171875e+01,1.257397766113281250e+02
1.154468765258789062e+02,1.335730743408203125e+02
8.518628692626953125e+01,1.102506484985351562e+02
1.297391662597656250e+02,1.336387329101562500e+02
5.752741622924804688e+01,1.141225891113281250e+02
1.682405281066894531e+01,4.708666610717773438e+01
1.977057266235351562e+01,3.717297363281250000e+01
1.046616516113281250e+02,1.252641448974609375e+02
9.400527191162109375e+01,1.382396240234375000e+02
1.381668376922607422e+01,3.362384796142578125e+01
8.970772552490234375e+01,1.214062347412109375e+02
1.391303539276123047e+01,2.638819122314453125e+01
1.955457305908203125e+01,6.035879516601562500e+01
8.234732818603515625e+01,1.101235351562500000e+02
2.818463325500488281e+01,5.035596466064453125e+01
6.644969940185546875e+01,1.253927612304687500e+02
4.160713577270507812e+01,8.180001831054687500e+01
2.920116424560546875e+01,9.305137634277343750e+01
3.639657211303710938e+01,9.412960815429687500e+01
1.092658462524414062e+02,1.291989746093750000e+02
1.512410736083984375e+01,5.331393432617187500e+01
2.849546813964843750e+01,7.889134216308593750e+01
1.177256393432617188e+01,3.255335235595703125e+01
1.678902244567871094e+01,5.931113433837890625e+01
1.458481884002685547e+01,5.111235809326171875e+01
1.740554809570312500e+01,5.481786346435546875e+01
9.633189201354980469e+00,6.027791595458984375e+01
2.173689460754394531e+01,5.643163681030273438e+01
1.843881034851074219e+01,4.846646118164062500e+01
2.357117271423339844e+01,5.716415786743164062e+01
1.092423534393310547e+01,3.997277069091796875e+01
1.560605907440185547e+01,5.041600036621093750e+01
3.238457107543945312e+01,5.557400131225585938e+01
3.013577842712402344e+01,6.739929199218750000e+01
2.618416786193847656e+01,4.851689910888671875e+01
1.758059692382812500e+01,5.934281158447265625e+01
3.771516799926757812e+01,7.572695922851562500e+01
9.971374511718750000e+00,3.789606094360351562e+01
1.555280303955078125e+01,8.150711059570312500e+01
2.549436950683593750e+01,9.888771057128906250e+01
1.060091552734375000e+02,1.474425659179687500e+02
5.833424758911132812e+01,7.723728942871093750e+01
4.137866210937500000e+01,8.318974304199218750e+01
1.301989746093750000e+01,3.808362197875976562e+01
1.165250244140625000e+02,1.474158935546875000e+02
6.643776702880859375e+01,1.242739257812500000e+02
4.352929687500000000e+01,9.118724060058593750e+01
5.557899093627929688e+01,1.157608261108398438e+02
5.250907516479492188e+01,1.022921905517578125e+02
1.009450302124023438e+02,1.336281127929687500e+02
8.200881958007812500e+01,1.305804138183593750e+02
4.738028335571289062e+01,8.902983093261718750e+01
2.767211723327636719e+01,4.081524276733398438e+01
3.210577392578125000e+01,5.820773315429687500e+01
1.312322235107421875e+02,1.317132568359375000e+02
1.287117004394531250e+02,1.198600158691406250e+02
2.769565391540527344e+01,4.106286621093750000e+01
1.683553886413574219e+01,5.918996810913085938e+01
1.607004547119140625e+01,4.905144882202148438e+01
1.256226882934570312e+02,1.355948181152343750e+02
1.624530220031738281e+01,5.797999572753906250e+01
6.629032897949218750e+01,1.142316513061523438e+02
8.028014373779296875e+01,1.237938537597656250e+02
6.489516448974609375e+01,1.230042648315429688e+02
1.120598449707031250e+02,1.171435089111328125e+02
6.391761398315429688e+01,1.181352386474609375e+02
3.614974975585937500e+01,8.936987304687500000e+01
9.909085273742675781e+00,4.488871765136718750e+01
5.348880004882812500e+01,7.831600189208984375e+01
1.107266998291015625e+01,7.927482604980468750e+01
1.988384246826171875e+01,9.064405822753906250e+01
1.303606796264648438e+01,7.018609619140625000e+01
1.086875915527343750e+01,4.382586669921875000e+01
7.694998931884765625e+01,1.136870880126953125e+02
9.918686676025390625e+01,1.261670455932617188e+02
1.031885986328125000e+02,1.274908752441406250e+02
2.534329223632812500e+01,5.635210418701171875e+01
2.731793403625488281e+01,7.465490722656250000e+01
8.921704864501953125e+01,1.173089904785156250e+02
4.985924911499023438e+01,8.881695556640625000e+01
1.335601654052734375e+02,1.392915039062500000e+02
1.024343032836914062e+02,1.126672058105468750e+02
7.844487762451171875e+01,1.032351684570312500e+02
9.963134765625000000e+01,1.117477722167968750e+02
1.117108154296875000e+02,1.185438842773437500e+02
1.274385147094726562e+02,1.289306945800781250e+02
1.176007003784179688e+02,1.236444015502929688e+02
8.604277801513671875e+01,1.145917510986328125e+02
3.913008117675781250e+01,7.048136138916015625e+01
5.802466964721679688e+01,9.887658691406250000e+01
6.211877822875976562e+01,1.215733108520507812e+02
8.924524688720703125e+01,1.255122528076171875e+02
9.049800872802734375e+01,1.362542419433593750e+02
9.223825073242187500e+01,1.240790252685546875e+02
6.702045440673828125e+01,1.077236404418945312e+02
1.198611831665039062e+02,1.307408599853515625e+02
4.373836135864257812e+01,7.402401733398437500e+01
3.191285133361816406e+01,5.760306930541992188e+01
8.087726593017578125e+01,1.137008514404296875e+02
6.090591812133789062e+01,9.745902252197265625e+01
7.158431243896484375e+01,1.058287200927734375e+02
6.740013885498046875e+01,8.248802185058593750e+01
7.055010223388671875e+01,9.708715820312500000e+01
5.699011230468750000e+01,8.619651794433593750e+01
3.028315162658691406e+01,7.077627563476562500e+01
1.828459739685058594e+01,4.668661117553710938e+01
2.168517112731933594e+01,7.785374450683593750e+01
3.538210296630859375e+01,6.813063812255859375e+01
3.646252059936523438e+01,7.557167053222656250e+01
1.033411026000976562e+01,4.868704986572265625e+01
1.630033683776855469e+01,5.138868713378906250e+01
1.168771648406982422e+01,4.258306884765625000e+01
1.929300880432128906e+01,5.549135208129882812e+01
1.026236820220947266e+01,3.595927810668945312e+01
1.195283031463623047e+01,5.161165618896484375e+01
2.119654655456542969e+01,5.823680877685546875e+01
1.349299240112304688e+01,4.817540740966796875e+01
1.483840274810791016e+01,4.359506988525390625e+01
1.494191455841064453e+01,4.198860549926757812e+01
2.842123413085937500e+01,8.527575683593750000e+01
8.100415802001953125e+01,9.217467498779296875e+01
1.478163909912109375e+01,4.701200866699218750e+01
8.068270111083984375e+01,1.013169631958007812e+02
2.632225036621093750e+01,6.665787506103515625e+01
6.910297393798828125e+01,8.072421264648437500e+01
4.321025085449218750e+01,6.359849548339843750e+01
5.980200195312500000e+01,1.016468200683593750e+02
5.850370407104492188e+01,1.060603637695312500e+02
5.621226882934570312e+01,8.289060974121093750e+01
5.678068923950195312e+01,8.262780761718750000e+01
8.262960815429687500e+01,1.161557693481445312e+02
1.018650131225585938e+02,1.202572479248046875e+02
1.733800315856933594e+01,4.449411773681640625e+01
7.042166900634765625e+01,1.182038574218750000e+02
3.421345138549804688e+01,7.184686279296875000e+01
3.649948501586914062e+01,8.789346313476562500e+01
4.787897109985351562e+01,9.554806518554687500e+01
3.301121139526367188e+01,8.492315673828125000e+01
3.143651580810546875e+01,7.632867431640625000e+01
7.804289245605468750e+01,8.635642242431640625e+01
3.516468811035156250e+01,7.041018676757812500e+01
1.176591567993164062e+02,1.263748931884765625e+02
8.894040679931640625e+01,1.219622955322265625e+02
1.186605911254882812e+02,1.387761688232421875e+02
8.974395751953125000e+01,9.199642944335937500e+01
2.275409889221191406e+01,4.539986419677734375e+01
2.130881309509277344e+01,4.255087280273437500e+01
4.140821456909179688e+01,7.322225952148437500e+01
1.453715229034423828e+01,3.853286743164062500e+01
7.092267608642578125e+01,7.218306732177734375e+01
4.057358932495117188e+01,9.238464355468750000e+01
6.692061614990234375e+01,9.686466979980468750e+01
3.133184623718261719e+01,6.322607421875000000e+01
8.882659912109375000e+01,1.270725631713867188e+02
1.079306640625000000e+02,1.187741470336914062e+02
1.321096649169921875e+02,1.331865844726562500e+02
8.082064819335937500e+01,1.011886444091796875e+02
3.993780136108398438e+01,9.725324249267578125e+01
7.995029449462890625e+01,1.084438018798828125e+02
9.393035125732421875e+01,1.233702316284179688e+02
7.601010131835937500e+01,6.274494552612304688e+01
6.265333175659179688e+01,1.003574523925781250e+02
9.309362792968750000e+01,9.828126525878906250e+01
6.107310867309570312e+01,8.347315979003906250e+01
4.856988525390625000e+01,9.715044403076171875e+01
4.265919494628906250e+01,8.917756652832031250e+01
6.171363449096679688e+01,9.502166748046875000e+01
5.855059814453125000e+01,1.040610961914062500e+02
6.025141525268554688e+01,6.940289306640625000e+01
5.013866806030273438e+01,7.176239013671875000e+01
5.250635910034179688e+01,7.630769348144531250e+01
5.507905197143554688e+01,9.085739135742187500e+01
8.998009490966796875e+01,1.106959686279296875e+02
7.053476715087890625e+01,8.625017547607421875e+01
7.647851562500000000e+01,9.840007019042968750e+01
1.015396957397460938e+02,1.021295623779296875e+02
5.744491195678710938e+01,7.669898223876953125e+01
7.284362792968750000e+01,9.627043151855468750e+01
7.300946044921875000e+01,8.569229125976562500e+01
1.011387557983398438e+02,1.058474426269531250e+02
7.175800323486328125e+01,1.161677856445312500e+02
1.136911697387695312e+02,1.357248382568359375e+02
1.054360961914062500e+02,1.284054565429687500e+02
8.151879882812500000e+01,1.269340209960937500e+02
6.592617034912109375e+01,9.926290893554687500e+01
3.647637939453125000e+01,7.026383972167968750e+01
3.733643722534179688e+01,6.345069122314453125e+01
6.493599700927734375e+01,1.039535369873046875e+02
7.709023284912109375e+01,1.137245178222656250e+02
1.021670913696289062e+02,1.087191314697265625e+02
7.272022247314453125e+01,1.036336898803710938e+02
8.132747650146484375e+01,9.577276611328125000e+01
1.278400573730468750e+02,1.292684783935546875e+02
1.366471557617187500e+02,1.267930679321289062e+02
7.689579010009765625e+01,6.364887237548828125e+01
1.352320404052734375e+02,1.367985534667968750e+02
6.099689865112304688e+01,9.948147583007812500e+01
1.326705169677734375e+02,1.289175415039062500e+02
1.086766967773437500e+02,9.690916442871093750e+01
1.352920379638671875e+02,1.259151000976562500e+02
1.042813720703125000e+02,8.290209960937500000e+01
5.008590698242187500e+01,8.401826477050781250e+01
6.223859786987304688e+01,7.277241516113281250e+01
7.049960327148437500e+01,9.509547424316406250e+01
4.306112670898437500e+01,7.089691162109375000e+01
3.057570838928222656e+01,4.931657409667968750e+01
9.578771972656250000e+01,1.052194519042968750e+02
6.424651336669921875e+01,7.580508422851562500e+01
1.079026412963867188e+02,1.214423065185546875e+02
7.807557678222656250e+01,9.232408142089843750e+01
1.123443222045898438e+02,1.171387939453125000e+02
8.891643524169921875e+01,1.278036956787109375e+02
6.480629730224609375e+01,1.118088378906250000e+02
9.033512115478515625e+01,1.160133361816406250e+02
3.056669044494628906e+01,9.441813659667968750e+01
4.419396591186523438e+01,9.739649963378906250e+01
6.135638809204101562e+01,1.062105407714843750e+02
9.121871185302734375e+01,1.145153732299804688e+02
3.026211547851562500e+01,9.067726898193359375e+01
5.440211868286132812e+01,9.829531860351562500e+01
4.193416976928710938e+01,9.895378112792968750e+01
5.166690063476562500e+01,1.099794616699218750e+02
8.951580810546875000e+01,9.972653198242187500e+01
9.122595214843750000e+01,1.164531478881835938e+02
6.415612792968750000e+01,8.620722198486328125e+01
4.717071533203125000e+01,8.083155059814453125e+01
6.128367996215820312e+01,1.014725875854492188e+02
8.105112457275390625e+01,1.163666534423828125e+02
6.651187896728515625e+01,1.058257904052734375e+02
8.028160858154296875e+01,1.091368103027343750e+02
8.908336639404296875e+01,1.146337966918945312e+02
8.720316314697265625e+01,1.262385482788085938e+02
6.453739166259765625e+01,1.072852935791015625e+02
6.435672760009765625e+01,1.060290527343750000e+02
8.501148223876953125e+01,1.153066864013671875e+02
5.666091918945312500e+01,1.040675430297851562e+02
6.368725967407226562e+01,1.075412826538085938e+02
5.463018417358398438e+01,9.653010559082031250e+01
6.771756744384765625e+01,1.060267486572265625e+02
8.639109039306640625e+01,1.228787307739257812e+02
4.672235107421875000e+01,9.627704620361328125e+01
6.143568038940429688e+01,1.045523071289062500e+02
5.245736312866210938e+01,9.424346160888671875e+01
1.150423202514648438e+02,1.270646972656250000e+02
1.316847381591796875e+02,1.390060424804687500e+02
5.079678726196289062e+01,9.436488342285156250e+01
5.297222518920898438e+01,9.062729644775390625e+01
9.274945068359375000e+01,1.166167907714843750e+02
4.931089401245117188e+01,9.713708496093750000e+01
5.330790328979492188e+01,8.969264984130859375e+01
8.539229583740234375e+01,1.249273223876953125e+02
4.713702392578125000e+01,9.796432495117187500e+01
4.422224807739257812e+01,8.130531311035156250e+01
6.309244155883789062e+01,9.989717102050781250e+01
1.149020996093750000e+02,1.299279785156250000e+02
1.165044937133789062e+02,1.134434051513671875e+02
1.951886558532714844e+01,6.713562011718750000e+01
1.005448608398437500e+02,1.174932861328125000e+02
9.557209014892578125e+01,1.109981536865234375e+02
3.816489410400390625e+01,8.849981689453125000e+01
5.898133850097656250e+01,7.879956054687500000e+01
9.847817230224609375e+01,1.082506256103515625e+02
7.060573577880859375e+01,9.780268096923828125e+01
1.300747833251953125e+02,1.390809936523437500e+02
4.850605392456054688e+01,9.275639343261718750e+01
1.293053283691406250e+02,1.321860961914062500e+02
9.809999847412109375e+01,1.133306884765625000e+02
1.178536605834960938e+02,1.331111755371093750e+02
6.141180801391601562e+01,9.630168151855468750e+01
9.881410980224609375e+01,1.088471679687500000e+02
5.302634811401367188e+01,6.309685516357421875e+01
9.931667327880859375e+01,1.374616394042968750e+02
2.350166130065917969e+01,7.400431823730468750e+01
9.184619140625000000e+01,1.331706542968750000e+02
1.007193832397460938e+02,1.187988281250000000e+02
9.283663177490234375e+01,1.302803649902343750e+02
6.849679565429687500e+01,1.163781738281250000e+02
9.717819213867187500e+01,1.161718521118164062e+02
9.698506927490234375e+01,1.218353118896484375e+02
7.723762512207031250e+01,1.160406951904296875e+02
5.128104782104492188e+01,8.613322448730468750e+01
5.828634643554687500e+01,9.755444335937500000e+01
8.229499053955078125e+01,1.151988754272460938e+02
7.420703887939453125e+01,1.065688934326171875e+02
4.744473648071289062e+01,9.933450317382812500e+01
3.324255371093750000e+01,9.811572265625000000e+01
8.628980255126953125e+01,1.228413925170898438e+02
6.052412796020507812e+01,1.049176940917968750e+02
5.413097000122070312e+01,6.774153137207031250e+01
5.673099899291992188e+01,9.768281555175781250e+01
5.913792419433593750e+01,9.557737731933593750e+01
6.820926666259765625e+01,9.712048339843750000e+01
8.932595825195312500e+01,1.060851745605468750e+02
1.060257797241210938e+02,1.187748870849609375e+02
1.154286270141601562e+02,1.264632492065429688e+02
7.712342071533203125e+01,1.273755798339843750e+02
6.115224838256835938e+01,1.048904495239257812e+02
2.197398376464843750e+01,6.570162963867187500e+01
7.235733795166015625e+01,9.060452270507812500e+01
9.481939697265625000e+01,1.213294448852539062e+02
9.151135253906250000e+01,1.031176300048828125e+02
8.336008453369140625e+01,1.161445388793945312e+02
1.262083816528320312e+02,1.363846130371093750e+02
1.041246566772460938e+02,1.191013488769531250e+02
1.058446273803710938e+02,1.198594055175781250e+02
1.268298110961914062e+02,1.326894836425781250e+02
6.803958129882812500e+01,7.833543395996093750e+01
8.727478027343750000e+01,9.321844482421875000e+01
5.278428649902343750e+01,5.032173156738281250e+01
7.767015838623046875e+01,1.162556991577148438e+02
5.422172164916992188e+01,6.938450622558593750e+01
1.015186386108398438e+02,9.596015930175781250e+01
1.051044006347656250e+02,1.278353271484375000e+02
4.192831039428710938e+01,8.408038330078125000e+01
4.033241653442382812e+01,9.079600524902343750e+01
9.362036132812500000e+01,1.364331970214843750e+02
1.096944808959960938e+02,1.354101257324218750e+02
2.902058410644531250e+01,7.820752716064453125e+01
3.070851135253906250e+01,8.579327392578125000e+01
6.990261840820312500e+01,1.165509948730468750e+02
8.452783966064453125e+01,1.174554595947265625e+02
1.275413284301757812e+02,1.306526794433593750e+02
6.319174194335937500e+01,1.000824584960937500e+02
6.843378448486328125e+01,1.008446731567382812e+02
6.484156036376953125e+01,9.076325225830078125e+01
5.689503479003906250e+01,8.544364929199218750e+01
9.288245391845703125e+01,1.066612930297851562e+02
8.092183685302734375e+01,9.145652770996093750e+01
4.234038925170898438e+01,7.480204772949218750e+01
4.745834732055664062e+01,8.983681488037109375e+01
8.757586669921875000e+01,1.034132156372070312e+02
6.107519149780273438e+01,9.857598876953125000e+01
1.388331451416015625e+02,1.285897064208984375e+02
8.200311279296875000e+01,8.917507934570312500e+01
5.643544387817382812e+01,1.017779388427734375e+02
7.748875427246093750e+01,1.196645660400390625e+02
3.579121017456054688e+01,7.623175811767578125e+01
4.748564529418945312e+01,8.234281921386718750e+01
3.907386398315429688e+01,7.864343261718750000e+01
3.356020736694335938e+01,7.291670227050781250e+01
3.807420730590820312e+01,5.829074478149414062e+01
7.623690032958984375e+01,9.807704162597656250e+01
6.771913909912109375e+01,1.018615417480468750e+02
2.168159294128417969e+01,7.035244750976562500e+01
4.829791259765625000e+01,1.043324279785156250e+02
1.055490341186523438e+02,1.070268707275390625e+02
1.224789733886718750e+02,1.250708160400390625e+02
2.678238487243652344e+01,5.957126998901367188e+01
3.563844680786132812e+01,6.978227233886718750e+01
8.496681213378906250e+01,1.177057723999023438e+02
1.127951736450195312e+02,1.315703430175781250e+02
4.199934387207031250e+01,8.686332702636718750e+01
9.078205108642578125e+01,1.210341949462890625e+02
9.838309478759765625e+01,1.238405914306640625e+02
2.136002159118652344e+01,9.581898498535156250e+01
3.506216812133789062e+01,7.676936340332031250e+01
6.197268295288085938e+01,1.074385681152343750e+02
2.932965660095214844e+01,7.048040771484375000e+01
5.244337081909179688e+01,1.032582397460937500e+02
4.615763854980468750e+01,9.424157714843750000e+01
8.258483123779296875e+01,1.050094451904296875e+02
9.086574554443359375e+01,9.820986175537109375e+01
5.667944717407226562e+01,6.636138916015625000e+01
6.521882629394531250e+01,9.100041198730468750e+01
2.576194953918457031e+01,6.020251464843750000e+01
5.039077758789062500e+01,9.067374420166015625e+01
2.389754486083984375e+01,8.835256958007812500e+01
3.788635635375976562e+01,8.239257049560546875e+01
7.864803314208984375e+01,8.201071166992187500e+01
3.453010177612304688e+01,6.657134246826171875e+01
7.145006561279296875e+01,9.748346710205078125e+01
4.600576400756835938e+01,6.960330200195312500e+01
3.874270248413085938e+01,6.218979644775390625e+01
7.063529205322265625e+01,1.125399017333984375e+02
3.145292854309082031e+01,6.693739318847656250e+01
6.505569458007812500e+01,7.929571533203125000e+01
4.992332839965820312e+01,1.006155548095703125e+02
5.111104965209960938e+01,6.035566711425781250e+01
6.598488616943359375e+01,8.742527770996093750e+01
1.090708389282226562e+02,1.252988433837890625e+02
9.869211578369140625e+01,1.140933685302734375e+02
5.058645629882812500e+01,1.039831848144531250e+02
1.036852111816406250e+02,1.106661834716796875e+02
9.401822662353515625e+01,1.244278869628906250e+02
5.983001708984375000e+01,1.001951828002929688e+02
3.123071289062500000e+01,9.374890136718750000e+01
5.432000732421875000e+01,9.576228332519531250e+01
1.052856979370117188e+02,1.300123901367187500e+02
8.133506011962890625e+01,1.343156127929687500e+02
8.605770874023437500e+01,1.185229034423828125e+02
7.071601104736328125e+01,8.513017272949218750e+01
5.192541503906250000e+01,6.401589965820312500e+01
7.015124511718750000e+01,8.284210205078125000e+01
1.033979721069335938e+02,1.298473968505859375e+02
7.840073394775390625e+01,1.133021163940429688e+02
8.834558868408203125e+01,1.058590545654296875e+02
1.068651428222656250e+02,1.314128417968750000e+02
3.410363006591796875e+01,8.892412567138671875e+01
9.353015136718750000e+01,1.192890014648437500e+02
5.862634277343750000e+01,1.072346801757812500e+02
9.391239166259765625e+01,1.220161743164062500e+02
8.391831207275390625e+01,1.168070297241210938e+02
5.232845687866210938e+01,8.813600158691406250e+01
1.089170913696289062e+02,1.145626449584960938e+02
5.450394821166992188e+01,7.812573242187500000e+01
7.334322357177734375e+01,7.689941406250000000e+01
4.906181716918945312e+01,7.718559265136718750e+01
1.159059677124023438e+02,1.326170654296875000e+02
7.976126861572265625e+01,1.290443725585937500e+02
6.356536483764648438e+01,1.018956985473632812e+02
6.715390777587890625e+01,1.115010528564453125e+02
8.460013580322265625e+01,1.206795196533203125e+02
8.950630950927734375e+01,1.259772720336914062e+02
7.737046051025390625e+01,1.295208740234375000e+02
7.040014648437500000e+01,1.220260543823242188e+02
6.269029235839843750e+01,1.042486419677734375e+02
4.816154479980468750e+01,1.160334930419921875e+02
3.698955154418945312e+01,1.140539245605468750e+02
4.141551589965820312e+01,9.464088439941406250e+01
4.377759933471679688e+01,9.775357055664062500e+01
2.100420188903808594e+01,7.734748840332031250e+01
4.295956039428710938e+01,9.590341186523437500e+01
6.831867218017578125e+01,1.105337524414062500e+02
4.509861755371093750e+01,1.050690917968750000e+02
7.219532012939453125e+01,1.238137817382812500e+02
5.408024215698242188e+01,1.044797515869140625e+02
4.949815368652343750e+01,1.049841308593750000e+02
6.165353393554687500e+01,1.172689514160156250e+02
7.720040130615234375e+01,1.265402069091796875e+02
4.387998580932617188e+01,1.084709777832031250e+02
5.992203903198242188e+01,1.172637863159179688e+02
5.375255203247070312e+01,9.726627349853515625e+01
4.545422363281250000e+01,9.124324035644531250e+01
4.527158737182617188e+01,1.043270416259765625e+02
5.019976806640625000e+01,1.080280838012695312e+02
8.735742950439453125e+01,1.279000854492187500e+02
4.939738082885742188e+01,1.151059646606445312e+02
7.386583709716796875e+01,1.173715362548828125e+02
5.770563888549804688e+01,1.177391052246093750e+02
7.770053863525390625e+01,1.261933135986328125e+02
5.067345046997070312e+01,9.779175567626953125e+01
5.490177536010742188e+01,9.570628356933593750e+01
3.611824035644531250e+01,1.023164825439453125e+02
6.137601089477539062e+01,1.152047271728515625e+02
7.958499145507812500e+01,1.176829605102539062e+02
5.129205703735351562e+01,1.027212982177734375e+02
6.622417449951171875e+01,1.198341445922851562e+02
6.385351181030273438e+01,1.147418670654296875e+02
7.173119354248046875e+01,1.127594146728515625e+02
9.134584808349609375e+01,1.239809112548828125e+02
3.094971275329589844e+01,1.001509552001953125e+02
8.327472686767578125e+01,1.176466217041015625e+02
6.324097824096679688e+01,1.088445587158203125e+02
7.502590942382812500e+01,1.066172637939453125e+02
5.798510742187500000e+01,1.153681030273437500e+02
7.370762634277343750e+01,1.272225036621093750e+02
7.630911254882812500e+01,9.981909179687500000e+01
6.281391525268554688e+01,1.043523712158203125e+02
3.289952087402343750e+01,1.085781250000000000e+02
9.186325836181640625e+01,1.288977813720703125e+02
8.559136962890625000e+01,1.285498352050781250e+02
3.127127647399902344e+01,1.031451110839843750e+02
1.486999225616455078e+01,8.726412963867187500e+01
1.113985595703125000e+02,1.414326934814453125e+02
8.283476257324218750e+01,1.393471374511718750e+02
1.117069168090820312e+02,1.468867797851562500e+02
5.295494079589843750e+01,1.367386474609375000e+02
8.483509826660156250e+01,1.248322143554687500e+02
9.200771331787109375e+01,1.218244400024414062e+02
4.698134231567382812e+01,1.285896453857421875e+02
5.483137130737304688e+01,1.103347778320312500e+02
2.356031036376953125e+01,9.151905822753906250e+01
7.442903900146484375e+01,1.065898895263671875e+02
1.547153949737548828e+01,6.902223968505859375e+01
8.439560699462890625e+01,1.305591278076171875e+02
5.593794631958007812e+01,1.097730255126953125e+02
2.709210014343261719e+01,9.599316406250000000e+01
1.061965560913085938e+02,1.401797790527343750e+02
1.043830490112304688e+02,1.431546325683593750e+02
9.833029937744140625e+01,1.387184448242187500e+02
9.833459472656250000e+01,1.359304962158203125e+02
5.725117874145507812e+01,1.316330108642578125e+02
1.008101577758789062e+02,1.436492919921875000e+02
9.552036285400390625e+01,1.420679016113281250e+02
7.736805725097656250e+01,1.475979003906250000e+02
7.583667755126953125e+01,1.259603347778320312e+02
6.783905029296875000e+01,1.185508880615234375e+02
6.092916870117187500e+01,1.177759246826171875e+02
9.459255981445312500e+01,1.229427719116210938e+02
5.970531082153320312e+01,1.220660705566406250e+02
4.125661849975585938e+01,9.036457824707031250e+01
2.994107055664062500e+01,8.620877838134765625e+01
4.697075271606445312e+01,9.692355346679687500e+01
1.806228446960449219e+01,9.109558105468750000e+01
4.273514938354492188e+01,7.922374725341796875e+01
6.938471221923828125e+01,1.082462692260742188e+02
8.960144042968750000e+01,1.114169692993164062e+02
9.327926635742187500e+01,1.253433532714843750e+02
6.674799346923828125e+01,1.060297393798828125e+02
3.368388366699218750e+01,7.625279235839843750e+01
8.841483306884765625e+01,1.124409942626953125e+02
6.591854858398437500e+01,1.251217956542968750e+02
5.774728393554687500e+01,1.169003753662109375e+02
1.015148086547851562e+02,1.164341125488281250e+02
6.227189636230468750e+01,1.024033355712890625e+02
1.000288772583007812e+02,1.414922485351562500e+02
2.356911277770996094e+01,5.889424896240234375e+01
1.033165283203125000e+02,1.166882095336914062e+02
2.992902946472167969e+01,1.024979019165039062e+02
4.473107910156250000e+01,8.816722106933593750e+01
2.842136192321777344e+01,4.845447921752929688e+01
1.202516784667968750e+02,1.453789978027343750e+02
3.563760757446289062e+01,8.157264709472656250e+01
7.573107147216796875e+01,9.073117065429687500e+01
3.450356674194335938e+01,7.393220520019531250e+01
5.262788772583007812e+01,6.846990203857421875e+01
6.126718521118164062e+01,8.381139373779296875e+01
7.828205108642578125e+01,1.047612533569335938e+02
3.492493057250976562e+01,9.441699218750000000e+01
5.319559860229492188e+01,8.274200439453125000e+01
3.032555198669433594e+01,7.434376525878906250e+01
3.198661804199218750e+01,8.230448913574218750e+01
4.751118087768554688e+01,8.485772705078125000e+01
2.432939147949218750e+01,5.759427642822265625e+01
3.849859237670898438e+01,8.783177947998046875e+01
1.067690505981445312e+02,1.257847747802734375e+02
8.060851287841796875e+01,1.199769439697265625e+02
6.317514038085937500e+01,1.010236358642578125e+02
3.233487319946289062e+01,8.765637969970703125e+01
5.630192184448242188e+01,1.075338897705078125e+02
3.023154258728027344e+01,8.424671936035156250e+01
6.144398498535156250e+01,1.092784881591796875e+02
3.422097778320312500e+01,8.822441101074218750e+01
3.353192520141601562e+01,9.559947967529296875e+01
3.542144012451171875e+01,9.361593627929687500e+01
2.133347511291503906e+01,7.343962097167968750e+01
1.826460266113281250e+01,6.778436279296875000e+01
6.189814376831054688e+01,1.173827896118164062e+02
6.030057144165039062e+01,1.136385498046875000e+02
4.719907760620117188e+01,1.054775314331054688e+02
2.125563430786132812e+01,7.237406158447265625e+01
7.880057525634765625e+01,1.282981109619140625e+02
7.201380157470703125e+01,1.238805236816406250e+02
3.282809066772460938e+01,9.544639587402343750e+01
8.448458099365234375e+01,1.228128051757812500e+02
9.084010124206542969e+00,5.499157714843750000e+01
3.186079978942871094e+01,9.329634094238281250e+01
2.258556556701660156e+01,8.355041503906250000e+01
3.820103454589843750e+01,6.449638366699218750e+01
1.346643447875976562e+01,3.995996093750000000e+01
1.503810882568359375e+01,6.026188278198242188e+01
8.421991348266601562e+00,4.026024627685546875e+01
3.386599349975585938e+01,8.325720214843750000e+01
6.755448913574218750e+01,1.113499603271484375e+02
5.910943222045898438e+01,1.076763916015625000e+02
1.865687751770019531e+01,6.202502441406250000e+01
1.913559150695800781e+01,5.882140350341796875e+01
3.790508651733398438e+01,7.685965728759765625e+01
6.884107208251953125e+01,1.068806610107421875e+02
4.653022766113281250e+01,8.369027709960937500e+01
3.737858200073242188e+01,7.521529388427734375e+01
2.707504272460937500e+01,6.297806549072265625e+01
2.697452545166015625e+01,6.544908142089843750e+01
2.638749885559082031e+01,6.781684875488281250e+01
3.306427383422851562e+01,7.399537658691406250e+01
4.373556137084960938e+01,7.956408691406250000e+01
2.356670951843261719e+01,5.896882629394531250e+01
4.112509918212890625e+01,7.706617736816406250e+01
2.613109397888183594e+01,6.515591430664062500e+01
3.099356842041015625e+01,7.478768920898437500e+01
2.853928565979003906e+01,7.468049621582031250e+01
3.704322052001953125e+01,8.221910095214843750e+01
2.896954345703125000e+01,7.257368469238281250e+01
2.716175842285156250e+01,6.507078552246093750e+01
7.156087493896484375e+01,1.063028335571289062e+02
1.343916606903076172e+01,6.511115264892578125e+01
4.978938674926757812e+01,8.482717895507812500e+01
6.993830108642578125e+01,9.348703765869140625e+01
4.076095199584960938e+01,8.276251220703125000e+01
2.245144081115722656e+01,6.327262115478515625e+01
2.869548606872558594e+01,7.252722167968750000e+01
1.637969779968261719e+01,8.102152252197265625e+01
7.571515560150146484e+00,3.338220977783203125e+01
7.584810638427734375e+01,1.025764465332031250e+02
5.754077529907226562e+01,8.930979919433593750e+01
4.638656616210937500e+01,8.069343566894531250e+01
3.500349807739257812e+01,7.303504943847656250e+01
3.756539535522460938e+01,7.811174011230468750e+01
3.180317497253417969e+01,7.274148559570312500e+01
2.504682350158691406e+01,6.687774658203125000e+01
1.929717826843261719e+01,5.824679946899414062e+01
2.360261726379394531e+01,6.600502014160156250e+01
3.059423065185546875e+01,5.224182510375976562e+01
2.904060363769531250e+01,5.626871490478515625e+01
7.389495086669921875e+01,1.186502838134765625e+02
8.939284515380859375e+01,1.214699554443359375e+02
6.744052886962890625e+01,1.184217224121093750e+02
2.223847007751464844e+01,5.742807006835937500e+01
3.992975234985351562e+01,8.703382873535156250e+01
3.410191726684570312e+01,9.206763458251953125e+01
5.692943954467773438e+01,8.369953155517578125e+01
9.349129486083984375e+01,1.198555145263671875e+02
4.765169906616210938e+01,7.102081298828125000e+01
6.187918472290039062e+01,1.178487472534179688e+02
1.637427711486816406e+01,4.206036376953125000e+01
5.377161788940429688e+01,8.086991882324218750e+01
5.288241958618164062e+01,9.666011047363281250e+01
4.423599624633789062e+01,6.715924835205078125e+01
4.303054428100585938e+01,6.590902709960937500e+01
5.603171920776367188e+01,7.556173706054687500e+01
7.688873291015625000e+01,9.160830688476562500e+01
2.715994262695312500e+01,3.965475845336914062e+01
3.634213256835937500e+01,7.281396484375000000e+01
7.496625518798828125e+01,1.002270584106445312e+02
5.427975463867187500e+01,6.424386596679687500e+01
5.564672851562500000e+01,5.857025146484375000e+01
6.715407562255859375e+01,8.911919403076171875e+01
1.998338508605957031e+01,3.531411743164062500e+01
5.939426803588867188e+01,9.997256469726562500e+01
1.248992252349853516e+01,3.314911651611328125e+01
5.732954406738281250e+01,9.955822753906250000e+01
4.804168701171875000e+01,7.669081115722656250e+01
6.344435501098632812e+01,8.968072509765625000e+01
2.189864349365234375e+01,5.478273010253906250e+01
2.899611473083496094e+01,5.296855545043945312e+01
9.781598091125488281e+00,2.970321464538574219e+01
1.466825580596923828e+01,3.284279632568359375e+01
4.234918594360351562e+01,6.579330444335937500e+01
6.180533218383789062e+01,1.029049072265625000e+02
5.039937210083007812e+01,8.621803283691406250e+01
5.050712203979492188e+01,8.167013549804687500e+01
8.210330963134765625e+01,1.175726165771484375e+02
8.510170745849609375e+01,8.462019348144531250e+01
4.175062179565429688e+01,7.771821594238281250e+01
6.856625366210937500e+01,1.238300704956054688e+02
3.448734283447265625e+01,6.192353439331054688e+01
5.483384323120117188e+01,1.065216445922851562e+02
7.533560943603515625e+01,1.154579010009765625e+02
6.566745758056640625e+01,9.616000366210937500e+01
1.100708923339843750e+02,1.285438842773437500e+02
6.526799774169921875e+01,1.069360504150390625e+02
3.034808921813964844e+01,7.675433349609375000e+01
1.740940284729003906e+01,7.094078063964843750e+01
8.060632324218750000e+01,1.147739105224609375e+02
9.201403045654296875e+01,1.188412857055664062e+02
6.213579177856445312e+01,1.128591842651367188e+02
5.552738952636718750e+01,1.207350845336914062e+02
5.195438003540039062e+01,1.181535720825195312e+02
9.754502105712890625e+01,1.333265533447265625e+02
4.303177261352539062e+01,9.194761657714843750e+01
5.807844924926757812e+01,9.940017700195312500e+01
3.790949630737304688e+01,9.517649078369140625e+01
4.848419189453125000e+01,1.021396789550781250e+02
7.224579620361328125e+01,1.040463409423828125e+02
3.262900161743164062e+01,9.899685668945312500e+01
2.430289649963378906e+01,9.967468261718750000e+01
4.385798645019531250e+01,1.010095367431640625e+02
4.633061218261718750e+01,8.571987915039062500e+01
8.949326324462890625e+01,1.250863342285156250e+02
7.019641113281250000e+01,1.056766052246093750e+02
3.762481307983398438e+01,8.805426025390625000e+01
4.638761520385742188e+01,1.297222290039062500e+02
6.366456985473632812e+01,1.028434906005859375e+02
4.762193679809570312e+01,1.094093933105468750e+02
4.141678619384765625e+01,1.001878509521484375e+02
5.510139083862304688e+01,1.049621734619140625e+02
6.020979690551757812e+01,9.329559326171875000e+01
3.568265914916992188e+01,7.746299743652343750e+01
3.048952674865722656e+01,9.856785583496093750e+01
4.631579208374023438e+01,9.143991088867187500e+01
5.959205245971679688e+01,9.858955383300781250e+01
6.527659606933593750e+01,9.242190551757812500e+01
6.903116607666015625e+01,1.017821807861328125e+02
4.695308303833007812e+01,9.577641296386718750e+01
4.766810226440429688e+01,1.140312194824218750e+02
7.457003021240234375e+01,1.101691818237304688e+02
1.012721328735351562e+02,1.280114440917968750e+02
7.528903961181640625e+01,1.030854797363281250e+02
3.150923347473144531e+01,1.400190887451171875e+02
7.191928100585937500e+01,1.149958496093750000e+02
5.653837203979492188e+01,1.187721557617187500e+02
5.294107055664062500e+01,1.013469390869140625e+02
2.796702766418457031e+01,7.280534362792968750e+01
3.135782051086425781e+01,1.064450988769531250e+02
9.083754730224609375e+01,1.286673736572265625e+02
2.236411094665527344e+01,7.834496307373046875e+01
1.068430175781250000e+02,1.368046875000000000e+02
4.485638427734375000e+01,9.243972015380859375e+01
6.379852294921875000e+01,1.072161560058593750e+02
7.573304748535156250e+01,1.037328796386718750e+02
4.724147415161132812e+01,9.645732116699218750e+01
5.807709884643554688e+01,9.637199401855468750e+01
6.241496658325195312e+01,1.128805084228515625e+02
5.975097274780273438e+01,1.011196517944335938e+02
5.203820800781250000e+01,1.156276702880859375e+02
5.030377197265625000e+01,9.282102203369140625e+01
2.908786010742187500e+01,9.144848632812500000e+01
5.276202011108398438e+01,1.081053771972656250e+02
6.692691040039062500e+01,1.114166717529296875e+02
3.339950942993164062e+01,8.855703735351562500e+01
8.499541473388671875e+01,1.252815093994140625e+02
3.983254623413085938e+01,1.012316741943359375e+02
3.712898254394531250e+01,1.102480163574218750e+02
4.235184097290039062e+01,9.307582092285156250e+01
6.930820465087890625e+01,1.131409912109375000e+02
9.470790863037109375e+01,1.267634887695312500e+02
7.506350708007812500e+01,9.919741821289062500e+01
5.928416442871093750e+01,1.044294128417968750e+02
7.736278533935546875e+01,1.012835388183593750e+02
6.868935394287109375e+01,1.025042114257812500e+02
4.628045654296875000e+01,9.863864135742187500e+01
5.866481399536132812e+01,1.087608947753906250e+02
5.707859802246093750e+01,1.041828155517578125e+02
7.408752441406250000e+01,1.191910552978515625e+02
5.573579788208007812e+01,1.161364593505859375e+02
8.522467803955078125e+01,1.148707427978515625e+02
4.234017562866210938e+01,1.008069915771484375e+02
5.055462646484375000e+01,1.082466659545898438e+02
3.252567672729492188e+01,8.891078948974609375e+01
5.627729415893554688e+01,1.043170318603515625e+02
8.082820129394531250e+01,1.163468627929687500e+02
2.776387023925781250e+01,8.609301757812500000e+01
5.561519241333007812e+01,1.079672470092773438e+02
8.840842437744140625e+01,1.278773651123046875e+02
1.006247558593750000e+02,1.193908233642578125e+02
7.665345764160156250e+01,1.110835113525390625e+02
4.582601928710937500e+01,9.089379119873046875e+01
7.136228179931640625e+01,1.202902603149414062e+02
8.062157440185546875e+01,1.142544250488281250e+02
1.030491867065429688e+02,1.261211853027343750e+02
8.337772369384765625e+01,1.166421051025390625e+02
5.709526062011718750e+01,1.099300842285156250e+02
6.427503204345703125e+01,1.139386138916015625e+02
7.791030883789062500e+01,1.141852493286132812e+02
6.513540649414062500e+01,1.151475219726562500e+02
5.128221511840820312e+01,1.169191513061523438e+02
1.992648124694824219e+01,9.015367126464843750e+01
1.125964126586914062e+02,1.271187896728515625e+02
7.094872283935546875e+01,1.056130371093750000e+02
5.450439834594726562e+01,1.044903488159179688e+02
8.788596343994140625e+01,1.199210205078125000e+02
4.224350357055664062e+01,1.132752075195312500e+02
8.650653076171875000e+01,1.329632568359375000e+02
5.571054458618164062e+01,1.112934265136718750e+02
3.670354843139648438e+01,1.034785919189453125e+02
4.772536087036132812e+01,1.064287185668945312e+02
5.330074691772460938e+01,9.579965209960937500e+01
6.808046722412109375e+01,1.076148071289062500e+02
1.109699325561523438e+02,1.307358856201171875e+02
8.209873199462890625e+01,1.194295959472656250e+02
7.393076324462890625e+01,1.223207397460937500e+02
7.025791168212890625e+01,1.101048278808593750e+02
7.105392456054687500e+01,1.138158721923828125e+02
8.726338958740234375e+01,1.179288024902343750e+02
1.211620712280273438e+02,1.308070373535156250e+02
1.068241348266601562e+02,1.264732055664062500e+02
9.721059417724609375e+01,1.253160247802734375e+02
8.728594970703125000e+01,1.257821960449218750e+02
9.613065338134765625e+01,1.203968124389648438e+02
7.649031829833984375e+01,1.182624511718750000e+02
5.863453674316406250e+01,1.048556060791015625e+02
4.928731155395507812e+01,8.028706359863281250e+01
6.163107681274414062e+01,1.077092590332031250e+02
4.513531494140625000e+01,1.066586456298828125e+02
3.951284027099609375e+01,1.049683227539062500e+02
4.134514236450195312e+01,9.165821075439453125e+01
4.481597518920898438e+01,7.824044799804687500e+01
6.799758148193359375e+01,1.193216857910156250e+02
9.365854644775390625e+01,1.395414428710937500e+02
9.267533111572265625e+01,1.296031799316406250e+02
7.471758270263671875e+01,1.129315643310546875e+02
2.806863975524902344e+01,8.534819030761718750e+01
3.368380355834960938e+01,8.343826293945312500e+01
2.457808685302734375e+01,8.203660583496093750e+01
1.838004112243652344e+01,7.107788085937500000e+01
1.204033565521240234e+01,6.540460205078125000e+01
7.705623626708984375e+01,1.354588928222656250e+02
5.724453735351562500e+01,9.223187255859375000e+01
5.455355834960937500e+01,8.741267395019531250e+01
2.118469047546386719e+01,6.901825714111328125e+01
1.997379875183105469e+01,7.215126800537109375e+01
3.819873046875000000e+01,5.886275482177734375e+01
1.650524711608886719e+01,6.943896484375000000e+01
2.351036643981933594e+01,6.480607604980468750e+01
2.979270935058593750e+01,7.953188323974609375e+01
2.724842262268066406e+01,5.834968566894531250e+01
1.473642730712890625e+01,5.994439697265625000e+01
2.581290626525878906e+01,6.626171875000000000e+01
6.463565826416015625e+01,1.008162612915039062e+02
6.835419464111328125e+01,1.052900238037109375e+02
7.263571929931640625e+01,9.723651123046875000e+01
2.817598915100097656e+01,7.801274871826171875e+01
3.593149185180664062e+01,7.415456390380859375e+01
1.909696769714355469e+01,6.890639495849609375e+01
2.591982460021972656e+01,6.245342254638671875e+01
2.789763832092285156e+01,7.746077728271484375e+01
4.240470123291015625e+01,8.590650939941406250e+01
2.299982261657714844e+01,7.581555938720703125e+01
4.587754821777343750e+01,8.593511962890625000e+01
3.688970565795898438e+01,8.499513244628906250e+01
2.589704704284667969e+01,7.585721588134765625e+01
3.425081253051757812e+01,7.690139770507812500e+01
1.274245357513427734e+01,7.430505371093750000e+01
2.245702552795410156e+01,7.084669494628906250e+01
3.819525527954101562e+01,8.195407104492187500e+01
3.144525718688964844e+01,7.429405975341796875e+01
3.651426315307617188e+01,8.473260498046875000e+01
2.625997924804687500e+01,6.971382141113281250e+01
3.156570434570312500e+01,7.857215881347656250e+01
2.690004730224609375e+01,7.152804565429687500e+01
1.909609413146972656e+01,7.220648193359375000e+01
1.516109848022460938e+01,6.628099060058593750e+01
1.658267784118652344e+01,6.880806732177734375e+01
2.453919982910156250e+01,8.050235748291015625e+01
4.138678359985351562e+01,7.599516296386718750e+01
2.971322822570800781e+01,7.127781677246093750e+01
2.994194602966308594e+01,7.194322204589843750e+01
2.044647979736328125e+01,6.552948760986328125e+01
1.522703266143798828e+01,5.784966278076171875e+01
2.471651458740234375e+01,8.206777191162109375e+01
6.345176315307617188e+01,1.278105468750000000e+02
2.807704734802246094e+01,7.314358520507812500e+01
6.663712310791015625e+01,9.637498474121093750e+01
5.727317428588867188e+01,9.879649353027343750e+01
5.979158020019531250e+01,9.778141784667968750e+01
8.715628814697265625e+01,1.194060516357421875e+02
7.118329620361328125e+01,1.177791748046875000e+02
4.967498779296875000e+01,7.732655334472656250e+01
9.871136474609375000e+01,1.089018859863281250e+02
9.489363861083984375e+01,1.443903045654296875e+02
7.652397155761718750e+01,1.298767242431640625e+02
5.757600021362304688e+01,1.226313629150390625e+02
2.093986129760742188e+01,5.791281890869140625e+01
6.743309783935546875e+01,1.063213958740234375e+02
7.754969024658203125e+01,1.097082214355468750e+02
8.639858245849609375e+01,1.361225433349609375e+02
2.398107910156250000e+01,5.977983474731445312e+01
3.287112426757812500e+01,8.128959655761718750e+01
6.850608825683593750e+01,1.226210937500000000e+02
7.404338836669921875e+01,1.072129058837890625e+02
3.523682785034179688e+01,8.540779113769531250e+01
7.626070404052734375e+01,1.070566101074218750e+02
3.904937362670898438e+01,9.615757751464843750e+01
3.651878738403320312e+01,8.235244750976562500e+01
2.657321929931640625e+01,7.205865478515625000e+01
4.963668823242187500e+01,1.180435638427734375e+02
4.194102478027343750e+01,1.125815887451171875e+02
6.472638702392578125e+01,1.239878768920898438e+02
6.745250701904296875e+01,1.220551147460937500e+02
6.242732620239257812e+01,1.312485351562500000e+02
2.946241760253906250e+01,1.059585037231445312e+02
5.812427902221679688e+01,1.084428558349609375e+02
2.321719551086425781e+01,6.524626922607421875e+01
1.281771183013916016e+01,2.851634597778320312e+01
7.701525211334228516e+00,2.818896675109863281e+01
1.382517528533935547e+01,4.400759124755859375e+01
4.388878250122070312e+01,1.281053619384765625e+02
1.464517116546630859e+01,9.120066070556640625e+01
6.163766479492187500e+01,1.252469940185546875e+02
8.030280303955078125e+01,1.424397888183593750e+02
5.684428024291992188e+01,1.168079757690429688e+02
8.834381103515625000e+01,1.082998809814453125e+02
3.097838592529296875e+01,6.104688262939453125e+01
2.450311279296875000e+01,6.036154174804687500e+01
9.522857666015625000e+00,4.424159240722656250e+01
1.117975521087646484e+01,4.252580261230468750e+01
4.450758361816406250e+01,1.133708953857421875e+02
6.175962448120117188e+01,1.169669342041015625e+02
5.351874160766601562e+01,1.144383163452148438e+02
8.216999053955078125e+01,1.124273071289062500e+02
1.102002334594726562e+02,1.306915283203125000e+02
8.573123168945312500e+01,1.285126953125000000e+02
3.257614517211914062e+01,7.801171875000000000e+01
2.645735740661621094e+01,6.257472229003906250e+01
8.238060760498046875e+01,1.247893676757812500e+02
1.133442382812500000e+02,1.358385620117187500e+02
2.673384094238281250e+01,7.220452880859375000e+01
1.219157791137695312e+02,1.439997863769531250e+02
1.065735549926757812e+02,1.370257263183593750e+02
4.490280532836914062e+01,9.451197814941406250e+01
5.456935119628906250e+01,9.859266662597656250e+01
8.536407470703125000e+01,1.254985733032226562e+02
5.477756118774414062e+01,1.055296478271484375e+02
2.206143760681152344e+01,9.193067932128906250e+01
2.408479118347167969e+01,7.732392120361328125e+01
1.242501544952392578e+01,5.137503051757812500e+01
1.135459671020507812e+02,1.357686920166015625e+02
5.461233520507812500e+01,9.333552551269531250e+01
5.491920852661132812e+01,1.058817596435546875e+02
1.447079181671142578e+01,6.394345092773437500e+01
2.019859504699707031e+01,7.678372192382812500e+01
2.656952095031738281e+01,6.985784912109375000e+01
2.369376373291015625e+01,5.523444366455078125e+01
1.339573287963867188e+01,6.329917907714843750e+01
2.278357124328613281e+01,7.029885864257812500e+01
1.610388374328613281e+01,6.156098937988281250e+01
9.215144157409667969e+00,5.515835571289062500e+01
1.746778106689453125e+01,6.445452880859375000e+01
1.592257976531982422e+01,6.561888122558593750e+01
1.271421337127685547e+01,5.765750122070312500e+01
1.331807041168212891e+01,6.439388275146484375e+01
1.371042537689208984e+01,5.705404281616210938e+01
1.678141784667968750e+01,5.438639450073242188e+01
8.850478363037109375e+01,1.217417297363281250e+02
2.154710960388183594e+01,6.942674255371093750e+01
6.266577148437500000e+01,1.062372894287109375e+02
8.377162933349609375e+01,1.178507766723632812e+02
1.720255470275878906e+01,6.845623779296875000e+01
2.871055793762207031e+01,7.370346069335937500e+01
2.126248741149902344e+01,6.510676574707031250e+01
1.847031784057617188e+01,6.478590393066406250e+01
1.231689167022705078e+01,4.556089019775390625e+01
4.453231811523437500e+01,7.257776641845703125e+01
5.272010421752929688e+01,1.075802307128906250e+02
1.478277873992919922e+01,6.127664184570312500e+01
5.166408157348632812e+01,1.434103393554687500e+02
4.068227767944335938e+01,6.882714843750000000e+01
4.332034301757812500e+01,7.140866851806640625e+01
1.233749675750732422e+01,4.146542358398437500e+01
3.751984786987304688e+01,8.113508605957031250e+01
7.489890289306640625e+01,1.105276641845703125e+02
6.729550170898437500e+01,1.106700439453125000e+02
5.799578857421875000e+01,1.065518341064453125e+02
8.657888031005859375e+01,1.211538772583007812e+02
1.314916324615478516e+01,7.045262145996093750e+01
1.532788181304931641e+01,5.705065917968750000e+01
1.207759780883789062e+02,1.367459411621093750e+02
2.988677024841308594e+01,7.602609252929687500e+01
2.361011314392089844e+01,8.960605621337890625e+01
9.349768066406250000e+01,1.195289840698242188e+02
1.302014827728271484e+01,6.589186096191406250e+01
3.520069885253906250e+01,8.337875366210937500e+01
2.817520904541015625e+01,1.010924377441406250e+02
7.375975799560546875e+01,9.894099426269531250e+01
3.616078186035156250e+01,6.282857131958007812e+01
2.092591285705566406e+01,9.925505065917968750e+01
3.912753677368164062e+01,1.254485397338867188e+02
3.133866882324218750e+01,1.027690429687500000e+02
2.596435546875000000e+01,9.239523315429687500e+01
5.802180862426757812e+01,1.166501922607421875e+02
4.770185470581054688e+01,9.919203186035156250e+01
4.184741210937500000e+01,9.229591369628906250e+01
4.428975296020507812e+01,9.764846801757812500e+01
1.073649978637695312e+01,6.513866424560546875e+01
6.997207641601562500e+01,1.309158630371093750e+02
1.077652359008789062e+02,1.361584014892578125e+02
7.291907501220703125e+01,1.493321380615234375e+02
7.461313629150390625e+01,1.331517333984375000e+02
3.201127243041992188e+01,1.128292541503906250e+02
3.513575363159179688e+01,7.978192138671875000e+01
1.181655349731445312e+02,1.261650161743164062e+02
6.829041290283203125e+01,9.874229431152343750e+01
1.097483596801757812e+02,1.229124145507812500e+02
1.185943832397460938e+02,1.256790618896484375e+02
1.302790679931640625e+02,1.415361633300781250e+02
1.200458984375000000e+02,1.184534454345703125e+02
8.766091918945312500e+01,9.064958190917968750e+01
9.345119476318359375e+01,9.994248962402343750e+01
9.969552612304687500e+01,9.779010009765625000e+01
1.099758987426757812e+02,1.069720535278320312e+02
1.021448974609375000e+02,1.025520629882812500e+02
4.186481094360351562e+01,1.187073669433593750e+02
1.100360183715820312e+02,1.316338195800781250e+02
3.835474014282226562e+01,1.140548248291015625e+02
3.450813674926757812e+01,1.043131866455078125e+02
3.160974121093750000e+01,1.080639572143554688e+02
3.259375000000000000e+01,8.326230621337890625e+01
1.704998588562011719e+01,6.469748687744140625e+01
3.805349731445312500e+01,1.021199340820312500e+02
8.738700103759765625e+01,1.203757781982421875e+02
5.853379440307617188e+01,9.690888977050781250e+01
2.602786827087402344e+01,7.525781250000000000e+01
1.204697036743164062e+02,1.283709411621093750e+02
1.217668762207031250e+02,1.313302917480468750e+02
1.066066589355468750e+02,1.339333038330078125e+02
9.976718902587890625e+01,1.166503982543945312e+02
8.715024566650390625e+01,1.173108596801757812e+02
2.513369560241699219e+01,9.947015380859375000e+01
1.922842788696289062e+01,9.514041137695312500e+01
2.644181823730468750e+01,1.008071060180664062e+02
1.951960182189941406e+01,1.015200653076171875e+02
2.431400489807128906e+01,8.674134826660156250e+01
3.877139663696289062e+01,8.088847351074218750e+01
7.243948364257812500e+01,1.244168548583984375e+02
8.517748260498046875e+01,1.270980987548828125e+02
2.922690773010253906e+01,1.080273437500000000e+02
2.989906501770019531e+01,6.092499542236328125e+01
3.642311096191406250e+01,9.971565246582031250e+01
9.278861236572265625e+01,1.071953125000000000e+02
5.266611862182617188e+01,1.066221160888671875e+02
7.195803833007812500e+01,1.160793762207031250e+02
2.644310951232910156e+01,6.960522460937500000e+01
3.455842208862304688e+01,9.588043975830078125e+01
2.420933723449707031e+01,7.800556945800781250e+01
4.973184585571289062e+01,9.667813110351562500e+01
3.102983093261718750e+01,9.020030212402343750e+01
6.762654781341552734e+00,7.215196228027343750e+01
5.114856338500976562e+01,1.344623107910156250e+02
1.330613040924072266e+01,8.201750946044921875e+01
1.701448059082031250e+01,8.936452484130859375e+01
1.148127269744873047e+01,9.187898254394531250e+01
1.944281959533691406e+01,1.043464508056640625e+02
2.836725425720214844e+01,1.206537628173828125e+02
2.392874717712402344e+01,9.267729949951171875e+01
7.488540172576904297e+00,7.927671813964843750e+01
3.800123977661132812e+01,9.600883483886718750e+01
7.506031036376953125e+01,1.201967391967773438e+02
8.208614349365234375e+01,9.852426147460937500e+01
4.959397506713867188e+01,6.894920349121093750e+01
7.373024749755859375e+01,9.335456848144531250e+01
7.818576812744140625e+01,1.061881713867187500e+02
1.002948989868164062e+02,1.122918395996093750e+02
9.677452850341796875e+01,9.806651306152343750e+01
9.050354003906250000e+01,9.071942138671875000e+01
2.791825294494628906e+01,5.078508758544921875e+01
4.649127197265625000e+01,1.091342239379882812e+02
4.142477035522460938e+01,1.113831939697265625e+02
2.080907630920410156e+01,5.085469436645507812e+01
2.606009483337402344e+01,5.779101562500000000e+01
4.821485900878906250e+01,7.606732177734375000e+01
4.665153884887695312e+01,1.118464889526367188e+02
1.473731231689453125e+01,6.249426269531250000e+01
8.349152374267578125e+01,1.442664794921875000e+02
6.531774139404296875e+01,9.338433837890625000e+01
5.903528976440429688e+01,1.107090988159179688e+02
4.359684371948242188e+01,1.130844955444335938e+02
6.907739257812500000e+01,1.317969207763671875e+02
2.501811218261718750e+01,1.014843826293945312e+02
7.912038421630859375e+01,1.279258117675781250e+02
4.515737915039062500e+01,1.055341033935546875e+02
9.657932281494140625e+01,1.306913909912109375e+02
1.319935913085937500e+02,1.260392379760742188e+02
5.112538528442382812e+01,1.095105743408203125e+02
3.615642547607421875e+01,7.816236114501953125e+01
5.349294662475585938e+01,1.140294189453125000e+02
4.890709304809570312e+01,7.476004028320312500e+01
1.559613132476806641e+01,4.417646026611328125e+01
3.502668762207031250e+01,8.089930725097656250e+01
7.848797607421875000e+01,1.174120864868164062e+02
8.571734619140625000e+01,1.238648681640625000e+02
1.213564224243164062e+02,1.278337631225585938e+02
4.916408157348632812e+01,4.851916885375976562e+01
8.055442047119140625e+01,1.204614105224609375e+02
3.005406951904296875e+01,1.047226867675781250e+02
3.942802810668945312e+01,1.027658843994140625e+02
6.024450683593750000e+01,1.147615280151367188e+02
5.487712097167968750e+01,1.087005615234375000e+02
2.293437194824218750e+01,1.078018875122070312e+02
4.615262985229492188e+01,1.138676681518554688e+02
4.814776992797851562e+01,9.459298706054687500e+01
4.134576416015625000e+01,8.226715087890625000e+01
5.815726089477539062e+01,9.960372924804687500e+01
7.057031250000000000e+01,1.074022064208984375e+02
2.102629280090332031e+01,7.013728332519531250e+01
2.357873725891113281e+01,6.237650299072265625e+01
3.209543609619140625e+01,7.264718627929687500e+01
3.835782623291015625e+01,8.236698913574218750e+01
2.691861915588378906e+01,6.452474975585937500e+01
7.635311889648437500e+01,1.161519775390625000e+02
7.676390838623046875e+01,1.102026672363281250e+02
1.010582351684570312e+02,1.232442016601562500e+02
1.946203994750976562e+01,4.991456985473632812e+01
1.528991603851318359e+01,4.159314346313476562e+01
2.633496665954589844e+01,4.888716888427734375e+01
2.464537048339843750e+01,6.289855194091796875e+01
3.963908004760742188e+01,8.776814270019531250e+01
5.075437545776367188e+01,9.792515563964843750e+01
4.578334426879882812e+01,1.043397140502929688e+02
8.615600585937500000e+01,1.309773406982421875e+02
7.576583862304687500e+01,1.319219055175781250e+02
9.562975311279296875e+01,1.363675231933593750e+02
6.208302688598632812e+01,1.132755813598632812e+02
7.634674835205078125e+01,1.293009033203125000e+02
1.036966323852539062e+02,1.250465774536132812e+02
1.097259044647216797e+01,3.576748657226562500e+01
3.556162643432617188e+01,1.047320175170898438e+02
5.132926559448242188e+01,1.148148956298828125e+02
3.824440383911132812e+01,1.089358367919921875e+02
6.883170318603515625e+01,1.229796447753906250e+02
6.325003051757812500e+01,1.252659378051757812e+02
6.349779129028320312e+01,1.281545410156250000e+02
2.399652099609375000e+01,9.749699401855468750e+01
5.707502365112304688e+01,9.404684448242187500e+01
1.574841308593750000e+01,2.726411437988281250e+01
6.009041976928710938e+01,1.157900161743164062e+02
8.945968627929687500e+01,1.324296875000000000e+02
3.950692367553710938e+01,1.140804977416992188e+02
4.069031143188476562e+01,8.683134460449218750e+01
8.329059600830078125e+01,1.296501159667968750e+02
8.861205291748046875e+01,1.431683044433593750e+02
1.219004211425781250e+02,1.395335388183593750e+02
9.218885040283203125e+01,1.281709899902343750e+02
3.828991317749023438e+01,9.773715972900390625e+01
5.720619583129882812e+01,1.180041961669921875e+02
3.133979225158691406e+01,9.086296844482421875e+01
9.803247070312500000e+01,1.338084716796875000e+02
5.067251586914062500e+01,9.915466308593750000e+01
2.924273681640625000e+01,6.448687744140625000e+01
2.925059700012207031e+01,7.651269531250000000e+01
5.961613845825195312e+01,9.503923034667968750e+01
7.624533843994140625e+01,1.151788177490234375e+02
9.896463775634765625e+01,1.363544006347656250e+02
6.457503509521484375e+01,1.188456726074218750e+02
4.449452209472656250e+01,9.461341857910156250e+01
6.591028594970703125e+01,1.114019012451171875e+02
2.988358497619628906e+01,8.339675903320312500e+01
4.314996337890625000e+01,8.951900482177734375e+01
3.509974288940429688e+01,1.030728607177734375e+02
3.338159942626953125e+01,8.510803222656250000e+01
1.006805648803710938e+02,1.281156463623046875e+02
1.080760116577148438e+02,1.310508117675781250e+02
6.993325805664062500e+01,1.279450378417968750e+02
4.960179519653320312e+01,1.109586334228515625e+02
8.268215179443359375e+01,1.275325012207031250e+02
5.140097045898437500e+01,1.145387039184570312e+02
4.378420639038085938e+01,1.102442016601562500e+02
4.390182113647460938e+01,9.941609191894531250e+01
2.063633918762207031e+01,9.611097717285156250e+01
5.472885131835937500e+01,1.245424194335937500e+02
1.500668621063232422e+01,5.921847152709960938e+01
1.376179122924804688e+01,6.592781829833984375e+01
3.473295974731445312e+01,9.223179626464843750e+01
5.255778503417968750e+01,8.305232238769531250e+01
4.996649169921875000e+01,1.084233322143554688e+02
3.022168540954589844e+01,6.872914123535156250e+01
8.222807312011718750e+01,1.236275482177734375e+02
5.041286087036132812e+01,1.155037689208984375e+02
3.612688827514648438e+01,8.886717987060546875e+01
3.991953659057617188e+01,8.850321960449218750e+01
5.720506668090820312e+01,1.151808929443359375e+02
4.412399673461914062e+01,8.834144592285156250e+01
7.697481536865234375e+01,1.071340484619140625e+02
6.347349548339843750e+01,1.269454040527343750e+02
1.080373458862304688e+02,1.336030578613281250e+02
1.196423950195312500e+02,1.289424133300781250e+02
1.236027832031250000e+02,1.326421813964843750e+02
1.320806026458740234e+01,3.348044586181640625e+01
1.024785156250000000e+02,1.226005859375000000e+02
4.260528945922851562e+01,7.504891967773437500e+01
1.171717758178710938e+02,1.242610626220703125e+02
6.287454223632812500e+01,1.081736450195312500e+02
3.152250099182128906e+01,6.681828308105468750e+01
2.716400146484375000e+01,6.347552490234375000e+01
7.165668487548828125e+01,1.265814437866210938e+02
8.197619628906250000e+01,1.314332580566406250e+02
1.094412841796875000e+02,1.266922836303710938e+02
1.000189208984375000e+02,1.221423110961914062e+02
7.629535675048828125e+01,1.223213043212890625e+02
9.613037109375000000e+01,1.342950439453125000e+02
7.416299438476562500e+01,1.069679260253906250e+02
1.024276504516601562e+02,1.164846038818359375e+02
9.186074066162109375e+01,1.238754577636718750e+02
9.752724456787109375e+01,1.203917083740234375e+02
1.070732650756835938e+02,1.217759017944335938e+02
9.438521575927734375e+01,1.291380004882812500e+02
1.217598800659179688e+02,1.379941711425781250e+02
1.082834396362304688e+02,1.240241851806640625e+02
1.115092163085937500e+02,1.250814056396484375e+02
5.855012512207031250e+01,9.703258514404296875e+01
6.715969848632812500e+01,1.149332962036132812e+02
1.144826431274414062e+02,1.271064529418945312e+02
1.150383605957031250e+02,1.281418151855468750e+02
1.100020370483398438e+02,1.277563629150390625e+02
1.029070510864257812e+02,1.263272705078125000e+02
1.144419174194335938e+02,1.329999084472656250e+02
1.094080505371093750e+02,1.177806777954101562e+02
7.855810546875000000e+01,7.999099731445312500e+01
7.833250427246093750e+01,1.166083526611328125e+02
1.265615539550781250e+02,1.250572662353515625e+02
6.795919036865234375e+01,1.229454345703125000e+02
8.277269744873046875e+01,1.107527236938476562e+02
6.999528503417968750e+01,1.116075363159179688e+02
9.699814605712890625e+01,1.162106781005859375e+02
1.193483886718750000e+02,1.294246215820312500e+02
3.032000541687011719e+01,9.578784179687500000e+01
4.656781005859375000e+01,1.228967971801757812e+02
3.652017593383789062e+01,9.039678955078125000e+01
3.000666999816894531e+01,9.155844116210937500e+01
4.999123001098632812e+01,1.175574188232421875e+02
2.803963661193847656e+01,8.406098937988281250e+01
1.129682617187500000e+02,1.322448120117187500e+02
6.471607971191406250e+01,1.115764007568359375e+02
4.830393981933593750e+01,1.242704620361328125e+02
6.024138259887695312e+01,1.221797027587890625e+02
2.933078765869140625e+01,7.443816375732421875e+01
3.182749938964843750e+01,9.456689453125000000e+01
6.590627288818359375e+01,1.264707489013671875e+02
6.194430541992187500e+01,1.231045532226562500e+02
7.125659942626953125e+01,1.130996551513671875e+02
3.978535461425781250e+01,9.491790771484375000e+01
2.624958801269531250e+01,6.820375061035156250e+01
6.984526824951171875e+01,1.245249786376953125e+02
5.504442214965820312e+01,1.048763885498046875e+02
6.511621093750000000e+01,1.293567199707031250e+02
6.216424560546875000e+01,9.241821289062500000e+01
4.290852737426757812e+01,1.077304382324218750e+02
3.551425552368164062e+01,8.229512023925781250e+01
6.335087966918945312e+01,1.112712936401367188e+02
5.967050170898437500e+01,1.102647247314453125e+02
7.175934600830078125e+01,1.041491241455078125e+02
5.048126220703125000e+01,8.253913879394531250e+01
3.341811752319335938e+01,8.391787719726562500e+01
3.844364166259765625e+01,8.237656402587890625e+01
5.655531692504882812e+01,1.013368301391601562e+02
3.413454818725585938e+01,6.946326446533203125e+01
3.867729568481445312e+01,8.389569091796875000e+01
4.934733581542968750e+01,9.409805297851562500e+01
4.843528366088867188e+01,8.954841613769531250e+01
7.798059844970703125e+01,1.059464569091796875e+02
6.642221832275390625e+01,7.546232604980468750e+01
2.191550445556640625e+01,6.144332122802734375e+01
4.032320022583007812e+01,8.246807861328125000e+01
7.092739105224609375e+01,1.013697814941406250e+02
6.568736267089843750e+01,1.023548278808593750e+02
2.557808113098144531e+01,7.779769897460937500e+01
5.396448135375976562e+01,1.238261413574218750e+02
7.122885894775390625e+01,1.197453155517578125e+02
9.800482940673828125e+01,1.291290588378906250e+02
5.600896072387695312e+01,1.204669494628906250e+02
4.952150344848632812e+01,9.786365509033203125e+01
2.537874031066894531e+01,1.048840179443359375e+02
3.698144149780273438e+01,9.642384338378906250e+01
7.734207916259765625e+01,1.167756729125976562e+02
2.269466590881347656e+01,8.844413757324218750e+01
8.743795013427734375e+01,1.210485916137695312e+02
5.458699417114257812e+01,9.466279602050781250e+01
5.248398208618164062e+01,1.016207427978515625e+02
4.868273925781250000e+01,1.019833068847656250e+02
7.351401519775390625e+01,1.228843917846679688e+02
3.767471313476562500e+01,1.258513336181640625e+02
7.363223266601562500e+01,1.167281646728515625e+02
1.028290481567382812e+02,1.186468811035156250e+02
8.092882537841796875e+01,1.042172622680664062e+02
1.161255111694335938e+02,1.278863525390625000e+02
1.010191116333007812e+02,1.234735717773437500e+02
4.596658325195312500e+01,9.772311401367187500e+01
7.268924713134765625e+01,1.065093536376953125e+02
2.387802696228027344e+01,6.912714385986328125e+01
3.622973251342773438e+01,7.933020019531250000e+01
1.898272514343261719e+01,8.510418701171875000e+01
3.251842498779296875e+01,8.997099304199218750e+01
3.473302078247070312e+01,8.466438293457031250e+01
3.023258781433105469e+01,9.216976928710937500e+01
2.630171012878417969e+01,9.310581970214843750e+01
5.234727478027343750e+01,8.161061859130859375e+01
3.329344177246093750e+01,6.765554809570312500e+01
3.174519348144531250e+01,7.800901031494140625e+01
2.684643363952636719e+01,8.385678100585937500e+01
2.240664100646972656e+01,8.945304870605468750e+01
3.809836196899414062e+01,7.980445861816406250e+01
6.603073883056640625e+01,1.287971649169921875e+02
4.334498977661132812e+01,8.002569580078125000e+01
3.884159088134765625e+01,7.888261413574218750e+01
3.258797836303710938e+01,8.284818267822265625e+01
2.520881652832031250e+01,9.380044555664062500e+01
8.876495361328125000e+01,8.381040954589843750e+01
8.983182525634765625e+01,1.090035705566406250e+02
4.165731430053710938e+01,7.700785827636718750e+01
8.552669525146484375e+01,1.128171310424804688e+02
6.388787841796875000e+01,9.648159027099609375e+01
5.546319961547851562e+01,1.071352233886718750e+02
5.740613174438476562e+01,1.265491638183593750e+02
1.895313453674316406e+01,5.603650283813476562e+01
2.635526084899902344e+01,7.931602478027343750e+01
9.755047607421875000e+01,1.172723770141601562e+02
7.811665344238281250e+01,1.086474609375000000e+02
1.067850418090820312e+02,1.143728790283203125e+02
4.982908248901367188e+01,1.049662170410156250e+02
5.919025039672851562e+01,1.111409530639648438e+02
6.660086822509765625e+01,9.962187194824218750e+01
3.347071838378906250e+01,9.575263214111328125e+01
1.157277832031250000e+02,1.397694396972656250e+02
1.191065444946289062e+02,1.403295898437500000e+02
2.570194053649902344e+01,7.910200500488281250e+01
5.952807235717773438e+01,7.890103149414062500e+01
4.950899124145507812e+01,7.869722747802734375e+01
5.101414489746093750e+01,8.736254882812500000e+01
4.752294921875000000e+01,9.554187774658203125e+01
6.686663818359375000e+01,9.414606475830078125e+01
7.206031036376953125e+01,9.759580993652343750e+01
7.093637847900390625e+01,1.098976669311523438e+02
9.239002227783203125e+01,1.222173004150390625e+02
6.818865966796875000e+01,1.035455474853515625e+02
6.123973464965820312e+01,8.620664978027343750e+01
6.453541564941406250e+01,9.758330535888671875e+01
8.981625366210937500e+01,9.683426666259765625e+01
7.850089263916015625e+01,1.003298950195312500e+02
1.018701782226562500e+02,1.189200363159179688e+02
7.916497802734375000e+01,1.081927947998046875e+02
6.817840576171875000e+01,9.784977722167968750e+01
7.102103424072265625e+01,9.756074523925781250e+01
7.944557952880859375e+01,1.001708221435546875e+02
8.717456817626953125e+01,1.183129425048828125e+02
9.528328704833984375e+01,1.201060791015625000e+02
3.515023803710937500e+01,8.802762603759765625e+01
4.305557632446289062e+01,8.580322265625000000e+01
1.491401195526123047e+01,7.136827087402343750e+01
2.839844512939453125e+01,7.933978271484375000e+01
2.404701995849609375e+01,8.373694610595703125e+01
1.105638198852539062e+02,1.316700744628906250e+02
1.657542228698730469e+01,6.928726196289062500e+01
6.658287811279296875e+01,1.026393127441406250e+02
2.476775550842285156e+01,6.601475524902343750e+01
8.576544189453125000e+01,1.020483016967773438e+02
1.022281875610351562e+02,1.163902511596679688e+02
8.278525543212890625e+01,1.148558883666992188e+02
1.175368881225585938e+02,1.328585662841796875e+02
8.419833374023437500e+01,1.185797729492187500e+02
6.964600372314453125e+01,1.106751098632812500e+02
4.641648864746093750e+01,1.101331710815429688e+02
2.046363067626953125e+01,6.829578399658203125e+01
5.558935546875000000e+01,1.028821716308593750e+02
6.532470703125000000e+01,9.460188293457031250e+01
9.711354827880859375e+01,1.180359115600585938e+02
3.563986968994140625e+01,1.034142913818359375e+02
2.635114097595214844e+01,5.543677520751953125e+01
1.173588027954101562e+02,1.114009399414062500e+02
7.515786743164062500e+01,1.129545288085937500e+02
2.976566123962402344e+01,8.205547332763671875e+01
9.784082031250000000e+01,1.246823120117187500e+02
7.257372283935546875e+01,1.218938598632812500e+02
1.112806167602539062e+02,1.421874694824218750e+02
9.412581634521484375e+01,1.305635986328125000e+02
8.743472290039062500e+01,1.435071258544921875e+02
7.167270660400390625e+01,1.314087219238281250e+02
5.483620071411132812e+01,1.212123260498046875e+02
9.787227630615234375e+01,1.162236633300781250e+02
9.062593841552734375e+01,1.299214477539062500e+02
3.400847244262695312e+01,8.241438293457031250e+01
3.733605957031250000e+01,9.723674011230468750e+01
8.261215972900390625e+01,1.310795898437500000e+02
8.048229217529296875e+01,1.142993774414062500e+02
9.291797637939453125e+01,1.158572540283203125e+02
3.178813743591308594e+01,4.987236785888671875e+01
6.853365325927734375e+01,9.765466308593750000e+01
4.354951477050781250e+01,6.926703643798828125e+01
3.255490493774414062e+01,8.419396972656250000e+01
1.401850128173828125e+01,4.675111389160156250e+01
5.095024108886718750e+01,9.115812683105468750e+01
4.229482650756835938e+01,6.905585479736328125e+01
8.456772613525390625e+01,9.289393615722656250e+01
9.792751312255859375e+01,1.048163375854492188e+02
3.040336036682128906e+01,8.739254760742187500e+01
3.884078216552734375e+01,6.489939880371093750e+01
6.106097412109375000e+01,9.074007415771484375e+01
1.139444198608398438e+02,1.294862060546875000e+02
9.200199127197265625e+01,1.178851165771484375e+02
4.634806442260742188e+01,8.906222534179687500e+01
4.642120361328125000e+01,1.030287475585937500e+02
6.770638275146484375e+01,1.017410125732421875e+02
6.284011840820312500e+01,9.518942260742187500e+01
2.939684486389160156e+01,4.656658172607421875e+01
2.962467956542968750e+01,5.039148330688476562e+01
6.539076995849609375e+01,7.902388763427734375e+01
8.402065277099609375e+01,1.237038574218750000e+02
8.513620758056640625e+01,1.235194244384765625e+02
8.928823089599609375e+01,1.170871353149414062e+02
7.242191314697265625e+01,1.182631378173828125e+02
7.680001068115234375e+01,1.115151290893554688e+02
8.067272949218750000e+01,1.213629989624023438e+02
7.852573394775390625e+01,1.081253662109375000e+02
8.866845703125000000e+01,1.294090270996093750e+02
8.390132904052734375e+01,1.252394714355468750e+02
6.517495727539062500e+01,1.241964111328125000e+02
8.208449554443359375e+01,1.312363586425781250e+02
7.614041900634765625e+01,1.276353302001953125e+02
7.466139221191406250e+01,1.287715301513671875e+02
6.296757888793945312e+01,1.304367065429687500e+02
8.016381072998046875e+01,1.342050781250000000e+02
7.588913726806640625e+01,1.252581634521484375e+02
7.578244781494140625e+01,1.347714538574218750e+02
9.133950805664062500e+01,1.382086181640625000e+02
8.103188323974609375e+01,1.357145080566406250e+02
1.022382583618164062e+02,1.332886962890625000e+02
4.123286819458007812e+01,9.673652648925781250e+01
6.185494995117187500e+01,1.153384704589843750e+02
6.557957458496093750e+01,1.294555969238281250e+02
5.760588455200195312e+01,1.237233581542968750e+02
1.139793014526367188e+02,1.366088104248046875e+02
9.683519744873046875e+01,1.146006011962890625e+02
1.150754623413085938e+02,1.359241943359375000e+02
5.999649429321289062e+01,1.071621398925781250e+02
8.299861145019531250e+01,1.228599090576171875e+02
1.028694839477539062e+02,1.278413314819335938e+02
8.964676666259765625e+01,1.253068847656250000e+02
9.124456787109375000e+01,1.308481445312500000e+02
8.562188720703125000e+01,1.327161254882812500e+02
6.701412200927734375e+01,1.257923278808593750e+02
9.827346038818359375e+01,1.365620117187500000e+02
5.789212036132812500e+01,1.252301254272460938e+02
6.020398330688476562e+01,1.363647155761718750e+02
7.283558654785156250e+01,1.327546691894531250e+02
9.353078460693359375e+01,1.220641860961914062e+02
8.670923614501953125e+01,1.187862396240234375e+02
5.219258117675781250e+01,1.051984252929687500e+02
9.752185058593750000e+01,1.307139587402343750e+02
4.607707214355468750e+01,9.016264343261718750e+01
3.376441955566406250e+01,7.096566772460937500e+01
5.080932617187500000e+01,1.206870422363281250e+02
6.150317764282226562e+01,1.116202697753906250e+02
2.495237541198730469e+01,9.146716308593750000e+01
6.468903350830078125e+01,1.034314575195312500e+02
4.796268844604492188e+01,8.070314025878906250e+01
7.246556854248046875e+01,1.237807922363281250e+02
2.016312026977539062e+01,4.036536407470703125e+01
7.067211914062500000e+01,8.814463806152343750e+01
4.962728881835937500e+01,9.913101196289062500e+01
3.707155227661132812e+01,6.821307373046875000e+01
3.568075180053710938e+01,5.374073791503906250e+01
2.314237976074218750e+01,9.255199432373046875e+01
1.797122383117675781e+01,7.886695861816406250e+01
5.568790054321289062e+01,9.501289367675781250e+01
8.850894165039062500e+01,1.220837554931640625e+02
6.915502166748046875e+01,1.132066345214843750e+02
9.134435272216796875e+01,9.355883789062500000e+01
9.078145599365234375e+01,1.326589355468750000e+02
8.319344329833984375e+01,8.780010223388671875e+01
2.815813636779785156e+01,4.788570785522460938e+01
2.286249542236328125e+01,4.378160858154296875e+01
5.372835159301757812e+01,6.669827270507812500e+01
7.559920501708984375e+01,9.325051116943359375e+01
3.464106750488281250e+01,5.217911529541015625e+01
7.122747039794921875e+01,1.311644592285156250e+02
7.435205841064453125e+01,1.236712646484375000e+02
5.565424728393554688e+01,7.036026000976562500e+01
8.618569183349609375e+01,1.243437194824218750e+02
5.310580062866210938e+01,1.198070373535156250e+02
9.262548065185546875e+01,1.272573242187500000e+02
9.737642669677734375e+01,1.275426788330078125e+02
9.957675933837890625e+01,1.296393432617187500e+02
1.016093368530273438e+02,1.276693725585937500e+02
8.915979003906250000e+01,1.106646194458007812e+02
2.384733009338378906e+01,5.921365356445312500e+01
7.397434997558593750e+01,1.262158355712890625e+02
4.419032669067382812e+01,8.009484863281250000e+01
4.253290176391601562e+01,1.045594177246093750e+02
7.056933593750000000e+01,1.119679260253906250e+02
3.629441833496093750e+01,9.628897857666015625e+01
7.466461944580078125e+01,1.168738327026367188e+02
6.619757080078125000e+01,7.546601867675781250e+01
5.833457565307617188e+01,7.302014160156250000e+01
4.789594650268554688e+01,7.606562805175781250e+01
7.007019805908203125e+01,9.450068664550781250e+01
5.316705703735351562e+01,9.337530517578125000e+01
5.847091674804687500e+01,7.678260803222656250e+01
6.503872680664062500e+01,9.380459594726562500e+01
3.254621505737304688e+01,8.978068542480468750e+01
6.168538284301757812e+01,8.347515869140625000e+01
4.071626281738281250e+01,5.358980560302734375e+01
4.624534988403320312e+01,5.765027236938476562e+01
5.320475769042968750e+01,6.602194976806640625e+01
6.566057586669921875e+01,1.032602386474609375e+02
1.002602767944335938e+02,1.179562225341796875e+02
2.273472023010253906e+01,6.707038116455078125e+01
2.251277160644531250e+01,6.861988067626953125e+01
9.138479614257812500e+01,1.064546279907226562e+02
9.830682373046875000e+01,1.198872070312500000e+02
5.697790527343750000e+01,1.105371017456054688e+02
4.179097366333007812e+01,5.713329315185546875e+01
8.181529998779296875e+01,9.725143432617187500e+01
4.724815750122070312e+01,9.399752044677734375e+01
4.040069961547851562e+01,7.982334899902343750e+01
4.777400588989257812e+01,9.864994049072265625e+01
7.710897827148437500e+01,9.166218566894531250e+01
4.322564697265625000e+01,1.071301879882812500e+02
2.780414581298828125e+01,8.970573425292968750e+01
5.010015869140625000e+01,9.922849273681640625e+01
7.796788024902343750e+01,1.163487930297851562e+02
3.153596496582031250e+01,9.353910064697265625e+01
5.359012222290039062e+01,1.121999893188476562e+02
6.723470306396484375e+01,1.038908843994140625e+02
5.885179519653320312e+01,1.049805450439453125e+02
7.375658416748046875e+01,9.985827636718750000e+01
2.960449218750000000e+01,9.406169128417968750e+01
9.758457183837890625e+00,6.224820327758789062e+01
5.153739547729492188e+01,9.921111297607421875e+01
3.453704071044921875e+01,9.696444702148437500e+01
3.328326797485351562e+01,9.658471679687500000e+01
1.992721748352050781e+01,7.480755615234375000e+01
5.546843338012695312e+01,1.072064666748046875e+02
1.502459430694580078e+01,6.694300842285156250e+01
6.011715698242187500e+01,1.023530731201171875e+02
5.593420410156250000e+01,9.017137145996093750e+01
7.558303833007812500e+01,9.193431091308593750e+01
4.446923828125000000e+01,8.636672973632812500e+01
7.541101074218750000e+01,8.756735229492187500e+01
2.086038780212402344e+01,4.695932769775390625e+01
3.724758529663085938e+01,7.379627990722656250e+01
3.574520874023437500e+01,7.324090576171875000e+01
2.688197135925292969e+01,6.448922729492187500e+01
5.885701370239257812e+01,8.009132385253906250e+01
7.382792663574218750e+01,9.388933563232421875e+01
6.529993438720703125e+01,6.721390533447265625e+01
9.158936309814453125e+01,9.073791503906250000e+01
7.402349090576171875e+01,8.245880889892578125e+01
2.172047424316406250e+01,5.513108444213867188e+01
5.886693191528320312e+01,9.845052337646484375e+01
2.262445831298828125e+01,5.815106582641601562e+01
1.010815334320068359e+01,4.518779754638671875e+01
4.028134918212890625e+01,5.529201507568359375e+01
5.150126266479492188e+01,7.045355987548828125e+01
5.405569458007812500e+01,7.403491210937500000e+01
6.270273208618164062e+01,6.985940551757812500e+01
5.011727905273437500e+01,5.920793151855468750e+01
2.705310821533203125e+01,5.092972564697265625e+01
2.167963981628417969e+01,5.467684936523437500e+01
6.175137329101562500e+01,7.211298370361328125e+01
2.663355255126953125e+01,5.284973907470703125e+01
2.962000083923339844e+01,6.648120880126953125e+01
2.007063484191894531e+01,5.434044265747070312e+01
2.502477073669433594e+01,6.059666442871093750e+01
2.090748023986816406e+01,5.413530731201171875e+01
7.609494781494140625e+01,6.083838653564453125e+01
6.370761108398437500e+01,4.896480178833007812e+01
4.719946670532226562e+01,7.444422912597656250e+01
2.752564430236816406e+01,5.269564819335937500e+01
3.544642257690429688e+01,4.882538604736328125e+01
3.980339050292968750e+01,6.593241119384765625e+01
1.943950462341308594e+01,5.726759338378906250e+01
1.390129947662353516e+01,5.568010711669921875e+01
3.540563201904296875e+01,6.125869750976562500e+01
1.536500930786132812e+01,5.512964630126953125e+01
5.752106857299804688e+01,8.389846801757812500e+01
1.116581439971923828e+01,6.504795074462890625e+01
3.740034103393554688e+01,9.854158020019531250e+01
1.448176097869873047e+01,7.284135437011718750e+01
1.498312377929687500e+01,5.800601959228515625e+01
1.954322242736816406e+01,7.560964965820312500e+01
3.916563796997070312e+01,9.914785766601562500e+01
1.233505630493164062e+01,7.086085510253906250e+01
4.088439178466796875e+01,9.687716674804687500e+01
1.046795043945312500e+02,1.088608398437500000e+02
3.677862548828125000e+01,8.221920776367187500e+01
1.914057922363281250e+01,6.262650299072265625e+01
1.139188098907470703e+01,5.633569335937500000e+01
2.647655296325683594e+01,5.334326171875000000e+01
1.750022315979003906e+01,6.289484405517578125e+01
2.863900184631347656e+01,6.159141159057617188e+01
1.960382652282714844e+01,5.616484832763671875e+01
1.828137969970703125e+01,6.373515701293945312e+01
8.169562530517578125e+01,6.995835113525390625e+01
3.577379608154296875e+01,5.898290634155273438e+01
3.377403640747070312e+01,8.438644409179687500e+01
2.528601837158203125e+01,8.140322875976562500e+01
8.138491630554199219e+00,4.032948303222656250e+01
1.966047668457031250e+01,5.845313644409179688e+01
2.203856849670410156e+01,7.267518615722656250e+01
6.325592041015625000e+01,5.234954452514648438e+01
4.422796249389648438e+01,6.236632537841796875e+01
5.648550415039062500e+01,7.400489807128906250e+01
4.548199844360351562e+01,6.098680877685546875e+01
1.957889747619628906e+01,5.906299591064453125e+01
8.302162933349609375e+01,9.949612426757812500e+01
6.727859497070312500e+01,7.561630249023437500e+01
4.668867492675781250e+01,5.973846435546875000e+01
5.292467880249023438e+01,4.512699890136718750e+01
2.153026771545410156e+01,5.641756057739257812e+01
4.618529129028320312e+01,8.129762268066406250e+01
2.247422599792480469e+01,7.592773437500000000e+01
7.388490295410156250e+01,9.995446777343750000e+01
5.830456542968750000e+01,8.834906005859375000e+01
4.989962768554687500e+01,5.098408508300781250e+01
2.617707633972167969e+01,5.258478164672851562e+01
4.133184814453125000e+01,7.369792938232421875e+01
4.607997512817382812e+01,7.249346923828125000e+01
4.268565750122070312e+01,4.487077713012695312e+01
2.205293273925781250e+01,5.056995391845703125e+01
3.717885971069335938e+01,6.755253601074218750e+01
1.501513195037841797e+01,5.560369873046875000e+01
1.334204387664794922e+01,5.367889404296875000e+01
3.202251815795898438e+01,6.097277832031250000e+01
6.737763977050781250e+01,7.347607421875000000e+01
2.306089782714843750e+01,8.993608856201171875e+01
5.030414104461669922e+00,3.263459777832031250e+01
5.613248825073242188e+01,6.966625976562500000e+01
3.334592056274414062e+01,5.853404235839843750e+01
4.820500183105468750e+01,7.426591491699218750e+01
2.594704627990722656e+01,7.123747253417968750e+01
6.930088043212890625e+01,8.672864532470703125e+01
1.664460182189941406e+01,4.816644287109375000e+01
1.659148216247558594e+01,4.895313262939453125e+01
4.775988388061523438e+01,6.475357818603515625e+01
9.254953002929687500e+01,1.181610870361328125e+02
3.492673873901367188e+01,6.634336853027343750e+01
7.381330013275146484e+00,3.453215026855468750e+01
2.753224182128906250e+01,5.760657882690429688e+01
2.191071319580078125e+01,6.833617401123046875e+01
4.083208847045898438e+01,7.068315124511718750e+01
5.595029067993164062e+01,9.281945800781250000e+01
8.751198577880859375e+01,1.235438690185546875e+02
1.034043960571289062e+02,1.338119201660156250e+02
1.004853134155273438e+02,1.424039611816406250e+02
2.808382606506347656e+01,8.286738586425781250e+01
1.079272842407226562e+02,1.288363800048828125e+02
3.771735763549804688e+01,1.041981735229492188e+02
5.088265609741210938e+01,1.112761993408203125e+02
7.899641418457031250e+01,1.286045532226562500e+02
5.599476242065429688e+01,1.378357849121093750e+02
5.760662841796875000e+01,1.388764648437500000e+02
3.885270309448242188e+01,1.303361053466796875e+02
7.278885650634765625e+01,1.394728546142578125e+02
1.862248039245605469e+01,3.649930572509765625e+01
1.691796302795410156e+01,5.616373443603515625e+01
1.640133476257324219e+01,4.163131332397460938e+01
6.559089660644531250e+01,1.264081115722656250e+02
5.559318923950195312e+01,1.356467895507812500e+02
3.416062545776367188e+01,8.282551574707031250e+01
4.001522445678710938e+01,8.594346618652343750e+01
4.387840652465820312e+01,6.402297210693359375e+01
6.715118408203125000e+01,1.342619476318359375e+02
1.460969448089599609e+01,7.581379699707031250e+01
2.575762748718261719e+01,4.232260513305664062e+01
1.947676277160644531e+01,3.978876876831054688e+01
1.836376380920410156e+01,1.095144042968750000e+02
3.506588363647460938e+01,5.377970123291015625e+01
6.526237487792968750e+01,9.286840820312500000e+01
8.225978088378906250e+01,1.057092590332031250e+02
4.596182250976562500e+01,9.044659423828125000e+01
3.742198181152343750e+01,8.120551300048828125e+01
9.162860870361328125e+01,1.132516250610351562e+02
6.703861236572265625e+01,1.231317596435546875e+02
9.705425262451171875e+01,1.325799865722656250e+02
5.009951400756835938e+01,8.200267028808593750e+01
7.245615386962890625e+01,8.714049530029296875e+01
6.134412765502929688e+01,9.661306762695312500e+01
3.523953247070312500e+01,5.840959930419921875e+01
3.689340209960937500e+01,7.667227172851562500e+01
5.735869979858398438e+01,9.201628112792968750e+01
9.618274688720703125e+01,9.838467407226562500e+01
8.974501800537109375e+01,8.875891113281250000e+01
5.985832595825195312e+01,7.725215911865234375e+01
6.458957672119140625e+01,8.456297302246093750e+01
3.983418273925781250e+01,6.818928527832031250e+01
3.295268630981445312e+01,7.109046173095703125e+01
6.906166839599609375e+01,9.820834350585937500e+01
8.740915679931640625e+01,8.422101593017578125e+01
1.165428466796875000e+02,1.244562683105468750e+02
5.888434982299804688e+01,7.137892150878906250e+01
5.874616622924804688e+01,1.278424224853515625e+02
7.973666381835937500e+01,1.254423446655273438e+02
4.796286010742187500e+01,1.064002380371093750e+02
5.298737716674804688e+01,1.072611846923828125e+02
8.392490386962890625e+01,1.098540191650390625e+02
7.868546295166015625e+01,1.048591003417968750e+02
3.868858337402343750e+01,9.361343383789062500e+01
4.214605331420898438e+01,5.594999694824218750e+01
1.008924484252929688e+02,1.237257385253906250e+02
4.883540725708007812e+01,7.758534240722656250e+01
2.761595726013183594e+01,7.834001159667968750e+01
9.084136962890625000e+01,1.139085845947265625e+02
1.020358963012695312e+02,1.041027374267578125e+02
5.734328079223632812e+01,8.075875854492187500e+01
4.497367858886718750e+01,7.934944152832031250e+01
5.928222274780273438e+01,9.527674865722656250e+01
4.700067138671875000e+01,6.479463195800781250e+01
4.968443679809570312e+01,5.726820373535156250e+01
5.806607437133789062e+01,7.528070068359375000e+01
4.518887329101562500e+01,8.954838562011718750e+01
4.726916503906250000e+01,6.129071807861328125e+01
2.802200317382812500e+01,3.171564674377441406e+01
6.147236633300781250e+01,9.748140716552734375e+01
2.925803184509277344e+01,4.399720764160156250e+01
6.577835845947265625e+01,8.486282348632812500e+01
6.727278900146484375e+01,8.433178710937500000e+01
5.067808151245117188e+01,6.472516632080078125e+01
8.432578277587890625e+01,1.066989517211914062e+02
2.939621925354003906e+01,4.691040039062500000e+01
3.052523231506347656e+01,4.644564056396484375e+01
2.117299842834472656e+01,3.646793365478515625e+01
7.904647064208984375e+01,9.781459045410156250e+01
4.895966720581054688e+01,7.283207702636718750e+01
6.562088012695312500e+01,7.485720825195312500e+01
4.775868606567382812e+01,6.467658996582031250e+01
6.652781677246093750e+01,9.131956481933593750e+01
6.190303421020507812e+01,8.488340759277343750e+01
4.998144149780273438e+01,6.332978057861328125e+01
3.614985275268554688e+01,6.762380218505859375e+01
4.316033554077148438e+01,8.945700073242187500e+01
5.119491195678710938e+01,9.550265502929687500e+01
7.284026336669921875e+01,1.020549774169921875e+02
8.243948364257812500e+01,8.405119323730468750e+01
6.761366271972656250e+01,7.904224395751953125e+01
5.334061813354492188e+01,7.305571746826171875e+01
4.369585800170898438e+01,5.543172454833984375e+01
7.086029815673828125e+01,6.931576538085937500e+01
4.281112670898437500e+01,4.764031982421875000e+01
2.146163368225097656e+01,5.846097183227539062e+01
4.543699645996093750e+01,3.721707916259765625e+01
3.432548141479492188e+01,5.301619338989257812e+01
2.586453437805175781e+01,7.839697265625000000e+01
1.761084365844726562e+01,5.585455322265625000e+01
5.685554504394531250e+01,1.106336059570312500e+02
4.276377868652343750e+01,9.231417083740234375e+01
4.296824645996093750e+01,6.800515747070312500e+01
2.466098022460937500e+01,6.625030517578125000e+01
3.152456855773925781e+01,4.202066040039062500e+01
2.129559135437011719e+01,4.971331787109375000e+01
1.781340980529785156e+01,4.368624877929687500e+01
2.374394798278808594e+01,4.936718750000000000e+01
6.267827224731445312e+01,9.444212341308593750e+01
4.266653442382812500e+01,6.009497070312500000e+01
2.660484123229980469e+01,6.564205932617187500e+01
8.912151336669921875e+01,1.094535064697265625e+02
5.617840576171875000e+01,9.733449554443359375e+01
4.328068923950195312e+01,5.554813003540039062e+01
5.763257217407226562e+01,6.866522979736328125e+01
5.684508895874023438e+01,8.294964599609375000e+01
7.784654235839843750e+01,9.291571044921875000e+01
7.459564208984375000e+01,1.094568634033203125e+02
2.921355438232421875e+01,6.172894668579101562e+01
2.412462615966796875e+01,4.802166748046875000e+01
2.395048332214355469e+01,4.442684173583984375e+01
4.398465347290039062e+01,4.113276672363281250e+01
3.136920166015625000e+01,3.803525161743164062e+01
6.871841430664062500e+01,8.892082214355468750e+01
7.284027099609375000e+01,9.785163879394531250e+01
2.813363647460937500e+01,6.159779739379882812e+01
1.801696777343750000e+01,3.477258300781250000e+01
5.962075805664062500e+01,9.869169616699218750e+01
6.702212524414062500e+01,8.754824829101562500e+01
5.870308303833007812e+01,8.180413055419921875e+01
4.174917984008789062e+01,7.468614196777343750e+01
4.936108398437500000e+01,9.112869262695312500e+01
4.580064010620117188e+01,7.737294006347656250e+01
3.408484268188476562e+01,5.998287963867187500e+01
7.261078643798828125e+01,9.189169311523437500e+01
8.484699249267578125e+01,1.108580017089843750e+02
5.833414077758789062e+01,1.021498870849609375e+02
4.022253799438476562e+01,4.752375793457031250e+01
4.296247863769531250e+01,4.630867767333984375e+01
2.797531890869140625e+01,4.424300384521484375e+01
4.506626510620117188e+01,4.599687194824218750e+01
3.205886840820312500e+01,6.734967803955078125e+01
6.360890579223632812e+01,1.119079589843750000e+02
6.179263305664062500e+01,1.105615844726562500e+02
4.773733520507812500e+01,1.116023864746093750e+02
3.271899414062500000e+01,9.007902526855468750e+01
2.293856811523437500e+01,7.693448638916015625e+01
4.079430770874023438e+01,5.756505584716796875e+01
2.620054817199707031e+01,4.875039672851562500e+01
5.327377319335937500e+01,5.770088577270507812e+01
4.469552230834960938e+01,5.645114898681640625e+01
4.236488342285156250e+01,5.431353759765625000e+01
3.468352127075195312e+01,4.471173858642578125e+01
3.065899467468261719e+01,4.015678024291992188e+01
3.387285995483398438e+01,4.656100463867187500e+01
4.037569046020507812e+01,5.660233306884765625e+01
5.106096267700195312e+01,5.719596862792968750e+01
3.787487030029296875e+01,5.371700286865234375e+01
5.293033218383789062e+01,6.578800964355468750e+01
4.147943496704101562e+01,5.422398376464843750e+01
2.862460136413574219e+01,4.877625274658203125e+01
3.265983200073242188e+01,4.349006271362304688e+01
1.988234138488769531e+01,4.829574584960937500e+01
2.918726921081542969e+01,4.305042266845703125e+01
3.015669822692871094e+01,4.896424484252929688e+01
2.816138648986816406e+01,4.218417358398437500e+01
2.634943199157714844e+01,4.309995651245117188e+01
1.932648277282714844e+01,4.606878662109375000e+01
2.258969688415527344e+01,4.093579101562500000e+01
5.451780319213867188e+01,7.575872802734375000e+01
2.893587303161621094e+01,4.813867568969726562e+01
3.745308303833007812e+01,7.268973541259765625e+01
8.597115325927734375e+01,1.033642196655273438e+02
7.594052124023437500e+01,1.285434722900390625e+02
5.988344192504882812e+01,1.210650939941406250e+02
8.012532043457031250e+01,9.145693969726562500e+01
9.814066314697265625e+01,1.199761734008789062e+02
5.346157455444335938e+01,6.604238128662109375e+01
3.014622497558593750e+01,1.065860748291015625e+02
7.258123779296875000e+01,1.104075317382812500e+02
9.978338623046875000e+01,1.093968353271484375e+02
7.221986389160156250e+01,8.599282836914062500e+01
4.789197921752929688e+01,8.801278686523437500e+01
5.168158340454101562e+01,6.176243591308593750e+01
5.645024490356445312e+01,8.736291503906250000e+01
9.388635253906250000e+01,1.014778747558593750e+02
3.647032165527343750e+01,8.279522705078125000e+01
5.057491683959960938e+01,6.262563323974609375e+01
2.620529174804687500e+01,7.017285156250000000e+01
7.896981048583984375e+01,9.223086547851562500e+01
4.533915328979492188e+01,6.208576965332031250e+01
4.663721847534179688e+01,7.439189147949218750e+01
1.978299140930175781e+01,6.034989166259765625e+01
1.005926132202148438e+01,4.763916778564453125e+01
4.349905776977539062e+01,9.572509765625000000e+01
5.289291381835937500e+01,8.750404357910156250e+01
4.940618896484375000e+01,8.194111633300781250e+01
6.076504898071289062e+01,6.634291076660156250e+01
1.570157909393310547e+01,5.995356750488281250e+01
1.775857353210449219e+01,6.418135070800781250e+01
2.076882553100585938e+01,6.762087249755859375e+01
1.311077785491943359e+01,6.712734985351562500e+01
1.549546146392822266e+01,6.078134155273437500e+01
1.852193641662597656e+01,6.215951538085937500e+01
1.568632888793945312e+01,6.400851440429687500e+01
2.632715415954589844e+01,7.806916809082031250e+01
1.688377571105957031e+01,6.533827209472656250e+01
2.418124961853027344e+01,7.727069091796875000e+01
1.936180686950683594e+01,6.838156127929687500e+01
1.977026557922363281e+01,8.403715515136718750e+01
5.321110153198242188e+01,9.095355987548828125e+01
2.081252479553222656e+01,6.273975372314453125e+01
4.111034011840820312e+01,1.112077331542968750e+02
1.108123779296875000e+02,1.387978973388671875e+02
1.245437908172607422e+01,5.449610519409179688e+01
3.696107101440429688e+01,9.037500000000000000e+01
7.079582214355468750e+01,1.114109725952148438e+02
5.030000305175781250e+01,9.672459411621093750e+01
5.004759597778320312e+01,1.074337463378906250e+02
4.669800949096679688e+01,7.935366821289062500e+01
8.214730072021484375e+01,1.201226196289062500e+02
4.800686645507812500e+01,7.199591064453125000e+01
2.862891578674316406e+01,6.540020751953125000e+01
9.613849639892578125e+01,1.365074462890625000e+02
1.028916397094726562e+02,1.312342376708984375e+02
1.309434356689453125e+02,1.344516906738281250e+02
8.413037872314453125e+01,1.311133728027343750e+02
2.229629516601562500e+01,7.083494567871093750e+01
8.083208465576171875e+01,1.178549499511718750e+02
8.925525665283203125e+01,1.386124572753906250e+02
5.164456176757812500e+01,1.300003967285156250e+02
5.100471115112304688e+01,1.241293411254882812e+02
7.850653076171875000e+01,1.166470642089843750e+02
2.369905281066894531e+01,6.999128723144531250e+01
2.944400596618652344e+01,8.922850799560546875e+01
7.815912628173828125e+01,1.103062286376953125e+02
3.700485610961914062e+01,8.105622100830078125e+01
1.058292846679687500e+02,1.217401733398437500e+02
6.212634277343750000e+01,1.167301177978515625e+02
4.704835128784179688e+01,1.097047119140625000e+02
4.187871932983398438e+01,1.072723999023437500e+02
7.666059112548828125e+01,1.166940841674804688e+02
2.382056999206542969e+01,7.765453338623046875e+01
9.367700958251953125e+01,1.239209823608398438e+02
8.621738433837890625e+01,1.283598785400390625e+02
5.957009887695312500e+01,1.212456054687500000e+02
6.833658599853515625e+01,1.401289062500000000e+02
4.301719284057617188e+01,9.261863708496093750e+01
7.697968292236328125e+01,1.235529174804687500e+02
3.195104980468750000e+01,1.148479461669921875e+02
3.319113159179687500e+01,9.400141143798828125e+01
4.454402160644531250e+01,8.157705688476562500e+01
3.284488296508789062e+01,9.708229064941406250e+01
4.687470626831054688e+01,9.675515747070312500e+01
6.900214385986328125e+01,1.002069854736328125e+02
6.101408004760742188e+01,9.796421813964843750e+01
2.591913795471191406e+01,8.083170318603515625e+01
5.688303756713867188e+01,9.752792358398437500e+01
2.922590637207031250e+01,7.665924835205078125e+01
2.256121826171875000e+01,8.288360595703125000e+01
1.542837619781494141e+01,4.569862747192382812e+01
4.116004180908203125e+01,6.917881011962890625e+01
2.928588294982910156e+01,8.665052032470703125e+01
5.737656784057617188e+01,1.012655181884765625e+02
6.079727172851562500e+01,1.123644104003906250e+02
5.176753234863281250e+01,8.458757019042968750e+01
8.369489288330078125e+01,1.253325347900390625e+02
8.934452056884765625e+01,1.258537139892578125e+02
5.173748779296875000e+01,8.961393737792968750e+01
3.164391517639160156e+01,5.939817428588867188e+01
6.548111724853515625e+01,9.652413940429687500e+01
6.485175323486328125e+01,1.170612335205078125e+02
8.230036163330078125e+01,1.145681152343750000e+02
7.774832916259765625e+01,1.163367156982421875e+02
8.622918701171875000e+01,1.242305603027343750e+02
5.095069503784179688e+01,9.618129730224609375e+01
7.548581695556640625e+01,1.156779632568359375e+02
6.960237884521484375e+01,1.101799926757812500e+02
5.204671859741210938e+01,1.129565277099609375e+02
4.883523941040039062e+01,8.160349273681640625e+01
7.635379028320312500e+01,1.070093841552734375e+02
6.321811294555664062e+01,1.030624847412109375e+02
7.927938842773437500e+01,1.312138061523437500e+02
3.975789642333984375e+01,8.832762145996093750e+01
1.392170429229736328e+01,5.389300537109375000e+01
9.576401519775390625e+01,1.182067260742187500e+02
6.476464843750000000e+01,8.997537994384765625e+01
4.743085098266601562e+01,1.124157867431640625e+02
2.092543983459472656e+01,8.563673400878906250e+01
5.765128707885742188e+01,7.856451416015625000e+01
8.152582550048828125e+01,1.282842102050781250e+02
5.717248916625976562e+01,1.297825622558593750e+02
8.515591430664062500e+01,1.327440795898437500e+02
6.680235290527343750e+01,1.467247924804687500e+02
9.628924560546875000e+01,1.366657104492187500e+02
2.539399147033691406e+01,8.377873992919921875e+01
3.841084671020507812e+01,8.048345947265625000e+01
4.986059570312500000e+01,1.087893981933593750e+02
2.731997108459472656e+01,8.058586883544921875e+01
2.348045158386230469e+01,9.314539337158203125e+01
2.985453796386718750e+01,1.007814636230468750e+02
2.669780921936035156e+01,9.184101867675781250e+01
2.028666496276855469e+01,7.698973083496093750e+01
1.967047119140625000e+01,6.838428497314453125e+01
1.962220764160156250e+01,5.832266998291015625e+01
1.858067321777343750e+01,6.077699661254882812e+01
1.173132324218750000e+01,4.489835357666015625e+01
1.579887390136718750e+01,5.536359405517578125e+01
1.585206699371337891e+01,6.403162384033203125e+01
1.552420806884765625e+01,5.778274536132812500e+01
1.535350799560546875e+01,6.319975280761718750e+01
1.928292846679687500e+01,5.592246627807617188e+01
2.415995788574218750e+01,7.997190856933593750e+01
1.511502742767333984e+01,5.524726104736328125e+01
2.011922645568847656e+01,6.208773803710937500e+01
2.358428192138671875e+01,7.195295715332031250e+01
1.985412979125976562e+01,6.364462661743164062e+01
2.223384094238281250e+01,8.637821960449218750e+01
1.143968582153320312e+01,5.818424224853515625e+01
1.013607692718505859e+01,5.288224029541015625e+01
2.883199882507324219e+01,8.142942810058593750e+01
2.730239105224609375e+01,7.102439880371093750e+01
1.752248001098632812e+01,6.202532196044921875e+01
2.719198417663574219e+01,6.862977600097656250e+01
1.802177619934082031e+01,6.880674743652343750e+01
1.911428833007812500e+01,6.176405334472656250e+01
2.689710426330566406e+01,7.994297790527343750e+01
1.836198425292968750e+01,6.441336059570312500e+01
2.843653106689453125e+01,7.612764739990234375e+01
1.917317962646484375e+01,6.027058410644531250e+01
6.784982299804687500e+01,1.063390655517578125e+02
1.955018043518066406e+01,7.338662719726562500e+01
4.395415115356445312e+01,9.072491455078125000e+01
4.448622512817382812e+01,9.412139892578125000e+01
1.627650451660156250e+01,6.803006744384765625e+01
1.876980018615722656e+01,6.022034454345703125e+01
1.188334751129150391e+01,6.649682617187500000e+01
9.783881187438964844e+00,5.005932617187500000e+01
1.460233592987060547e+01,4.385944366455078125e+01
2.394694519042968750e+01,6.750688171386718750e+01
1.029042053222656250e+01,3.836021041870117188e+01
1.583070087432861328e+01,4.950233459472656250e+01
1.490816497802734375e+01,4.498288726806640625e+01
1.454513645172119141e+01,4.846954727172851562e+01
2.609052085876464844e+01,7.215368652343750000e+01
9.379283905029296875e+00,4.293006134033203125e+01
1.310723876953125000e+01,6.162673568725585938e+01
3.652562332153320312e+01,9.392897033691406250e+01
2.870739746093750000e+01,8.740605163574218750e+01
6.700330352783203125e+01,1.179707946777343750e+02
7.404671478271484375e+01,1.014124832153320312e+02
4.926140213012695312e+01,9.592227172851562500e+01
5.073792648315429688e+01,7.711161804199218750e+01
3.910946273803710938e+01,5.967137145996093750e+01
8.547835540771484375e+01,1.224539642333984375e+02
3.045794677734375000e+01,7.052633666992187500e+01
2.437869262695312500e+01,6.130944061279296875e+01
7.334661102294921875e+01,1.213494796752929688e+02
6.520935821533203125e+01,1.029826049804687500e+02
7.930412292480468750e+01,1.196641540527343750e+02
5.226506423950195312e+01,1.170251617431640625e+02
4.502954483032226562e+01,8.310943603515625000e+01
5.421237564086914062e+01,1.272274322509765625e+02
3.514997482299804688e+01,6.117545700073242188e+01
9.070111083984375000e+01,9.705393218994140625e+01
9.265374755859375000e+01,1.135763092041015625e+02
8.102000427246093750e+01,9.528379821777343750e+01
1.730279350280761719e+01,6.232103729248046875e+01
6.014591598510742188e+01,1.019537048339843750e+02
1.987395286560058594e+01,4.754074478149414062e+01
5.827576828002929688e+01,1.195226364135742188e+02
9.717879486083984375e+01,1.377925415039062500e+02
8.249656677246093750e+01,1.344048767089843750e+02
6.252987289428710938e+01,1.403556823730468750e+02
8.844802856445312500e+01,1.233131103515625000e+02
2.707024574279785156e+01,6.616259765625000000e+01
1.020066356658935547e+01,4.992206573486328125e+01
1.085378742218017578e+01,6.694685363769531250e+01
2.337761688232421875e+01,5.547857284545898438e+01
1.094068622589111328e+01,4.597750854492187500e+01
1.750428390502929688e+01,5.964228439331054688e+01
5.291624069213867188e+01,8.270399475097656250e+01
3.257966232299804688e+01,9.299411773681640625e+01
1.731243896484375000e+01,5.611164855957031250e+01
1.879320526123046875e+01,4.550036621093750000e+01
1.466899585723876953e+01,4.008668518066406250e+01
1.039555282592773438e+02,1.211672134399414062e+02
5.356152343750000000e+01,8.995469665527343750e+01
1.756035041809082031e+01,6.630902099609375000e+01
6.204939651489257812e+01,1.029790420532226562e+02
8.609021759033203125e+01,1.108052978515625000e+02
1.984651374816894531e+01,5.822821044921875000e+01
1.749199485778808594e+01,7.534767913818359375e+01
4.201575851440429688e+01,6.753296661376953125e+01
5.785872268676757812e+01,1.131361541748046875e+02
9.214815521240234375e+01,1.272195663452148438e+02
4.065520858764648438e+01,1.049434509277343750e+02
5.615388107299804688e+01,1.026029281616210938e+02
5.427128982543945312e+01,1.005560607910156250e+02
9.998507690429687500e+01,1.445197753906250000e+02
6.596656799316406250e+01,1.193704452514648438e+02
1.095335693359375000e+02,1.354369964599609375e+02
1.004492492675781250e+02,1.401524047851562500e+02
6.441884613037109375e+01,1.001822967529296875e+02
1.024251327514648438e+02,1.352112121582031250e+02
7.461124420166015625e+01,1.157317199707031250e+02
7.450719451904296875e+01,1.233645095825195312e+02
6.031816101074218750e+01,1.186116638183593750e+02
5.434224319458007812e+01,9.197117614746093750e+01
5.427650070190429688e+01,1.089565048217773438e+02
6.564849090576171875e+01,1.150887603759765625e+02
7.359231567382812500e+01,1.073918991088867188e+02
8.584296417236328125e+01,1.241100616455078125e+02
5.321862411499023438e+01,8.792875671386718750e+01
6.101899337768554688e+01,1.080929718017578125e+02
1.003595352172851562e+02,1.327643127441406250e+02
3.359514236450195312e+01,8.947445678710937500e+01
1.010580215454101562e+02,1.224357910156250000e+02
7.776052093505859375e+01,1.314987182617187500e+02
5.109039688110351562e+01,1.032195510864257812e+02
4.163710784912109375e+01,8.631866455078125000e+01
9.934452056884765625e+01,1.308653869628906250e+02
7.256134796142578125e+01,1.183823394775390625e+02
4.815928649902343750e+01,9.856028747558593750e+01
4.706878662109375000e+01,9.406257629394531250e+01
4.596641921997070312e+01,1.078508758544921875e+02
7.822647094726562500e+01,1.177995910644531250e+02
8.300154876708984375e+01,1.196264190673828125e+02
4.856590652465820312e+01,7.550682067871093750e+01
6.148533630371093750e+01,1.037106323242187500e+02
8.914537811279296875e+01,1.299899444580078125e+02
6.473861694335937500e+01,1.135420989990234375e+02
4.889801406860351562e+01,8.659371185302734375e+01
5.779038619995117188e+01,1.123230590820312500e+02
2.053713417053222656e+01,4.846635437011718750e+01
3.227262878417968750e+01,8.563341522216796875e+01
4.946228027343750000e+01,7.217768096923828125e+01
8.707387542724609375e+01,1.033800506591796875e+02
2.706462860107421875e+01,7.867909240722656250e+01
7.919084167480468750e+01,9.785905456542968750e+01
7.178334045410156250e+01,1.168031311035156250e+02
3.587752151489257812e+01,8.195872497558593750e+01
5.455682373046875000e+01,9.311186218261718750e+01
6.290301895141601562e+01,1.068193511962890625e+02
4.587948226928710938e+01,7.701969909667968750e+01
4.876279830932617188e+01,9.484139251708984375e+01
5.850004577636718750e+01,8.561106872558593750e+01
3.018875122070312500e+01,6.264062500000000000e+01
9.022615814208984375e+01,1.078503036499023438e+02
9.509891510009765625e+01,8.962536621093750000e+01
3.233987808227539062e+01,7.141604614257812500e+01
8.765801239013671875e+01,1.322266540527343750e+02
5.245283889770507812e+01,9.687231445312500000e+01
8.224465942382812500e+01,1.343582000732421875e+02
4.903289413452148438e+01,9.653573608398437500e+01
6.467095947265625000e+01,1.124800415039062500e+02
3.723066329956054688e+01,7.894988250732421875e+01
5.164570999145507812e+01,9.032817077636718750e+01
4.538999938964843750e+01,5.564509582519531250e+01
5.298492050170898438e+01,1.109839019775390625e+02
4.467761230468750000e+01,1.059333114624023438e+02
4.579728317260742188e+01,7.792678070068359375e+01
1.033907165527343750e+02,1.201003646850585938e+02
7.973914337158203125e+01,1.083869094848632812e+02
5.739292907714843750e+01,1.101048049926757812e+02
7.094568634033203125e+01,9.442617797851562500e+01
7.826790618896484375e+01,1.287226409912109375e+02
1.626356315612792969e+01,5.412182235717773438e+01
7.345656585693359375e+01,9.994763183593750000e+01
5.804687881469726562e+01,1.097378234863281250e+02
8.853344726562500000e+01,9.209967041015625000e+01
5.575952148437500000e+01,6.242226409912109375e+01
6.982831573486328125e+01,9.796070861816406250e+01
5.064480972290039062e+01,9.377235412597656250e+01
8.519889831542968750e+01,1.215976028442382812e+02
4.593348312377929688e+01,7.502638244628906250e+01
6.813242340087890625e+01,1.150096740722656250e+02
3.626411437988281250e+01,6.939189147949218750e+01
6.121002197265625000e+01,8.904389190673828125e+01
6.299705886840820312e+01,7.162268066406250000e+01
8.182088470458984375e+01,9.128053283691406250e+01
8.374091339111328125e+01,1.171957778930664062e+02
6.092509460449218750e+01,9.513340759277343750e+01
9.259515380859375000e+01,1.249503021240234375e+02
6.864236450195312500e+01,9.734150695800781250e+01
6.246801757812500000e+01,7.543951416015625000e+01
8.980411529541015625e+01,1.018588714599609375e+02
5.988962173461914062e+01,9.335505676269531250e+01
6.000685501098632812e+01,7.274540710449218750e+01
7.996813201904296875e+01,8.630470275878906250e+01
8.061800384521484375e+01,9.635211944580078125e+01
4.380874633789062500e+01,6.075920486450195312e+01
5.318523025512695312e+01,7.922006225585937500e+01
3.854330444335937500e+01,5.557337951660156250e+01
1.856765747070312500e+01,7.086160278320312500e+01
6.664591217041015625e+01,8.959515380859375000e+01
3.509308242797851562e+01,4.280944824218750000e+01
4.976731491088867188e+01,7.463762664794921875e+01
7.588002014160156250e+01,1.301908874511718750e+02
9.553617095947265625e+01,1.299812622070312500e+02
1.106490173339843750e+02,1.209178009033203125e+02
2.789212989807128906e+01,6.264057159423828125e+01
6.191880798339843750e+01,1.056757965087890625e+02
9.077886199951171875e+01,1.130759429931640625e+02
1.005816879272460938e+02,1.195263824462890625e+02
3.923804855346679688e+01,1.012270355224609375e+02
2.177930259704589844e+01,7.807212829589843750e+01
5.245109176635742188e+01,1.148900070190429688e+02
5.088438796997070312e+01,1.024458160400390625e+02
2.890988922119140625e+01,9.199707031250000000e+01
1.240104293823242188e+01,2.947996330261230469e+01
1.060691757202148438e+02,1.315687561035156250e+02
5.529573059082031250e+01,1.220018920898437500e+02
5.279537963867187500e+01,1.053062438964843750e+02
5.539631652832031250e+01,7.812098693847656250e+01
1.866193199157714844e+01,5.754853439331054688e+01
1.602791786193847656e+01,4.607854461669921875e+01
4.875624465942382812e+01,8.646432495117187500e+01
1.551066303253173828e+01,6.240095138549804688e+01
2.880757904052734375e+01,8.185209655761718750e+01
2.118305397033691406e+01,8.270181274414062500e+01
2.026362037658691406e+01,6.650510406494140625e+01
6.721337127685546875e+01,1.058708190917968750e+02
5.307635498046875000e+01,9.267965698242187500e+01
6.020278930664062500e+01,1.023137664794921875e+02
3.065247154235839844e+01,8.236524963378906250e+01
3.238668441772460938e+01,9.099923706054687500e+01
5.659965896606445312e+01,9.908663940429687500e+01
5.442243576049804688e+01,9.614283752441406250e+01
5.640617370605468750e+01,1.181187133789062500e+02
7.518292999267578125e+01,1.251428527832031250e+02
4.632711410522460938e+01,8.585940551757812500e+01
2.479624938964843750e+01,5.635055541992187500e+01
4.797744750976562500e+01,5.274198150634765625e+01
4.692068862915039062e+01,1.000514526367187500e+02
5.206621932983398438e+01,9.998931884765625000e+01
5.689289855957031250e+01,8.802491760253906250e+01
3.463778305053710938e+01,7.460215759277343750e+01
4.588201904296875000e+01,9.226473236083984375e+01
8.316449737548828125e+01,1.213911590576171875e+02
9.064453125000000000e+01,1.220261459350585938e+02
3.195151710510253906e+01,6.542407226562500000e+01
3.949647903442382812e+01,8.433580017089843750e+01
5.858500289916992188e+01,1.018871307373046875e+02
8.004501342773437500e+01,9.407392120361328125e+01
1.750676155090332031e+01,3.976305389404296875e+01
6.991372680664062500e+01,7.314358520507812500e+01
3.744675827026367188e+01,6.176802444458007812e+01
3.718997192382812500e+01,8.048782348632812500e+01
2.337345886230468750e+01,7.685749053955078125e+01
3.334819412231445312e+01,5.551021575927734375e+01
4.357441329956054688e+01,8.564500427246093750e+01
4.375784301757812500e+01,1.031527786254882812e+02
2.901333045959472656e+01,7.283016967773437500e+01
8.578253173828125000e+01,9.312896728515625000e+01
3.471895217895507812e+01,8.872105407714843750e+01
7.346499633789062500e+01,1.043038635253906250e+02
1.004835510253906250e+02,1.434252014160156250e+02
5.196121215820312500e+01,8.608068084716796875e+01
4.657767105102539062e+01,9.660751342773437500e+01
4.081982040405273438e+01,8.386456298828125000e+01
1.809318351745605469e+01,6.551499938964843750e+01
5.465245056152343750e+01,9.061244964599609375e+01
5.603720092773437500e+01,7.854872131347656250e+01
5.891075515747070312e+01,6.911949920654296875e+01
4.990097045898437500e+01,6.508613586425781250e+01
5.294068527221679688e+01,6.781813049316406250e+01
9.101656913757324219e+00,5.302955245971679688e+01
1.531593322753906250e+01,3.559940719604492188e+01
6.552188873291015625e+01,1.234762878417968750e+02
6.810368347167968750e+01,9.406781005859375000e+01
6.010717773437500000e+01,8.897103881835937500e+01
5.722829055786132812e+01,8.770259857177734375e+01
5.019305419921875000e+01,9.184890747070312500e+01
5.917956542968750000e+01,9.432968139648437500e+01
3.314570617675781250e+01,6.241269302368164062e+01
7.368830108642578125e+01,1.144833984375000000e+02
9.319366455078125000e+01,1.230268707275390625e+02
8.239383697509765625e+01,1.050023803710937500e+02
3.549189376831054688e+01,7.049650573730468750e+01
6.837802124023437500e+01,8.549801635742187500e+01
8.972524261474609375e+01,1.304789733886718750e+02
6.630117034912109375e+01,1.175526428222656250e+02
4.992544555664062500e+01,1.167519149780273438e+02
4.810517501831054688e+01,8.153941345214843750e+01
4.327897262573242188e+01,5.340358734130859375e+01
3.354499435424804688e+01,4.261495208740234375e+01
7.632328033447265625e+01,1.009122924804687500e+02
8.855301666259765625e+01,7.838294982910156250e+01
5.176801681518554688e+01,7.052406311035156250e+01
4.865645217895507812e+01,1.024844360351562500e+02
1.538257980346679688e+01,7.276376342773437500e+01
8.194966316223144531e+00,3.009295654296875000e+01
4.562229537963867188e+01,1.211126480102539062e+02
2.473546600341796875e+01,4.713027954101562500e+01
2.409468078613281250e+01,5.093226623535156250e+01
7.757376861572265625e+01,1.061223907470703125e+02
3.117876434326171875e+01,6.348653411865234375e+01
3.109021568298339844e+01,4.430315399169921875e+01
1.708499717712402344e+01,4.414686584472656250e+01
1.869344139099121094e+01,4.777443695068359375e+01
2.140846252441406250e+01,7.397344970703125000e+01
8.008451080322265625e+01,1.071602172851562500e+02
5.402810668945312500e+01,6.614224243164062500e+01
2.659008216857910156e+01,6.847679138183593750e+01
5.609286499023437500e+01,1.140645751953125000e+02
8.645038604736328125e+01,1.310143890380859375e+02
5.443252563476562500e+01,9.831017303466796875e+01
3.142726898193359375e+01,6.571355438232421875e+01
1.983675575256347656e+01,6.221727752685546875e+01
7.059600830078125000e+01,1.085485839843750000e+02
7.276205444335937500e+01,1.059877929687500000e+02
9.220615386962890625e+01,1.303929443359375000e+02
1.575157642364501953e+01,5.510077667236328125e+01
7.885956573486328125e+01,1.317361450195312500e+02
5.163096237182617188e+01,1.213957672119140625e+02
7.241083526611328125e+01,6.414934539794921875e+01
5.555892562866210938e+01,7.338694763183593750e+01
6.443872833251953125e+01,1.191641693115234375e+02
4.727741622924804688e+01,1.085089797973632812e+02
6.378140258789062500e+01,1.351088409423828125e+02
2.907242774963378906e+01,8.684136962890625000e+01
7.897977447509765625e+01,1.251241302490234375e+02
6.770079803466796875e+01,1.113444061279296875e+02
3.748241806030273438e+01,8.863086700439453125e+01
3.641758728027343750e+01,1.059289093017578125e+02
2.553669166564941406e+01,9.593600463867187500e+01
2.913323020935058594e+01,9.597024536132812500e+01
1.834875297546386719e+01,7.607073974609375000e+01
3.857671356201171875e+01,1.018435516357421875e+02
4.583918762207031250e+01,1.135344543457031250e+02
3.053514099121093750e+01,1.033613128662109375e+02
2.725994300842285156e+01,1.014088821411132812e+02
4.740515136718750000e+01,1.019231567382812500e+02
2.959342956542968750e+01,8.866560363769531250e+01
2.143922233581542969e+01,6.801203918457031250e+01
5.269300460815429688e+01,1.061366882324218750e+02
3.335144424438476562e+01,1.049849090576171875e+02
2.660864067077636719e+01,7.218601226806640625e+01
4.091359329223632812e+01,1.131622009277343750e+02
9.425812530517578125e+01,1.351513671875000000e+02
7.569367218017578125e+01,1.327516174316406250e+02
2.315599632263183594e+01,8.868750000000000000e+01
4.393220138549804688e+01,1.158889083862304688e+02
7.505716705322265625e+01,1.223713378906250000e+02
6.806870269775390625e+01,1.277645111083984375e+02
3.973443222045898438e+01,1.125176391601562500e+02
5.668454360961914062e+01,1.259226303100585938e+02
5.379383468627929688e+01,1.159039916992187500e+02
7.883614349365234375e+01,1.319656982421875000e+02
6.914772796630859375e+01,1.218103332519531250e+02
1.554551410675048828e+01,8.221377563476562500e+01
1.669335937500000000e+01,6.403431701660156250e+01
3.536167526245117188e+01,9.943090057373046875e+01
6.692044067382812500e+01,1.091793212890625000e+02
2.374801635742187500e+01,7.012234497070312500e+01
4.741104507446289062e+01,8.833471679687500000e+01
7.037707519531250000e+01,1.128245162963867188e+02
4.033650588989257812e+01,9.236009216308593750e+01
1.221194934844970703e+01,4.818667602539062500e+01
3.715423965454101562e+01,8.604580688476562500e+01
3.961083984375000000e+01,1.025930786132812500e+02
9.387961578369140625e+01,1.107963714599609375e+02
4.825255966186523438e+01,1.116546020507812500e+02
5.331863403320312500e+01,1.038025817871093750e+02
5.088256835937500000e+01,1.156945495605468750e+02
1.459408569335937500e+01,7.274377441406250000e+01
4.050745010375976562e+01,1.225642929077148438e+02
2.383837890625000000e+01,9.712250518798828125e+01
3.102171897888183594e+01,8.676897430419921875e+01
1.396890163421630859e+01,4.929454040527343750e+01
2.386253547668457031e+01,1.030348815917968750e+02
2.280747413635253906e+01,6.500833892822265625e+01
8.137778472900390625e+01,6.908753967285156250e+01
4.921670913696289062e+01,6.706332397460937500e+01
4.516904830932617188e+01,6.870675659179687500e+01
3.615018081665039062e+01,8.684635162353515625e+01
2.555193328857421875e+01,8.948667907714843750e+01
1.751028442382812500e+01,6.667971801757812500e+01
4.104113388061523438e+01,1.345834503173828125e+02
2.834467506408691406e+01,9.295370483398437500e+01
2.119350433349609375e+01,7.520578002929687500e+01
4.833121109008789062e+01,5.236634063720703125e+01
8.821773529052734375e+01,1.306831359863281250e+02
3.794840240478515625e+01,6.068045043945312500e+01
1.054318237304687500e+02,1.239606781005859375e+02
5.249503707885742188e+01,7.638227081298828125e+01
2.102111625671386719e+01,7.882210540771484375e+01
4.710857009887695312e+01,7.297590637207031250e+01
4.851160812377929688e+01,8.930322265625000000e+01
6.277684402465820312e+01,1.051636962890625000e+02
8.551662445068359375e+01,1.141565780639648438e+02
4.157503890991210938e+01,7.603111267089843750e+01
5.827499389648437500e+01,1.039773712158203125e+02
6.484181213378906250e+01,9.813562011718750000e+01
3.816277313232421875e+01,6.653553009033203125e+01
5.548124694824218750e+01,7.462944030761718750e+01
3.369696044921875000e+01,7.679402160644531250e+01
5.415164566040039062e+01,1.156204681396484375e+02
8.138431549072265625e+01,1.343303527832031250e+02
4.082494735717773438e+01,8.814070129394531250e+01
1.047667770385742188e+02,1.259803085327148438e+02
4.581009292602539062e+01,8.989630889892578125e+01
7.761149597167968750e+01,1.030464935302734375e+02
8.247197723388671875e+01,1.112442169189453125e+02
1.052579727172851562e+02,1.251009826660156250e+02
1.033915405273437500e+02,1.086505889892578125e+02
3.601038742065429688e+01,6.507913208007812500e+01
9.502713012695312500e+01,1.220280685424804688e+02
1.203380355834960938e+02,1.287904052734375000e+02
1.182806701660156250e+02,1.260758895874023438e+02
9.797894287109375000e+01,1.189565582275390625e+02
1.054289855957031250e+02,1.230583953857421875e+02
4.902124023437500000e+01,8.687872314453125000e+01
4.811337661743164062e+01,7.890686035156250000e+01
8.353536987304687500e+01,1.153859176635742188e+02
1.099188842773437500e+02,1.357973175048828125e+02
1.098825454711914062e+02,1.250254669189453125e+02
3.885593795776367188e+01,9.278857421875000000e+01
2.846956825256347656e+01,6.939669799804687500e+01
8.915783691406250000e+01,1.130487213134765625e+02
2.216390419006347656e+01,6.077058410644531250e+01
1.332134857177734375e+02,1.359384460449218750e+02
3.207765960693359375e+01,7.388362884521484375e+01
4.663849258422851562e+01,7.596914672851562500e+01
1.231083679199218750e+01,2.611437988281250000e+01
1.151476821899414062e+02,1.373865661621093750e+02
8.854659271240234375e+01,1.218360748291015625e+02
1.009831466674804688e+02,1.246074523925781250e+02
7.381917572021484375e+01,1.153550872802734375e+02
1.276201171875000000e+02,1.351893920898437500e+02
8.957244110107421875e+01,1.237419281005859375e+02
1.262043991088867188e+02,1.374032592773437500e+02
1.142855834960937500e+02,1.282485198974609375e+02
9.014708709716796875e+01,1.181074523925781250e+02
8.256742858886718750e+01,1.045059204101562500e+02
8.815402984619140625e+01,1.227728958129882812e+02
8.842126464843750000e+01,1.148651885986328125e+02
8.772501373291015625e+01,1.185681228637695312e+02
7.867053985595703125e+01,1.185275421142578125e+02
1.174943771362304688e+02,1.316923828125000000e+02
9.706600952148437500e+01,1.216335144042968750e+02
8.829253387451171875e+01,1.126234359741210938e+02
9.163614654541015625e+01,1.144650268554687500e+02
1.097116394042968750e+02,1.269448547363281250e+02
1.088888244628906250e+02,1.192228775024414062e+02
9.078212738037109375e+01,1.188529510498046875e+02
6.362239074707031250e+01,1.007675170898437500e+02
1.067794570922851562e+02,1.257004852294921875e+02
6.871545410156250000e+01,1.161971282958984375e+02
2.554004859924316406e+01,7.046581268310546875e+01
8.793923187255859375e+01,1.196719665527343750e+02
8.206771850585937500e+01,1.208730163574218750e+02
1.280589752197265625e+02,1.316499023437500000e+02
4.392880249023437500e+01,8.761270141601562500e+01
4.625860595703125000e+01,9.194918823242187500e+01
3.802495574951171875e+01,6.728131866455078125e+01
3.807939147949218750e+01,6.182187652587890625e+01
1.563171672821044922e+01,4.769397354125976562e+01
1.537431335449218750e+01,4.189206314086914062e+01
7.825110626220703125e+01,1.069792938232421875e+02
6.427096557617187500e+01,9.113369750976562500e+01
7.909627532958984375e+01,1.089339904785156250e+02
6.785678100585937500e+01,9.764823913574218750e+01
9.893129730224609375e+01,1.148616333007812500e+02
7.317654418945312500e+01,9.685410308837890625e+01
6.965302276611328125e+01,9.848207092285156250e+01
3.113460540771484375e+01,6.896083068847656250e+01
5.630122756958007812e+01,7.958662414550781250e+01
1.140865707397460938e+01,3.565658950805664062e+01
4.596861648559570312e+01,8.664533996582031250e+01
9.304106903076171875e+01,1.135463638305664062e+02
9.752092742919921875e+01,1.152824401855468750e+02
3.855292892456054688e+01,7.749935913085937500e+01
9.837487792968750000e+01,1.144342803955078125e+02
6.084248352050781250e+01,9.892333984375000000e+01
4.474518966674804688e+01,8.498660278320312500e+01
5.808389282226562500e+01,1.123585052490234375e+02
1.128280029296875000e+02,1.337571563720703125e+02
6.789563751220703125e+01,8.845175170898437500e+01
4.829533004760742188e+01,9.876382446289062500e+01
7.379904174804687500e+01,9.717157745361328125e+01
4.676333618164062500e+01,8.200504302978515625e+01
4.626054382324218750e+01,8.668490600585937500e+01
3.876506423950195312e+01,1.134898223876953125e+02
6.673765563964843750e+01,9.444086456298828125e+01
5.563312911987304688e+01,1.151843719482421875e+02
4.735729980468750000e+01,8.028680419921875000e+01
9.960948944091796875e+01,1.196279525756835938e+02
4.603063964843750000e+01,7.670774078369140625e+01
3.445381546020507812e+01,7.398391723632812500e+01
3.842789077758789062e+01,8.274134826660156250e+01
8.924896240234375000e+01,1.096491012573242188e+02
8.803067779541015625e+01,8.681705474853515625e+01
4.434091186523437500e+01,6.815318298339843750e+01
8.049487304687500000e+01,9.755914306640625000e+01
9.313993072509765625e+01,1.222294006347656250e+02
6.503626251220703125e+01,9.242864227294921875e+01
1.182279682159423828e+01,2.933797454833984375e+01
1.051413154602050781e+01,3.768629455566406250e+01
5.179882812500000000e+01,7.250925445556640625e+01
6.192948532104492188e+01,1.055930023193359375e+02
5.568348312377929688e+01,9.019709777832031250e+01
7.336947631835937500e+01,1.010219879150390625e+02
6.759508514404296875e+01,1.093164443969726562e+02
6.020654296875000000e+01,1.015629959106445312e+02
3.764384841918945312e+01,6.406353759765625000e+01
3.625472640991210938e+01,6.469661712646484375e+01
1.264290904998779297e+01,4.256242752075195312e+01
1.660089683532714844e+01,5.060152816772460938e+01
7.938993835449218750e+01,9.850267028808593750e+01
8.623550415039062500e+01,8.678831481933593750e+01
1.054679298400878906e+01,2.851290512084960938e+01
1.039569377899169922e+01,3.071117401123046875e+01
5.777935791015625000e+01,9.082358551025390625e+01
1.044517040252685547e+01,3.606195831298828125e+01
1.606553840637207031e+01,4.675069427490234375e+01
3.248280715942382812e+01,4.115940475463867188e+01
4.105126953125000000e+01,4.860214614868164062e+01
2.597598266601562500e+01,3.815134048461914062e+01
1.508508396148681641e+01,3.471600723266601562e+01
1.230269527435302734e+01,3.973662185668945312e+01
4.897566604614257812e+01,6.106558990478515625e+01
1.185028152465820312e+02,1.324616699218750000e+02
1.365064334869384766e+01,3.499290466308593750e+01
6.423925781250000000e+01,1.000720825195312500e+02
9.753762245178222656e+00,2.852626800537109375e+01
1.699961280822753906e+01,3.312001419067382812e+01
6.976995849609375000e+01,6.133811187744140625e+01
4.302560424804687500e+01,8.952607727050781250e+01
9.602636718750000000e+01,1.185388946533203125e+02
1.120168838500976562e+02,1.249228668212890625e+02
7.280992889404296875e+01,1.078980026245117188e+02
9.140087890625000000e+01,1.121627044677734375e+02
3.151016807556152344e+01,6.351933670043945312e+01
9.951932525634765625e+01,1.131132507324218750e+02
9.273850250244140625e+01,1.078442077636718750e+02
1.041201171875000000e+02,1.174772109985351562e+02
6.210769653320312500e+01,9.460205078125000000e+01
2.085909080505371094e+01,6.059902191162109375e+01
1.079664535522460938e+02,1.217064666748046875e+02
9.884106445312500000e+01,1.100200805664062500e+02
1.154601058959960938e+02,1.312172241210937500e+02
6.525543975830078125e+01,8.410565185546875000e+01
1.055100402832031250e+02,1.181188659667968750e+02
9.900194549560546875e+01,1.215319290161132812e+02
9.961743164062500000e+01,1.177528076171875000e+02
6.171768188476562500e+01,1.088328552246093750e+02
4.169545364379882812e+01,6.589497375488281250e+01
1.075926513671875000e+02,1.261859893798828125e+02
8.266471099853515625e+01,1.133401794433593750e+02
7.092498016357421875e+01,1.112845458984375000e+02
8.743439483642578125e+01,1.103094635009765625e+02
7.570822906494140625e+01,1.018289108276367188e+02
7.376860046386718750e+01,1.097357635498046875e+02
7.444098663330078125e+01,1.111437835693359375e+02
1.131555404663085938e+02,1.261514434814453125e+02
1.168078613281250000e+02,1.252482986450195312e+02
9.347433471679687500e+01,1.027757263183593750e+02
1.167559432983398438e+02,1.180198211669921875e+02
1.018483276367187500e+02,1.075711212158203125e+02
9.102764892578125000e+01,9.638394165039062500e+01
9.098648834228515625e+01,9.776504516601562500e+01
8.994995117187500000e+01,1.138612213134765625e+02
6.766589355468750000e+01,1.019523773193359375e+02
7.859073638916015625e+01,1.084795303344726562e+02
9.064138031005859375e+01,1.143290252685546875e+02
7.290195465087890625e+01,1.088205184936523438e+02
4.876562118530273438e+01,1.006687240600585938e+02
5.711353683471679688e+01,1.054173202514648438e+02
8.401260375976562500e+01,1.073214187622070312e+02
1.075368423461914062e+02,1.202883377075195312e+02
1.221968002319335938e+02,1.279653244018554688e+02
1.122650146484375000e+02,1.256406707763671875e+02
7.221673583984375000e+01,8.899322509765625000e+01
1.238759994506835938e+02,1.260655822753906250e+02
1.009266891479492188e+02,1.136270751953125000e+02
9.302933502197265625e+01,1.093748703002929688e+02
1.216779174804687500e+02,1.165469894409179688e+02
1.067838363647460938e+02,1.159330520629882812e+02
6.538309478759765625e+01,1.003600616455078125e+02
6.083134078979492188e+01,9.164410400390625000e+01
1.118243331909179688e+02,1.213141021728515625e+02
9.029668426513671875e+01,1.210792999267578125e+02
1.067814941406250000e+02,1.319714965820312500e+02
7.747996520996093750e+01,1.140285186767578125e+02
9.130814361572265625e+01,1.242179107666015625e+02
1.010675888061523438e+02,1.233335037231445312e+02
1.054551162719726562e+02,1.207705688476562500e+02
6.557297515869140625e+01,1.016829681396484375e+02
9.135820770263671875e+01,1.179123382568359375e+02
3.489697647094726562e+01,6.863819885253906250e+01
9.141403198242187500e+01,1.175710678100585938e+02
7.256758880615234375e+01,1.123035583496093750e+02
1.317848968505859375e+02,1.317944641113281250e+02
2.611503791809082031e+01,4.730928802490234375e+01
8.000070190429687500e+01,1.126049041748046875e+02
6.497374725341796875e+01,1.069798889160156250e+02
8.117601013183593750e+01,1.251293716430664062e+02
1.045731582641601562e+02,1.272740325927734375e+02
6.940399932861328125e+01,1.345898437500000000e+02
8.887538909912109375e+01,1.276972503662109375e+02
9.991945648193359375e+01,1.285738067626953125e+02
1.027540588378906250e+02,1.324371948242187500e+02
1.073520736694335938e+02,1.337580871582031250e+02
8.448632049560546875e+01,1.320404968261718750e+02
1.141371994018554688e+02,1.358129577636718750e+02
1.115775680541992188e+02,1.361661682128906250e+02
9.252976226806640625e+01,1.248151397705078125e+02
1.026812515258789062e+02,1.288713073730468750e+02
1.023115844726562500e+02,1.287912292480468750e+02
9.381448364257812500e+01,1.258531799316406250e+02
1.040838623046875000e+02,1.308394622802734375e+02
1.135947189331054688e+02,1.351879882812500000e+02
1.067889022827148438e+02,1.295701293945312500e+02
1.046238937377929688e+02,1.296150970458984375e+02
1.057559127807617188e+02,1.298732910156250000e+02
1.028930664062500000e+02,1.283207092285156250e+02
1.012652587890625000e+02,1.273581085205078125e+02
9.429833984375000000e+01,1.278668441772460938e+02
1.120595474243164062e+02,1.294095611572265625e+02
1.156293334960937500e+02,1.326583557128906250e+02
1.062418136596679688e+02,1.347281494140625000e+02
9.558979034423828125e+01,1.274442901611328125e+02
1.175738601684570312e+02,1.388473205566406250e+02
9.319368743896484375e+01,1.258362121582031250e+02
8.779642486572265625e+01,1.190405883789062500e+02
7.789560699462890625e+01,1.158327789306640625e+02
1.102943954467773438e+02,1.351149291992187500e+02
1.184733657836914062e+02,1.340997924804687500e+02
1.238600845336914062e+02,1.345692749023437500e+02
8.113598632812500000e+01,1.182467803955078125e+02
7.970638275146484375e+01,1.161249847412109375e+02
6.086189651489257812e+01,1.087777709960937500e+02
8.830593109130859375e+01,1.240702056884765625e+02
8.474733734130859375e+01,1.230127487182617188e+02
3.238308715820312500e+01,6.270540237426757812e+01
3.866483306884765625e+01,6.697534942626953125e+01
2.891078758239746094e+01,6.660890197753906250e+01
2.680849647521972656e+01,6.044363021850585938e+01
6.893627166748046875e+01,1.099179077148437500e+02
3.978783798217773438e+01,7.653074645996093750e+01
4.149789047241210938e+01,8.613739013671875000e+01
4.094419097900390625e+01,7.775949859619140625e+01
3.806837081909179688e+01,7.836888885498046875e+01
3.595005035400390625e+01,5.340805435180664062e+01
5.454577255249023438e+01,8.013854217529296875e+01
4.344580459594726562e+01,7.189158630371093750e+01
3.698577880859375000e+01,7.504513549804687500e+01
4.103836059570312500e+01,7.862040710449218750e+01
4.690351486206054688e+01,7.620996093750000000e+01
5.566965866088867188e+01,8.096505737304687500e+01
9.175936126708984375e+01,1.253858489990234375e+02
7.089449310302734375e+01,1.271354293823242188e+02
4.976919174194335938e+01,7.709860229492187500e+01
9.316271972656250000e+01,1.095003204345703125e+02
1.244381103515625000e+02,1.255896301269531250e+02
8.708666229248046875e+01,8.722355651855468750e+01
9.263367462158203125e+01,8.443913269042968750e+01
1.209143295288085938e+02,1.123313064575195312e+02
1.034963760375976562e+02,1.269794158935546875e+02
4.975901794433593750e+01,7.894568634033203125e+01
7.433144378662109375e+01,9.812831878662109375e+01
3.882610702514648438e+01,8.766032409667968750e+01
9.601202392578125000e+01,1.160762023925781250e+02
1.156110610961914062e+02,1.304005889892578125e+02
1.212104568481445312e+02,1.317320861816406250e+02
9.037430572509765625e+01,1.161003723144531250e+02
1.219765014648437500e+02,1.337044830322265625e+02
2.120490455627441406e+01,5.062713623046875000e+01
6.129103469848632812e+01,1.286648406982421875e+02
8.751062011718750000e+01,1.157239837646484375e+02
6.120225143432617188e+01,7.523576354980468750e+01
9.492056274414062500e+01,1.342777862548828125e+02
9.473510742187500000e+01,8.529093933105468750e+01
3.335559082031250000e+01,7.415547943115234375e+01
6.763366699218750000e+01,1.022325973510742188e+02
8.620449066162109375e+01,1.157978057861328125e+02
7.851136016845703125e+01,1.083482131958007812e+02
8.987636566162109375e+01,1.114850158691406250e+02
9.414809417724609375e+01,1.176869201660156250e+02
8.681352996826171875e+01,1.095393829345703125e+02
1.205566940307617188e+02,1.288536987304687500e+02
9.048261260986328125e+01,1.063288116455078125e+02
4.357011032104492188e+01,6.614774322509765625e+01
4.162971115112304688e+01,7.049443054199218750e+01
3.726948165893554688e+01,7.292910766601562500e+01
6.216496658325195312e+01,7.249277496337890625e+01
1.033708114624023438e+02,1.206631927490234375e+02
1.086062240600585938e+02,1.272829055786132812e+02
8.962866210937500000e+01,1.245167083740234375e+02
8.587060546875000000e+01,1.105607757568359375e+02
1.295132293701171875e+02,1.330194549560546875e+02
9.029279327392578125e+01,1.042314147949218750e+02
6.037716293334960938e+01,7.269293212890625000e+01
1.726232719421386719e+01,4.593671417236328125e+01
2.040624427795410156e+01,4.906013488769531250e+01
7.918701171875000000e+01,1.043112640380859375e+02
2.145688438415527344e+01,5.825070953369140625e+01
1.170752182006835938e+02,1.278330154418945312e+02
1.148883285522460938e+02,1.257878036499023438e+02
2.549143981933593750e+01,6.570182037353515625e+01
3.242157363891601562e+01,8.491442871093750000e+01
1.739345741271972656e+01,5.794043731689453125e+01
3.401282882690429688e+01,6.314412689208984375e+01
8.315406036376953125e+01,1.151945953369140625e+02
4.622070312500000000e+01,7.863203430175781250e+01
2.582062721252441406e+01,7.168085479736328125e+01
1.029092483520507812e+02,1.215652008056640625e+02
5.833423233032226562e+01,9.733426666259765625e+01
2.962876319885253906e+01,8.464807128906250000e+01
1.153021545410156250e+02,1.264385910034179688e+02
1.094348373413085938e+02,1.367740478515625000e+02
1.206175842285156250e+02,1.368955993652343750e+02
1.009788818359375000e+02,1.259169464111328125e+02
7.680973052978515625e+01,1.249943008422851562e+02
6.906340789794921875e+01,1.135182800292968750e+02
1.040257949829101562e+02,1.250856933593750000e+02
8.785327911376953125e+01,1.148521270751953125e+02
9.818658447265625000e+01,1.258676376342773438e+02
9.239267730712890625e+01,1.310252838134765625e+02
1.231673965454101562e+02,1.351189575195312500e+02
1.143381729125976562e+02,1.348829040527343750e+02
9.606923675537109375e+01,1.295709381103515625e+02
1.165894088745117188e+02,1.304175720214843750e+02
1.043275070190429688e+02,1.297580108642578125e+02
1.172237319946289062e+02,1.362207946777343750e+02
1.186874771118164062e+02,1.358393859863281250e+02
9.542824554443359375e+01,1.230920562744140625e+02
9.395503997802734375e+01,1.202111663818359375e+02
7.794130706787109375e+01,1.120625000000000000e+02
8.192419433593750000e+01,1.189733276367187500e+02
1.088576583862304688e+02,1.281326141357421875e+02
1.042004013061523438e+02,1.250189056396484375e+02
7.792626190185546875e+01,1.154350738525390625e+02
1.095859069824218750e+02,1.319260711669921875e+02
7.502388763427734375e+01,1.148682403564453125e+02
5.306917190551757812e+01,1.061549072265625000e+02
9.853899383544921875e+01,1.290255737304687500e+02
1.055334091186523438e+02,1.288833923339843750e+02
1.088460159301757812e+02,1.279818267822265625e+02
1.228281478881835938e+02,1.351300964355468750e+02
1.137612915039062500e+02,1.326430358886718750e+02
9.487603759765625000e+01,1.181857299804687500e+02
1.227002029418945312e+02,1.324643554687500000e+02
8.521356964111328125e+01,1.283399963378906250e+02
1.011040420532226562e+02,1.297171325683593750e+02
1.186771621704101562e+02,1.336853027343750000e+02
1.069054260253906250e+02,1.275335083007812500e+02
1.228001937866210938e+02,1.333950042724609375e+02
1.170733642578125000e+02,1.278174362182617188e+02
1.235806961059570312e+02,1.311332397460937500e+02
5.304923629760742188e+01,6.723095703125000000e+01
5.254574584960937500e+01,8.105071258544921875e+01
6.697548675537109375e+01,9.709321594238281250e+01
7.876486206054687500e+01,9.935454559326171875e+01
7.810376739501953125e+01,9.712026977539062500e+01
4.532664871215820312e+01,6.708408355712890625e+01
4.846901321411132812e+01,8.901818847656250000e+01
6.702277374267578125e+01,1.205479660034179688e+02
1.141747817993164062e+02,1.272234649658203125e+02
1.138331680297851562e+02,1.253843612670898438e+02
1.036910095214843750e+02,1.183147277832031250e+02
1.270489501953125000e+02,1.342726898193359375e+02
1.069426651000976562e+02,1.192876129150390625e+02
9.726215362548828125e+01,1.184618148803710938e+02
9.440670776367187500e+01,1.129610137939453125e+02
3.175131988525390625e+01,7.774645996093750000e+01
1.178224105834960938e+02,1.287522583007812500e+02
4.475624084472656250e+01,6.134881973266601562e+01
2.214656257629394531e+01,2.307421493530273438e+01
9.595004272460937500e+01,9.012651062011718750e+01
3.476349639892578125e+01,6.276966857910156250e+01
1.755400657653808594e+01,4.604094696044921875e+01
1.661131095886230469e+01,5.436779022216796875e+01
1.602488517761230469e+01,5.225680541992187500e+01
1.805034828186035156e+01,6.732460021972656250e+01
1.242013835906982422e+01,3.135240936279296875e+01
1.550685501098632812e+01,3.915134811401367188e+01
1.981658554077148438e+01,4.932529449462890625e+01
1.413062572479248047e+01,3.892678070068359375e+01
2.099125862121582031e+01,5.016658401489257812e+01
2.104055786132812500e+01,5.341589355468750000e+01
1.453250598907470703e+01,4.211780166625976562e+01
1.323411941528320312e+01,3.778817749023437500e+01
1.801605415344238281e+01,4.976701354980468750e+01
1.999963188171386719e+01,5.212514495849609375e+01
1.756867790222167969e+01,4.787795639038085938e+01
1.201569461822509766e+01,3.655825042724609375e+01
1.867530822753906250e+01,5.188360214233398438e+01
5.970828247070312500e+01,8.704719543457031250e+01
3.942625808715820312e+01,6.348228836059570312e+01
4.406394577026367188e+01,6.311692810058593750e+01
7.166176605224609375e+01,1.093501434326171875e+02
8.837648773193359375e+01,1.110140686035156250e+02
7.510326385498046875e+01,1.045492095947265625e+02
3.344164276123046875e+01,5.237915802001953125e+01
6.291336059570312500e+01,9.527334594726562500e+01
9.196139526367187500e+01,1.207124938964843750e+02
3.621572113037109375e+01,6.252858734130859375e+01
1.802883338928222656e+01,1.815922164916992188e+01
1.905536079406738281e+01,4.541210174560546875e+01
2.274401855468750000e+01,5.697501373291015625e+01
8.782021522521972656e+00,3.389381027221679688e+01
3.495660781860351562e+01,2.509584045410156250e+01
2.115303230285644531e+01,3.053450012207031250e+01
2.465175819396972656e+01,3.874466705322265625e+01
8.805672454833984375e+01,1.213938751220703125e+02
1.110348129272460938e+02,1.110113677978515625e+02
5.563215255737304688e+01,8.366275787353515625e+01
8.411950683593750000e+01,1.125182495117187500e+02
8.411724090576171875e+01,9.118466186523437500e+01
7.101850128173828125e+01,1.118496246337890625e+02
9.896295166015625000e+01,1.197369842529296875e+02
3.911408615112304688e+01,7.684741210937500000e+01
1.101122665405273438e+02,1.250742645263671875e+02
2.579707145690917969e+01,5.915197372436523438e+01
4.950862503051757812e+01,5.894728469848632812e+01
4.440286254882812500e+01,7.144754028320312500e+01
3.754672622680664062e+01,5.936965179443359375e+01
9.935487747192382812e+00,3.255663299560546875e+01
2.852610778808593750e+01,5.776107406616210938e+01
1.034874343872070312e+02,1.228417053222656250e+02
9.181264495849609375e+01,1.187307128906250000e+02
1.238292846679687500e+02,1.348433532714843750e+02
1.167173538208007812e+02,1.310497283935546875e+02
9.444561767578125000e+01,1.251605377197265625e+02
9.968939208984375000e+01,1.341085510253906250e+02
8.677693939208984375e+01,1.207517013549804688e+02
4.010721969604492188e+01,8.872816467285156250e+01
6.965151214599609375e+01,1.062596130371093750e+02
1.050324630737304688e+02,1.291442565917968750e+02
9.909493255615234375e+01,1.274923706054687500e+02
9.506829833984375000e+01,1.219318695068359375e+02
1.165230484008789062e+02,1.309976196289062500e+02
1.037737426757812500e+02,1.203378448486328125e+02
1.170855941772460938e+02,1.286473388671875000e+02
1.249422836303710938e+02,1.309043579101562500e+02
1.079340286254882812e+02,1.229943923950195312e+02
1.199263916015625000e+02,1.305408935546875000e+02
1.149117813110351562e+02,1.252420959472656250e+02
1.072853469848632812e+02,1.220622329711914062e+02
1.068265151977539062e+02,1.232765655517578125e+02
9.155792236328125000e+01,1.108032989501953125e+02
1.179340820312500000e+02,1.261855621337890625e+02
1.179824218750000000e+02,1.231536102294921875e+02
1.191804809570312500e+02,1.274703826904296875e+02
1.037195053100585938e+02,1.302637939453125000e+02
1.209857788085937500e+02,1.340446472167968750e+02
1.191621017456054688e+02,1.308500671386718750e+02
1.568821239471435547e+01,5.794529724121093750e+01
8.484823608398437500e+01,1.186492767333984375e+02
2.505240821838378906e+01,6.866085815429687500e+01
6.897769927978515625e+01,9.767318725585937500e+01
1.266455307006835938e+02,1.412663269042968750e+02
7.336183166503906250e+01,1.207975311279296875e+02
7.930204772949218750e+01,1.258042449951171875e+02
8.089340209960937500e+01,1.169460144042968750e+02
6.364164352416992188e+01,9.089949035644531250e+01
1.201650772094726562e+02,1.286459045410156250e+02
1.761981964111328125e+01,1.344590568542480469e+01
4.464639282226562500e+01,4.695870208740234375e+01
3.606427001953125000e+01,6.160938262939453125e+01
1.154763870239257812e+02,1.256101684570312500e+02
7.752674102783203125e+01,1.158370208740234375e+02
6.483172607421875000e+01,1.055311279296875000e+02
8.771746826171875000e+01,1.232694702148437500e+02
1.050575485229492188e+02,1.301059265136718750e+02
6.856201171875000000e+01,1.009799041748046875e+02
1.006969833374023438e+02,1.231119689941406250e+02
7.926075744628906250e+01,1.089282836914062500e+02
8.140301513671875000e+01,1.092190246582031250e+02
1.074818496704101562e+02,1.179324035644531250e+02
1.189291992187500000e+02,1.324205322265625000e+02
1.155607299804687500e+02,1.273007278442382812e+02
1.042370986938476562e+02,1.186409454345703125e+02
5.335297775268554688e+01,1.101647872924804688e+02
1.009681396484375000e+02,1.215085983276367188e+02
1.187016983032226562e+02,1.318992767333984375e+02
8.381983184814453125e+01,1.148398742675781250e+02
1.068965072631835938e+02,1.287488403320312500e+02
1.120874862670898438e+02,1.254267883300781250e+02
1.135633239746093750e+02,1.285372009277343750e+02
2.803410339355468750e+01,5.710289001464843750e+01
5.322393798828125000e+01,7.632733154296875000e+01
1.000068359375000000e+02,1.132237701416015625e+02
6.299905014038085938e+01,1.016210327148437500e+02
1.918511199951171875e+01,6.574737548828125000e+01
5.405894088745117188e+01,8.517797851562500000e+01
2.032417488098144531e+01,2.441673660278320312e+01
1.026891860961914062e+02,1.094932556152343750e+02
5.792720031738281250e+01,8.435860443115234375e+01
1.351436462402343750e+02,1.275850067138671875e+02
1.002807006835937500e+02,1.080156402587890625e+02
9.524338722229003906e+00,4.303675842285156250e+01
1.722386550903320312e+01,4.938303375244140625e+01
4.471733093261718750e+01,7.461892700195312500e+01
4.142168426513671875e+01,8.192691040039062500e+01
1.336374816894531250e+02,1.346197509765625000e+02
8.211671447753906250e+01,9.573081970214843750e+01
9.523445892333984375e+01,9.972511291503906250e+01
5.016409301757812500e+01,1.054659957885742188e+02
6.601026153564453125e+01,1.131986541748046875e+02
9.430795288085937500e+01,1.311813659667968750e+02
5.387618637084960938e+01,9.649058532714843750e+01
6.663671875000000000e+01,9.287922668457031250e+01
7.878469848632812500e+01,9.649377441406250000e+01
1.169988098144531250e+02,1.233335723876953125e+02
5.697354125976562500e+01,1.054129180908203125e+02
4.099051284790039062e+01,6.368358612060546875e+01
7.324814605712890625e+01,6.260916137695312500e+01
2.175349426269531250e+01,4.998527526855468750e+01
2.089401626586914062e+01,5.381443405151367188e+01
2.132439422607421875e+01,6.245572280883789062e+01
1.955297279357910156e+01,6.772354125976562500e+01
2.407599639892578125e+01,5.772286224365234375e+01
1.616744613647460938e+01,4.654745864868164062e+01
2.601958656311035156e+01,4.649802017211914062e+01
5.483901977539062500e+01,8.584037780761718750e+01
9.121430206298828125e+01,1.244145584106445312e+02
7.087515258789062500e+01,1.035791625976562500e+02
8.479738616943359375e+01,1.055358352661132812e+02
1.017650680541992188e+02,1.282233123779296875e+02
4.341664505004882812e+01,9.844708251953125000e+01
1.155592651367187500e+02,1.320986022949218750e+02
1.181799697875976562e+02,1.350319213867187500e+02
8.859955596923828125e+01,1.219920196533203125e+02
1.128376770019531250e+02,1.326991271972656250e+02
7.306939697265625000e+01,1.216527252197265625e+02
1.188057861328125000e+02,1.320593109130859375e+02
1.125464248657226562e+02,1.303316345214843750e+02
1.095765075683593750e+02,1.258892211914062500e+02
1.133233261108398438e+02,1.347999877929687500e+02
9.947464752197265625e+01,1.212932739257812500e+02
1.181862411499023438e+02,1.329553527832031250e+02
1.271043090820312500e+02,1.398940734863281250e+02
9.645269775390625000e+01,1.243365173339843750e+02
6.480274200439453125e+01,1.071202621459960938e+02
8.681572723388671875e+01,1.170299072265625000e+02
3.440396499633789062e+01,8.306099700927734375e+01
3.419916152954101562e+01,6.484736633300781250e+01
7.668555450439453125e+01,7.510516357421875000e+01
1.071613159179687500e+02,1.028851013183593750e+02
8.889766693115234375e+01,9.362467956542968750e+01
1.199916076660156250e+02,1.154507675170898438e+02
9.505068206787109375e+01,1.014329376220703125e+02
5.205990600585937500e+01,6.885266876220703125e+01
8.124338531494140625e+01,8.932968139648437500e+01
6.063450241088867188e+01,8.142121887207031250e+01
6.387210083007812500e+01,7.254638671875000000e+01
1.122513504028320312e+02,1.300520782470703125e+02
8.348223114013671875e+01,1.118984222412109375e+02
1.225559921264648438e+02,1.234377441406250000e+02
1.041322402954101562e+02,1.258767852783203125e+02
1.113290786743164062e+02,1.326234436035156250e+02
1.092705917358398438e+02,1.134961853027343750e+02
1.002633285522460938e+02,1.179137344360351562e+02
1.027719421386718750e+02,9.427832031250000000e+01
8.720972442626953125e+01,1.133321838378906250e+02
2.004143524169921875e+01,4.953858566284179688e+01
3.451145172119140625e+01,4.834289550781250000e+01
5.270917892456054688e+01,7.439007568359375000e+01
3.200328445434570312e+01,6.931019592285156250e+01
3.496640014648437500e+01,7.572711944580078125e+01
4.461062622070312500e+01,5.788756561279296875e+01
8.070841217041015625e+01,1.083155593872070312e+02
1.103176879882812500e+02,1.245708618164062500e+02
1.232361831665039062e+02,1.225672760009765625e+02
3.664131546020507812e+01,3.281827545166015625e+01
7.423340606689453125e+01,1.032267227172851562e+02
7.994577026367187500e+01,9.525089263916015625e+01
5.318325805664062500e+01,8.606570434570312500e+01
8.998371124267578125e+01,1.109908599853515625e+02
1.126408691406250000e+02,1.169479217529296875e+02
9.000673675537109375e+01,1.266733856201171875e+02
4.190298080444335938e+01,9.738041687011718750e+01
2.118888664245605469e+01,5.814400100708007812e+01
1.768514060974121094e+01,4.189530944824218750e+01
1.581132221221923828e+01,3.418214035034179688e+01
1.345012378692626953e+01,3.374752807617187500e+01
2.448979377746582031e+01,4.823322296142578125e+01
1.133496379852294922e+01,2.756881713867187500e+01
1.233797225952148438e+02,1.341867828369140625e+02
7.395025634765625000e+01,9.652816772460937500e+01
5.255356216430664062e+01,8.643550109863281250e+01
3.234265136718750000e+01,7.042436218261718750e+01
1.879162406921386719e+01,6.260294342041015625e+01
2.012985038757324219e+01,5.001228332519531250e+01
1.751837158203125000e+01,2.351899528503417969e+01
8.347017669677734375e+01,1.127411804199218750e+02
8.412728881835937500e+01,1.233086776733398438e+02
6.834355163574218750e+01,1.169013366699218750e+02
5.824113845825195312e+01,9.510976409912109375e+01
2.315450096130371094e+01,3.327940368652343750e+01
1.145128784179687500e+02,1.245760879516601562e+02
1.118123779296875000e+02,1.019829254150390625e+02
1.063792953491210938e+02,1.192102279663085938e+02
1.913412284851074219e+01,5.632543563842773438e+01
1.711515617370605469e+01,4.385813903808593750e+01
5.308442687988281250e+01,9.738279724121093750e+01
4.105154037475585938e+01,8.267462158203125000e+01
3.136087989807128906e+01,7.851771545410156250e+01
1.831941223144531250e+01,6.529972839355468750e+01
1.280137252807617188e+01,4.911560821533203125e+01
8.538468360900878906e+00,3.857480239868164062e+01
2.284054565429687500e+01,4.593458175659179688e+01
1.318124847412109375e+02,1.337466583251953125e+02
1.039591445922851562e+02,1.223289642333984375e+02
1.253129577636718750e+02,1.295746612548828125e+02
3.420030975341796875e+01,6.513716125488281250e+01
4.230726242065429688e+01,7.225967407226562500e+01
1.079799194335937500e+02,1.108670730590820312e+02
1.110238876342773438e+02,1.093597259521484375e+02
9.720079803466796875e+01,1.116672210693359375e+02
1.031804885864257812e+02,1.020718688964843750e+02
5.896769332885742188e+01,7.735408020019531250e+01
8.350462341308593750e+01,9.184382629394531250e+01
9.744953155517578125e+01,1.036582183837890625e+02
1.230603408813476562e+02,1.243157501220703125e+02
7.241184234619140625e+01,8.135728454589843750e+01
1.058289566040039062e+02,1.085986938476562500e+02
5.259981155395507812e+01,1.048695983886718750e+02
7.596718597412109375e+01,8.536714172363281250e+01
5.794075393676757812e+01,9.284066772460937500e+01
5.335324478149414062e+01,9.975344848632812500e+01
1.224508666992187500e+02,1.306731872558593750e+02
7.535417938232421875e+01,1.065944137573242188e+02
2.708470153808593750e+01,6.618387603759765625e+01
4.260720825195312500e+01,9.425190734863281250e+01
9.660453033447265625e+01,1.169405670166015625e+02
4.432148361206054688e+01,5.945651626586914062e+01
9.942154693603515625e+01,1.159781951904296875e+02
7.270400238037109375e+01,8.383816528320312500e+01
5.684717178344726562e+01,1.174259567260742188e+02
1.059235458374023438e+02,1.172628173828125000e+02
5.207294845581054688e+01,9.906698608398437500e+01
7.369313049316406250e+01,1.123058319091796875e+02
1.338505401611328125e+02,1.242379913330078125e+02
9.703536224365234375e+01,1.290408630371093750e+02
7.422320556640625000e+01,1.216897964477539062e+02
5.167291641235351562e+01,9.494876098632812500e+01
4.900783157348632812e+01,8.691078186035156250e+01
8.512096405029296875e+01,1.226191406250000000e+02
7.336203765869140625e+01,1.232907333374023438e+02
9.231644439697265625e+01,1.069510345458984375e+02
4.145443344116210938e+01,8.614925384521484375e+01
9.523486137390136719e+00,5.216753387451171875e+01
8.070794677734375000e+01,1.276235122680664062e+02
8.804080963134765625e+01,1.162022857666015625e+02
5.276737976074218750e+01,9.765376281738281250e+01
7.356945037841796875e+01,1.151374359130859375e+02
1.064418106079101562e+02,1.329305725097656250e+02
2.934105682373046875e+01,6.807011413574218750e+01
2.738325309753417969e+01,8.141270446777343750e+01
4.703451538085937500e+01,1.107334747314453125e+02
9.498925018310546875e+01,1.129241180419921875e+02
1.059235229492187500e+02,1.198437728881835938e+02
1.293644561767578125e+02,1.352978210449218750e+02
1.058788146972656250e+02,1.291274108886718750e+02
1.057084960937500000e+02,1.273310470581054688e+02
7.688093566894531250e+01,1.223842468261718750e+02
7.668940734863281250e+01,1.101341476440429688e+02
1.136919860839843750e+02,1.264562225341796875e+02
9.887477874755859375e+01,1.082971343994140625e+02
9.199369049072265625e+01,1.083699493408203125e+02
9.710485839843750000e+01,1.188116149902343750e+02
7.206591796875000000e+01,1.290805664062500000e+02
2.038250732421875000e+01,8.016988372802734375e+01
1.143671646118164062e+02,1.357908325195312500e+02
6.946637725830078125e+01,1.024342803955078125e+02
3.290524291992187500e+01,6.503044128417968750e+01
2.205587005615234375e+01,8.021291351318359375e+01
2.242107963562011719e+01,5.243990325927734375e+01
5.498926925659179688e+01,7.220083618164062500e+01
1.313898181915283203e+01,5.780473327636718750e+01
4.700469589233398438e+01,1.059069213867187500e+02
1.810556030273437500e+01,6.721012878417968750e+01
6.895886230468750000e+01,1.178214111328125000e+02
8.335379791259765625e+01,1.139090118408203125e+02
1.090723266601562500e+02,1.198541259765625000e+02
1.111433486938476562e+02,1.246883544921875000e+02
3.372161483764648438e+01,8.136400604248046875e+01
4.280163574218750000e+01,9.179089355468750000e+01
1.102795944213867188e+02,1.200897216796875000e+02
9.175408935546875000e+01,1.167545318603515625e+02
5.776430130004882812e+01,8.897984313964843750e+01
2.072568702697753906e+01,5.798271942138671875e+01
1.227653808593750000e+02,1.423875885009765625e+02
7.929184722900390625e+01,1.167949142456054688e+02
8.983786773681640625e+01,1.162159042358398438e+02
7.306150054931640625e+01,1.219617309570312500e+02
6.010673522949218750e+01,1.079261779785156250e+02
7.238091278076171875e+01,1.067120208740234375e+02
6.126427078247070312e+01,1.012036132812500000e+02
5.671311950683593750e+01,9.909160614013671875e+01
6.786127471923828125e+01,1.226223068237304688e+02
8.142250061035156250e+01,1.239609603881835938e+02
3.118383789062500000e+01,8.041357421875000000e+01
2.845776176452636719e+01,7.577374267578125000e+01
3.173782539367675781e+01,8.986052703857421875e+01
7.760815429687500000e+01,9.887767791748046875e+01
9.692252349853515625e+01,1.163898010253906250e+02
8.585904693603515625e+01,9.843833160400390625e+01
1.071165161132812500e+02,1.073627319335937500e+02
9.662058258056640625e+01,1.309409179687500000e+02
2.927076721191406250e+01,6.930590820312500000e+01
3.141727638244628906e+01,6.780203247070312500e+01
8.021547698974609375e+01,1.016789855957031250e+02
1.690797042846679688e+01,5.037026977539062500e+01
2.152425575256347656e+01,5.784395599365234375e+01
5.482356262207031250e+01,9.615756225585937500e+01
3.510184097290039062e+01,7.296722412109375000e+01
8.927932739257812500e+01,1.251165161132812500e+02
9.996975708007812500e+01,1.220070190429687500e+02
7.757621002197265625e+01,1.164350585937500000e+02
7.389264678955078125e+01,1.252409820556640625e+02
1.045968933105468750e+02,1.203285217285156250e+02
7.605356597900390625e+01,1.164286804199218750e+02
8.941432952880859375e+01,1.174794540405273438e+02
8.254985809326171875e+01,9.794293975830078125e+01
5.668238830566406250e+01,8.367530059814453125e+01
3.771007537841796875e+01,7.796672058105468750e+01
6.573400115966796875e+01,9.346067810058593750e+01
2.242062568664550781e+01,7.511796569824218750e+01
2.996158790588378906e+01,5.659012222290039062e+01
2.183181762695312500e+01,5.796549987792968750e+01
8.792330169677734375e+01,1.207896728515625000e+02
5.760473632812500000e+01,1.102893218994140625e+02
7.929405975341796875e+01,1.219183959960937500e+02
2.702700805664062500e+01,6.207802581787109375e+01
1.830110168457031250e+01,6.935458374023437500e+01
2.132963371276855469e+01,6.642138671875000000e+01
1.937984275817871094e+01,6.818016052246093750e+01
4.709029006958007812e+01,7.490341949462890625e+01
4.500259399414062500e+01,7.801342010498046875e+01
3.890968704223632812e+01,8.209635162353515625e+01
2.551021766662597656e+01,6.449385070800781250e+01
2.405013275146484375e+01,6.174150466918945312e+01
1.285180950164794922e+01,5.454667663574218750e+01
3.314142608642578125e+01,6.810496520996093750e+01
3.405920791625976562e+01,6.308089447021484375e+01
8.203003692626953125e+01,1.193366088867187500e+02
7.489760589599609375e+01,9.289744567871093750e+01
9.396966552734375000e+01,1.376605529785156250e+02
4.552075195312500000e+01,1.267867202758789062e+02
9.828208160400390625e+01,1.159320831298828125e+02
7.659900665283203125e+01,1.252174682617187500e+02
1.055073013305664062e+02,1.331413879394531250e+02
1.098727951049804688e+02,1.342670898437500000e+02
6.374676513671875000e+01,9.060718536376953125e+01
4.006909942626953125e+01,5.812136840820312500e+01
6.875099182128906250e+01,1.092080917358398438e+02
8.751926422119140625e+01,1.236065521240234375e+02
4.490876388549804688e+01,1.113846664428710938e+02
6.466766357421875000e+01,9.507701873779296875e+01
8.803717041015625000e+01,1.049623870849609375e+02
6.591505432128906250e+01,9.390868377685546875e+01
6.619464111328125000e+01,8.995803070068359375e+01
1.284236145019531250e+02,1.364089355468750000e+02
1.039237899780273438e+02,1.128284301757812500e+02
5.745755004882812500e+01,9.500514221191406250e+01
1.016144943237304688e+02,1.179671325683593750e+02
6.005050659179687500e+01,8.072087097167968750e+01
8.246822357177734375e+01,1.167117614746093750e+02
6.493602752685546875e+01,1.107605056762695312e+02
2.654914283752441406e+01,6.886491394042968750e+01
6.792785644531250000e+01,8.414807891845703125e+01
3.338331985473632812e+01,6.171268081665039062e+01
7.513948822021484375e+01,8.610720825195312500e+01
5.454983901977539062e+01,8.666629028320312500e+01
1.161698303222656250e+02,1.330277099609375000e+02
4.360971450805664062e+01,9.973840332031250000e+01
7.262161254882812500e+01,1.124143676757812500e+02
3.811550903320312500e+01,6.787921142578125000e+01
4.911124038696289062e+01,9.437164306640625000e+01
7.667926788330078125e+01,1.116321105957031250e+02
9.090354156494140625e+01,1.325630187988281250e+02
4.890187454223632812e+01,9.058386230468750000e+01
8.680538177490234375e+01,9.545075225830078125e+01
1.148274536132812500e+02,1.177708129882812500e+02
6.880017852783203125e+01,1.172758331298828125e+02
3.584173965454101562e+01,5.609587860107421875e+01
1.134061813354492188e+02,1.482867736816406250e+02
5.527556228637695312e+01,1.121132659912109375e+02
4.326642990112304688e+01,8.154382324218750000e+01
7.688512420654296875e+01,1.237347869873046875e+02
8.865213775634765625e+01,1.213517684936523438e+02
4.939582443237304688e+01,9.692890167236328125e+01
7.968978881835937500e+01,1.045599212646484375e+02
1.005315780639648438e+02,1.234020767211914062e+02
3.258058547973632812e+01,7.206603240966796875e+01
4.632350540161132812e+01,8.556327819824218750e+01
8.339459991455078125e+01,1.214845123291015625e+02
9.099868774414062500e+01,1.240188446044921875e+02
2.483141136169433594e+01,6.602863311767578125e+01
1.040278549194335938e+02,1.214319152832031250e+02
8.778442382812500000e+01,1.201117782592773438e+02
6.154643630981445312e+01,1.020197830200195312e+02
6.666974639892578125e+01,1.086444244384765625e+02
6.050009155273437500e+01,1.045010528564453125e+02
4.877742385864257812e+01,7.127462005615234375e+01
6.096230697631835938e+01,9.022508239746093750e+01
5.516587448120117188e+01,9.555685424804687500e+01
1.214413738250732422e+01,4.583032989501953125e+01
7.884109497070312500e+01,1.018460235595703125e+02
6.597722625732421875e+01,1.177751159667968750e+02
3.313177108764648438e+01,6.699585723876953125e+01
7.770262145996093750e+01,9.396821594238281250e+01
6.003295516967773438e+01,9.820534515380859375e+01
4.397741317749023438e+01,6.561261749267578125e+01
5.230943679809570312e+01,7.886474609375000000e+01
4.169146347045898438e+01,7.032086181640625000e+01
1.484510326385498047e+01,4.152526855468750000e+01
6.279736709594726562e+01,1.082969284057617188e+02
1.370279979705810547e+01,4.306004333496093750e+01
2.018973731994628906e+01,5.474788665771484375e+01
8.731650543212890625e+01,1.151395263671875000e+02
6.644367980957031250e+01,1.177655487060546875e+02
7.563196563720703125e+01,1.109105529785156250e+02
1.027184982299804688e+02,1.314412689208984375e+02
1.117014999389648438e+02,1.273062591552734375e+02
7.635195159912109375e+01,1.140166625976562500e+02
4.879967117309570312e+01,1.003878326416015625e+02
6.025883102416992188e+01,9.585707092285156250e+01
6.033145141601562500e+01,9.536914062500000000e+01
7.656409454345703125e+01,1.183462829589843750e+02
7.028668212890625000e+01,1.058779296875000000e+02
9.066370391845703125e+01,1.056943969726562500e+02
4.482471847534179688e+01,8.708037567138671875e+01
1.055315551757812500e+02,1.272272949218750000e+02
1.047079696655273438e+02,1.284260253906250000e+02
4.603051376342773438e+01,6.290417861938476562e+01
3.340600967407226562e+01,8.207726287841796875e+01
8.857401275634765625e+01,1.217781524658203125e+02
6.033810043334960938e+01,1.076005706787109375e+02
9.747855377197265625e+01,1.176603851318359375e+02
5.157502746582031250e+01,8.930783081054687500e+01
3.964385986328125000e+01,3.535576629638671875e+01
1.142289810180664062e+02,1.129330520629882812e+02
6.061166381835937500e+01,1.133771057128906250e+02
8.171526336669921875e+01,9.643529510498046875e+01
1.248261356353759766e+01,5.768865203857421875e+01
1.845398712158203125e+01,5.690459823608398438e+01
3.291131591796875000e+01,7.208604431152343750e+01
2.953962135314941406e+01,7.189837646484375000e+01
2.698605346679687500e+01,7.901375579833984375e+01
6.484461212158203125e+01,1.282554779052734375e+02
6.064619445800781250e+01,1.166370010375976562e+02
2.274489402770996094e+01,8.105639648437500000e+01
5.853221130371093750e+01,9.432812500000000000e+01
1.063093261718750000e+02,1.378572082519531250e+02
6.577489471435546875e+01,1.160906677246093750e+02
2.184353065490722656e+01,5.894823455810546875e+01
4.602583694458007812e+01,7.833396911621093750e+01
3.646538162231445312e+01,7.853639221191406250e+01
1.088040542602539062e+02,1.285722045898437500e+02
2.174523353576660156e+01,1.025543060302734375e+02
2.596554565429687500e+01,6.696255493164062500e+01
4.321002197265625000e+01,9.099879455566406250e+01
5.619021224975585938e+01,9.958810424804687500e+01
2.878252601623535156e+01,7.514129638671875000e+01
3.268645858764648438e+01,6.963821411132812500e+01
1.235676269531250000e+02,1.312601013183593750e+02
1.095289230346679688e+02,1.170271606445312500e+02
8.758432769775390625e+01,1.355938415527343750e+02
6.129612350463867188e+01,1.265669555664062500e+02
4.256200027465820312e+01,7.261308288574218750e+01
5.468530273437500000e+01,8.229413604736328125e+01
5.613072586059570312e+01,1.174114685058593750e+02
2.734057617187500000e+01,6.163053894042968750e+01
4.078990173339843750e+01,5.648688888549804688e+01
3.747288131713867188e+01,5.962122344970703125e+01
1.206901016235351562e+02,1.417865295410156250e+02
1.024453353881835938e+02,1.250469284057617188e+02
3.486112594604492188e+01,8.477992248535156250e+01
6.034136581420898438e+01,7.650157928466796875e+01
6.255075073242187500e+01,1.273839340209960938e+02
7.700852203369140625e+01,1.148672027587890625e+02
9.526207733154296875e+01,1.198579864501953125e+02
8.332501220703125000e+01,1.193000335693359375e+02
1.293202056884765625e+02,1.294561767578125000e+02
9.463345336914062500e+01,1.102356414794921875e+02
7.482670593261718750e+01,1.210480651855468750e+02
1.061636962890625000e+02,1.185512847900390625e+02
8.016835784912109375e+01,1.306200866699218750e+02
4.625991439819335938e+01,8.360029602050781250e+01
1.153795471191406250e+02,1.387765960693359375e+02
9.614469146728515625e+01,9.857902526855468750e+01
3.986577224731445312e+01,8.995893859863281250e+01
6.538727569580078125e+01,8.905670166015625000e+01
1.086889648437500000e+02,1.172593460083007812e+02
2.302572441101074219e+01,6.364308166503906250e+01
5.033603286743164062e+01,9.405572509765625000e+01
4.266668701171875000e+01,9.096863555908203125e+01
6.458277130126953125e+01,9.685083770751953125e+01
9.639041137695312500e+01,1.332108459472656250e+02
5.470615005493164062e+01,1.071034774780273438e+02
1.332259674072265625e+02,1.356296081542968750e+02
6.665354156494140625e+01,1.200046844482421875e+02
3.439372634887695312e+01,7.817811584472656250e+01
2.053059005737304688e+01,7.175999450683593750e+01
1.235156860351562500e+02,1.256043701171875000e+02
3.515357589721679688e+01,5.916520309448242188e+01
6.913854217529296875e+01,6.235453033447265625e+01
7.704528808593750000e+01,1.308459014892578125e+02
8.240773773193359375e+01,1.330310668945312500e+02
4.482286453247070312e+01,9.929856109619140625e+01
9.666986083984375000e+01,1.204331207275390625e+02
1.955314064025878906e+01,4.082154846191406250e+01
2.595770263671875000e+01,9.218029785156250000e+01
6.268201065063476562e+01,8.681013488769531250e+01
4.528654861450195312e+01,7.207511138916015625e+01
9.891683197021484375e+01,1.231479949951171875e+02
6.854561614990234375e+01,1.071237182617187500e+02
8.916278076171875000e+01,1.169086303710937500e+02
7.038454437255859375e+01,1.082625961303710938e+02
8.762637329101562500e+01,1.398092498779296875e+02
2.525372314453125000e+01,8.504116821289062500e+01
1.654670715332031250e+01,6.336431121826171875e+01
5.795727539062500000e+01,1.046426086425781250e+02
9.988430786132812500e+01,1.086335601806640625e+02
1.094874877929687500e+02,1.172080841064453125e+02
9.483089447021484375e+01,1.152219848632812500e+02
1.177916488647460938e+02,1.314960937500000000e+02
8.662931060791015625e+01,1.282871704101562500e+02
6.574572753906250000e+01,1.244332275390625000e+02
7.477794647216796875e+01,1.248002929687500000e+02
6.532215118408203125e+01,1.211100006103515625e+02
3.104016876220703125e+01,7.242713928222656250e+01
3.979912948608398438e+01,8.669152832031250000e+01
7.422431182861328125e+01,1.252033691406250000e+02
2.516534996032714844e+01,7.920507812500000000e+01
2.392198753356933594e+01,7.395973205566406250e+01
2.848072624206542969e+01,6.063638305664062500e+01
3.571250915527343750e+01,9.527183532714843750e+01
4.165328979492187500e+01,6.521671295166015625e+01
4.812124633789062500e+01,7.423638916015625000e+01
5.163205337524414062e+01,8.941975402832031250e+01
3.187729644775390625e+01,9.270713043212890625e+01
2.854352569580078125e+01,7.581512451171875000e+01
5.972925949096679688e+01,7.903577423095703125e+01
9.742671966552734375e+01,1.345627899169921875e+02
4.916838455200195312e+01,9.046964263916015625e+01
4.227021026611328125e+01,8.837577819824218750e+01
7.653545379638671875e+01,9.864822387695312500e+01
4.061180114746093750e+01,8.592654418945312500e+01
6.514604949951171875e+01,8.765672302246093750e+01
9.817008209228515625e+01,1.213164062500000000e+02
4.482096481323242188e+01,8.804954528808593750e+01
7.994397735595703125e+01,9.680331420898437500e+01
9.176236724853515625e+01,1.085587005615234375e+02
1.039905776977539062e+02,1.181950759887695312e+02
7.584278106689453125e+01,9.215798950195312500e+01
8.168968963623046875e+01,1.092897949218750000e+02
3.126809120178222656e+01,7.124244689941406250e+01
3.617885208129882812e+01,7.319917297363281250e+01
4.142578506469726562e+01,7.838997650146484375e+01
3.613232421875000000e+01,7.341562652587890625e+01
3.788233566284179688e+01,6.996165466308593750e+01
1.695029258728027344e+01,4.614130401611328125e+01
9.966651153564453125e+01,1.143853302001953125e+02
9.687246704101562500e+01,1.173907928466796875e+02
5.109494018554687500e+01,8.156288909912109375e+01
1.018232192993164062e+02,1.203834533691406250e+02
4.833842086791992188e+01,8.511741638183593750e+01
3.913597106933593750e+01,9.342730712890625000e+01
9.369952392578125000e+01,1.099262390136718750e+02
4.751606369018554688e+01,7.513543701171875000e+01
9.452609252929687500e+01,1.118579711914062500e+02
1.058413925170898438e+02,1.111564254760742188e+02
7.559976196289062500e+01,9.612182617187500000e+01
5.528416824340820312e+01,8.227465820312500000e+01
5.414742660522460938e+01,9.081622314453125000e+01
3.661044692993164062e+01,4.957999801635742188e+01
2.970925140380859375e+01,6.528058624267578125e+01
3.235500335693359375e+01,7.450826263427734375e+01
3.811884689331054688e+01,9.926515197753906250e+01
8.992025756835937500e+01,1.088313903808593750e+02
3.063582801818847656e+01,6.608709716796875000e+01
3.254477691650390625e+01,6.867713928222656250e+01
7.840383148193359375e+01,1.005391082763671875e+02
5.642303085327148438e+01,9.401150512695312500e+01
9.276157379150390625e+01,1.170687179565429688e+02
9.551558685302734375e+01,1.345044097900390625e+02
5.882191085815429688e+01,1.079156036376953125e+02
6.519406890869140625e+01,1.220434494018554688e+02
2.725609397888183594e+01,6.577529144287109375e+01
4.661411666870117188e+01,7.432189178466796875e+01
4.725899124145507812e+01,1.186948852539062500e+02
7.476197052001953125e+01,1.217519531250000000e+02
7.453333282470703125e+01,1.236147918701171875e+02
4.072958755493164062e+01,6.934811401367187500e+01
8.116927337646484375e+01,1.257036056518554688e+02
4.051668930053710938e+01,8.822626495361328125e+01
9.387765502929687500e+01,1.184449615478515625e+02
2.465647888183593750e+01,6.328066253662109375e+01
2.390375518798828125e+01,6.184030151367187500e+01
3.762218093872070312e+01,7.172998046875000000e+01
6.116736984252929688e+01,9.653060913085937500e+01
3.783181762695312500e+01,9.214577484130859375e+01
5.173479843139648438e+01,9.465960693359375000e+01
1.003127441406250000e+02,1.339577178955078125e+02
4.650220870971679688e+01,8.072238159179687500e+01
1.252860488891601562e+02,1.412119750976562500e+02
8.399871063232421875e+01,1.221210479736328125e+02
8.172168731689453125e+01,1.050384292602539062e+02
3.108092689514160156e+01,6.659319305419921875e+01
6.316317367553710938e+01,1.052539520263671875e+02
4.995866394042968750e+01,1.115974731445312500e+02
3.319922256469726562e+01,9.631697082519531250e+01
6.109790039062500000e+01,1.057562561035156250e+02
7.600296783447265625e+01,1.053067932128906250e+02
6.762122344970703125e+01,9.390011596679687500e+01
2.903670310974121094e+01,7.142524719238281250e+01
8.921866607666015625e+01,1.169359436035156250e+02
5.425236511230468750e+01,1.126126708984375000e+02
3.296172714233398438e+01,7.687313842773437500e+01
1.045816650390625000e+02,1.270210266113281250e+02
3.774368286132812500e+01,1.050729980468750000e+02
8.227122497558593750e+01,1.233399047851562500e+02
4.921074295043945312e+01,1.203998107910156250e+02
1.176473999023437500e+01,4.874416351318359375e+01
3.142102241516113281e+01,9.372550201416015625e+01
2.112075614929199219e+01,5.610926055908203125e+01
1.426418018341064453e+01,4.501225280761718750e+01
4.764415359497070312e+01,1.029491271972656250e+02
1.466718769073486328e+01,5.084100341796875000e+01
4.963265609741210938e+01,1.120391540527343750e+02
5.563267135620117188e+01,1.036962509155273438e+02
6.276985168457031250e+01,1.178168334960937500e+02
3.507157516479492188e+01,8.668814086914062500e+01
6.703166198730468750e+01,1.073493652343750000e+02
7.798907470703125000e+01,9.934915924072265625e+01
5.522514343261718750e+01,7.488758850097656250e+01
2.772155189514160156e+01,4.830965042114257812e+01
1.843081092834472656e+01,5.096076202392578125e+01
4.971855545043945312e+01,6.960220336914062500e+01
5.597273635864257812e+01,7.888175201416015625e+01
4.482049560546875000e+01,7.705191040039062500e+01
6.954751586914062500e+01,8.442675781250000000e+01
8.293131256103515625e+01,1.226845550537109375e+02
4.699252319335937500e+01,7.903422546386718750e+01
1.391915416717529297e+01,2.318079757690429688e+01
5.121677780151367188e+01,6.231046676635742188e+01
1.973806953430175781e+01,3.355900955200195312e+01
2.951987648010253906e+01,6.995994567871093750e+01
3.683022689819335938e+01,5.775217437744140625e+01
1.451356983184814453e+01,2.609848403930664062e+01
6.102145385742187500e+01,8.826162719726562500e+01
7.470053863525390625e+01,8.169512939453125000e+01
5.793803024291992188e+01,7.653112792968750000e+01
7.307994842529296875e+01,9.360047912597656250e+01
1.991160011291503906e+01,2.953779983520507812e+01
1.296417713165283203e+01,1.905641174316406250e+01
8.185858917236328125e+01,1.107077636718750000e+02
1.681075286865234375e+01,2.218458175659179688e+01
2.702667999267578125e+01,5.542569732666015625e+01
3.625455093383789062e+01,3.237541580200195312e+01
1.083625259399414062e+02,1.238411560058593750e+02
3.722666168212890625e+01,3.476652526855468750e+01
3.772179794311523438e+01,4.588430786132812500e+01
3.083182716369628906e+01,4.426281356811523438e+01
7.482833862304687500e+01,9.091404724121093750e+01
3.161651420593261719e+01,4.776425933837890625e+01
1.859544181823730469e+01,2.587891387939453125e+01
4.781868362426757812e+01,7.908863830566406250e+01
4.483868408203125000e+01,8.630638122558593750e+01
1.896529960632324219e+01,2.912112045288085938e+01
1.050726928710937500e+02,1.040085601806640625e+02
1.355640411376953125e+01,2.535780715942382812e+01
9.479949188232421875e+01,8.055551147460937500e+01
5.132863235473632812e+01,1.265500640869140625e+02
4.060360717773437500e+01,6.024707031250000000e+01
1.238470077514648438e+02,1.215635681152343750e+02
8.117661476135253906e+00,1.316391277313232422e+01
1.068279342651367188e+02,1.352190704345703125e+02
3.475480651855468750e+01,7.802421569824218750e+01
6.719187164306640625e+01,9.041012573242187500e+01
7.602490997314453125e+01,1.047563323974609375e+02
1.163832626342773438e+02,1.146484603881835938e+02
8.035530853271484375e+01,1.012045440673828125e+02
4.334179306030273438e+01,7.788880920410156250e+01
7.456783294677734375e+01,1.016889801025390625e+02
9.879351806640625000e+01,1.129155654907226562e+02
2.854992675781250000e+01,6.819668579101562500e+01
8.385784149169921875e+01,1.015183181762695312e+02
2.989228820800781250e+01,5.793813323974609375e+01
3.126674842834472656e+01,6.355391693115234375e+01
6.916092681884765625e+01,1.052636413574218750e+02
2.882643127441406250e+01,6.238699722290039062e+01
3.514712142944335938e+01,6.682652282714843750e+01
6.224502563476562500e+01,9.568518066406250000e+01
1.065155639648437500e+02,1.160330352783203125e+02
8.003115081787109375e+01,1.030059967041015625e+02
5.407311630249023438e+01,6.694773864746093750e+01
1.235658569335937500e+02,1.297947998046875000e+02
9.962957763671875000e+01,1.138897857666015625e+02
8.838124847412109375e+01,1.011442108154296875e+02
7.487986755371093750e+01,9.904170227050781250e+01
4.993110275268554688e+01,7.040650939941406250e+01
8.969647979736328125e+01,1.120052261352539062e+02
1.172257766723632812e+02,1.240895385742187500e+02
6.112570571899414062e+01,9.663647460937500000e+01
3.084042167663574219e+01,5.830601882934570312e+01
1.233486099243164062e+02,1.308161163330078125e+02
6.776062011718750000e+01,8.941484069824218750e+01
8.099199676513671875e+01,1.039694824218750000e+02
3.350482559204101562e+01,7.261420440673828125e+01
3.650474166870117188e+01,6.654386138916015625e+01
6.981642150878906250e+01,9.394853210449218750e+01
6.080608749389648438e+01,8.476229858398437500e+01
9.125085449218750000e+01,9.494897460937500000e+01
1.060308837890625000e+02,1.165835723876953125e+02
3.981563186645507812e+01,7.486360168457031250e+01
1.272199478149414062e+02,1.384487609863281250e+02
9.048899078369140625e+01,1.134536819458007812e+02
9.577425384521484375e+01,1.160753402709960938e+02
3.986807632446289062e+01,1.486114959716796875e+02
6.617456817626953125e+01,1.022864837646484375e+02
3.206728363037109375e+01,6.128435516357421875e+01
3.722092056274414062e+01,7.173239135742187500e+01
3.233863830566406250e+01,8.232012939453125000e+01
4.966644287109375000e+01,7.235839843750000000e+01
5.201812362670898438e+01,9.601441955566406250e+01
4.585216903686523438e+01,6.918136596679687500e+01
4.521598815917968750e+01,7.754658508300781250e+01
4.245799255371093750e+01,6.403660583496093750e+01
5.482792282104492188e+01,8.430651092529296875e+01
4.234016799926757812e+01,6.555244445800781250e+01
7.642916107177734375e+01,1.353712768554687500e+02
4.674699783325195312e+01,7.513189697265625000e+01
3.188119506835937500e+01,6.763014221191406250e+01
4.216864776611328125e+01,7.565311431884765625e+01
3.624428939819335938e+01,9.431938171386718750e+01
4.057185745239257812e+01,7.317059326171875000e+01
3.857948684692382812e+01,7.571096801757812500e+01
5.904650497436523438e+01,7.850783538818359375e+01
7.266222381591796875e+01,9.736575317382812500e+01
5.034741210937500000e+01,7.883642578125000000e+01
8.342488861083984375e+01,1.151620635986328125e+02
4.560864639282226562e+01,8.146962738037109375e+01
4.697730636596679688e+01,7.511927032470703125e+01
3.576467895507812500e+01,6.904219055175781250e+01
3.977531051635742188e+01,8.540587615966796875e+01
6.908386230468750000e+01,8.750225830078125000e+01
8.259310913085937500e+01,9.549356079101562500e+01
5.775997924804687500e+01,8.167478179931640625e+01
3.024122619628906250e+01,2.701354217529296875e+01
9.397449493408203125e+01,8.970597839355468750e+01
7.055374908447265625e+01,7.869491577148437500e+01
1.361916046142578125e+02,1.418004150390625000e+02
1.356879272460937500e+02,1.384932250976562500e+02
1.162728805541992188e+02,1.307707214355468750e+02
6.836376190185546875e+01,1.384426879882812500e+02
1.259421997070312500e+02,1.403659667968750000e+02
3.949605560302734375e+01,8.030578613281250000e+01
6.891881561279296875e+01,1.076078643798828125e+02
4.140296554565429688e+01,9.394524383544921875e+01
5.197319030761718750e+01,7.039555358886718750e+01
5.791972351074218750e+01,8.194471740722656250e+01
4.725328445434570312e+01,8.545484161376953125e+01
6.432706451416015625e+01,8.839683532714843750e+01
6.947687530517578125e+01,8.921211242675781250e+01
7.766831970214843750e+01,8.978375244140625000e+01
5.917034912109375000e+01,8.665429687500000000e+01
2.774097251892089844e+01,7.213936614990234375e+01
6.099600219726562500e+01,9.644181823730468750e+01
4.464368820190429688e+01,6.488243103027343750e+01
4.571340942382812500e+01,8.621318054199218750e+01
4.269091796875000000e+01,1.175809936523437500e+02
4.591300582885742188e+01,8.037546539306640625e+01
9.321264648437500000e+01,1.240175857543945312e+02
7.568388366699218750e+01,1.099013061523437500e+02
9.462503051757812500e+01,1.238493423461914062e+02
1.082386093139648438e+02,1.311340637207031250e+02
8.252929687500000000e+01,1.214097900390625000e+02
3.175656127929687500e+01,8.113053131103515625e+01
7.559273529052734375e+01,1.153097076416015625e+02
2.533355140686035156e+01,7.648455047607421875e+01
5.083235168457031250e+01,9.988253021240234375e+01
5.543550109863281250e+01,9.392022705078125000e+01
2.709673309326171875e+01,5.323314285278320312e+01
4.736927795410156250e+01,5.112046051025390625e+01
5.245017623901367188e+01,9.505168151855468750e+01
7.130694580078125000e+01,9.518959045410156250e+01
3.568223571777343750e+01,8.033041381835937500e+01
6.660010528564453125e+01,9.591002655029296875e+01
2.928698158264160156e+01,6.401238250732421875e+01
6.617649841308593750e+01,1.022328643798828125e+02
6.093805313110351562e+01,6.129613494873046875e+01
7.950063323974609375e+01,7.545330810546875000e+01
6.437065124511718750e+01,7.183610534667968750e+01
5.402122497558593750e+01,6.049059677124023438e+01
8.582843017578125000e+01,1.112991561889648438e+02
7.052541351318359375e+01,7.399562835693359375e+01
5.995198440551757812e+01,6.490304565429687500e+01
5.115221786499023438e+01,4.900396728515625000e+01
5.189085769653320312e+01,5.487846374511718750e+01
3.790867233276367188e+01,5.144160461425781250e+01
3.745509338378906250e+01,5.345425415039062500e+01
6.987847137451171875e+01,7.964808654785156250e+01
7.513130950927734375e+01,6.228480529785156250e+01
2.623810005187988281e+01,5.297539138793945312e+01
4.695701599121093750e+01,5.745471191406250000e+01
6.504911041259765625e+01,5.986511993408203125e+01
6.351325607299804688e+01,6.055284118652343750e+01
3.338036727905273438e+01,5.201156616210937500e+01
3.704649734497070312e+01,8.132255554199218750e+01
7.103968048095703125e+01,1.132577362060546875e+02
3.592947769165039062e+01,6.857453918457031250e+01
1.279796524047851562e+02,1.372457275390625000e+02
6.721012115478515625e+01,8.674446105957031250e+01
7.142736816406250000e+01,9.106573486328125000e+01
7.647336578369140625e+01,1.152495269775390625e+02
3.207929611206054688e+01,4.945035552978515625e+01
6.642797851562500000e+01,7.225283813476562500e+01
6.377037048339843750e+01,5.732664108276367188e+01
6.003883361816406250e+01,5.381908416748046875e+01
3.842326354980468750e+01,4.658538055419921875e+01
4.485744857788085938e+01,4.856283569335937500e+01
4.717188644409179688e+01,6.377951431274414062e+01
6.887612152099609375e+01,6.656787872314453125e+01
6.242521667480468750e+01,6.809252929687500000e+01
6.359748840332031250e+01,7.660447692871093750e+01
1.055915908813476562e+02,1.124969558715820312e+02
5.807305908203125000e+01,6.959760284423828125e+01
4.773635864257812500e+01,6.325103378295898438e+01
4.501400756835937500e+01,5.526551055908203125e+01
5.332003784179687500e+01,6.068604278564453125e+01
4.396925354003906250e+01,6.321091842651367188e+01
4.615018081665039062e+01,4.994215011596679688e+01
3.961837768554687500e+01,5.298863220214843750e+01
2.905506896972656250e+01,5.015576171875000000e+01
2.774108695983886719e+01,4.912481689453125000e+01
4.330589294433593750e+01,5.119654083251953125e+01
4.224371719360351562e+01,5.041790008544921875e+01
4.214524078369140625e+01,5.034346771240234375e+01
4.347340774536132812e+01,5.082660675048828125e+01
3.509490966796875000e+01,5.478757858276367188e+01
3.613657760620117188e+01,5.684210968017578125e+01
7.566059112548828125e+01,7.382658386230468750e+01
5.807038497924804688e+01,6.465649414062500000e+01
1.148185653686523438e+02,1.313361968994140625e+02
1.071431884765625000e+02,1.010987701416015625e+02
1.336611480712890625e+02,1.317347717285156250e+02
1.225258483886718750e+02,1.275964660644531250e+02
1.227661361694335938e+02,1.289550018310546875e+02
1.322268676757812500e+02,1.348337707519531250e+02
1.235152816772460938e+02,1.340947570800781250e+02
1.332935638427734375e+02,1.347431030273437500e+02
1.313678436279296875e+02,1.331775360107421875e+02
1.128748397827148438e+02,1.214565887451171875e+02
6.643796539306640625e+01,8.758694458007812500e+01
3.238059616088867188e+01,5.954816436767578125e+01
5.889669799804687500e+01,7.689910888671875000e+01
1.120290298461914062e+02,1.074046020507812500e+02
6.312960433959960938e+01,6.919419860839843750e+01
1.061884765625000000e+02,1.052726593017578125e+02
8.440011596679687500e+01,8.268554687500000000e+01
7.568097686767578125e+01,9.549877929687500000e+01
2.188556480407714844e+01,5.491382217407226562e+01
4.217091751098632812e+01,8.452559661865234375e+01
6.347189331054687500e+01,9.844599151611328125e+01
7.234077453613281250e+01,1.075088348388671875e+02
2.791142272949218750e+01,8.319554138183593750e+01
2.485607337951660156e+01,7.485021972656250000e+01
3.382513427734375000e+01,8.823838806152343750e+01
1.391141510009765625e+01,5.905672454833984375e+01
4.674718093872070312e+01,1.012347259521484375e+02
3.363573837280273438e+01,7.610146331787109375e+01
1.953890419006347656e+01,6.169380187988281250e+01
1.767268562316894531e+01,5.641484832763671875e+01
1.075965881347656250e+02,1.223220062255859375e+02
7.337592315673828125e+01,9.218148803710937500e+01
8.427785491943359375e+01,1.066370620727539062e+02
3.788042068481445312e+01,8.302963256835937500e+01
5.911874008178710938e+01,9.599806213378906250e+01
1.188622436523437500e+02,1.150471191406250000e+02
1.043163757324218750e+02,1.141533050537109375e+02
1.288248901367187500e+02,1.294579315185546875e+02
1.380872192382812500e+02,1.390185699462890625e+02
1.234377975463867188e+02,1.266503601074218750e+02
1.340022125244140625e+02,1.355715179443359375e+02
1.296132965087890625e+02,1.332535400390625000e+02
1.142437973022460938e+02,1.263934020996093750e+02
1.118098754882812500e+02,1.270156478881835938e+02
1.354422912597656250e+02,1.359161682128906250e+02
1.263891601562500000e+02,1.267761077880859375e+02
1.401827239990234375e+02,1.398211364746093750e+02
1.241645889282226562e+02,1.294996032714843750e+02
1.364057159423828125e+02,1.370623168945312500e+02
1.227618484497070312e+02,1.305064392089843750e+02
1.322547760009765625e+02,1.357720489501953125e+02
1.305536041259765625e+02,1.348182678222656250e+02
1.329186553955078125e+02,1.352969512939453125e+02
1.078027648925781250e+02,1.173967895507812500e+02
1.335200195312500000e+02,1.361020507812500000e+02
9.445127105712890625e+01,1.182677307128906250e+02
1.382576446533203125e+02,1.385706787109375000e+02
3.978305053710937500e+01,7.086564636230468750e+01
1.050636100769042969e+01,4.571122741699218750e+01
3.345836639404296875e+01,6.890467071533203125e+01
3.362013626098632812e+01,4.372353363037109375e+01
1.750895118713378906e+01,4.838475418090820312e+01
3.452441787719726562e+01,7.654981994628906250e+01
1.643518638610839844e+01,7.856639862060546875e+01
1.137908458709716797e+01,5.098398971557617188e+01
3.728264617919921875e+01,5.486560821533203125e+01
2.696793937683105469e+01,6.131623840332031250e+01
6.969445037841796875e+01,9.940808868408203125e+01
4.267493057250976562e+01,8.723522186279296875e+01
4.445405197143554688e+01,7.660556030273437500e+01
1.060875244140625000e+02,1.202877731323242188e+02
9.242242431640625000e+01,1.444586029052734375e+02
4.725788497924804688e+01,8.506198120117187500e+01
1.202397918701171875e+01,5.942533111572265625e+01
2.847015380859375000e+01,6.154074478149414062e+01
6.083165359497070312e+01,9.683117675781250000e+01
8.037266731262207031e+00,4.322200012207031250e+01
7.597192764282226562e+00,4.421629333496093750e+01
9.054918289184570312e+00,4.526422500610351562e+01
4.329062271118164062e+01,7.317582702636718750e+01
3.866645050048828125e+01,7.909658050537109375e+01
4.174781417846679688e+01,6.198947525024414062e+01
4.106922531127929688e+01,6.420796203613281250e+01
5.804703903198242188e+01,7.411528778076171875e+01
7.346727752685546875e+01,1.357685394287109375e+02
6.223278427124023438e+01,1.149062271118164062e+02
6.784874725341796875e+01,1.074154968261718750e+02
5.024792861938476562e+01,7.622070312500000000e+01
8.546139526367187500e+01,1.034006195068359375e+02
1.202099075317382812e+02,1.185013427734375000e+02
6.843509674072265625e+01,8.939263153076171875e+01
6.602233886718750000e+01,1.082174987792968750e+02
7.739547729492187500e+01,1.294058837890625000e+02
5.792852783203125000e+01,1.074286041259765625e+02
1.016404953002929688e+02,1.096273803710937500e+02
6.005226516723632812e+01,8.892642974853515625e+01
9.391223907470703125e+01,9.363393402099609375e+01
1.065248718261718750e+02,1.042951202392578125e+02
6.847966766357421875e+01,9.596505737304687500e+01
8.597507476806640625e+01,1.150071563720703125e+02
3.745570755004882812e+01,5.095986938476562500e+01
6.656684112548828125e+01,7.820767211914062500e+01
1.008191146850585938e+02,1.095526809692382812e+02
6.143940353393554688e+01,1.052673416137695312e+02
6.159579086303710938e+01,1.215962371826171875e+02
6.402758026123046875e+01,1.008726196289062500e+02
6.913824462890625000e+01,1.263490905761718750e+02
8.760292816162109375e+01,1.276526336669921875e+02
8.536177825927734375e+01,1.340673675537109375e+02
7.354967498779296875e+01,1.182475738525390625e+02
3.606393432617187500e+01,7.977117919921875000e+01
4.642299270629882812e+01,8.865762329101562500e+01
1.017460556030273438e+02,1.389010620117187500e+02
8.254602050781250000e+01,1.307856140136718750e+02
9.430426025390625000e+01,1.199866790771484375e+02
2.753365516662597656e+01,7.712111663818359375e+01
4.771314620971679688e+01,7.178893280029296875e+01
6.715984344482421875e+01,8.777843475341796875e+01
6.919684600830078125e+01,9.178244781494140625e+01
6.922805023193359375e+01,9.533578491210937500e+01
4.182456207275390625e+01,7.504583740234375000e+01
4.606241226196289062e+01,1.041559753417968750e+02
8.876928710937500000e+01,1.427603759765625000e+02
5.669147109985351562e+01,1.039059143066406250e+02
8.678603363037109375e+01,1.096482467651367188e+02
4.089979934692382812e+01,7.936495971679687500e+01
3.419775772094726562e+01,7.723657989501953125e+01
6.448388671875000000e+01,7.262196350097656250e+01
4.453369140625000000e+01,9.998707580566406250e+01
2.328550148010253906e+01,7.998355865478515625e+01
2.862990760803222656e+01,4.806051635742187500e+01
6.463696289062500000e+01,1.015994110107421875e+02
9.233132171630859375e+01,1.193615264892578125e+02
5.327014541625976562e+01,8.162544250488281250e+01
3.899036788940429688e+01,8.827861022949218750e+01
6.191967773437500000e+01,9.552572631835937500e+01
5.482377624511718750e+01,1.177990646362304688e+02
5.028673934936523438e+01,7.244615173339843750e+01
8.358615112304687500e+01,9.800060272216796875e+01
8.620555877685546875e+01,1.047599945068359375e+02
9.427309417724609375e+01,1.121251907348632812e+02
8.513789367675781250e+01,1.157473144531250000e+02
2.362760162353515625e+01,4.957854461669921875e+01
4.167686462402343750e+01,7.361045074462890625e+01
7.228600311279296875e+01,9.527590179443359375e+01
3.657246780395507812e+01,7.599011230468750000e+01
4.563111495971679688e+01,9.804808044433593750e+01
2.662888908386230469e+01,6.627782440185546875e+01
5.605836868286132812e+01,6.888938903808593750e+01
7.973195648193359375e+01,1.012568740844726562e+02
6.420417022705078125e+01,9.077125549316406250e+01
5.302607727050781250e+01,8.079197692871093750e+01
8.979360198974609375e+01,9.541622924804687500e+01
8.015358734130859375e+01,1.027065887451171875e+02
1.089729537963867188e+02,1.168690948486328125e+02
3.057834053039550781e+01,7.976934814453125000e+01
8.191880035400390625e+01,1.056764602661132812e+02
5.142195129394531250e+01,7.794420623779296875e+01
8.502207946777343750e+01,8.766442108154296875e+01
5.065527343750000000e+01,8.100041961669921875e+01
9.809252929687500000e+01,9.164108276367187500e+01
7.908087921142578125e+01,7.908010864257812500e+01
9.372934722900390625e+01,1.029430084228515625e+02
1.058171463012695312e+02,1.036908035278320312e+02
1.102830581665039062e+02,1.147344131469726562e+02
5.191064071655273438e+01,7.322778320312500000e+01
8.687936401367187500e+01,8.783297729492187500e+01
7.266768646240234375e+01,1.072622222900390625e+02
5.241998291015625000e+01,8.440734863281250000e+01
7.872579193115234375e+01,1.094295883178710938e+02
5.539724731445312500e+01,8.614515686035156250e+01
1.051103515625000000e+02,1.096905517578125000e+02
1.138856582641601562e+02,1.355745239257812500e+02
9.532205963134765625e+01,1.365928497314453125e+02
9.769821929931640625e+01,1.149239578247070312e+02
6.315239334106445312e+01,9.422778320312500000e+01
1.216822433471679688e+02,1.198715820312500000e+02
7.752712249755859375e+01,1.044924392700195312e+02
1.084747009277343750e+02,1.303341979980468750e+02
8.864461517333984375e+01,1.227285156250000000e+02
9.355289459228515625e+01,1.213902435302734375e+02
4.586511611938476562e+01,1.114527587890625000e+02
1.157528991699218750e+02,1.362112731933593750e+02
1.027718276977539062e+02,1.174345245361328125e+02
2.756771659851074219e+01,6.139774703979492188e+01
9.388037872314453125e+01,1.345990905761718750e+02
7.676892852783203125e+01,1.095397338867187500e+02
1.058506088256835938e+02,1.352296142578125000e+02
1.206009292602539062e+02,1.271416625976562500e+02
4.849046325683593750e+01,1.020544509887695312e+02
3.966424179077148438e+01,7.065087127685546875e+01
1.322692012786865234e+01,3.963113403320312500e+01
5.609351730346679688e+01,1.001534576416015625e+02
5.890906906127929688e+01,1.048950805664062500e+02
4.855599975585937500e+01,9.929549407958984375e+01
4.832100296020507812e+01,5.149602508544921875e+01
4.773048782348632812e+01,8.275180053710937500e+01
3.579208755493164062e+01,9.479423522949218750e+01
6.760682678222656250e+01,7.700419616699218750e+01
4.769558715820312500e+01,1.000545043945312500e+02
7.144600677490234375e+01,1.016369934082031250e+02
9.391646575927734375e+01,1.162185058593750000e+02
5.667544174194335938e+01,7.995451354980468750e+01
1.128261032104492188e+02,1.190931243896484375e+02
8.797428131103515625e+01,1.276953201293945312e+02
7.441243743896484375e+01,9.795075988769531250e+01
9.008779907226562500e+01,1.195844573974609375e+02
1.101438217163085938e+02,1.338905334472656250e+02
9.088356781005859375e+01,1.232754364013671875e+02
7.928408050537109375e+01,1.078578338623046875e+02
9.878283691406250000e+01,1.095941543579101562e+02
8.773027801513671875e+01,9.257475280761718750e+01
6.124327468872070312e+01,8.663075256347656250e+01
4.166588211059570312e+01,8.833982086181640625e+01
5.857683181762695312e+01,7.059492492675781250e+01
7.082775878906250000e+01,7.747852325439453125e+01
1.314630279541015625e+02,1.375914764404296875e+02
7.209510040283203125e+01,8.221953582763671875e+01
1.163085861206054688e+02,1.375763854980468750e+02
8.730283355712890625e+01,1.334446105957031250e+02
3.820681381225585938e+01,6.770149230957031250e+01
1.219086074829101562e+02,1.275732727050781250e+02
8.839360809326171875e+01,1.228332824707031250e+02
9.542122650146484375e+01,1.257956390380859375e+02
4.556377792358398438e+01,5.974771881103515625e+01
5.021773910522460938e+01,5.664174270629882812e+01
5.152234268188476562e+01,7.315675354003906250e+01
7.706208038330078125e+01,1.308129577636718750e+02
7.993405151367187500e+01,1.227752532958984375e+02
1.261213455200195312e+02,1.252659759521484375e+02
6.117638015747070312e+01,8.445343017578125000e+01
1.141146621704101562e+02,1.104659500122070312e+02
7.503224945068359375e+01,1.014708099365234375e+02
1.026088180541992188e+02,1.080461425781250000e+02
8.046057891845703125e+01,1.039675827026367188e+02
3.427275466918945312e+01,5.489944458007812500e+01
3.513644409179687500e+01,7.456881713867187500e+01
1.053909378051757812e+02,1.339549407958984375e+02
2.338280677795410156e+01,6.913032531738281250e+01
1.177302474975585938e+02,1.305882263183593750e+02
5.325608444213867188e+01,6.510853576660156250e+01
3.395698165893554688e+01,8.193760681152343750e+01
5.276873779296875000e+01,9.014346313476562500e+01
9.852567291259765625e+01,1.149206924438476562e+02
8.766291046142578125e+01,1.167291717529296875e+02
6.962763214111328125e+01,1.221165466308593750e+02
6.439287567138671875e+01,8.027893829345703125e+01
8.903369140625000000e+01,1.333829345703125000e+02
1.005421371459960938e+02,1.385301818847656250e+02
1.356131134033203125e+02,1.349004821777343750e+02
7.617163848876953125e+01,6.537791442871093750e+01
7.011706542968750000e+01,9.775901794433593750e+01
3.778307723999023438e+01,5.028300857543945312e+01
1.231950912475585938e+02,1.270409164428710938e+02
5.480502319335937500e+01,1.025702590942382812e+02
9.411434936523437500e+01,1.114315795898437500e+02
9.138413238525390625e+01,1.224512710571289062e+02
1.036502304077148438e+02,1.256064300537109375e+02
6.671404266357421875e+01,1.076835632324218750e+02
9.399745941162109375e+01,1.143355560302734375e+02
4.568725204467773438e+01,8.518624114990234375e+01
7.890983581542968750e+01,1.270525817871093750e+02
1.316118621826171875e+02,1.209314575195312500e+02
4.790405273437500000e+01,4.604180908203125000e+01
8.681484222412109375e+01,1.017416076660156250e+02
9.737426757812500000e+01,1.242630157470703125e+02
7.660793304443359375e+01,1.058758697509765625e+02
1.059689407348632812e+02,1.294586181640625000e+02
7.110808563232421875e+01,1.140523223876953125e+02
4.914002609252929688e+01,9.719005584716796875e+01
1.048713378906250000e+02,1.357392272949218750e+02
3.496383285522460938e+01,7.383897399902343750e+01
4.619473266601562500e+01,8.205149841308593750e+01
1.055408554077148438e+02,1.347934570312500000e+02
9.559994506835937500e+01,1.308644409179687500e+02
8.161705780029296875e+01,1.181411590576171875e+02
1.354569396972656250e+02,1.392157135009765625e+02
1.031078872680664062e+02,1.063192596435546875e+02
1.194272460937500000e+02,1.145683135986328125e+02
1.141441650390625000e+02,1.132300720214843750e+02
8.386277008056640625e+01,1.112902069091796875e+02
1.124905395507812500e+02,1.285996704101562500e+02
3.781993103027343750e+01,6.127635955810546875e+01
6.923303985595703125e+01,9.224016571044921875e+01
5.991215133666992188e+01,8.622765350341796875e+01
6.581549835205078125e+01,9.074383544921875000e+01
1.063229370117187500e+02,1.226242065429687500e+02
5.225164794921875000e+01,7.491300201416015625e+01
1.193717117309570312e+02,1.187991027832031250e+02
6.528044891357421875e+01,1.012547531127929688e+02
9.667459869384765625e+01,7.686021423339843750e+01
7.050646972656250000e+01,5.517407226562500000e+01
1.329647216796875000e+02,1.315546875000000000e+02
9.600673675537109375e+01,1.117496948242187500e+02
1.384826965332031250e+02,1.320789794921875000e+02
1.387280731201171875e+02,1.321200103759765625e+02
1.265717391967773438e+02,1.231668167114257812e+02
5.420666122436523438e+01,6.145367813110351562e+01
9.984008789062500000e+01,1.196802825927734375e+02
9.641518402099609375e+01,1.182005462646484375e+02
5.042080688476562500e+01,5.183293151855468750e+01
5.845568466186523438e+01,5.890181732177734375e+01
1.051564559936523438e+02,9.341352844238281250e+01
1.194990463256835938e+02,1.153168640136718750e+02
1.203275375366210938e+02,1.198692855834960938e+02
1.183124618530273438e+02,1.213362274169921875e+02
3.951020050048828125e+01,4.110230255126953125e+01
2.988680458068847656e+01,5.869976043701171875e+01
2.956642341613769531e+01,5.539328002929687500e+01
2.524678611755371094e+01,2.960223770141601562e+01
7.330727386474609375e+01,1.227724838256835938e+02
1.063506240844726562e+02,1.366162414550781250e+02
1.382140960693359375e+02,1.378422851562500000e+02
1.113292617797851562e+02,1.213634643554687500e+02
1.343693847656250000e+02,1.375085906982421875e+02
1.047576522827148438e+02,1.320382080078125000e+02
9.188138580322265625e+01,1.082235870361328125e+02
5.141732406616210938e+01,8.800819396972656250e+01
8.630431365966796875e+01,1.149262084960937500e+02
8.715219116210937500e+01,1.177547302246093750e+02
8.146674346923828125e+01,1.159218292236328125e+02
1.060292053222656250e+02,1.264477233886718750e+02
8.082315826416015625e+01,1.049157409667968750e+02
9.001902008056640625e+01,1.344160461425781250e+02
6.898255157470703125e+01,8.459004211425781250e+01
4.370834732055664062e+01,7.748863983154296875e+01
1.010030746459960938e+02,1.297688751220703125e+02
3.629510879516601562e+01,6.949023437500000000e+01
8.319642639160156250e+01,1.098667755126953125e+02
9.067773437500000000e+01,9.972067260742187500e+01
1.222354965209960938e+02,1.265558776855468750e+02
4.948644638061523438e+01,1.053228607177734375e+02
6.309907150268554688e+01,1.140262374877929688e+02
8.167148590087890625e+01,1.187219619750976562e+02
7.217337036132812500e+01,1.142979278564453125e+02
7.994441223144531250e+01,1.171455078125000000e+02
6.290282821655273438e+01,7.701068115234375000e+01
6.068614578247070312e+01,6.776881408691406250e+01
6.545332336425781250e+01,8.369802856445312500e+01
6.051684570312500000e+01,7.830683898925781250e+01
6.525720214843750000e+01,1.145277175903320312e+02
1.749331283569335938e+01,4.479788970947265625e+01
3.999712753295898438e+01,7.193762207031250000e+01
3.383640670776367188e+01,6.089983367919921875e+01
6.608632659912109375e+01,8.607408142089843750e+01
7.269809722900390625e+01,1.100314025878906250e+02
3.835695266723632812e+01,7.828464508056640625e+01
9.600176239013671875e+01,1.170137634277343750e+02
1.154582443237304688e+02,1.233864593505859375e+02
5.599187850952148438e+01,5.749458312988281250e+01
5.911944961547851562e+01,9.236880493164062500e+01
1.044666137695312500e+02,9.522214508056640625e+01
6.606707000732421875e+01,9.349994659423828125e+01
4.360953140258789062e+01,7.711918640136718750e+01
4.874486160278320312e+01,8.945092010498046875e+01
2.620651054382324219e+01,5.459713745117187500e+01
4.648670959472656250e+01,1.005614013671875000e+02
3.670035934448242188e+01,5.081324768066406250e+01
5.860750198364257812e+01,7.996154022216796875e+01
5.341604614257812500e+01,5.545402526855468750e+01
3.447618103027343750e+01,5.442684936523437500e+01
5.130036544799804688e+01,1.031587219238281250e+02
7.112619781494140625e+01,1.028811187744140625e+02
1.031814346313476562e+02,1.253484954833984375e+02
1.002454528808593750e+02,1.359829711914062500e+02
8.659990692138671875e+01,1.163942565917968750e+02
1.096437377929687500e+02,1.179165802001953125e+02
5.775787734985351562e+01,7.912046051025390625e+01
1.050750732421875000e+02,1.315774536132812500e+02
4.141566467285156250e+01,8.798107910156250000e+01
1.012541503906250000e+02,1.189716720581054688e+02
9.283078002929687500e+01,1.337165527343750000e+02
6.678772735595703125e+01,1.151470336914062500e+02
2.774277305603027344e+01,5.457586669921875000e+01
6.938835906982421875e+01,8.991238403320312500e+01
7.132347869873046875e+01,1.024356079101562500e+02
8.525883483886718750e+01,1.264203567504882812e+02
6.334387207031250000e+01,1.198235168457031250e+02
9.884996795654296875e+01,1.358870391845703125e+02
7.200952148437500000e+01,1.155652313232421875e+02
7.590451049804687500e+01,9.516241455078125000e+01
9.845641326904296875e+01,1.092263641357421875e+02
3.894159317016601562e+01,8.881964111328125000e+01
2.298827362060546875e+01,5.086192321777343750e+01
1.121795043945312500e+02,1.195427856445312500e+02
8.751934814453125000e+01,1.282405395507812500e+02
6.142293930053710938e+01,1.068948059082031250e+02
7.940335083007812500e+01,1.240968246459960938e+02
8.213466644287109375e+01,1.358249206542968750e+02
5.373181152343750000e+01,9.481080627441406250e+01
1.487047958374023438e+01,4.977052307128906250e+01
1.323357391357421875e+02,1.224201354980468750e+02
7.490602874755859375e+01,1.090408325195312500e+02
1.228155441284179688e+02,1.444899444580078125e+02
6.987246704101562500e+01,1.233575363159179688e+02
7.159267425537109375e+01,9.452326965332031250e+01
4.643368530273437500e+01,9.834725952148437500e+01
9.644043731689453125e+01,1.327830505371093750e+02
4.865314102172851562e+01,8.434199523925781250e+01
1.010140762329101562e+02,1.116836395263671875e+02
5.218591308593750000e+01,8.439682006835937500e+01
7.809965515136718750e+01,1.238110198974609375e+02
1.051628417968750000e+02,1.310133666992187500e+02
7.974573516845703125e+01,1.269451217651367188e+02
8.016444396972656250e+01,1.013120193481445312e+02
9.537997436523437500e+01,1.134421539306640625e+02
9.486840820312500000e+01,1.121518554687500000e+02
1.112399978637695312e+02,1.216756286621093750e+02
1.003344650268554688e+02,1.162893524169921875e+02
6.431027221679687500e+01,9.956905364990234375e+01
8.485238647460937500e+01,1.179025039672851562e+02
6.841901397705078125e+01,9.630577087402343750e+01
9.151550292968750000e+01,1.246502838134765625e+02
6.510434722900390625e+01,9.559723663330078125e+01
4.504389572143554688e+01,7.491400146484375000e+01
8.312093353271484375e+01,1.295491180419921875e+02
9.198485565185546875e+01,1.186256561279296875e+02
5.553712844848632812e+01,7.704676818847656250e+01
1.028929367065429688e+02,1.158885498046875000e+02
1.043283920288085938e+02,1.283986206054687500e+02
7.011901092529296875e+01,1.036590881347656250e+02
7.217583465576171875e+01,9.944952392578125000e+01
1.076404190063476562e+02,1.212079772949218750e+02
6.379664993286132812e+01,8.103257751464843750e+01
2.032371330261230469e+01,4.774565124511718750e+01
7.920281982421875000e+01,8.478250122070312500e+01
9.139130401611328125e+01,1.044182052612304688e+02
7.741654205322265625e+01,9.832172393798828125e+01
3.316897201538085938e+01,8.525786590576171875e+01
9.491904449462890625e+01,1.118314514160156250e+02
7.566957092285156250e+01,1.353871154785156250e+02
1.112591552734375000e+02,1.318553771972656250e+02
8.925951385498046875e+01,1.202440795898437500e+02
4.021109771728515625e+01,6.192678451538085938e+01
9.214422607421875000e+01,1.275185775756835938e+02
6.797966766357421875e+01,8.395639038085937500e+01
8.610531616210937500e+01,1.291773834228515625e+02
6.525775909423828125e+01,1.173370437622070312e+02
4.529978561401367188e+01,8.716688537597656250e+01
8.339000701904296875e+01,1.287629089355468750e+02
8.970932769775390625e+01,1.337023925781250000e+02
1.556204891204833984e+01,4.648758697509765625e+01
4.872180175781250000e+01,8.285910034179687500e+01
8.188564300537109375e+01,1.206693267822265625e+02
7.668328094482421875e+01,1.110253524780273438e+02
7.549431610107421875e+01,1.062894592285156250e+02
2.393540000915527344e+01,6.304916000366210938e+01
1.134851608276367188e+02,1.401699523925781250e+02
8.336376953125000000e+01,1.214362335205078125e+02
6.181119155883789062e+01,9.793572235107421875e+01
1.029239883422851562e+02,1.171382598876953125e+02
5.339843750000000000e+01,7.749128723144531250e+01
1.097400283813476562e+02,1.082836303710937500e+02
8.600238800048828125e+01,1.032201156616210938e+02
9.130641937255859375e+01,1.202137145996093750e+02
9.553009033203125000e+01,1.014910583496093750e+02
1.125878067016601562e+02,1.229268112182617188e+02
5.319564819335937500e+01,1.053901290893554688e+02
8.314743041992187500e+01,1.210400848388671875e+02
9.163840484619140625e+01,1.111479415893554688e+02
8.892168426513671875e+01,1.233813781738281250e+02
9.053826141357421875e+01,1.188494110107421875e+02
6.405859375000000000e+01,8.474580383300781250e+01
8.184329986572265625e+01,1.199104919433593750e+02
3.070582008361816406e+01,5.857170104980468750e+01
4.452086257934570312e+01,8.090463256835937500e+01
5.669694137573242188e+01,7.658218383789062500e+01
8.394155120849609375e+01,1.208515167236328125e+02
9.778202056884765625e+01,1.204541549682617188e+02
7.728036499023437500e+01,1.150420303344726562e+02
7.456209564208984375e+01,9.388720703125000000e+01
9.917436981201171875e+01,1.101730499267578125e+02
7.760465240478515625e+01,1.131728134155273438e+02
5.972999572753906250e+01,8.165132141113281250e+01
4.204615020751953125e+01,7.179000091552734375e+01
1.010848770141601562e+02,1.203285675048828125e+02
