ecoli,saureus
9.400605010986328125e+01,1.039689331054687500e+02
1.064803085327148438e+02,1.136286315917968750e+02
1.092855453491210938e+02,1.323133697509765625e+02
1.058582458496093750e+02,1.099483947753906250e+02
1.281212310791015625e+02,1.298632812500000000e+02
5.349705123901367188e+01,1.015641937255859375e+02
7.184411621093750000e+01,1.116740112304687500e+02
5.420351028442382812e+01,1.144908523559570312e+02
6.094073104858398438e+01,1.072437744140625000e+02
8.265814208984375000e+01,1.274219207763671875e+02
6.071124267578125000e+01,1.151948623657226562e+02
5.403310012817382812e+01,1.013414764404296875e+02
6.171327209472656250e+01,1.070774154663085938e+02
1.207811965942382812e+02,1.284084777832031250e+02
1.081353759765625000e+02,1.230267944335937500e+02
5.757204818725585938e+01,1.044010009765625000e+02
6.137794876098632812e+01,1.079773254394531250e+02
6.699065399169921875e+01,1.112529067993164062e+02
5.708553695678710938e+01,1.063858184814453125e+02
6.551701354980468750e+01,9.750514984130859375e+01
8.236355590820312500e+01,1.117801971435546875e+02
1.060271530151367188e+02,1.182416229248046875e+02
1.161159896850585938e+02,1.231524505615234375e+02
1.183784255981445312e+02,1.226695709228515625e+02
1.097668762207031250e+02,1.344621124267578125e+02
1.220506362915039062e+02,1.340871887207031250e+02
3.948603439331054688e+01,4.961750411987304688e+01
4.527303695678710938e+01,5.144561004638671875e+01
3.464962768554687500e+01,4.561197662353515625e+01
1.341553344726562500e+02,1.397137603759765625e+02
1.110019531250000000e+02,1.342224426269531250e+02
1.123641357421875000e+02,1.350615539550781250e+02
1.239359741210937500e+02,1.379175872802734375e+02
1.209579238891601562e+02,1.348547668457031250e+02
1.082706909179687500e+02,1.337229156494140625e+02
1.192849044799804688e+02,1.351099090576171875e+02
1.235888900756835938e+02,1.380234375000000000e+02
1.204179763793945312e+02,1.366275939941406250e+02
1.228145370483398438e+02,1.354832458496093750e+02
1.040392684936523438e+02,1.251623611450195312e+02
1.286652679443359375e+02,1.387300720214843750e+02
1.119045333862304688e+02,1.353590698242187500e+02
1.099048385620117188e+02,1.340504150390625000e+02
1.233395309448242188e+02,1.376811676025390625e+02
1.291661987304687500e+02,1.386893005371093750e+02
1.170598144531250000e+02,1.316338348388671875e+02
8.439630889892578125e+01,1.173092498779296875e+02
1.122570571899414062e+02,1.293265533447265625e+02
1.274045410156250000e+02,1.375906372070312500e+02
1.125402450561523438e+02,1.278726501464843750e+02
8.509059906005859375e+01,1.155162048339843750e+02
1.086260604858398438e+02,1.328104858398437500e+02
9.037927246093750000e+01,1.212828521728515625e+02
1.249731521606445312e+02,1.385113067626953125e+02
1.260411071777343750e+02,1.385805053710937500e+02
1.156200790405273438e+02,1.321589355468750000e+02
9.961080169677734375e+01,1.346166687011718750e+02
3.902506256103515625e+01,4.995983123779296875e+01
3.693430709838867188e+01,5.557367706298828125e+01
4.199986648559570312e+01,5.441949462890625000e+01
3.495647430419921875e+01,4.951432800292968750e+01
5.064799118041992188e+01,5.724811172485351562e+01
5.417775344848632812e+01,7.421723937988281250e+01
4.212160110473632812e+01,5.877913665771484375e+01
5.229492187500000000e+01,7.297421264648437500e+01
5.122749710083007812e+01,7.468557739257812500e+01
1.116700439453125000e+02,1.163835449218750000e+02
7.513109588623046875e+01,1.084134445190429688e+02
1.015460815429687500e+02,1.213832778930664062e+02
9.603741455078125000e+01,1.135539550781250000e+02
7.920339202880859375e+01,9.918800354003906250e+01
1.036930465698242188e+02,1.287715148925781250e+02
3.977920532226562500e+01,8.228861999511718750e+01
7.033778381347656250e+01,1.021590881347656250e+02
9.580456542968750000e+01,1.108134155273437500e+02
8.445079040527343750e+01,9.668967437744140625e+01
1.044616012573242188e+02,1.168326721191406250e+02
9.358473968505859375e+01,1.120613403320312500e+02
6.560470581054687500e+01,9.537733459472656250e+01
9.982961273193359375e+01,1.123164520263671875e+02
4.892600631713867188e+01,7.111649322509765625e+01
5.512692260742187500e+01,7.601145935058593750e+01
8.373874664306640625e+01,1.037162933349609375e+02
1.074020004272460938e+02,1.211354904174804688e+02
7.386533355712890625e+01,9.708113861083984375e+01
8.948432159423828125e+01,1.047371749877929688e+02
6.636425781250000000e+01,8.889561462402343750e+01
6.894390106201171875e+01,8.723971557617187500e+01
7.318717193603515625e+01,8.913581848144531250e+01
4.976135253906250000e+01,1.294482727050781250e+02
1.080709838867187500e+02,1.134875183105468750e+02
1.311120986938476562e+01,1.303810214996337891e+01
1.373808765411376953e+01,1.391668510437011719e+01
1.320322704315185547e+01,1.825817871093750000e+01
1.333991527557373047e+01,2.823849868774414062e+01
3.896379470825195312e+01,4.294758987426757812e+01
1.003025436401367188e+02,1.253525390625000000e+02
4.229333877563476562e+01,5.209080123901367188e+01
7.198260498046875000e+01,9.884977722167968750e+01
9.287103271484375000e+01,9.027499389648437500e+01
2.223836517333984375e+01,2.635746765136718750e+01
4.505248641967773438e+01,4.962850952148437500e+01
9.503524017333984375e+01,1.255408096313476562e+02
8.521743011474609375e+01,9.564302062988281250e+01
5.392301559448242188e+01,6.777703094482421875e+01
3.273360824584960938e+01,5.649466705322265625e+01
6.043468093872070312e+01,6.471608734130859375e+01
1.064072341918945312e+02,1.287816467285156250e+02
1.011042556762695312e+02,1.300998229980468750e+02
1.118440322875976562e+02,1.375375366210937500e+02
1.099610519409179688e+02,1.238759155273437500e+02
1.075292739868164062e+02,1.235677642822265625e+02
9.272617340087890625e+01,1.156389007568359375e+02
1.071625595092773438e+02,1.250910873413085938e+02
1.030631484985351562e+02,1.222593994140625000e+02
9.377773284912109375e+01,1.099402084350585938e+02
1.018879928588867188e+02,1.328118591308593750e+02
1.058276596069335938e+02,1.298479614257812500e+02
4.005594253540039062e+01,7.345054626464843750e+01
7.929614257812500000e+01,1.035327606201171875e+02
3.471493911743164062e+01,1.033779602050781250e+02
3.407966232299804688e+01,1.001386108398437500e+02
2.211255836486816406e+01,9.797799682617187500e+01
3.014193534851074219e+01,1.025456466674804688e+02
2.202011108398437500e+01,9.421917724609375000e+01
3.074266052246093750e+01,9.895603942871093750e+01
2.221197509765625000e+01,9.630553436279296875e+01
5.034271240234375000e+01,1.090623016357421875e+02
6.017339706420898438e+01,1.094683532714843750e+02
1.158930740356445312e+02,1.247584533691406250e+02
6.596214294433593750e+01,9.042489624023437500e+01
6.083802795410156250e+01,8.623244476318359375e+01
6.864184570312500000e+01,9.135641479492187500e+01
9.311832427978515625e+01,1.153199310302734375e+02
7.959748077392578125e+01,9.874882507324218750e+01
1.151805648803710938e+02,1.235074005126953125e+02
1.181757583618164062e+02,1.210540313720703125e+02
7.176626586914062500e+01,8.611779785156250000e+01
8.655735015869140625e+01,9.747831726074218750e+01
8.757989501953125000e+01,1.013805618286132812e+02
8.237152862548828125e+01,9.612126159667968750e+01
1.095698318481445312e+02,1.214546051025390625e+02
1.093966979980468750e+02,1.209240264892578125e+02
1.040573730468750000e+02,1.158561477661132812e+02
1.276949462890625000e+02,1.324212646484375000e+02
1.239034500122070312e+02,1.313155364990234375e+02
1.181765823364257812e+02,1.269733734130859375e+02
1.099872055053710938e+02,1.215794067382812500e+02
1.276776504516601562e+02,1.326737365722656250e+02
1.184612808227539062e+02,1.217880401611328125e+02
1.123763122558593750e+02,1.203741683959960938e+02
9.762503051757812500e+01,1.113679199218750000e+02
9.731188964843750000e+01,1.084124603271484375e+02
1.005884323120117188e+02,1.086647949218750000e+02
9.351189422607421875e+01,1.314291839599609375e+02
5.271735000610351562e+01,1.271580276489257812e+02
5.423835372924804688e+01,1.219014282226562500e+02
1.117544937133789062e+02,1.285531921386718750e+02
9.691609954833984375e+01,1.175696411132812500e+02
1.113584594726562500e+02,1.218706054687500000e+02
1.068059463500976562e+02,1.209854278564453125e+02
1.213787841796875000e+02,1.305232391357421875e+02
5.940812301635742188e+01,9.450238037109375000e+01
7.763848114013671875e+01,1.034716339111328125e+02
6.924779510498046875e+01,9.540264892578125000e+01
5.343491744995117188e+01,8.421107482910156250e+01
5.934303283691406250e+01,9.088294219970703125e+01
6.949296569824218750e+01,9.739707183837890625e+01
9.261145019531250000e+01,1.170116424560546875e+02
6.542187500000000000e+01,9.539831542968750000e+01
7.698828125000000000e+01,1.067784881591796875e+02
6.688475036621093750e+01,9.382889556884765625e+01
5.964612197875976562e+01,1.056645812988281250e+02
7.249612426757812500e+01,9.213296508789062500e+01
4.891804504394531250e+01,7.428408050537109375e+01
3.279438781738281250e+01,6.122888183593750000e+01
6.419860076904296875e+01,9.046801757812500000e+01
4.756329345703125000e+01,7.340492248535156250e+01
4.499131774902343750e+01,7.216359710693359375e+01
4.958163452148437500e+01,6.892334747314453125e+01
7.105656433105468750e+01,8.040022277832031250e+01
3.543917846679687500e+01,6.401741027832031250e+01
4.883673095703125000e+01,7.544666290283203125e+01
7.973024749755859375e+01,1.064015960693359375e+02
4.453244018554687500e+01,7.241969299316406250e+01
7.092023468017578125e+01,1.009091033935546875e+02
5.450788497924804688e+01,1.217273101806640625e+02
9.445754241943359375e+01,1.338204650878906250e+02
1.269090652465820312e+02,1.378175964355468750e+02
1.036498184204101562e+02,1.329409484863281250e+02
9.293576812744140625e+01,1.331063537597656250e+02
1.286595306396484375e+02,1.390814666748046875e+02
1.067511520385742188e+02,1.343916320800781250e+02
9.446959686279296875e+01,1.328368835449218750e+02
9.353680419921875000e+01,1.345040588378906250e+02
1.260739974975585938e+02,1.398012695312500000e+02
7.212472534179687500e+01,1.275802230834960938e+02
7.689514923095703125e+01,1.319925842285156250e+02
7.902683258056640625e+01,1.340711364746093750e+02
4.806467819213867188e+01,1.042230834960937500e+02
8.199491119384765625e+01,1.322492065429687500e+02
7.691683197021484375e+01,1.237344512939453125e+02
6.612865447998046875e+01,1.210799102783203125e+02
7.276652526855468750e+01,1.252032012939453125e+02
7.322733306884765625e+01,1.269574279785156250e+02
7.382369232177734375e+01,1.184472427368164062e+02
7.446512603759765625e+01,1.282528228759765625e+02
6.668415069580078125e+01,1.220554351806640625e+02
9.101401519775390625e+01,1.375748596191406250e+02
8.740488433837890625e+01,1.369214782714843750e+02
6.762987518310546875e+01,1.227676086425781250e+02
6.891824340820312500e+01,1.247749481201171875e+02
3.175096702575683594e+01,9.456442260742187500e+01
7.805501556396484375e+01,1.187173690795898438e+02
8.135546112060546875e+01,1.399866638183593750e+02
9.363162231445312500e+01,1.561440124511718750e+02
1.174325561523437500e+02,1.509974212646484375e+02
7.918267822265625000e+01,1.386605834960937500e+02
1.007518692016601562e+02,1.540149536132812500e+02
1.145223388671875000e+02,1.466143035888671875e+02
7.888043212890625000e+01,1.525715637207031250e+02
1.182136154174804688e+02,1.480435180664062500e+02
8.770919799804687500e+01,1.573278503417968750e+02
1.216496276855468750e+02,1.467207336425781250e+02
1.051141738891601562e+02,1.499176940917968750e+02
1.141737060546875000e+02,1.505089416503906250e+02
1.163206710815429688e+02,1.377372436523437500e+02
1.211764144897460938e+02,1.429744567871093750e+02
1.156476974487304688e+02,1.404654235839843750e+02
1.281921844482421875e+02,1.396475372314453125e+02
1.211732711791992188e+02,1.354836425781250000e+02
1.253373031616210938e+02,1.392635192871093750e+02
1.264158859252929688e+02,1.376164550781250000e+02
1.265605087280273438e+02,1.382628021240234375e+02
1.278961410522460938e+02,1.406482849121093750e+02
1.200686645507812500e+02,1.373683013916015625e+02
1.128544921875000000e+02,1.374721374511718750e+02
1.285963745117187500e+02,1.389019165039062500e+02
1.230467834472656250e+02,1.376064147949218750e+02
1.253084716796875000e+02,1.395642395019531250e+02
1.194691162109375000e+02,1.382473907470703125e+02
1.199169998168945312e+02,1.375087585449218750e+02
1.267355575561523438e+02,1.392533721923828125e+02
1.266521377563476562e+02,1.356791687011718750e+02
1.247066268920898438e+02,1.395717773437500000e+02
1.271276245117187500e+02,1.387785949707031250e+02
1.254822387695312500e+02,1.341365509033203125e+02
1.163472595214843750e+02,1.350571289062500000e+02
1.192620468139648438e+02,1.398296813964843750e+02
1.145595092773437500e+02,1.378977508544921875e+02
1.128911819458007812e+02,1.398253173828125000e+02
1.185916137695312500e+02,1.368394470214843750e+02
4.323060226440429688e+01,5.658068466186523438e+01
5.358684921264648438e+01,6.873684692382812500e+01
9.654837036132812500e+01,1.021248168945312500e+02
7.413005828857421875e+01,9.154654693603515625e+01
5.809447860717773438e+01,7.493473052978515625e+01
1.121460647583007812e+02,1.500698089599609375e+02
1.080076904296875000e+02,1.392573852539062500e+02
1.154775772094726562e+02,1.421743469238281250e+02
1.068423995971679688e+02,1.386517486572265625e+02
1.300869293212890625e+02,1.471495361328125000e+02
1.221816787719726562e+02,1.464513854980468750e+02
1.174074478149414062e+02,1.386355285644531250e+02
6.075426101684570312e+01,7.522224426269531250e+01
6.004770278930664062e+01,7.274331665039062500e+01
7.504425811767578125e+01,9.364381408691406250e+01
1.162124404907226562e+02,1.324455261230468750e+02
1.119762573242187500e+02,1.397856292724609375e+02
7.511032867431640625e+01,1.016910095214843750e+02
1.328880004882812500e+02,1.451269226074218750e+02
1.133467102050781250e+02,1.356719055175781250e+02
9.118422698974609375e+01,1.142423553466796875e+02
1.181117477416992188e+02,1.355251159667968750e+02
1.092275390625000000e+02,1.325799102783203125e+02
1.162279968261718750e+02,1.352874145507812500e+02
1.288336334228515625e+02,1.354034576416015625e+02
1.109365921020507812e+02,1.344515075683593750e+02
1.130549087524414062e+02,1.408599548339843750e+02
1.121109313964843750e+02,1.354775085449218750e+02
1.215632705688476562e+02,1.347821350097656250e+02
1.121913833618164062e+02,1.321191711425781250e+02
1.261104202270507812e+02,1.381354675292968750e+02
1.198459854125976562e+02,1.359320220947265625e+02
1.262022018432617188e+02,1.385464019775390625e+02
1.246086959838867188e+02,1.363764038085937500e+02
1.300127105712890625e+02,1.332257232666015625e+02
1.282741851806640625e+02,1.359258117675781250e+02
1.240759048461914062e+02,1.407594604492187500e+02
1.240767593383789062e+02,1.365036010742187500e+02
1.261108932495117188e+02,1.388725585937500000e+02
1.267089309692382812e+02,1.381595764160156250e+02
1.216084365844726562e+02,1.362211914062500000e+02
1.188997726440429688e+02,1.368254699707031250e+02
1.258384017944335938e+02,1.346937408447265625e+02
1.270977096557617188e+02,1.349163970947265625e+02
1.295047302246093750e+02,1.335246887207031250e+02
1.284603118896484375e+02,1.370388793945312500e+02
1.288769073486328125e+02,1.347327880859375000e+02
1.179505233764648438e+02,1.335498809814453125e+02
1.083913497924804688e+02,1.385722656250000000e+02
1.094443588256835938e+02,1.338889160156250000e+02
1.209760513305664062e+02,1.350906524658203125e+02
1.107760696411132812e+02,1.338028717041015625e+02
1.116083755493164062e+02,1.342598266601562500e+02
1.076235580444335938e+02,1.370453643798828125e+02
7.270209503173828125e+01,1.281491546630859375e+02
5.689237594604492188e+01,1.367681579589843750e+02
6.692095947265625000e+01,1.143060989379882812e+02
8.136120605468750000e+01,1.189456329345703125e+02
6.167359542846679688e+01,1.085610046386718750e+02
5.284536361694335938e+01,1.168798370361328125e+02
5.113014602661132812e+01,1.204479827880859375e+02
5.428952407836914062e+01,1.218436889648437500e+02
4.766683959960937500e+01,1.148323669433593750e+02
5.928897094726562500e+01,1.137771911621093750e+02
3.470806503295898438e+01,1.146949462890625000e+02
3.348231887817382812e+01,1.324551239013671875e+02
4.564487075805664062e+01,1.314552917480468750e+02
3.454315185546875000e+01,1.161753234863281250e+02
3.365419006347656250e+01,1.215308990478515625e+02
4.301928710937500000e+01,1.333117065429687500e+02
5.211083984375000000e+01,1.306158142089843750e+02
3.917484664916992188e+01,1.190286483764648438e+02
4.658140182495117188e+01,1.284252929687500000e+02
3.985509872436523438e+01,1.167873992919921875e+02
3.967972564697265625e+01,1.112759552001953125e+02
3.919441223144531250e+01,1.208653106689453125e+02
6.225920486450195312e+01,1.316146850585937500e+02
5.825101852416992188e+01,1.341758728027343750e+02
5.370253372192382812e+01,1.301820220947265625e+02
5.186680984497070312e+01,1.219427337646484375e+02
5.010023880004882812e+01,1.180623321533203125e+02
5.532730102539062500e+01,1.183737792968750000e+02
5.430555725097656250e+01,1.176933898925781250e+02
3.861844253540039062e+01,1.076205902099609375e+02
4.677540206909179688e+01,1.206382904052734375e+02
6.779849243164062500e+01,1.216445617675781250e+02
8.511851501464843750e+01,1.289479675292968750e+02
4.881000900268554688e+01,1.157447052001953125e+02
4.661456680297851562e+01,1.118339080810546875e+02
4.324191284179687500e+01,1.095874023437500000e+02
5.902993774414062500e+01,1.179044113159179688e+02
3.221609115600585938e+01,1.132281341552734375e+02
3.599542999267578125e+01,1.112966613769531250e+02
3.992633438110351562e+01,1.163072662353515625e+02
4.133326721191406250e+01,1.213166198730468750e+02
3.560340499877929688e+01,1.096423645019531250e+02
3.630628967285156250e+01,1.112741470336914062e+02
1.711684989929199219e+01,1.104497528076171875e+02
4.650746536254882812e+01,1.294066467285156250e+02
4.478712463378906250e+01,1.256262512207031250e+02
3.084835243225097656e+01,1.155543365478515625e+02
3.798365783691406250e+01,1.163823089599609375e+02
4.794424438476562500e+01,1.264464111328125000e+02
4.074551010131835938e+01,1.181993560791015625e+02
3.383827209472656250e+01,1.081907653808593750e+02
5.632788085937500000e+01,1.249307250976562500e+02
6.170632934570312500e+01,1.389140472412109375e+02
4.431996154785156250e+01,1.302427673339843750e+02
6.470180511474609375e+01,1.401767120361328125e+02
8.035333251953125000e+01,1.415784454345703125e+02
6.557550048828125000e+01,1.307736816406250000e+02
7.787276458740234375e+01,1.362102508544921875e+02
5.623780441284179688e+01,1.223615798950195312e+02
7.949172210693359375e+01,1.413171691894531250e+02
7.027819824218750000e+01,1.401163635253906250e+02
4.933810424804687500e+01,1.226336517333984375e+02
7.237254333496093750e+01,1.377686004638671875e+02
5.161771011352539062e+01,1.251478424072265625e+02
5.146564865112304688e+01,1.218939819335937500e+02
7.247986602783203125e+01,1.354726409912109375e+02
7.360718536376953125e+01,1.378793334960937500e+02
6.501213836669921875e+01,1.356050109863281250e+02
4.666356277465820312e+01,1.215200576782226562e+02
7.906861114501953125e+01,1.413890686035156250e+02
9.265417480468750000e+01,1.401264953613281250e+02
5.874554824829101562e+01,1.289721374511718750e+02
5.957175827026367188e+01,1.241636734008789062e+02
8.345259857177734375e+01,1.376566162109375000e+02
7.565362548828125000e+01,1.347053222656250000e+02
8.141274261474609375e+01,1.420816345214843750e+02
8.559534454345703125e+01,1.407713470458984375e+02
7.687203216552734375e+01,1.409602050781250000e+02
6.939945220947265625e+01,1.291995849609375000e+02
5.667419433593750000e+01,1.209070053100585938e+02
5.297761917114257812e+01,1.222580642700195312e+02
1.055458984375000000e+02,1.428470458984375000e+02
9.421612548828125000e+01,1.410981903076171875e+02
5.512324142456054688e+01,1.222952804565429688e+02
9.117531585693359375e+01,1.425393066406250000e+02
9.918743896484375000e+01,1.379416046142578125e+02
6.319423294067382812e+01,1.264118576049804688e+02
4.303047561645507812e+01,1.192042694091796875e+02
4.089490127563476562e+01,1.256492614746093750e+02
6.669997406005859375e+01,1.287922363281250000e+02
5.103113937377929688e+01,1.306080932617187500e+02
5.624997329711914062e+01,1.288464050292968750e+02
6.143760299682617188e+01,1.386799926757812500e+02
4.306424331665039062e+01,1.223087310791015625e+02
7.311052703857421875e+01,1.372965087890625000e+02
3.899747848510742188e+01,1.168143768310546875e+02
5.951800537109375000e+01,1.391943664550781250e+02
4.117528915405273438e+01,1.222326812744140625e+02
4.381521987915039062e+01,1.166148834228515625e+02
5.559597396850585938e+01,1.355122070312500000e+02
4.475334548950195312e+01,1.228056259155273438e+02
6.569683074951171875e+01,1.379084014892578125e+02
5.994406127929687500e+01,1.382678833007812500e+02
3.970489883422851562e+01,1.186096725463867188e+02
4.058123779296875000e+01,1.179024505615234375e+02
4.574946212768554688e+01,1.212170028686523438e+02
6.571656799316406250e+01,1.365185546875000000e+02
4.690736770629882812e+01,1.213458023071289062e+02
3.602814865112304688e+01,1.249888534545898438e+02
4.546688461303710938e+01,1.209125823974609375e+02
5.561849975585937500e+01,1.246234130859375000e+02
4.278089904785156250e+01,1.189618225097656250e+02
7.489833831787109375e+01,1.334727478027343750e+02
5.901088333129882812e+01,1.411247711181640625e+02
4.838492202758789062e+01,1.315754394531250000e+02
5.689025878906250000e+01,1.302024230957031250e+02
5.640553665161132812e+01,1.294252014160156250e+02
6.678095245361328125e+01,1.281482849121093750e+02
5.548287963867187500e+01,1.301838226318359375e+02
7.023625946044921875e+01,1.374009704589843750e+02
6.705702209472656250e+01,1.401147460937500000e+02
5.899308395385742188e+01,1.253546752929687500e+02
4.623475646972656250e+01,1.259812774658203125e+02
4.688711547851562500e+01,1.176394271850585938e+02
5.560479736328125000e+01,1.230386734008789062e+02
6.697491455078125000e+01,1.250192337036132812e+02
9.135242462158203125e+01,1.336570434570312500e+02
6.577722167968750000e+01,1.418385925292968750e+02
6.914159393310546875e+01,1.432873840332031250e+02
7.229709625244140625e+01,1.391180114746093750e+02
5.563258743286132812e+01,1.190929260253906250e+02
7.390298461914062500e+01,1.373851470947265625e+02
4.405298995971679688e+01,1.174765472412109375e+02
6.825502777099609375e+01,1.369374389648437500e+02
6.636124420166015625e+01,1.423401336669921875e+02
6.970250701904296875e+01,1.388580017089843750e+02
5.337216567993164062e+01,1.172791061401367188e+02
6.169675827026367188e+01,1.413919677734375000e+02
6.593397521972656250e+01,1.364105834960937500e+02
4.564020156860351562e+01,1.198483200073242188e+02
4.826713562011718750e+01,1.137799911499023438e+02
5.821954345703125000e+01,1.271363677978515625e+02
5.419189453125000000e+01,1.321613464355468750e+02
4.901507186889648438e+01,1.145780334472656250e+02
4.679446411132812500e+01,1.199011840820312500e+02
7.129367828369140625e+01,1.419021911621093750e+02
7.630597686767578125e+01,1.390081634521484375e+02
5.165169143676757812e+01,1.310189208984375000e+02
5.453553390502929688e+01,1.249467163085937500e+02
4.690835571289062500e+01,1.256242370605468750e+02
5.627233886718750000e+01,1.220235443115234375e+02
6.739701843261718750e+01,1.246845321655273438e+02
4.920364761352539062e+01,1.210478591918945312e+02
5.430405807495117188e+01,1.201174774169921875e+02
6.063781356811523438e+01,1.253506774902343750e+02
9.780995941162109375e+01,1.334461059570312500e+02
5.267036437988281250e+01,1.243839416503906250e+02
5.158035278320312500e+01,1.288617858886718750e+02
6.137068557739257812e+01,1.265331420898437500e+02
8.460410308837890625e+01,1.422489929199218750e+02
8.212722015380859375e+01,1.429488220214843750e+02
9.347925567626953125e+01,1.417564086914062500e+02
6.458877563476562500e+01,1.428078308105468750e+02
6.819313049316406250e+01,1.403555603027343750e+02
7.166863250732421875e+01,1.367209472656250000e+02
5.995262527465820312e+01,1.280670471191406250e+02
1.046137084960937500e+02,1.411120758056640625e+02
8.017986297607421875e+01,1.331263122558593750e+02
1.004706344604492188e+02,1.372091979980468750e+02
8.785058593750000000e+01,1.343255615234375000e+02
1.017692794799804688e+02,1.516644744873046875e+02
1.121499862670898438e+02,1.445127563476562500e+02
1.004594955444335938e+02,1.432114562988281250e+02
1.085848770141601562e+02,1.393517303466796875e+02
1.144612121582031250e+02,1.392892150878906250e+02
7.440154266357421875e+01,1.186397094726562500e+02
1.065744400024414062e+02,1.368742065429687500e+02
1.338158874511718750e+02,1.442243499755859375e+02
4.514622116088867188e+01,1.074605026245117188e+02
7.902932739257812500e+01,1.310570678710937500e+02
7.541819000244140625e+01,1.362150878906250000e+02
9.640723419189453125e+01,1.186790313720703125e+02
7.872353363037109375e+01,1.263019638061523438e+02
7.133765411376953125e+01,1.275094375610351562e+02
6.783152770996093750e+01,1.243702850341796875e+02
1.080725097656250000e+02,1.361500091552734375e+02
2.731446838378906250e+01,5.893644714355468750e+01
3.829771423339843750e+01,9.243206787109375000e+01
4.381182479858398438e+01,8.902394866943359375e+01
2.356886863708496094e+01,6.478944396972656250e+01
3.189338493347167969e+01,7.513697814941406250e+01
3.086527442932128906e+01,7.950834655761718750e+01
3.421366500854492188e+01,7.470383453369140625e+01
3.405413818359375000e+01,7.426161193847656250e+01
2.738280296325683594e+01,6.667375183105468750e+01
3.241898727416992188e+01,7.481505584716796875e+01
4.863693237304687500e+01,9.129956054687500000e+01
4.259292984008789062e+01,8.988820648193359375e+01
3.839712905883789062e+01,8.038127899169921875e+01
3.587512588500976562e+01,7.432565307617187500e+01
2.960619544982910156e+01,7.169209289550781250e+01
4.290702438354492188e+01,8.370716857910156250e+01
4.681183242797851562e+01,7.902864074707031250e+01
3.762286758422851562e+01,7.843750000000000000e+01
3.127306175231933594e+01,6.823013305664062500e+01
3.813211822509765625e+01,8.624600219726562500e+01
4.262228775024414062e+01,8.372590637207031250e+01
4.103889465332031250e+01,8.094810485839843750e+01
2.447958374023437500e+01,6.598928833007812500e+01
3.089740180969238281e+01,7.590154266357421875e+01
3.371561813354492188e+01,7.487098693847656250e+01
2.467645454406738281e+01,6.526770019531250000e+01
2.468355369567871094e+01,6.823315429687500000e+01
3.447815322875976562e+01,7.956200408935546875e+01
3.063826560974121094e+01,7.471899414062500000e+01
3.975260925292968750e+01,7.731604766845703125e+01
4.236651611328125000e+01,8.453701782226562500e+01
3.928661727905273438e+01,8.016535186767578125e+01
3.704982376098632812e+01,7.638354492187500000e+01
3.686961364746093750e+01,7.671859741210937500e+01
4.514700317382812500e+01,8.421207427978515625e+01
8.767877197265625000e+01,1.316323242187500000e+02
7.271987915039062500e+01,1.044462814331054688e+02
5.198542404174804688e+01,8.435614013671875000e+01
6.603372955322265625e+01,9.798791503906250000e+01
8.780222320556640625e+01,1.131263427734375000e+02
8.634924316406250000e+01,1.127109985351562500e+02
9.145568847656250000e+01,1.159761657714843750e+02
1.099262695312500000e+02,1.279979705810546875e+02
1.005611953735351562e+02,1.204262542724609375e+02
8.318887329101562500e+01,1.038563995361328125e+02
8.802710723876953125e+01,1.132388916015625000e+02
8.293569183349609375e+01,1.042842559814453125e+02
8.198928070068359375e+01,1.091567993164062500e+02
8.651970672607421875e+01,1.107610092163085938e+02
9.000750732421875000e+01,1.127265777587890625e+02
9.028302001953125000e+01,1.144649887084960938e+02
7.226667022705078125e+01,1.054802398681640625e+02
1.000163269042968750e+02,1.217407989501953125e+02
8.677932739257812500e+01,1.280337982177734375e+02
7.054073333740234375e+01,1.138792572021484375e+02
8.684249114990234375e+01,1.267249755859375000e+02
9.963748931884765625e+01,1.297321624755859375e+02
7.486936187744140625e+01,1.196235351562500000e+02
7.734041595458984375e+01,1.260966339111328125e+02
9.931644439697265625e+01,1.274350738525390625e+02
7.460892486572265625e+01,1.235705184936523438e+02
9.396683502197265625e+01,1.135070648193359375e+02
9.343707275390625000e+01,1.189592666625976562e+02
1.010032348632812500e+02,1.311355285644531250e+02
1.305793609619140625e+02,1.361177062988281250e+02
1.320912170410156250e+02,1.363197326660156250e+02
1.271324844360351562e+02,1.337039489746093750e+02
1.277755661010742188e+02,1.341307983398437500e+02
1.293283843994140625e+02,1.345238647460937500e+02
5.435353088378906250e+01,1.010787277221679688e+02
5.083921432495117188e+01,9.157478332519531250e+01
2.592945861816406250e+01,5.579444122314453125e+01
2.443969726562500000e+01,8.999462890625000000e+01
1.072540359497070312e+02,1.343535003662109375e+02
7.451663970947265625e+01,1.245622253417968750e+02
8.345561981201171875e+01,1.297382202148437500e+02
7.177722930908203125e+01,1.309980468750000000e+02
4.918731689453125000e+01,9.871009063720703125e+01
7.192147827148437500e+01,9.022790527343750000e+01
6.067667770385742188e+01,7.579194641113281250e+01
1.002088317871093750e+02,1.014245605468750000e+02
1.199692687988281250e+02,1.192667541503906250e+02
1.451742935180664062e+01,5.807478332519531250e+01
7.437918853759765625e+01,1.212606964111328125e+02
9.768145751953125000e+01,1.198171157836914062e+02
8.130699920654296875e+01,1.130332641601562500e+02
9.575012207031250000e+01,1.050842285156250000e+02
9.889102172851562500e+01,1.066654129028320312e+02
9.549863433837890625e+01,1.213515167236328125e+02
9.402725982666015625e+01,1.201253967285156250e+02
1.085260009765625000e+02,1.259171524047851562e+02
9.349426269531250000e+01,1.191049957275390625e+02
1.001105422973632812e+02,1.223008575439453125e+02
1.167761306762695312e+02,1.289268188476562500e+02
1.117761001586914062e+02,1.301348571777343750e+02
1.194904098510742188e+02,1.289093933105468750e+02
9.821979522705078125e+01,1.182540054321289062e+02
1.056525802612304688e+02,1.193809967041015625e+02
1.090900878906250000e+02,1.298515319824218750e+02
9.775115203857421875e+01,1.213778305053710938e+02
9.890688323974609375e+01,1.208395767211914062e+02
1.138596420288085938e+02,1.262036132812500000e+02
1.039502639770507812e+02,1.255840911865234375e+02
1.223288650512695312e+02,1.297659606933593750e+02
8.081983184814453125e+01,1.070695343017578125e+02
1.057179870605468750e+02,1.232653503417968750e+02
1.123001327514648438e+02,1.215946350097656250e+02
1.112091445922851562e+02,1.363588104248046875e+02
7.060028076171875000e+01,9.910635375976562500e+01
7.766584014892578125e+01,1.288372955322265625e+02
7.267454528808593750e+01,1.136673431396484375e+02
9.329309844970703125e+01,1.330213165283203125e+02
8.101300811767578125e+01,9.835362243652343750e+01
8.336300659179687500e+01,1.074369659423828125e+02
1.218880996704101562e+02,1.304399261474609375e+02
3.542239761352539062e+01,2.289434432983398438e+01
1.249486007690429688e+02,1.110524139404296875e+02
9.088574981689453125e+01,1.032864379882812500e+02
9.388634490966796875e+01,1.238300933837890625e+02
8.297881317138671875e+01,1.184033203125000000e+02
1.020091552734375000e+02,1.219510803222656250e+02
7.387114715576171875e+01,1.012429275512695312e+02
7.050376129150390625e+01,9.895153808593750000e+01
6.352098464965820312e+01,9.124885559082031250e+01
8.832543182373046875e+01,1.001966857910156250e+02
8.348635101318359375e+01,1.027352752685546875e+02
1.234459915161132812e+02,1.399076538085937500e+02
5.996641921997070312e+01,9.441111755371093750e+01
8.854306030273437500e+01,1.244575881958007812e+02
8.065962982177734375e+01,9.760609436035156250e+01
7.027486419677734375e+01,1.057188568115234375e+02
6.979320526123046875e+01,9.100358581542968750e+01
1.127152328491210938e+02,1.253631057739257812e+02
7.572621917724609375e+01,1.006496734619140625e+02
1.120924606323242188e+02,1.223931427001953125e+02
9.347676849365234375e+01,1.243122558593750000e+02
3.413356018066406250e+01,2.484457778930664062e+01
9.665149688720703125e+01,1.360315246582031250e+02
5.472267532348632812e+01,4.612855529785156250e+01
1.206734924316406250e+02,1.276174774169921875e+02
3.449584579467773438e+01,2.335187339782714844e+01
7.015886688232421875e+01,5.143913269042968750e+01
3.336639404296875000e+01,2.321810722351074219e+01
4.577780151367187500e+01,3.344321441650390625e+01
2.601683235168457031e+01,1.611127853393554688e+01
5.132432174682617188e+01,3.882497024536132812e+01
2.643522644042968750e+01,1.481554508209228516e+01
4.996599960327148438e+01,3.528206634521484375e+01
6.540802764892578125e+01,4.959112548828125000e+01
2.777786254882812500e+01,1.481223583221435547e+01
6.909425354003906250e+01,1.006870498657226562e+02
8.027544403076171875e+01,1.276101455688476562e+02
1.215399246215820312e+02,1.280277862548828125e+02
1.115229110717773438e+02,1.299143066406250000e+02
1.055351943969726562e+02,1.295064392089843750e+02
1.080686645507812500e+02,1.020390472412109375e+02
9.269531250000000000e+01,1.102242584228515625e+02
7.835575103759765625e+01,1.049981079101562500e+02
5.809334945678710938e+01,8.492286682128906250e+01
4.536341476440429688e+01,7.980192565917968750e+01
9.849462890625000000e+01,1.332352600097656250e+02
9.932234954833984375e+01,1.084338836669921875e+02
8.092772674560546875e+01,8.851103973388671875e+01
3.444078445434570312e+01,7.296280860900878906e+00
2.984006309509277344e+01,1.674105453491210938e+01
5.623441696166992188e+01,8.918247222900390625e+01
6.004233169555664062e+01,9.717973327636718750e+01
9.299932861328125000e+01,1.212896652221679688e+02
6.391996383666992188e+01,9.585685729980468750e+01
6.738954925537109375e+01,1.096189041137695312e+02
5.985490417480468750e+01,9.779212951660156250e+01
9.104153442382812500e+01,1.189958343505859375e+02
9.518032073974609375e+01,1.179101867675781250e+02
4.458682250976562500e+01,9.312932586669921875e+01
9.452264404296875000e+01,1.231405181884765625e+02
8.656827545166015625e+01,1.209063415527343750e+02
1.002242507934570312e+02,1.233189086914062500e+02
4.146397018432617188e+01,1.034262542724609375e+02
7.014083099365234375e+01,1.173901062011718750e+02
6.421060180664062500e+01,1.030201568603515625e+02
1.077788925170898438e+02,1.264104919433593750e+02
9.247857666015625000e+01,1.249227752685546875e+02
1.030401000976562500e+02,1.245938034057617188e+02
1.027483901977539062e+02,1.252047348022460938e+02
8.638736724853515625e+01,1.221989135742187500e+02
9.481461334228515625e+01,1.242338104248046875e+02
8.601617431640625000e+01,1.230402069091796875e+02
8.933093261718750000e+01,1.204788360595703125e+02
1.120640792846679688e+02,1.286135406494140625e+02
9.923718261718750000e+01,1.262493591308593750e+02
9.520269775390625000e+01,1.240373992919921875e+02
1.088121948242187500e+02,1.281258087158203125e+02
1.074575500488281250e+02,1.278264617919921875e+02
9.442684173583984375e+01,1.253274154663085938e+02
4.745685195922851562e+01,1.027515869140625000e+02
9.199163818359375000e+01,1.222428894042968750e+02
1.074616699218750000e+02,1.294525451660156250e+02
9.484713745117187500e+01,1.261019973754882812e+02
1.043728637695312500e+02,1.267463912963867188e+02
8.664086914062500000e+01,1.223333435058593750e+02
9.309371185302734375e+01,1.248386993408203125e+02
1.035618667602539062e+02,1.286459655761718750e+02
7.578720855712890625e+01,1.157390136718750000e+02
8.361340332031250000e+01,1.181317291259765625e+02
9.111592864990234375e+01,1.177761688232421875e+02
1.105727920532226562e+02,1.275751266479492188e+02
1.115650405883789062e+02,1.299948577880859375e+02
1.066406860351562500e+02,1.269777984619140625e+02
1.048530883789062500e+02,1.272974166870117188e+02
1.072214355468750000e+02,1.295936889648437500e+02
1.085885238647460938e+02,1.290102386474609375e+02
9.303316497802734375e+01,1.275466461181640625e+02
8.591198730468750000e+01,1.229067001342773438e+02
8.710323333740234375e+01,1.221709899902343750e+02
8.217469024658203125e+01,1.150287246704101562e+02
7.153128051757812500e+01,1.217760314941406250e+02
1.045510559082031250e+02,1.281022644042968750e+02
8.942730712890625000e+01,1.277612304687500000e+02
1.023013076782226562e+02,1.272192764282226562e+02
7.660747528076171875e+01,1.128034439086914062e+02
1.027804336547851562e+02,1.331750793457031250e+02
1.010102005004882812e+02,1.251420898437500000e+02
1.096461181640625000e+02,1.274589233398437500e+02
1.079606704711914062e+02,1.281457214355468750e+02
6.131773757934570312e+01,1.119937973022460938e+02
8.242967987060546875e+01,1.217466964721679688e+02
1.146303100585937500e+02,1.305240783691406250e+02
1.065610122680664062e+02,1.285997467041015625e+02
1.141200180053710938e+02,1.305045471191406250e+02
1.151242675781250000e+02,1.336214599609375000e+02
1.122770385742187500e+02,1.305261077880859375e+02
9.856662750244140625e+01,1.286006164550781250e+02
1.134156265258789062e+02,1.326319732666015625e+02
1.051844253540039062e+02,1.264301681518554688e+02
9.927344512939453125e+01,1.294214782714843750e+02
9.721736907958984375e+01,1.292983093261718750e+02
1.085044326782226562e+02,1.291686401367187500e+02
1.219240417480468750e+02,1.339123535156250000e+02
1.009284667968750000e+02,1.267569885253906250e+02
9.073080444335937500e+01,1.259059906005859375e+02
1.103789138793945312e+02,1.294308471679687500e+02
9.414275360107421875e+01,1.225293731689453125e+02
9.732749176025390625e+01,1.276195831298828125e+02
1.092413406372070312e+02,1.300009460449218750e+02
1.124987716674804688e+02,1.311431274414062500e+02
9.900769805908203125e+01,1.287925109863281250e+02
1.078073043823242188e+02,1.290071716308593750e+02
9.121148681640625000e+01,1.259521102905273438e+02
1.024368209838867188e+02,1.289721984863281250e+02
7.730513000488281250e+01,1.153142852783203125e+02
9.276122283935546875e+01,1.223556442260742188e+02
1.082713699340820312e+02,1.279445800781250000e+02
9.379947662353515625e+01,1.251229171752929688e+02
5.164843750000000000e+01,1.071303329467773438e+02
5.732837295532226562e+01,1.063814697265625000e+02
1.049594039916992188e+02,1.275974349975585938e+02
7.441643524169921875e+01,1.101983718872070312e+02
8.848488616943359375e+01,1.237069625854492188e+02
9.552197265625000000e+01,1.267750701904296875e+02
6.294279861450195312e+01,1.117280044555664062e+02
1.022930908203125000e+02,1.279109878540039062e+02
6.523870086669921875e+01,1.112779541015625000e+02
1.052707748413085938e+02,1.313145599365234375e+02
1.055771713256835938e+02,1.299468994140625000e+02
1.052031021118164062e+02,1.300574951171875000e+02
8.798690032958984375e+01,1.214202575683593750e+02
1.038406143188476562e+02,1.267312469482421875e+02
8.679602050781250000e+01,1.216384277343750000e+02
1.043284301757812500e+02,1.290247497558593750e+02
9.869118499755859375e+01,1.264751739501953125e+02
1.031011581420898438e+02,1.292425079345703125e+02
7.809054565429687500e+01,1.213014984130859375e+02
8.009462738037109375e+01,1.214826431274414062e+02
1.013355026245117188e+02,1.289371948242187500e+02
8.059020233154296875e+01,1.203467407226562500e+02
9.803404998779296875e+01,1.210153503417968750e+02
1.061361694335937500e+02,1.284553527832031250e+02
8.616242218017578125e+01,1.202533874511718750e+02
1.091268234252929688e+02,1.317418518066406250e+02
9.618325042724609375e+01,1.288464660644531250e+02
1.136619644165039062e+02,1.328699645996093750e+02
9.930025482177734375e+01,1.296301574707031250e+02
1.099760742187500000e+02,1.325801696777343750e+02
9.274864959716796875e+01,1.241437835693359375e+02
1.074699172973632812e+02,1.287072143554687500e+02
8.776986694335937500e+01,1.227017974853515625e+02
1.019652328491210938e+02,1.253852920532226562e+02
7.418413543701171875e+01,1.132553710937500000e+02
7.147577667236328125e+01,1.142906494140625000e+02
1.444824676513671875e+02,1.424889068603515625e+02
4.208968353271484375e+01,9.293799591064453125e+01
5.882157516479492188e+01,9.951336669921875000e+01
6.972269439697265625e+01,1.041104660034179688e+02
6.865827178955078125e+01,1.038515853881835938e+02
1.107496032714843750e+02,1.252608032226562500e+02
8.225882720947265625e+01,1.099626388549804688e+02
1.032681503295898438e+02,1.299957580566406250e+02
7.421083831787109375e+01,9.941706848144531250e+01
7.011692047119140625e+01,9.781620788574218750e+01
7.498208618164062500e+01,1.034068756103515625e+02
1.329659423828125000e+02,1.371649169921875000e+02
1.090170669555664062e+02,1.237570343017578125e+02
1.166242294311523438e+02,1.286289672851562500e+02
1.174114303588867188e+02,1.253947372436523438e+02
1.258684158325195312e+02,1.284722900390625000e+02
1.295455474853515625e+02,1.338175354003906250e+02
1.074864730834960938e+02,1.247073211669921875e+02
1.196373062133789062e+02,1.300437011718750000e+02
1.189510116577148438e+02,1.301939849853515625e+02
1.274865951538085938e+02,1.307038574218750000e+02
1.305275421142578125e+02,1.334505310058593750e+02
1.306955718994140625e+02,1.352877502441406250e+02
1.346576385498046875e+02,1.371192016601562500e+02
1.312504119873046875e+02,1.353892669677734375e+02
1.046035537719726562e+02,1.174113006591796875e+02
1.254288711547851562e+02,1.252046356201171875e+02
1.266552352905273438e+02,1.284786376953125000e+02
1.123539657592773438e+02,1.223723068237304688e+02
1.103060531616210938e+02,1.207619781494140625e+02
1.056925277709960938e+02,1.208619995117187500e+02
1.144444046020507812e+02,1.242230377197265625e+02
1.152963562011718750e+02,1.261144714355468750e+02
1.269694824218750000e+02,1.284808959960937500e+02
1.369037017822265625e+02,1.357627868652343750e+02
1.265910263061523438e+02,1.305374603271484375e+02
1.192502441406250000e+02,1.250641784667968750e+02
1.273883056640625000e+02,1.304276123046875000e+02
1.114357528686523438e+02,1.211237640380859375e+02
1.132493057250976562e+02,1.251894378662109375e+02
1.252523880004882812e+02,1.305656585693359375e+02
1.205527343750000000e+02,1.282272491455078125e+02
1.354183044433593750e+02,1.364402160644531250e+02
1.289706573486328125e+02,1.330028686523437500e+02
1.154895401000976562e+02,1.235200042724609375e+02
1.319310760498046875e+02,1.310834197998046875e+02
1.283192291259765625e+02,1.304161071777343750e+02
1.259678115844726562e+02,1.282292938232421875e+02
1.323993835449218750e+02,1.362419433593750000e+02
1.350878448486328125e+02,1.361505126953125000e+02
1.123807678222656250e+02,1.215221023559570312e+02
1.123633804321289062e+02,1.146430358886718750e+02
9.534265136718750000e+01,8.172963714599609375e+01
8.103893280029296875e+01,1.043410186767578125e+02
1.943847465515136719e+01,5.837804794311523438e+00
3.546935653686523438e+01,2.158638381958007812e+01
2.283374786376953125e+01,1.073971176147460938e+01
1.961606025695800781e+01,6.368511199951171875e+00
2.289031982421875000e+01,1.092554473876953125e+01
7.143888854980468750e+01,4.608872222900390625e+01
7.197919464111328125e+01,1.185514831542968750e+02
4.093012619018554688e+01,5.275956344604492188e+01
2.099888992309570312e+01,2.719706726074218750e+01
4.009125900268554688e+01,3.737381744384765625e+01
5.287907409667968750e+01,1.133679962158203125e+02
1.880821418762207031e+01,5.596467971801757812e+01
1.849502563476562500e+01,4.736969757080078125e+01
1.227261638641357422e+01,2.918409156799316406e+01
2.124696922302246094e+01,9.417650222778320312e+00
1.579792118072509766e+01,1.785793685913085938e+01
2.144180870056152344e+01,2.849002456665039062e+01
3.478773498535156250e+01,4.865659332275390625e+01
1.634468460083007812e+01,1.972601699829101562e+01
1.692282104492187500e+01,1.994825363159179688e+01
1.333588714599609375e+02,1.124936676025390625e+02
1.361558532714843750e+02,1.274500198364257812e+02
4.677711486816406250e+01,1.337080383300781250e+01
3.405223083496093750e+01,3.622728729248046875e+01
5.729449081420898438e+01,4.416435241699218750e+01
3.829893493652343750e+01,6.304454421997070312e+01
9.450075531005859375e+01,9.416860198974609375e+01
7.741241455078125000e+01,8.332131958007812500e+01
5.817521667480468750e+01,5.966744232177734375e+01
5.972080612182617188e+01,5.675803756713867188e+01
9.055190277099609375e+01,1.163141632080078125e+02
6.481342315673828125e+01,1.051319580078125000e+02
6.325192260742187500e+01,1.014602050781250000e+02
8.136225128173828125e+01,1.106270294189453125e+02
8.392810821533203125e+01,1.208190002441406250e+02
5.610612487792968750e+01,1.013467559814453125e+02
8.480258178710937500e+01,1.137134170532226562e+02
1.013249130249023438e+02,1.191558685302734375e+02
1.057325973510742188e+02,1.184581451416015625e+02
1.040121841430664062e+02,1.236029739379882812e+02
1.050136184692382812e+02,1.217436981201171875e+02
9.035451507568359375e+01,1.063991546630859375e+02
9.421295166015625000e+01,1.154319763183593750e+02
9.981111907958984375e+01,1.004506835937500000e+02
6.630644989013671875e+01,7.410372924804687500e+01
6.003498458862304688e+01,8.282048034667968750e+01
6.496376800537109375e+01,7.435864257812500000e+01
1.013800048828125000e+02,1.175455322265625000e+02
1.003418579101562500e+02,1.092038269042968750e+02
9.435050201416015625e+01,9.657995605468750000e+01
8.196017456054687500e+01,1.029760894775390625e+02
8.884610748291015625e+01,1.028809814453125000e+02
8.493481445312500000e+01,9.231584167480468750e+01
9.206195831298828125e+01,1.041829223632812500e+02
9.211656951904296875e+01,1.027012252807617188e+02
5.868599319458007812e+01,7.940936279296875000e+01
9.141053009033203125e+01,1.129145507812500000e+02
3.321121597290039062e+01,5.010305023193359375e+01
6.429080963134765625e+01,6.164210510253906250e+01
5.183085250854492188e+01,5.962718963623046875e+01
5.741864013671875000e+01,6.733015441894531250e+01
5.944826126098632812e+01,6.765483093261718750e+01
1.104628829956054688e+02,1.125798950195312500e+02
8.080529022216796875e+01,9.725582885742187500e+01
6.531911468505859375e+01,7.520147705078125000e+01
4.997984695434570312e+01,6.689605712890625000e+01
8.889584350585937500e+01,9.338700866699218750e+01
4.726906204223632812e+01,5.902293395996093750e+01
4.439252853393554688e+01,5.423226165771484375e+01
4.454497146606445312e+01,5.886648559570312500e+01
5.030442810058593750e+01,6.259045791625976562e+01
5.869435119628906250e+01,7.392839050292968750e+01
9.226666259765625000e+01,9.705543518066406250e+01
9.104119873046875000e+01,1.106954803466796875e+02
6.057025146484375000e+01,7.603395843505859375e+01
6.382564926147460938e+01,7.610607147216796875e+01
1.056699447631835938e+02,8.681924438476562500e+01
1.023964233398437500e+02,8.900866699218750000e+01
6.029368591308593750e+01,5.998186492919921875e+01
9.622737884521484375e+01,1.076245422363281250e+02
9.969713592529296875e+01,1.169409332275390625e+02
6.085458755493164062e+01,8.291348266601562500e+01
5.801921463012695312e+01,7.306192016601562500e+01
4.758095169067382812e+01,6.941651916503906250e+01
4.474930953979492188e+01,6.393506622314453125e+01
4.447584915161132812e+01,6.440894317626953125e+01
1.014471206665039062e+02,1.142819366455078125e+02
7.191378021240234375e+01,8.682565307617187500e+01
9.165652465820312500e+01,1.086332321166992188e+02
5.810676193237304688e+01,7.349013519287109375e+01
8.326555633544921875e+01,1.164648818969726562e+02
8.116599273681640625e+01,9.870413208007812500e+01
4.622787475585937500e+01,5.518246459960937500e+01
3.778281784057617188e+01,4.403126907348632812e+01
4.576803588867187500e+01,5.182286834716796875e+01
8.163199615478515625e+01,9.006320190429687500e+01
6.732294464111328125e+01,8.587570190429687500e+01
5.373054122924804688e+01,5.669819641113281250e+01
4.639562988281250000e+01,7.921308898925781250e+01
5.847664260864257812e+01,6.475157165527343750e+01
8.123503112792968750e+01,6.496483612060546875e+01
7.890223693847656250e+01,9.130553436279296875e+01
7.556186676025390625e+01,7.588107299804687500e+01
2.627796363830566406e+01,1.445328044891357422e+01
1.959778404235839844e+01,5.136059761047363281e+00
1.155227661132812500e+02,1.159493560791015625e+02
1.839475059509277344e+01,5.686794757843017578e+00
2.623967552185058594e+01,1.111044502258300781e+01
1.857300758361816406e+01,6.070919513702392578e+00
2.165273094177246094e+01,1.026003170013427734e+01
1.921840858459472656e+01,2.614311981201171875e+01
3.650392532348632812e+01,4.449287414550781250e+01
2.406862449645996094e+01,4.227867126464843750e+01
6.557311248779296875e+01,1.023835144042968750e+02
2.965341758728027344e+01,3.943808364868164062e+01
1.601180076599121094e+01,1.672235679626464844e+01
2.177424621582031250e+01,2.736333084106445312e+01
4.189389038085937500e+01,1.348725509643554688e+01
3.830160140991210938e+01,1.222906208038330078e+01
4.055956649780273438e+01,9.942469596862792969e+00
3.328355026245117188e+01,3.757768249511718750e+01
8.508288574218750000e+01,7.678919219970703125e+01
6.075488281250000000e+01,3.822755432128906250e+01
5.822375106811523438e+01,1.078474273681640625e+02
6.531006622314453125e+01,1.029275054931640625e+02
5.004887771606445312e+01,8.211652374267578125e+01
9.033130645751953125e+01,1.145585327148437500e+02
6.098476791381835938e+01,6.133817291259765625e+01
4.378642654418945312e+01,8.103160095214843750e+01
4.522506713867187500e+01,1.070275726318359375e+02
8.206010437011718750e+01,1.135880584716796875e+02
8.143505096435546875e+01,1.186678924560546875e+02
6.904978179931640625e+01,1.008600769042968750e+02
1.171605453491210938e+02,1.110536346435546875e+02
9.180316925048828125e+01,9.608074951171875000e+01
1.146265945434570312e+02,1.102324371337890625e+02
1.099999160766601562e+02,1.061123352050781250e+02
9.500045013427734375e+01,9.764672851562500000e+01
1.091698226928710938e+02,1.077685165405273438e+02
3.933948898315429688e+01,1.572668838500976562e+01
5.151936721801757812e+01,2.475185585021972656e+01
1.069252929687500000e+02,6.823103332519531250e+01
4.745545959472656250e+01,2.107354736328125000e+01
4.403772354125976562e+01,1.207159805297851562e+01
3.878723144531250000e+01,1.124024772644042969e+01
1.183691101074218750e+02,1.101360015869140625e+02
4.206793594360351562e+01,1.928651046752929688e+01
1.180204696655273438e+02,1.116582870483398438e+02
5.210285949707031250e+01,2.468698501586914062e+01
3.665311813354492188e+01,9.362297058105468750e+00
4.071722793579101562e+01,2.046943092346191406e+01
1.013807373046875000e+02,5.582854461669921875e+01
3.636272048950195312e+01,7.084592819213867188e+00
9.300073242187500000e+01,6.480975341796875000e+01
4.228010177612304688e+01,1.154592514038085938e+01
3.993767166137695312e+01,9.392530441284179688e+00
9.366125488281250000e+01,4.623115921020507812e+01
5.019993591308593750e+01,2.049167633056640625e+01
4.498617935180664062e+01,1.460161685943603516e+01
5.188106155395507812e+01,2.072384643554687500e+01
1.302208099365234375e+02,1.172819595336914062e+02
6.430449676513671875e+01,2.466682052612304688e+01
1.136990356445312500e+02,9.165840148925781250e+01
7.522130584716796875e+01,6.548438262939453125e+01
3.853744125366210938e+01,8.250461578369140625e+00
1.023624343872070312e+02,7.531628417968750000e+01
8.865956878662109375e+01,6.271158599853515625e+01
6.626663970947265625e+01,3.119026184082031250e+01
5.393652343750000000e+01,2.225255584716796875e+01
1.198743896484375000e+02,1.030142517089843750e+02
4.446640014648437500e+01,1.379168128967285156e+01
4.103185653686523438e+01,1.107745265960693359e+01
5.941321945190429688e+01,2.165055084228515625e+01
9.348366546630859375e+01,4.536781692504882812e+01
3.810628128051757812e+01,7.719103813171386719e+00
5.624684524536132812e+01,2.210169219970703125e+01
7.968231201171875000e+01,7.028139495849609375e+01
7.456580352783203125e+01,7.293744659423828125e+01
9.385473632812500000e+01,1.290845031738281250e+02
4.276993942260742188e+01,7.176073455810546875e+01
4.978564071655273438e+01,8.229572296142578125e+01
3.205168151855468750e+01,5.456117248535156250e+01
2.767707633972167969e+01,3.778358459472656250e+01
4.062121200561523438e+01,6.008637237548828125e+01
4.786538696289062500e+01,7.922639465332031250e+01
3.058793640136718750e+01,5.325701141357421875e+01
4.330208969116210938e+01,7.191539764404296875e+01
2.831899452209472656e+01,4.539394378662109375e+01
3.940542602539062500e+01,9.861934661865234375e+00
1.120366439819335938e+02,8.810044860839843750e+01
1.177078628540039062e+02,9.441489410400390625e+01
1.226696548461914062e+02,9.858421325683593750e+01
1.034670181274414062e+02,6.189291381835937500e+01
4.017745971679687500e+01,2.028476715087890625e+01
6.363243484497070312e+01,4.380449676513671875e+01
5.227067947387695312e+01,1.959240341186523438e+01
1.368009490966796875e+02,1.299930114746093750e+02
1.362404022216796875e+02,1.296298065185546875e+02
1.330787353515625000e+02,1.184480209350585938e+02
5.207627487182617188e+01,1.950988769531250000e+01
6.348679733276367188e+01,2.763933944702148438e+01
6.103851318359375000e+01,6.153505325317382812e+01
1.011598587036132812e+02,9.263092803955078125e+01
8.561550140380859375e+01,7.956307983398437500e+01
9.328156280517578125e+01,8.015966033935546875e+01
1.000209960937500000e+02,9.147753906250000000e+01
9.812561798095703125e+01,9.050233459472656250e+01
1.112591552734375000e+02,1.024237899780273438e+02
1.090850448608398438e+02,1.004255676269531250e+02
1.060853500366210938e+02,9.893778991699218750e+01
7.515158843994140625e+01,6.395042419433593750e+01
9.053955078125000000e+01,8.754235839843750000e+01
1.000226440429687500e+02,9.439573669433593750e+01
3.841323471069335938e+01,2.848216629028320312e+01
1.287240753173828125e+02,1.303250427246093750e+02
9.975916290283203125e+01,7.473454284667968750e+01
8.302925872802734375e+01,6.071360778808593750e+01
1.042889404296875000e+02,1.025468292236328125e+02
1.030764999389648438e+02,1.024857635498046875e+02
1.127026443481445312e+02,1.128914947509765625e+02
9.951174926757812500e+01,9.786689758300781250e+01
1.160253295898437500e+02,1.199794921875000000e+02
1.107740859985351562e+02,1.185039749145507812e+02
9.738462066650390625e+01,1.005972290039062500e+02
1.116015548706054688e+02,1.154279022216796875e+02
1.125691299438476562e+02,1.207362594604492188e+02
1.117410354614257812e+02,1.146126403808593750e+02
1.120692367553710938e+02,1.138481674194335938e+02
1.079123535156250000e+02,1.132710876464843750e+02
1.085564575195312500e+02,1.134104003906250000e+02
1.181370849609375000e+02,1.262093429565429688e+02
1.150439682006835938e+02,1.209127273559570312e+02
1.129253845214843750e+02,1.199543457031250000e+02
1.106427841186523438e+02,1.139730682373046875e+02
1.156511840820312500e+02,1.202613220214843750e+02
1.163975830078125000e+02,1.194596099853515625e+02
1.120747680664062500e+02,1.181434326171875000e+02
1.200402603149414062e+02,1.282479248046875000e+02
1.188181991577148438e+02,1.239717712402343750e+02
1.274404067993164062e+02,1.255687103271484375e+02
1.026899948120117188e+02,1.023089447021484375e+02
1.099342269897460938e+02,1.125502777099609375e+02
1.167560043334960938e+02,1.243590393066406250e+02
1.097559127807617188e+02,1.171497192382812500e+02
1.171943588256835938e+02,1.099250946044921875e+02
1.191120834350585938e+02,1.267122955322265625e+02
2.779224205017089844e+01,1.739543533325195312e+01
2.692491722106933594e+01,4.157192230224609375e+01
9.429415130615234375e+01,7.627815246582031250e+01
6.409680938720703125e+01,3.226982879638671875e+01
6.200345993041992188e+01,5.081646728515625000e+01
8.178744506835937500e+01,6.937866210937500000e+01
3.767448425292968750e+01,2.588673973083496094e+01
3.301501846313476562e+01,1.371481895446777344e+01
4.310039138793945312e+01,4.050210571289062500e+01
3.270337295532226562e+01,4.876718902587890625e+01
3.831054306030273438e+01,2.627250671386718750e+01
1.083009719848632812e+02,8.985075378417968750e+01
1.203068237304687500e+02,1.083505020141601562e+02
1.368481292724609375e+02,1.292100524902343750e+02
1.193082275390625000e+02,9.997396850585937500e+01
2.184712791442871094e+01,2.181522750854492188e+01
1.329310607910156250e+02,1.151373901367187500e+02
1.210649337768554688e+02,1.046434631347656250e+02
7.427815246582031250e+01,8.426070404052734375e+01
9.604126739501953125e+01,8.923575592041015625e+01
1.048274307250976562e+02,1.002965087890625000e+02
1.206164627075195312e+02,1.139951095581054688e+02
9.862942504882812500e+01,9.175283813476562500e+01
8.493985748291015625e+01,7.499871826171875000e+01
6.978650665283203125e+01,4.902987670898437500e+01
1.367531280517578125e+02,1.204070510864257812e+02
1.251222534179687500e+02,1.030782165527343750e+02
1.263506088256835938e+02,1.079411468505859375e+02
1.314777069091796875e+02,1.219361267089843750e+02
1.212491760253906250e+02,9.503894042968750000e+01
1.295868682861328125e+02,1.106050186157226562e+02
1.273923568725585938e+02,1.092075042724609375e+02
1.314524993896484375e+02,1.168292694091796875e+02
1.308164825439453125e+02,1.147607574462890625e+02
9.585051727294921875e+01,6.558599090576171875e+01
9.538466644287109375e+01,6.659271240234375000e+01
1.102735671997070312e+02,7.385638427734375000e+01
1.353770294189453125e+02,1.144876785278320312e+02
1.071220169067382812e+02,7.127555084228515625e+01
1.360801391601562500e+02,1.155115814208984375e+02
6.869260406494140625e+01,7.630827331542968750e+01
8.858239746093750000e+01,8.021507263183593750e+01
9.936413574218750000e+01,9.267839050292968750e+01
1.304455413818359375e+02,1.190765151977539062e+02
1.054943313598632812e+02,8.069096374511718750e+01
2.771071815490722656e+01,2.033699035644531250e+01
1.421397399902343750e+01,4.029457092285156250e+01
2.725134086608886719e+01,4.365946960449218750e+01
8.370639038085937500e+01,1.120439758300781250e+02
1.409856128692626953e+01,3.501995849609375000e+01
8.703939056396484375e+01,1.125670623779296875e+02
7.040741729736328125e+01,1.064364700317382812e+02
9.830969238281250000e+01,1.152454681396484375e+02
3.191309547424316406e+01,3.475275421142578125e+01
2.241802215576171875e+01,2.288059806823730469e+01
8.689401245117187500e+01,1.341579589843750000e+02
1.297384948730468750e+02,1.389741821289062500e+02
9.440530395507812500e+01,1.118643646240234375e+02
1.001083755493164062e+02,1.194578704833984375e+02
8.056632995605468750e+01,9.441043090820312500e+01
8.542237091064453125e+01,1.183576049804687500e+02
1.038697509765625000e+02,1.331196289062500000e+02
9.200885772705078125e+01,1.164785003662109375e+02
9.484957122802734375e+01,1.220605468750000000e+02
8.970690155029296875e+01,1.214450531005859375e+02
1.177684326171875000e+02,1.165191040039062500e+02
9.161502075195312500e+01,1.204918823242187500e+02
1.135759048461914062e+02,1.272085876464843750e+02
1.075904312133789062e+02,1.284412231445312500e+02
1.166420593261718750e+02,1.258439483642578125e+02
9.277996826171875000e+01,1.129672317504882812e+02
1.000178146362304688e+02,1.214482269287109375e+02
8.016455078125000000e+01,9.927508544921875000e+01
1.079262695312500000e+02,1.350395965576171875e+02
1.074382247924804688e+02,1.308433227539062500e+02
7.174710083007812500e+01,1.105998535156250000e+02
5.569242858886718750e+01,8.235447692871093750e+01
1.141752929687500000e+02,1.297324829101562500e+02
9.175637054443359375e+01,1.113561859130859375e+02
1.111869812011718750e+02,1.308625488281250000e+02
8.767929840087890625e+01,1.192819671630859375e+02
8.119062805175781250e+01,1.062852935791015625e+02
1.133983535766601562e+02,1.255731048583984375e+02
1.160667419433593750e+02,1.301206970214843750e+02
1.041436538696289062e+02,1.141332397460937500e+02
1.103596572875976562e+02,1.262217712402343750e+02
5.702981567382812500e+01,9.625358581542968750e+01
9.074938964843750000e+01,1.117776489257812500e+02
8.325649261474609375e+01,1.101456909179687500e+02
7.799196624755859375e+01,1.010172882080078125e+02
1.001200180053710938e+02,1.190464935302734375e+02
7.908126831054687500e+01,1.059659576416015625e+02
5.359359359741210938e+01,7.510897827148437500e+01
6.637166595458984375e+01,1.010723266601562500e+02
7.738617706298828125e+01,1.100418548583984375e+02
6.999855804443359375e+01,9.705430603027343750e+01
4.643812942504882812e+01,7.980461120605468750e+01
8.483231353759765625e+01,1.109477844238281250e+02
4.229317855834960938e+01,6.957592773437500000e+01
8.550801849365234375e+01,1.114919128417968750e+02
7.605670928955078125e+01,1.032347030639648438e+02
5.779768371582031250e+01,9.852297973632812500e+01
4.962739562988281250e+01,8.314050292968750000e+01
4.996792602539062500e+01,8.586917114257812500e+01
1.104983901977539062e+02,1.340395965576171875e+02
1.009750595092773438e+02,1.092903137207031250e+02
8.967596435546875000e+01,1.227597885131835938e+02
1.031982803344726562e+02,1.278910369873046875e+02
7.572295379638671875e+01,1.104792022705078125e+02
1.112972793579101562e+02,1.290957641601562500e+02
7.379789733886718750e+01,1.093931884765625000e+02
1.070119628906250000e+02,1.274375381469726562e+02
9.801371002197265625e+01,1.255961151123046875e+02
5.799636840820312500e+01,1.083991546630859375e+02
1.105610733032226562e+02,1.289303436279296875e+02
9.414698028564453125e+01,1.254489288330078125e+02
1.158981094360351562e+02,1.322377319335937500e+02
1.104606399536132812e+02,1.298970336914062500e+02
1.157977371215820312e+02,1.308193206787109375e+02
1.177043228149414062e+02,1.345893859863281250e+02
1.161128158569335938e+02,1.333323364257812500e+02
1.129134750366210938e+02,1.292619323730468750e+02
1.029316406250000000e+02,1.285994873046875000e+02
9.704274749755859375e+01,1.236681594848632812e+02
1.104413528442382812e+02,1.284914550781250000e+02
9.429170989990234375e+01,1.250245666503906250e+02
8.959586334228515625e+01,1.234268417358398438e+02
9.976258087158203125e+01,1.253486938476562500e+02
1.195804443359375000e+02,1.312853393554687500e+02
9.934915924072265625e+01,1.083732757568359375e+02
1.153338699340820312e+02,1.267470703125000000e+02
1.104306411743164062e+02,1.184789581298828125e+02
1.043304824829101562e+02,1.176895446777343750e+02
9.749315643310546875e+01,1.042853393554687500e+02
9.520680999755859375e+01,1.051519317626953125e+02
8.476078796386718750e+01,1.003476562500000000e+02
8.670066070556640625e+01,9.594438934326171875e+01
1.145511245727539062e+02,1.202601623535156250e+02
1.192570114135742188e+02,1.290979309082031250e+02
1.117420883178710938e+02,1.239843444824218750e+02
1.236001892089843750e+02,1.308333129882812500e+02
1.205587081909179688e+02,1.287320251464843750e+02
1.146722793579101562e+02,1.237721099853515625e+02
1.059359512329101562e+02,1.147687072753906250e+02
8.619753265380859375e+01,1.018625183105468750e+02
8.402503204345703125e+01,1.008344268798828125e+02
1.036212158203125000e+02,1.077525634765625000e+02
6.509447479248046875e+01,7.710355377197265625e+01
1.128239059448242188e+02,1.206207733154296875e+02
9.686998748779296875e+01,1.000367126464843750e+02
8.940335845947265625e+01,9.200350952148437500e+01
9.292053222656250000e+01,9.545800781250000000e+01
1.012309951782226562e+02,1.054884490966796875e+02
9.516934967041015625e+01,1.012563171386718750e+02
9.405819702148437500e+01,9.923500061035156250e+01
9.901345062255859375e+01,1.023562011718750000e+02
8.095630645751953125e+01,9.270645141601562500e+01
7.146205902099609375e+01,8.273022460937500000e+01
9.024188995361328125e+01,1.344178771972656250e+02
8.252423858642578125e+01,1.256686706542968750e+02
5.709350585937500000e+01,1.053280792236328125e+02
9.193285369873046875e+01,1.319748229980468750e+02
9.776586914062500000e+01,1.381052856445312500e+02
3.981006240844726562e+01,8.835590362548828125e+01
1.069055175781250000e+02,1.374064331054687500e+02
9.666122436523437500e+01,1.328002624511718750e+02
6.195750427246093750e+01,1.211307983398437500e+02
1.023218383789062500e+02,1.234386444091796875e+02
9.230912017822265625e+01,1.249668579101562500e+02
8.185858917236328125e+01,1.218864288330078125e+02
8.414577484130859375e+01,1.194660720825195312e+02
1.003518676757812500e+02,1.143112030029296875e+02
1.141495437622070312e+02,1.361926116943359375e+02
1.065246658325195312e+02,1.239048919677734375e+02
4.483557128906250000e+01,7.438346862792968750e+01
4.184011840820312500e+01,9.796998596191406250e+01
5.020195007324218750e+01,1.023389282226562500e+02
6.774034881591796875e+01,1.078737030029296875e+02
5.392129516601562500e+01,1.097850418090820312e+02
6.335142135620117188e+01,9.939971923828125000e+01
6.714134216308593750e+01,1.156698760986328125e+02
7.440801239013671875e+01,1.240362777709960938e+02
5.908554077148437500e+01,9.356435394287109375e+01
5.408479309082031250e+01,7.523577117919921875e+01
5.283914184570312500e+01,1.059220428466796875e+02
7.388536834716796875e+01,1.060818786621093750e+02
6.154080200195312500e+01,9.981294250488281250e+01
7.295168304443359375e+01,1.140205154418945312e+02
9.603686523437500000e+01,1.284027404785156250e+02
8.753598022460937500e+01,1.190307235717773438e+02
9.094661712646484375e+01,1.257827606201171875e+02
7.501337432861328125e+01,1.123021087646484375e+02
1.052782821655273438e+02,1.263092117309570312e+02
1.199874649047851562e+02,1.276021652221679688e+02
9.843868255615234375e+01,1.206420669555664062e+02
1.067900161743164062e+02,1.294641723632812500e+02
8.542196655273437500e+01,1.086078414916992188e+02
9.399172210693359375e+01,1.268921051025390625e+02
7.617146301269531250e+01,1.281339874267578125e+02
6.194244003295898438e+01,1.238090362548828125e+02
3.776754760742187500e+01,8.566419982910156250e+01
6.635342407226562500e+01,1.103761901855468750e+02
6.741173553466796875e+01,1.094793167114257812e+02
3.782299804687500000e+01,8.471597290039062500e+01
1.037802352905273438e+02,1.321968688964843750e+02
1.016120071411132812e+02,1.032336120605468750e+02
1.172992553710937500e+02,1.155981369018554688e+02
8.774969482421875000e+01,1.277104568481445312e+02
1.030940780639648438e+02,1.268752746582031250e+02
5.547552490234375000e+01,9.465428161621093750e+01
1.109382095336914062e+02,1.348771667480468750e+02
1.106879501342773438e+02,1.374244689941406250e+02
1.211498641967773438e+02,1.427220306396484375e+02
1.227549209594726562e+02,1.462669677734375000e+02
1.026897888183593750e+02,1.351753845214843750e+02
1.056839981079101562e+02,1.356594085693359375e+02
1.133590927124023438e+02,1.355278778076171875e+02
1.107429428100585938e+02,1.360948181152343750e+02
7.870198059082031250e+01,1.036279754638671875e+02
1.111957931518554688e+02,1.310712280273437500e+02
9.357250976562500000e+01,1.285515441894531250e+02
8.841802978515625000e+01,1.302727966308593750e+02
8.747515869140625000e+01,1.303908538818359375e+02
9.663939666748046875e+01,1.331775970458984375e+02
8.171720886230468750e+01,1.050151062011718750e+02
8.632128906250000000e+01,1.207246246337890625e+02
1.180733261108398438e+02,1.423115997314453125e+02
9.125484466552734375e+01,1.027048034667968750e+02
8.547521972656250000e+01,9.362076568603515625e+01
1.067918167114257812e+02,1.361688842773437500e+02
8.683530426025390625e+01,1.055065002441406250e+02
1.155777053833007812e+02,1.410685424804687500e+02
9.860043334960937500e+01,1.315760650634765625e+02
1.059004745483398438e+02,1.366932983398437500e+02
8.646309661865234375e+01,1.171101989746093750e+02
9.254511260986328125e+01,1.281232452392578125e+02
1.154795532226562500e+02,1.363477478027343750e+02
1.352628021240234375e+02,1.364510192871093750e+02
1.245432128906250000e+02,1.273007049560546875e+02
1.278908996582031250e+02,1.447600708007812500e+02
1.039395828247070312e+02,1.289987945556640625e+02
1.208888854980468750e+02,1.358119506835937500e+02
1.193233871459960938e+02,1.383398590087890625e+02
8.226013183593750000e+01,1.254878234863281250e+02
9.936119842529296875e+01,1.253614196777343750e+02
1.124630966186523438e+02,1.322326660156250000e+02
1.141122817993164062e+02,1.354288787841796875e+02
1.082677612304687500e+02,1.321140136718750000e+02
1.008620529174804688e+02,1.329198913574218750e+02
7.578968811035156250e+01,1.051647796630859375e+02
9.549182128906250000e+01,1.214816131591796875e+02
9.440427398681640625e+01,1.198982543945312500e+02
7.384225463867187500e+01,9.024539184570312500e+01
7.392438507080078125e+01,9.540749359130859375e+01
7.175962066650390625e+01,9.033450317382812500e+01
5.467660522460937500e+01,8.835835266113281250e+01
8.938552093505859375e+01,1.186424407958984375e+02
6.289721679687500000e+01,9.974319458007812500e+01
7.960010528564453125e+01,1.121220855712890625e+02
7.459640502929687500e+01,9.536410522460937500e+01
7.141152191162109375e+01,8.835794067382812500e+01
5.813077926635742188e+01,8.707167053222656250e+01
1.020838928222656250e+02,1.263759384155273438e+02
6.403673553466796875e+01,9.448442077636718750e+01
1.063740463256835938e+02,1.120760650634765625e+02
1.085463867187500000e+02,1.276539916992187500e+02
1.187941284179687500e+02,1.313106842041015625e+02
1.153732528686523438e+02,1.230603713989257812e+02
6.399769973754882812e+01,1.098899459838867188e+02
8.516983795166015625e+01,1.222353286743164062e+02
7.791208648681640625e+01,1.264342346191406250e+02
4.746247482299804688e+01,8.290405273437500000e+01
4.395964050292968750e+01,8.129676055908203125e+01
6.092343521118164062e+01,1.075789031982421875e+02
3.932972335815429688e+01,8.165885925292968750e+01
5.233758544921875000e+01,9.941030883789062500e+01
7.999040985107421875e+01,1.043903732299804688e+02
9.625354003906250000e+01,1.176953201293945312e+02
8.297136688232421875e+01,1.195729522705078125e+02
6.880991363525390625e+01,1.060882110595703125e+02
9.174094390869140625e+01,1.108677978515625000e+02
8.449288177490234375e+01,1.067008438110351562e+02
1.063674545288085938e+02,1.300506286621093750e+02
8.152834320068359375e+01,1.157711868286132812e+02
6.419518280029296875e+01,9.391596984863281250e+01
9.291223144531250000e+01,1.035403518676757812e+02
9.701700592041015625e+01,1.208216247558593750e+02
1.135790634155273438e+02,1.347526855468750000e+02
9.635102081298828125e+01,1.246992721557617188e+02
5.821043777465820312e+01,8.928652954101562500e+01
7.228678131103515625e+01,1.092889938354492188e+02
1.009755249023437500e+02,1.228706054687500000e+02
1.043460998535156250e+02,1.283126220703125000e+02
1.028684158325195312e+02,1.277434463500976562e+02
8.920253753662109375e+01,1.047936553955078125e+02
9.378818511962890625e+01,1.206372528076171875e+02
8.334168243408203125e+01,1.107069091796875000e+02
9.216660308837890625e+01,1.127788085937500000e+02
8.883498382568359375e+01,1.205854949951171875e+02
7.577192687988281250e+01,1.205116882324218750e+02
8.225569915771484375e+01,1.021569976806640625e+02
5.032646179199218750e+01,7.296618652343750000e+01
8.890072631835937500e+01,1.097179565429687500e+02
6.369057083129882812e+01,9.834960937500000000e+01
9.772463226318359375e+01,1.286129760742187500e+02
6.043377685546875000e+01,9.526992797851562500e+01
1.000129928588867188e+02,1.347749938964843750e+02
1.131052627563476562e+02,1.433943328857421875e+02
9.991140747070312500e+01,1.341103363037109375e+02
9.601253509521484375e+01,1.326381225585937500e+02
5.934804153442382812e+01,1.084020996093750000e+02
1.069383926391601562e+02,1.303295898437500000e+02
9.199676513671875000e+01,1.118759460449218750e+02
4.363466262817382812e+01,6.654661560058593750e+01
6.915280914306640625e+01,1.164641723632812500e+02
1.075962753295898438e+02,1.224330902099609375e+02
9.699558258056640625e+01,1.092798004150390625e+02
9.116541290283203125e+01,1.097850799560546875e+02
7.622678375244140625e+01,1.093276824951171875e+02
5.413415527343750000e+01,8.119963836669921875e+01
9.092853546142578125e+01,1.253638000488281250e+02
9.114849853515625000e+01,1.156490173339843750e+02
9.737518310546875000e+01,1.208817672729492188e+02
9.334922027587890625e+01,1.240406341552734375e+02
8.851442718505859375e+01,1.205430755615234375e+02
7.426657104492187500e+01,1.113739471435546875e+02
5.404484558105468750e+01,7.853687286376953125e+01
7.187593078613281250e+01,9.207623291015625000e+01
4.709056472778320312e+01,7.519624328613281250e+01
4.559163284301757812e+01,7.393338012695312500e+01
3.938805389404296875e+01,6.975143432617187500e+01
8.267816925048828125e+01,1.013184051513671875e+02
9.274051666259765625e+01,1.164063796997070312e+02
1.004165725708007812e+02,1.221071929931640625e+02
9.131716156005859375e+01,1.182038269042968750e+02
8.851340484619140625e+01,1.075134735107421875e+02
1.127976684570312500e+02,1.321391296386718750e+02
1.149554672241210938e+02,1.370170593261718750e+02
1.150394668579101562e+02,1.215671768188476562e+02
1.086538467407226562e+02,1.187061309814453125e+02
6.328626632690429688e+01,9.638826751708984375e+01
7.783214569091796875e+01,1.114240417480468750e+02
6.658780670166015625e+01,1.044458007812500000e+02
1.061557006835937500e+02,1.343948669433593750e+02
9.053464508056640625e+01,1.084575500488281250e+02
7.516031646728515625e+01,1.017090759277343750e+02
1.002981643676757812e+02,1.331741638183593750e+02
1.096815795898437500e+02,1.360571899414062500e+02
8.360046386718750000e+01,1.086035156250000000e+02
8.631855010986328125e+01,1.275830001831054688e+02
6.806025695800781250e+01,1.094062805175781250e+02
9.058652496337890625e+01,1.238360061645507812e+02
8.377365875244140625e+01,1.179516372680664062e+02
5.913120651245117188e+01,8.447068786621093750e+01
8.478568267822265625e+01,1.276656646728515625e+02
7.642444610595703125e+01,1.049673004150390625e+02
1.021039199829101562e+02,1.371964721679687500e+02
7.552335357666015625e+01,1.190212860107421875e+02
1.079895248413085938e+02,1.286035156250000000e+02
9.104474639892578125e+01,1.264349975585937500e+02
7.464492797851562500e+01,1.140592117309570312e+02
7.806366729736328125e+01,1.293079528808593750e+02
7.563270568847656250e+01,1.129369964599609375e+02
6.908451843261718750e+01,1.010246582031250000e+02
6.330006027221679688e+01,1.172780380249023438e+02
5.827621841430664062e+01,1.086353454589843750e+02
6.951146697998046875e+01,1.152709197998046875e+02
5.746720886230468750e+01,1.049805068969726562e+02
1.024639511108398438e+02,1.400534820556640625e+02
6.844459533691406250e+01,1.079114913940429688e+02
6.478107452392578125e+01,9.904530334472656250e+01
6.181114578247070312e+01,9.682591247558593750e+01
2.936821556091308594e+01,6.124887084960937500e+01
3.097119140625000000e+01,7.241757202148437500e+01
7.258892822265625000e+01,1.142317199707031250e+02
5.604942321777343750e+01,8.931193542480468750e+01
5.017435073852539062e+01,8.381250762939453125e+01
3.372354507446289062e+01,7.823992919921875000e+01
8.517373657226562500e+01,1.264628906250000000e+02
7.335889434814453125e+01,1.153831253051757812e+02
8.040601348876953125e+01,1.245553817749023438e+02
7.860466766357421875e+01,1.036809997558593750e+02
8.957318115234375000e+01,1.294551086425781250e+02
3.270162963867187500e+01,9.862721252441406250e+01
8.750994873046875000e+01,1.190093841552734375e+02
6.537164306640625000e+01,1.058264007568359375e+02
1.108218612670898438e+02,1.337199554443359375e+02
1.094032897949218750e+02,1.427280273437500000e+02
1.132650756835937500e+02,1.319289855957031250e+02
1.073788452148437500e+02,1.266572113037109375e+02
8.633437347412109375e+01,1.201958007812500000e+02
1.151392822265625000e+02,1.417853698730468750e+02
9.595080566406250000e+01,1.157841262817382812e+02
8.525844573974609375e+01,1.094582443237304688e+02
9.294809722900390625e+01,1.209390106201171875e+02
1.041178359985351562e+02,1.356338500976562500e+02
7.445859527587890625e+01,1.079533843994140625e+02
1.035297851562500000e+02,1.118239288330078125e+02
1.148268127441406250e+02,1.180789031982421875e+02
8.850418853759765625e+01,1.030249023437500000e+02
9.173746490478515625e+01,1.261724472045898438e+02
4.716621398925781250e+01,8.971525573730468750e+01
4.743901443481445312e+01,7.922919464111328125e+01
3.720147705078125000e+01,7.574597167968750000e+01
9.189392852783203125e+01,1.082339324951171875e+02
6.607018280029296875e+01,7.989855957031250000e+01
7.140335845947265625e+01,1.013280334472656250e+02
1.115353164672851562e+02,1.338691101074218750e+02
9.389122772216796875e+01,1.268999786376953125e+02
7.452698516845703125e+01,1.064039382934570312e+02
9.599822998046875000e+01,1.356014099121093750e+02
6.963463592529296875e+01,1.117782135009765625e+02
3.101498603820800781e+01,6.133531188964843750e+01
1.090262832641601562e+02,1.329431457519531250e+02
8.121843719482421875e+01,1.149643249511718750e+02
1.015342941284179688e+02,1.390701599121093750e+02
1.012690200805664062e+02,1.369916992187500000e+02
8.547968292236328125e+01,1.186911239624023438e+02
8.886728668212890625e+01,1.253101654052734375e+02
6.725917053222656250e+01,9.907125854492187500e+01
7.798664093017578125e+01,1.194702453613281250e+02
1.153674621582031250e+02,1.415241394042968750e+02
1.075643692016601562e+02,1.349336853027343750e+02
4.721038818359375000e+01,8.710810852050781250e+01
7.202445983886718750e+01,1.120278015136718750e+02
3.847184371948242188e+01,8.088259887695312500e+01
6.846047973632812500e+01,1.067982177734375000e+02
4.318832397460937500e+01,8.386761474609375000e+01
5.878985214233398438e+01,9.985211181640625000e+01
4.917609024047851562e+01,8.993014526367187500e+01
1.033337173461914062e+02,1.337558441162109375e+02
9.322858428955078125e+01,1.290899200439453125e+02
9.664444732666015625e+01,1.062126693725585938e+02
1.134339370727539062e+02,1.354075622558593750e+02
1.138198852539062500e+02,1.413643646240234375e+02
1.076347656250000000e+02,1.407003479003906250e+02
9.927443695068359375e+01,1.277502670288085938e+02
1.174603042602539062e+02,1.249852600097656250e+02
1.097075576782226562e+02,1.200240783691406250e+02
1.255310287475585938e+02,1.251663436889648438e+02
1.100172348022460938e+02,1.282837524414062500e+02
1.159058227539062500e+02,1.364149627685546875e+02
9.072431182861328125e+01,1.203385086059570312e+02
1.157126693725585938e+02,1.134452819824218750e+02
7.986614227294921875e+01,9.909604644775390625e+01
1.195445861816406250e+02,1.410257110595703125e+02
1.080567321777343750e+02,1.373764343261718750e+02
6.932773590087890625e+01,9.172871398925781250e+01
9.124289703369140625e+01,1.198065338134765625e+02
6.080744934082031250e+01,9.108403015136718750e+01
3.064912605285644531e+01,5.912373733520507812e+01
5.933293533325195312e+01,1.000944595336914062e+02
6.958180236816406250e+01,9.832862854003906250e+01
8.232035064697265625e+01,1.029584197998046875e+02
1.097404785156250000e+02,1.278972396850585938e+02
1.202087020874023438e+02,1.393691711425781250e+02
1.120123062133789062e+02,1.325418701171875000e+02
1.064643173217773438e+02,1.349918518066406250e+02
4.374462509155273438e+01,7.671283721923828125e+01
8.387781524658203125e+01,9.221557617187500000e+01
1.096156539916992188e+02,1.256595153808593750e+02
1.194341812133789062e+02,1.398969421386718750e+02
8.002925872802734375e+01,9.761418151855468750e+01
6.744953918457031250e+01,1.056267623901367188e+02
6.901047515869140625e+01,9.108255004882812500e+01
9.691535186767578125e+01,1.249230499267578125e+02
7.009097290039062500e+01,1.028891525268554688e+02
7.282877349853515625e+01,9.908180236816406250e+01
6.936539459228515625e+01,1.041791839599609375e+02
9.367336273193359375e+01,1.218687438964843750e+02
4.957152938842773438e+01,9.378439331054687500e+01
1.230234375000000000e+02,1.304321136474609375e+02
9.912467193603515625e+01,1.153432159423828125e+02
1.199357299804687500e+02,1.318266296386718750e+02
1.181073989868164062e+02,1.306845397949218750e+02
1.258054428100585938e+02,1.352379150390625000e+02
1.219755020141601562e+02,1.330961914062500000e+02
1.229245834350585938e+02,1.326438140869140625e+02
1.266389083862304688e+02,1.341240844726562500e+02
1.244626083374023438e+02,1.303340148925781250e+02
3.834336853027343750e+01,6.026770401000976562e+01
9.678263092041015625e+01,1.150226287841796875e+02
8.651730346679687500e+01,1.174016113281250000e+02
1.064010238647460938e+02,1.217844848632812500e+02
7.474198150634765625e+01,1.111147308349609375e+02
7.193444824218750000e+01,1.091295547485351562e+02
8.970064544677734375e+01,1.167915191650390625e+02
9.254920196533203125e+01,1.170460968017578125e+02
9.917333984375000000e+01,1.241848907470703125e+02
9.506872558593750000e+01,1.210963363647460938e+02
6.799542236328125000e+01,1.117788696289062500e+02
5.643730545043945312e+01,1.080806884765625000e+02
3.085146141052246094e+01,8.914660644531250000e+01
1.271502761840820312e+02,1.370833740234375000e+02
1.272279129028320312e+02,1.368690795898437500e+02
7.763186645507812500e+01,9.758767700195312500e+01
4.076774215698242188e+01,8.707499694824218750e+01
1.817540931701660156e+01,6.719297790527343750e+01
1.119048690795898438e+02,1.214426574707031250e+02
9.274404144287109375e+01,1.078318099975585938e+02
5.049009704589843750e+01,7.151590728759765625e+01
5.386745834350585938e+01,6.141483306884765625e+01
4.606403732299804688e+01,6.609508514404296875e+01
7.146588897705078125e+01,1.118756942749023438e+02
4.194089126586914062e+01,9.380441284179687500e+01
3.625956726074218750e+01,9.015809631347656250e+01
3.801910018920898438e+01,9.187628173828125000e+01
3.972045516967773438e+01,9.265698242187500000e+01
6.717922210693359375e+01,1.039985198974609375e+02
7.269451141357421875e+01,1.109591827392578125e+02
4.815611267089843750e+01,9.017369079589843750e+01
8.817882537841796875e+01,1.177161407470703125e+02
6.083997726440429688e+01,1.068057250976562500e+02
6.474573516845703125e+01,1.054327697753906250e+02
6.029042053222656250e+01,1.022265625000000000e+02
7.362615966796875000e+01,1.120017700195312500e+02
1.076413574218750000e+02,1.224604187011718750e+02
1.069352035522460938e+02,1.211925659179687500e+02
1.063927383422851562e+02,1.211542816162109375e+02
5.220147323608398438e+01,9.296424865722656250e+01
8.641418457031250000e+01,1.073990249633789062e+02
5.499473953247070312e+01,9.778656005859375000e+01
8.808193969726562500e+01,1.096647949218750000e+02
1.101793518066406250e+02,1.281285095214843750e+02
5.943165969848632812e+01,9.889949035644531250e+01
1.084932022094726562e+02,1.429412231445312500e+02
7.063647460937500000e+01,9.728402709960937500e+01
5.439030075073242188e+01,7.555393981933593750e+01
3.126481819152832031e+01,6.355719757080078125e+01
5.529725646972656250e+01,7.638372802734375000e+01
5.683054733276367188e+01,7.980402374267578125e+01
5.799638748168945312e+01,7.975781250000000000e+01
5.540252304077148438e+01,7.811325073242187500e+01
1.107036514282226562e+02,1.259675521850585938e+02
6.967502593994140625e+01,9.053890991210937500e+01
7.686074066162109375e+01,1.023730773925781250e+02
7.810784149169921875e+01,1.012680206298828125e+02
4.082801818847656250e+01,1.155500030517578125e+02
6.215277099609375000e+01,1.063674621582031250e+02
9.092081451416015625e+01,1.204096603393554688e+02
9.965939331054687500e+01,1.235185852050781250e+02
9.210293579101562500e+01,1.192340850830078125e+02
1.175974121093750000e+02,1.335381774902343750e+02
1.033700942993164062e+02,1.249889678955078125e+02
1.180100021362304688e+02,1.344636688232421875e+02
1.080430984497070312e+02,1.257254867553710938e+02
1.147314987182617188e+02,1.386153717041015625e+02
8.494304656982421875e+01,1.201099090576171875e+02
9.769612884521484375e+01,1.181044235229492188e+02
7.617153167724609375e+01,1.065330200195312500e+02
6.940668487548828125e+01,9.998799133300781250e+01
6.654808807373046875e+01,9.882730865478515625e+01
6.757495880126953125e+01,9.736788940429687500e+01
6.784557342529296875e+01,9.983170318603515625e+01
1.026620254516601562e+02,1.212305908203125000e+02
1.240878524780273438e+02,1.252423782348632812e+02
1.218883056640625000e+02,1.234749069213867188e+02
9.469244384765625000e+01,1.154864807128906250e+02
1.140216445922851562e+02,1.380919952392578125e+02
6.859146881103515625e+01,9.952859497070312500e+01
9.942259979248046875e+01,1.281791229248046875e+02
3.513486862182617188e+01,6.316648101806640625e+01
8.033324432373046875e+01,1.060795211791992188e+02
8.227066040039062500e+01,9.489836883544921875e+01
9.181414794921875000e+01,1.193949737548828125e+02
9.314762115478515625e+01,1.292947387695312500e+02
8.878202056884765625e+01,1.176568450927734375e+02
7.403849029541015625e+01,9.995944213867187500e+01
8.459278106689453125e+01,1.166279220581054688e+02
9.934372711181640625e+01,1.223313751220703125e+02
1.187438583374023438e+02,1.301750488281250000e+02
3.572580337524414062e+01,7.019165039062500000e+01
1.173214340209960938e+02,1.328401947021484375e+02
1.154626159667968750e+02,1.289856109619140625e+02
9.790207672119140625e+01,1.148885192871093750e+02
1.044809799194335938e+02,1.202389984130859375e+02
1.208541870117187500e+02,1.284659729003906250e+02
1.264932174682617188e+02,1.354724731445312500e+02
1.290447540283203125e+02,1.367533264160156250e+02
6.337968444824218750e+01,9.504148864746093750e+01
1.195959701538085938e+02,1.339534301757812500e+02
1.041503295898437500e+02,1.226717224121093750e+02
1.058162460327148438e+02,1.231436462402343750e+02
4.654561233520507812e+01,8.210329437255859375e+01
8.509940338134765625e+01,1.104622726440429688e+02
1.196965713500976562e+02,1.346766662597656250e+02
7.892364501953125000e+01,1.048510665893554688e+02
1.044981307983398438e+02,1.221042175292968750e+02
8.036401367187500000e+01,1.064665832519531250e+02
4.999612045288085938e+01,7.560585021972656250e+01
6.114863967895507812e+01,8.526721191406250000e+01
1.104209976196289062e+02,1.276583862304687500e+02
9.186907196044921875e+01,1.119586410522460938e+02
9.082724761962890625e+01,1.097506027221679688e+02
5.830027389526367188e+01,8.008338928222656250e+01
7.360360717773437500e+01,9.283810424804687500e+01
9.284247589111328125e+01,1.100200576782226562e+02
1.118683242797851562e+02,1.208201904296875000e+02
8.998480224609375000e+01,1.152429428100585938e+02
1.151800003051757812e+02,1.307596130371093750e+02
8.491053009033203125e+01,1.124372558593750000e+02
6.420011901855468750e+01,9.218479919433593750e+01
6.351173400878906250e+01,9.206849670410156250e+01
6.067285156250000000e+01,9.089268493652343750e+01
1.144636001586914062e+02,1.305917816162109375e+02
9.670223236083984375e+01,1.164799346923828125e+02
1.145847396850585938e+02,1.272870788574218750e+02
6.051530838012695312e+01,8.549154663085937500e+01
9.979540252685546875e+01,1.163269348144531250e+02
8.255167388916015625e+01,1.072905426025390625e+02
9.366552734375000000e+01,1.105080871582031250e+02
6.166481399536132812e+01,9.660049438476562500e+01
6.439896392822265625e+01,9.419772338867187500e+01
8.073915863037109375e+01,1.034542007446289062e+02
8.826708984375000000e+01,1.098613739013671875e+02
9.449956512451171875e+01,1.147251358032226562e+02
8.882363128662109375e+01,1.104371337890625000e+02
8.658356475830078125e+01,1.099331588745117188e+02
1.112641830444335938e+02,1.226917037963867188e+02
1.112177124023437500e+02,1.232699813842773438e+02
6.225806808471679688e+01,8.806036376953125000e+01
5.970707321166992188e+01,8.721075439453125000e+01
8.986950683593750000e+01,1.092625274658203125e+02
1.108394165039062500e+02,1.289172821044921875e+02
7.563269042968750000e+01,9.421551513671875000e+01
5.882770919799804688e+01,8.214956665039062500e+01
7.436955261230468750e+01,9.616236877441406250e+01
7.222184753417968750e+01,9.516455078125000000e+01
7.791617584228515625e+01,1.051747055053710938e+02
1.035002365112304688e+02,1.190186157226562500e+02
7.825048828125000000e+01,1.072024841308593750e+02
7.837264251708984375e+01,1.104495086669921875e+02
8.916367340087890625e+01,1.142429962158203125e+02
8.350027465820312500e+01,1.130380630493164062e+02
9.455923461914062500e+01,1.195985565185546875e+02
1.084912109375000000e+02,1.273461380004882812e+02
8.528015136718750000e+01,1.156870727539062500e+02
6.112509536743164062e+01,8.970013427734375000e+01
6.552150726318359375e+01,9.486021423339843750e+01
7.259210968017578125e+01,9.998130798339843750e+01
6.205293655395507812e+01,9.384416198730468750e+01
6.528791046142578125e+01,9.647287750244140625e+01
5.799930953979492188e+01,8.984185791015625000e+01
1.149893569946289062e+02,1.318994903564453125e+02
9.490464019775390625e+01,1.183122863769531250e+02
9.818686676025390625e+01,1.184783020019531250e+02
7.680799102783203125e+01,1.005699157714843750e+02
4.502512741088867188e+01,7.676275634765625000e+01
5.453833007812500000e+01,8.358049011230468750e+01
6.146366500854492188e+01,8.859463500976562500e+01
1.015210342407226562e+02,1.220649032592773438e+02
1.071044921875000000e+02,1.275599212646484375e+02
4.206731033325195312e+01,9.505230712890625000e+01
1.129407043457031250e+02,1.318826599121093750e+02
5.895761108398437500e+01,8.251707458496093750e+01
3.321175384521484375e+01,6.073997116088867188e+01
8.825809478759765625e+01,1.241894531250000000e+02
5.698596191406250000e+01,1.081087036132812500e+02
8.336754608154296875e+01,1.237161788940429688e+02
3.222816848754882812e+01,1.049490966796875000e+02
4.293556594848632812e+01,7.050811767578125000e+01
5.783877182006835938e+01,9.291230773925781250e+01
1.219445495605468750e+02,1.248315887451171875e+02
1.041447525024414062e+02,1.122655181884765625e+02
6.682876586914062500e+01,8.275799560546875000e+01
5.549003219604492188e+01,6.791575622558593750e+01
3.510219955444335938e+01,5.827574157714843750e+01
3.923416137695312500e+01,6.994512176513671875e+01
3.676265716552734375e+01,6.689304351806640625e+01
3.350608444213867188e+01,6.359959411621093750e+01
3.694003677368164062e+01,6.930386352539062500e+01
4.843920516967773438e+01,8.486097717285156250e+01
3.674990463256835938e+01,6.941674804687500000e+01
4.207883834838867188e+01,7.448385620117187500e+01
3.827058792114257812e+01,6.969963836669921875e+01
3.806120300292968750e+01,6.752830505371093750e+01
3.845309066772460938e+01,7.144601440429687500e+01
4.000403976440429688e+01,7.157147216796875000e+01
3.597849655151367188e+01,6.875688171386718750e+01
3.671634292602539062e+01,6.826467895507812500e+01
3.804458999633789062e+01,7.094638061523437500e+01
3.995026016235351562e+01,7.147274780273437500e+01
4.026175689697265625e+01,6.958174133300781250e+01
4.069024276733398438e+01,7.342126464843750000e+01
4.401329421997070312e+01,7.450004577636718750e+01
5.136168289184570312e+01,8.479312133789062500e+01
3.907522201538085938e+01,6.641896057128906250e+01
4.184766387939453125e+01,7.054470825195312500e+01
4.308337020874023438e+01,7.131181335449218750e+01
4.140439224243164062e+01,6.754849243164062500e+01
3.226339721679687500e+01,6.191976165771484375e+01
3.530224227905273438e+01,6.820360565185546875e+01
3.247451019287109375e+01,6.141620254516601562e+01
4.550680923461914062e+01,7.993252563476562500e+01
3.559412002563476562e+01,7.018695068359375000e+01
3.785708999633789062e+01,7.210354614257812500e+01
4.033384704589843750e+01,7.237195587158203125e+01
4.225020980834960938e+01,7.498522186279296875e+01
4.419075393676757812e+01,7.356111145019531250e+01
3.240199661254882812e+01,5.322212219238281250e+01
3.340208435058593750e+01,5.379142761230468750e+01
1.051318740844726562e+02,1.114161300659179688e+02
9.472232818603515625e+01,9.942517089843750000e+01
6.716663360595703125e+01,8.432481384277343750e+01
6.118856430053710938e+01,7.776098632812500000e+01
6.808383941650390625e+01,7.968835449218750000e+01
4.855287170410156250e+01,6.387786865234375000e+01
5.701035690307617188e+01,6.534442138671875000e+01
8.231118774414062500e+01,9.023502349853515625e+01
9.955234527587890625e+01,1.018679504394531250e+02
6.700717163085937500e+01,7.585935974121093750e+01
5.648949813842773438e+01,6.924416351318359375e+01
6.734366607666015625e+01,7.559838867187500000e+01
8.003682708740234375e+01,9.216203308105468750e+01
9.767459106445312500e+01,1.013625793457031250e+02
1.079596481323242188e+02,1.102343597412109375e+02
5.563318252563476562e+01,6.412123870849609375e+01
6.738816070556640625e+01,7.116165161132812500e+01
8.509571838378906250e+01,8.737843322753906250e+01
7.476126861572265625e+01,8.111492156982421875e+01
1.012745361328125000e+02,1.018362197875976562e+02
9.060671234130859375e+01,9.945864868164062500e+01
8.065919494628906250e+01,9.164343261718750000e+01
9.978859710693359375e+01,1.013453140258789062e+02
5.611654663085937500e+01,6.382118225097656250e+01
8.243185424804687500e+01,8.183889770507812500e+01
6.953351593017578125e+01,7.120938873291015625e+01
1.194397811889648438e+02,1.193394927978515625e+02
7.465536499023437500e+01,8.360197448730468750e+01
9.037924957275390625e+01,9.032434082031250000e+01
1.059251708984375000e+02,1.068482055664062500e+02
5.966033935546875000e+01,6.537405395507812500e+01
9.134360504150390625e+01,9.123608398437500000e+01
1.086030654907226562e+02,1.221388702392578125e+02
7.704957580566406250e+01,9.602879333496093750e+01
5.843902206420898438e+01,8.247566223144531250e+01
9.193555450439453125e+01,9.477323913574218750e+01
4.459896850585937500e+01,7.410774993896484375e+01
5.011856460571289062e+01,7.153538513183593750e+01
5.546352767944335938e+01,9.624819946289062500e+01
3.445084762573242188e+01,6.713117218017578125e+01
9.435478973388671875e+01,1.250188140869140625e+02
1.021233749389648438e+02,1.261787796020507812e+02
9.784740447998046875e+01,1.101271972656250000e+02
1.022073364257812500e+02,1.292504882812500000e+02
9.525989532470703125e+01,1.351845703125000000e+02
5.842506027221679688e+01,1.080154418945312500e+02
6.360375976562500000e+01,1.162279052734375000e+02
4.420686340332031250e+01,9.329824829101562500e+01
1.074531250000000000e+02,1.182086410522460938e+02
4.209091567993164062e+01,1.198048477172851562e+02
4.870564270019531250e+01,7.616823577880859375e+01
4.176150512695312500e+01,6.231784439086914062e+01
2.842796325683593750e+01,5.057817840576171875e+01
4.438578414916992188e+01,1.020009460449218750e+02
6.597000885009765625e+01,1.221965484619140625e+02
4.274483108520507812e+01,1.207714767456054688e+02
7.999168395996093750e+01,1.263774261474609375e+02
4.921488571166992188e+01,1.227621231079101562e+02
5.650639724731445312e+01,1.111497802734375000e+02
5.043992996215820312e+01,1.104231872558593750e+02
3.327460861206054688e+01,1.022631072998046875e+02
2.682698631286621094e+01,8.557826232910156250e+01
3.584603500366210938e+01,1.087349853515625000e+02
3.072565460205078125e+01,9.933605957031250000e+01
4.728105545043945312e+01,1.142830429077148438e+02
8.555959320068359375e+01,1.339740905761718750e+02
3.562873840332031250e+01,1.063982391357421875e+02
4.942796707153320312e+01,1.178166198730468750e+02
6.815915679931640625e+01,1.177907257080078125e+02
6.241711044311523438e+01,1.148911285400390625e+02
4.118722915649414062e+01,1.073032531738281250e+02
6.105013656616210938e+01,1.182565460205078125e+02
5.017201614379882812e+01,1.196744232177734375e+02
5.832648849487304688e+01,1.149623565673828125e+02
3.879210281372070312e+01,1.087649688720703125e+02
5.888653564453125000e+01,1.263349761962890625e+02
4.323051452636718750e+01,1.220507202148437500e+02
7.099178314208984375e+01,1.229817962646484375e+02
8.778265380859375000e+01,1.203050231933593750e+02
4.802528381347656250e+01,1.070090484619140625e+02
3.698490905761718750e+01,1.134250717163085938e+02
3.038368225097656250e+01,1.000218505859375000e+02
3.991444778442382812e+01,1.044728393554687500e+02
4.248700332641601562e+01,1.076707458496093750e+02
3.389441299438476562e+01,9.840010070800781250e+01
5.565917587280273438e+01,1.072293243408203125e+02
4.244448471069335938e+01,1.109743347167968750e+02
4.118617248535156250e+01,1.076395797729492188e+02
5.209065246582031250e+01,1.153400115966796875e+02
5.109899902343750000e+01,1.193776626586914062e+02
5.080508041381835938e+01,1.178811492919921875e+02
1.276319961547851562e+02,1.331165466308593750e+02
1.270743484497070312e+02,1.303466796875000000e+02
1.254224624633789062e+02,1.317754821777343750e+02
1.282192077636718750e+02,1.312484893798828125e+02
1.295018310546875000e+02,1.339067687988281250e+02
1.291616210937500000e+02,1.331168518066406250e+02
1.256865463256835938e+02,1.314931488037109375e+02
1.276029434204101562e+02,1.328579864501953125e+02
1.258797988891601562e+02,1.337540588378906250e+02
1.291771240234375000e+02,1.339400482177734375e+02
1.247479934692382812e+02,1.299623107910156250e+02
1.274876098632812500e+02,1.343703765869140625e+02
1.314900970458984375e+02,1.348088684082031250e+02
1.329649047851562500e+02,1.360642089843750000e+02
1.346090087890625000e+02,1.393502044677734375e+02
1.336273345947265625e+02,1.395538177490234375e+02
2.248191833496093750e+01,6.748187255859375000e+01
1.316640625000000000e+02,1.375320892333984375e+02
6.945423126220703125e+01,1.246085662841796875e+02
1.001665039062500000e+02,1.380127868652343750e+02
9.359708404541015625e+01,1.314554443359375000e+02
7.644056701660156250e+01,1.236091461181640625e+02
9.121894073486328125e+01,1.313840332031250000e+02
1.080584487915039062e+02,1.386015930175781250e+02
1.027253646850585938e+02,1.318168029785156250e+02
8.337843322753906250e+01,1.342367248535156250e+02
1.093070449829101562e+02,1.373762664794921875e+02
1.123981857299804688e+02,1.389615173339843750e+02
1.200689086914062500e+02,1.418871765136718750e+02
1.158140869140625000e+02,1.385606842041015625e+02
1.011353454589843750e+02,1.326300048828125000e+02
9.845497894287109375e+01,1.285058288574218750e+02
1.005803833007812500e+02,1.322233276367187500e+02
1.278500595092773438e+02,1.427774353027343750e+02
1.177287597656250000e+02,1.394974670410156250e+02
1.222777481079101562e+02,1.391652832031250000e+02
1.074952163696289062e+02,1.335811309814453125e+02
1.042085647583007812e+02,1.323041381835937500e+02
7.381415557861328125e+01,1.242688140869140625e+02
9.535113525390625000e+01,1.295714263916015625e+02
8.846042633056640625e+01,1.239081573486328125e+02
1.230057983398437500e+02,1.404611816406250000e+02
1.123388442993164062e+02,1.357364196777343750e+02
9.588712310791015625e+01,1.271077728271484375e+02
9.145960235595703125e+01,1.246066207885742188e+02
1.199932479858398438e+02,1.270546875000000000e+02
1.244169921875000000e+02,1.289123992919921875e+02
1.169755325317382812e+02,1.242460632324218750e+02
7.876768493652343750e+01,9.423818969726562500e+01
1.219334793090820312e+02,1.480841064453125000e+02
1.169925918579101562e+02,1.454549255371093750e+02
1.113994140625000000e+02,1.496381530761718750e+02
1.073580093383789062e+02,1.475641479492187500e+02
1.015409851074218750e+02,1.459961853027343750e+02
6.726311492919921875e+01,1.158358306884765625e+02
7.035907745361328125e+01,1.188983306884765625e+02
8.388022613525390625e+01,1.314106903076171875e+02
1.041054992675781250e+02,1.451696166992187500e+02
9.932831573486328125e+01,1.431246032714843750e+02
7.873266601562500000e+01,1.279457092285156250e+02
5.939718627929687500e+01,1.356163940429687500e+02
9.802463531494140625e+01,1.521159362792968750e+02
1.109168395996093750e+02,1.437005004882812500e+02
8.433119201660156250e+01,1.380204925537109375e+02
7.427385711669921875e+01,1.430662536621093750e+02
5.799295043945312500e+01,1.271225357055664062e+02
6.833443450927734375e+01,1.367314758300781250e+02
9.917181396484375000e+01,1.452183074951171875e+02
6.476560211181640625e+01,1.151092376708984375e+02
5.628850173950195312e+01,1.028629760742187500e+02
5.599351882934570312e+01,1.020316314697265625e+02
3.815233230590820312e+01,8.330909729003906250e+01
7.465851593017578125e+01,1.248216857910156250e+02
5.913199996948242188e+01,1.153936996459960938e+02
3.674681472778320312e+01,8.620567321777343750e+01
9.432343292236328125e+01,1.306548461914062500e+02
7.665195465087890625e+01,1.244777679443359375e+02
4.513575363159179688e+01,8.653903961181640625e+01
8.694570922851562500e+01,1.399306945800781250e+02
8.020561981201171875e+01,1.311006164550781250e+02
8.828583526611328125e+01,1.337773437500000000e+02
4.475958251953125000e+01,8.528826904296875000e+01
3.763368225097656250e+01,8.063285827636718750e+01
4.391848754882812500e+01,9.351609039306640625e+01
3.511218261718750000e+01,7.464200592041015625e+01
9.740042877197265625e+01,1.359891052246093750e+02
9.734952545166015625e+01,1.287976531982421875e+02
9.207503509521484375e+01,1.380513000488281250e+02
1.055055313110351562e+02,1.422789306640625000e+02
7.600966644287109375e+01,1.120233459472656250e+02
1.032598648071289062e+02,1.423800201416015625e+02
1.077360153198242188e+02,1.434316406250000000e+02
7.221778106689453125e+01,1.078724670410156250e+02
7.598807525634765625e+01,9.472473907470703125e+01
4.682304763793945312e+01,9.594085693359375000e+01
1.037087936401367188e+02,1.259210052490234375e+02
1.038260879516601562e+02,1.363255615234375000e+02
1.114412231445312500e+02,1.419619293212890625e+02
1.201344833374023438e+02,1.371627502441406250e+02
9.181488800048828125e+01,1.033646697998046875e+02
1.182060928344726562e+02,1.391572875976562500e+02
3.477120971679687500e+01,9.126887512207031250e+01
6.424886322021484375e+01,1.178175354003906250e+02
8.334842681884765625e+01,1.350179443359375000e+02
9.057269287109375000e+01,1.312218933105468750e+02
8.982637786865234375e+01,1.321136627197265625e+02
7.115949249267578125e+01,1.026927185058593750e+02
6.255664062500000000e+01,1.528916168212890625e+02
6.113685989379882812e+01,1.475013427734375000e+02
6.210800170898437500e+01,1.485311584472656250e+02
4.869435501098632812e+01,1.430535888671875000e+02
1.979098320007324219e+01,5.705342864990234375e+01
6.001570510864257812e+01,1.151113510131835938e+02
9.963838958740234375e+01,1.425844421386718750e+02
5.984595870971679688e+01,9.385838317871093750e+01
4.558909988403320312e+01,9.648074340820312500e+01
5.996545028686523438e+01,9.489474487304687500e+01
9.156568145751953125e+01,1.171417312622070312e+02
1.168708114624023438e+02,1.331617126464843750e+02
9.199747467041015625e+01,1.095385131835937500e+02
8.730861663818359375e+01,1.121883087158203125e+02
6.201922607421875000e+01,9.095095825195312500e+01
8.508733367919921875e+01,1.083827667236328125e+02
8.279380035400390625e+01,1.090788726806640625e+02
1.102940902709960938e+02,1.234488830566406250e+02
7.400743103027343750e+01,1.048540191650390625e+02
9.853786468505859375e+01,1.188028411865234375e+02
1.211067504882812500e+02,1.313362121582031250e+02
6.036697387695312500e+01,9.965704345703125000e+01
7.345005035400390625e+01,1.049553222656250000e+02
9.505319976806640625e+01,1.194385070800781250e+02
9.889949798583984375e+01,1.195085601806640625e+02
1.215272445678710938e+02,1.321816101074218750e+02
7.272467803955078125e+01,1.038739929199218750e+02
1.099846191406250000e+02,1.219200134277343750e+02
1.178479537963867188e+02,1.313249053955078125e+02
1.204498672485351562e+02,1.329476165771484375e+02
1.167406005859375000e+02,1.271918411254882812e+02
1.159378128051757812e+02,1.275092163085937500e+02
1.094351577758789062e+02,1.229124069213867188e+02
1.256958007812500000e+02,1.342922668457031250e+02
1.147374801635742188e+02,1.259793395996093750e+02
8.633428955078125000e+01,1.061594848632812500e+02
1.223695907592773438e+02,1.310942687988281250e+02
9.370735931396484375e+01,1.092678833007812500e+02
8.801980590820312500e+01,1.144191131591796875e+02
8.020928192138671875e+01,1.180149078369140625e+02
8.413069915771484375e+01,1.140769958496093750e+02
1.149031982421875000e+02,1.256687469482421875e+02
1.270495986938476562e+02,1.323731384277343750e+02
1.321550903320312500e+02,1.354259033203125000e+02
1.267311019897460938e+02,1.316848297119140625e+02
1.051537399291992188e+02,1.328488464355468750e+02
7.871094512939453125e+01,1.244253082275390625e+02
9.979654693603515625e+01,1.231046295166015625e+02
1.059927749633789062e+02,1.235367431640625000e+02
6.360891723632812500e+01,8.795111083984375000e+01
1.094987792968750000e+02,1.293061828613281250e+02
6.815300750732421875e+01,1.130221862792968750e+02
8.195955657958984375e+01,1.153966979980468750e+02
1.157495040893554688e+02,1.268161163330078125e+02
9.947003173828125000e+01,1.169477539062500000e+02
6.484925079345703125e+01,1.352293243408203125e+02
7.913944244384765625e+01,1.412209472656250000e+02
5.770347976684570312e+01,1.113700103759765625e+02
6.564309692382812500e+01,9.913111877441406250e+01
1.165151138305664062e+02,1.326125488281250000e+02
1.234041137695312500e+02,1.367956542968750000e+02
1.218004379272460938e+02,1.357792968750000000e+02
1.177981338500976562e+02,1.325983276367187500e+02
1.190845108032226562e+02,1.303614959716796875e+02
1.163080673217773438e+02,1.316544342041015625e+02
1.165371017456054688e+02,1.295324249267578125e+02
1.175794677734375000e+02,1.336710815429687500e+02
1.144537353515625000e+02,1.316468505859375000e+02
8.474744415283203125e+01,1.136349182128906250e+02
1.164862289428710938e+02,1.305657196044921875e+02
1.175069351196289062e+02,1.334667053222656250e+02
1.146421890258789062e+02,1.302884216308593750e+02
7.443735504150390625e+01,1.106589813232421875e+02
1.029865188598632812e+02,1.198125228881835938e+02
1.063592605590820312e+02,1.308231201171875000e+02
8.325875854492187500e+01,1.227918243408203125e+02
1.156999206542968750e+02,1.407251739501953125e+02
2.589009666442871094e+01,6.081653213500976562e+01
4.547000503540039062e+01,1.233036575317382812e+02
4.500976562500000000e+01,1.185334930419921875e+02
5.185215377807617188e+01,1.228195266723632812e+02
3.817459106445312500e+01,9.627555847167968750e+01
9.963526153564453125e+01,1.406192016601562500e+02
4.652386856079101562e+01,1.244902191162109375e+02
2.991923332214355469e+01,7.222379302978515625e+01
1.001473312377929688e+02,1.309593963623046875e+02
1.932334327697753906e+01,7.615693664550781250e+01
1.923566246032714844e+01,7.064254760742187500e+01
1.431602859497070312e+01,7.010197448730468750e+01
2.201860809326171875e+01,8.339685821533203125e+01
7.333223724365234375e+01,1.274830932617187500e+02
2.490549278259277344e+01,8.816804504394531250e+01
1.687634277343750000e+01,8.260009765625000000e+01
3.413066864013671875e+01,9.169671630859375000e+01
4.269560623168945312e+01,9.086853027343750000e+01
3.869586181640625000e+01,1.134791259765625000e+02
3.835510253906250000e+01,1.132211990356445312e+02
1.872719764709472656e+01,5.088653945922851562e+01
3.069645881652832031e+01,9.434530639648437500e+01
1.880100822448730469e+01,5.530266571044921875e+01
4.494240951538085938e+01,1.091606750488281250e+02
3.365838241577148438e+01,1.020655212402343750e+02
4.772888183593750000e+01,1.180170898437500000e+02
5.948817062377929688e+01,1.149458923339843750e+02
2.972805213928222656e+01,1.061293640136718750e+02
3.527242660522460938e+01,1.206002502441406250e+02
1.834204292297363281e+01,6.571241760253906250e+01
3.208890914916992188e+01,1.055618286132812500e+02
2.399943542480468750e+01,6.482966613769531250e+01
4.871577453613281250e+01,1.231735534667968750e+02
4.769058227539062500e+01,1.242934570312500000e+02
4.051027297973632812e+01,1.064268798828125000e+02
3.009250831604003906e+01,9.363587188720703125e+01
2.888858985900878906e+01,7.665325927734375000e+01
3.904406356811523438e+01,7.827799224853515625e+01
3.744252014160156250e+01,9.394274902343750000e+01
2.885785675048828125e+01,7.896266174316406250e+01
4.499525833129882812e+01,1.144729003906250000e+02
4.218210220336914062e+01,1.182226943969726562e+02
3.532062149047851562e+01,9.845516967773437500e+01
2.785764503479003906e+01,6.273574066162109375e+01
4.872889328002929688e+01,1.159981155395507812e+02
3.638306427001953125e+01,8.328242492675781250e+01
5.122949218750000000e+01,1.138699493408203125e+02
3.967598342895507812e+01,1.040573425292968750e+02
4.690151977539062500e+01,1.052125854492187500e+02
3.913136291503906250e+01,6.752467346191406250e+01
4.584759521484375000e+01,9.535543823242187500e+01
5.459661865234375000e+01,1.171931152343750000e+02
7.745157623291015625e+01,1.299007263183593750e+02
5.338584899902343750e+01,8.659393310546875000e+01
1.075846328735351562e+02,1.347875671386718750e+02
8.956563568115234375e+01,1.285013427734375000e+02
1.059964523315429688e+02,1.356062316894531250e+02
1.057360153198242188e+02,1.328713989257812500e+02
2.430780220031738281e+01,9.364178466796875000e+01
3.518748092651367188e+01,1.115388412475585938e+02
2.725840950012207031e+01,8.900235748291015625e+01
2.412212181091308594e+01,5.608168029785156250e+01
4.016743087768554688e+01,1.121942749023437500e+02
4.127725219726562500e+01,1.129524917602539062e+02
2.776420783996582031e+01,9.743502807617187500e+01
4.177956771850585938e+01,1.041169738769531250e+02
3.788291549682617188e+01,1.141323013305664062e+02
2.878568267822265625e+01,6.180030059814453125e+01
3.276550292968750000e+01,9.321293640136718750e+01
4.955471801757812500e+01,1.123305664062500000e+02
4.697099685668945312e+01,1.018753356933593750e+02
3.943342208862304688e+01,8.215241241455078125e+01
4.364950561523437500e+01,1.135356292724609375e+02
6.855865478515625000e+01,1.270734863281250000e+02
7.056508636474609375e+01,1.219232025146484375e+02
8.999611663818359375e+01,1.329911651611328125e+02
1.089316101074218750e+02,1.204976806640625000e+02
9.734454345703125000e+01,1.196369781494140625e+02
1.087146987915039062e+02,1.234210205078125000e+02
3.081480979919433594e+01,6.896237182617187500e+01
1.985386466979980469e+01,4.768218994140625000e+01
4.104430770874023438e+01,1.017933120727539062e+02
1.103714828491210938e+02,1.182785568237304688e+02
1.071610717773437500e+02,1.167455139160156250e+02
8.728540039062500000e+01,1.005311737060546875e+02
8.373879241943359375e+01,9.866550445556640625e+01
4.072990798950195312e+01,9.590123748779296875e+01
4.826676559448242188e+01,1.013588104248046875e+02
5.108058547973632812e+01,1.063986968994140625e+02
7.597411346435546875e+01,1.235930633544921875e+02
4.738646316528320312e+01,1.052492980957031250e+02
5.894633483886718750e+01,1.052996673583984375e+02
5.724191284179687500e+01,1.037292938232421875e+02
2.980992698669433594e+01,7.870623016357421875e+01
3.792499923706054688e+01,9.804358673095703125e+01
3.804422378540039062e+01,1.020254974365234375e+02
1.338992156982421875e+02,1.379683837890625000e+02
1.247949752807617188e+02,1.318419799804687500e+02
1.121745223999023438e+02,1.103706359863281250e+02
1.037956314086914062e+02,1.138182907104492188e+02
1.291628570556640625e+02,1.309178466796875000e+02
4.058909988403320312e+01,7.870457458496093750e+01
3.248852157592773438e+01,1.023002471923828125e+02
3.192564201354980469e+01,9.342990112304687500e+01
2.643576622009277344e+01,9.157811737060546875e+01
1.128889999389648438e+02,1.302052307128906250e+02
1.151322708129882812e+02,1.270719604492187500e+02
1.219182739257812500e+02,1.313461151123046875e+02
1.325064544677734375e+02,1.408000335693359375e+02
1.102634277343750000e+02,1.213582153320312500e+02
1.189166488647460938e+02,1.303383178710937500e+02
1.226492080688476562e+02,1.326959228515625000e+02
6.710063934326171875e+01,7.138318634033203125e+01
1.284141998291015625e+02,1.379711608886718750e+02
9.943647003173828125e+01,1.068908920288085938e+02
1.294067230224609375e+02,1.376953735351562500e+02
1.181421432495117188e+02,1.277242660522460938e+02
7.490908050537109375e+01,8.936640167236328125e+01
1.176612777709960938e+02,1.279685058593750000e+02
1.225325927734375000e+02,1.367942657470703125e+02
4.521838378906250000e+01,8.844721221923828125e+01
3.693059158325195312e+01,7.822242736816406250e+01
4.461545944213867188e+01,8.441632080078125000e+01
5.112345504760742188e+01,9.071408081054687500e+01
4.492085266113281250e+01,8.582839965820312500e+01
3.994590377807617188e+01,7.910301208496093750e+01
4.649214172363281250e+01,8.662905120849609375e+01
4.678158187866210938e+01,8.759775543212890625e+01
5.020924377441406250e+01,8.718035125732421875e+01
3.722530746459960938e+01,7.697639465332031250e+01
3.675354385375976562e+01,7.470401000976562500e+01
4.510175704956054688e+01,8.416025543212890625e+01
4.640684127807617188e+01,8.447749328613281250e+01
8.597658538818359375e+01,1.204138793945312500e+02
1.065394821166992188e+02,1.278247909545898438e+02
8.748040008544921875e+01,1.208372116088867188e+02
8.158876800537109375e+01,1.200280914306640625e+02
8.353454589843750000e+01,1.205561218261718750e+02
8.980999755859375000e+01,1.226382446289062500e+02
7.018361663818359375e+01,1.099811096191406250e+02
8.947296142578125000e+01,1.178883209228515625e+02
1.198622436523437500e+02,1.344480895996093750e+02
1.199125595092773438e+02,1.295830688476562500e+02
1.170644760131835938e+02,1.363235321044921875e+02
8.138819885253906250e+01,1.108832626342773438e+02
8.808522796630859375e+01,1.181840972900390625e+02
9.638695526123046875e+01,1.276441879272460938e+02
8.557494354248046875e+01,1.190021820068359375e+02
1.133820190429687500e+02,1.256712417602539062e+02
1.142738265991210938e+02,1.268047332763671875e+02
1.027080307006835938e+02,1.186627197265625000e+02
1.161288528442382812e+02,1.292128143310546875e+02
1.043646316528320312e+02,1.256476287841796875e+02
1.164299697875976562e+02,1.308236083984375000e+02
1.175394515991210938e+02,1.328904266357421875e+02
1.157091445922851562e+02,1.312235565185546875e+02
8.954761505126953125e+01,1.181834564208984375e+02
8.939080810546875000e+01,1.284684143066406250e+02
1.218536987304687500e+02,1.360488586425781250e+02
9.756076812744140625e+01,1.236339416503906250e+02
1.109008483886718750e+02,1.303984985351562500e+02
1.113615036010742188e+02,1.327808074951171875e+02
9.863474273681640625e+01,1.243605194091796875e+02
9.003946685791015625e+01,1.217799530029296875e+02
9.409164428710937500e+01,1.244683532714843750e+02
9.129097747802734375e+01,1.250898284912109375e+02
8.656341552734375000e+01,1.257317657470703125e+02
8.029976654052734375e+01,1.188451538085937500e+02
8.643096923828125000e+01,1.211702728271484375e+02
1.156358413696289062e+02,1.390749816894531250e+02
1.199142379760742188e+02,1.352798156738281250e+02
9.530753326416015625e+01,1.256977615356445312e+02
1.187357864379882812e+02,1.396432495117187500e+02
1.183339843750000000e+02,1.364509887695312500e+02
1.006508712768554688e+02,1.280444793701171875e+02
1.291473236083984375e+02,1.410393371582031250e+02
8.057518768310546875e+01,1.205445709228515625e+02
1.109292678833007812e+02,1.303558959960937500e+02
1.049814224243164062e+02,1.297768707275390625e+02
1.051980667114257812e+02,1.303646850585937500e+02
9.737493896484375000e+01,1.307146453857421875e+02
6.402085113525390625e+01,1.067177429199218750e+02
5.693674087524414062e+01,9.734117126464843750e+01
9.872258758544921875e+01,1.266214828491210938e+02
9.316590118408203125e+01,1.275307388305664062e+02
8.365212249755859375e+01,1.082868194580078125e+02
5.983775711059570312e+01,1.005435333251953125e+02
9.441333007812500000e+01,1.268279037475585938e+02
1.206823959350585938e+02,1.404381866455078125e+02
6.683507537841796875e+01,1.068586883544921875e+02
9.178900146484375000e+01,1.150886764526367188e+02
1.008734054565429688e+02,1.311065673828125000e+02
8.962958526611328125e+01,1.166474685668945312e+02
1.017476882934570312e+02,1.306925354003906250e+02
1.155899658203125000e+02,1.281810607910156250e+02
1.107070541381835938e+02,1.239265136718750000e+02
1.290035552978515625e+02,1.371846313476562500e+02
4.136574935913085938e+01,1.100111618041992188e+02
4.825587844848632812e+01,8.367016601562500000e+01
8.996764373779296875e+01,1.260412979125976562e+02
3.499811553955078125e+01,9.249337768554687500e+01
5.637260055541992188e+01,7.666880798339843750e+01
3.488236999511718750e+01,5.358925628662109375e+01
4.291627883911132812e+01,7.577807617187500000e+01
5.052995300292968750e+01,7.391851043701171875e+01
2.212485694885253906e+01,3.488294982910156250e+01
5.308702087402343750e+01,7.693259429931640625e+01
3.083069419860839844e+01,4.260475158691406250e+01
3.161301612854003906e+01,4.720270156860351562e+01
9.455922698974609375e+01,1.175588226318359375e+02
1.131477661132812500e+02,1.257094955444335938e+02
8.626016998291015625e+01,1.092752380371093750e+02
1.185248031616210938e+02,1.307912597656250000e+02
1.162515735626220703e+01,5.163210296630859375e+01
1.618503379821777344e+01,4.578253173828125000e+01
3.897115707397460938e+01,9.053475952148437500e+01
3.801961135864257812e+01,8.667514038085937500e+01
2.507580566406250000e+01,6.410881042480468750e+01
2.007395744323730469e+01,5.684349822998046875e+01
1.892714881896972656e+01,3.721873474121093750e+01
1.879800033569335938e+01,5.780587768554687500e+01
1.198219604492187500e+02,1.304656066894531250e+02
1.122218856811523438e+02,1.228569488525390625e+02
1.315034942626953125e+02,1.392626037597656250e+02
1.213269577026367188e+02,1.279909210205078125e+02
1.219070663452148438e+02,1.301060791015625000e+02
3.951611709594726562e+01,6.854478454589843750e+01
4.655328369140625000e+01,6.902500915527343750e+01
4.109346008300781250e+01,6.562604522705078125e+01
4.307818222045898438e+01,6.338309860229492188e+01
2.464229774475097656e+01,6.286785125732421875e+01
1.239868927001953125e+01,2.170701980590820312e+01
3.524525451660156250e+01,8.005960845947265625e+01
1.275465011596679688e+01,2.988951301574707031e+01
1.212556076049804688e+01,4.151874923706054688e+01
1.075461292266845703e+01,2.346507644653320312e+01
1.466808319091796875e+01,6.330895614624023438e+01
1.690905380249023438e+01,5.171421813964843750e+01
1.122755336761474609e+01,4.551336669921875000e+01
1.176812648773193359e+01,4.304853057861328125e+01
1.655489349365234375e+01,6.005290222167968750e+01
1.234458923339843750e+01,5.047820281982421875e+01
1.914441299438476562e+01,5.495719909667968750e+01
1.154321575164794922e+01,4.859030914306640625e+01
4.682166671752929688e+01,8.677185058593750000e+01
1.536086273193359375e+01,3.383864593505859375e+01
1.239756488800048828e+01,2.683245277404785156e+01
1.557873249053955078e+01,3.042212486267089844e+01
1.300766086578369141e+01,2.831879234313964844e+01
1.651263809204101562e+01,5.927792358398437500e+01
1.428681945800781250e+01,6.297595977783203125e+01
1.757476615905761719e+01,7.354360961914062500e+01
2.585065269470214844e+01,6.401733398437500000e+01
1.653165435791015625e+01,4.603878021240234375e+01
1.552598857879638672e+01,5.856587982177734375e+01
1.154137420654296875e+01,5.461103057861328125e+01
1.317231750488281250e+01,2.846528244018554688e+01
3.532703018188476562e+01,8.172633361816406250e+01
2.932353210449218750e+01,8.498518371582031250e+01
1.410913181304931641e+01,4.741439819335937500e+01
1.330409908294677734e+01,6.224528884887695312e+01
1.438446807861328125e+01,2.900761985778808594e+01
4.241457366943359375e+01,9.243238830566406250e+01
2.595264244079589844e+01,6.249055099487304688e+01
2.397656822204589844e+01,6.178926849365234375e+01
3.409564590454101562e+01,8.094516754150390625e+01
3.438687133789062500e+01,5.526033020019531250e+01
1.477252197265625000e+01,5.505515670776367188e+01
1.448462581634521484e+01,3.438333892822265625e+01
5.864670944213867188e+01,1.182817382812500000e+02
7.151108551025390625e+01,1.023778457641601562e+02
7.646883392333984375e+01,1.129167480468750000e+02
1.054172286987304688e+02,1.311633758544921875e+02
7.478020477294921875e+01,1.193582458496093750e+02
8.993363189697265625e+01,1.229274139404296875e+02
6.113110733032226562e+01,1.054583969116210938e+02
6.475759124755859375e+01,1.102401123046875000e+02
5.955321884155273438e+01,1.039863128662109375e+02
6.575827789306640625e+01,1.149062347412109375e+02
9.637405395507812500e+01,1.301931457519531250e+02
7.324857330322265625e+01,1.057136535644531250e+02
7.145105743408203125e+01,9.685002136230468750e+01
2.617667388916015625e+01,5.138543701171875000e+01
2.966198921203613281e+01,6.141265106201171875e+01
9.064690399169921875e+01,1.125910720825195312e+02
7.224338531494140625e+01,8.690925598144531250e+01
7.103620910644531250e+01,1.235916519165039062e+02
9.074980926513671875e+01,1.279585418701171875e+02
6.821985626220703125e+01,1.240535583496093750e+02
5.860403060913085938e+01,1.120370407104492188e+02
5.543442916870117188e+01,1.102812805175781250e+02
9.280181121826171875e+01,1.256950073242187500e+02
9.574344635009765625e+01,1.268182678222656250e+02
8.681655883789062500e+01,1.276411895751953125e+02
8.996872711181640625e+01,1.268681335449218750e+02
7.948854827880859375e+01,1.216309280395507812e+02
8.631267547607421875e+01,1.240995407104492188e+02
1.107533950805664062e+02,1.316619567871093750e+02
9.280868530273437500e+01,1.282919158935546875e+02
9.796425628662109375e+01,1.305226440429687500e+02
8.582974243164062500e+01,1.185844726562500000e+02
8.046794128417968750e+01,1.183531112670898438e+02
8.274392700195312500e+01,1.189333801269531250e+02
4.243556594848632812e+01,7.816456604003906250e+01
4.464547729492187500e+01,7.891307830810546875e+01
5.074655151367187500e+01,8.570993041992187500e+01
7.868899536132812500e+01,1.306054382324218750e+02
8.940967559814453125e+01,1.315540008544921875e+02
7.936020660400390625e+01,1.319519348144531250e+02
2.657128906250000000e+01,5.118195343017578125e+01
3.960033798217773438e+01,8.325039672851562500e+01
3.430917739868164062e+01,4.268913269042968750e+01
7.220476531982421875e+01,1.169673538208007812e+02
6.068014526367187500e+01,1.129704742431640625e+02
1.315735626220703125e+02,1.398319396972656250e+02
5.897773361206054688e+01,8.845616912841796875e+01
1.207552871704101562e+02,1.335744628906250000e+02
3.382316207885742188e+01,8.706781005859375000e+01
1.801993751525878906e+01,5.592150878906250000e+01
1.049679183959960938e+02,1.211197204589843750e+02
1.003692245483398438e+02,1.155141296386718750e+02
4.933102416992187500e+01,1.240675735473632812e+02
3.830181503295898438e+01,1.007238082885742188e+02
3.551592636108398438e+01,9.812772369384765625e+01
5.175956344604492188e+01,1.251842346191406250e+02
2.502559852600097656e+01,4.850654602050781250e+01
7.382637786865234375e+01,8.748284912109375000e+01
4.957682418823242188e+01,1.085460052490234375e+02
5.604721069335937500e+01,1.095720062255859375e+02
5.880851364135742188e+01,1.110786819458007812e+02
1.154173049926757812e+02,1.292731628417968750e+02
7.143030548095703125e+01,7.929098510742187500e+01
6.473488616943359375e+01,6.948948669433593750e+01
5.702350997924804688e+01,9.512980651855468750e+01
7.027973175048828125e+01,1.230103302001953125e+02
8.257102966308593750e+01,1.292514953613281250e+02
7.617366027832031250e+01,1.243469696044921875e+02
8.083270263671875000e+01,1.233166275024414062e+02
7.079470062255859375e+01,1.237928543090820312e+02
8.345623779296875000e+01,1.185035552978515625e+02
6.388393020629882812e+01,1.109492645263671875e+02
4.273958969116210938e+01,8.862714385986328125e+01
1.031057128906250000e+02,1.298946533203125000e+02
1.072879638671875000e+02,1.339640960693359375e+02
1.253882446289062500e+02,1.293792419433593750e+02
8.420966339111328125e+01,1.283970947265625000e+02
1.258344726562500000e+02,1.384919891357421875e+02
6.479750823974609375e+01,9.013467407226562500e+01
6.357119750976562500e+01,7.433961486816406250e+01
1.109730911254882812e+02,1.261363220214843750e+02
1.124323120117187500e+02,1.232544555664062500e+02
1.019449081420898438e+02,1.319915466308593750e+02
6.196058654785156250e+01,1.000355224609375000e+02
1.190299301147460938e+02,1.321359863281250000e+02
9.004105377197265625e+01,1.116327362060546875e+02
1.060427856445312500e+02,1.307642974853515625e+02
1.161434326171875000e+02,1.314994506835937500e+02
7.042382812500000000e+01,1.048445968627929688e+02
6.448994445800781250e+01,1.259957580566406250e+02
7.238652801513671875e+01,1.374692993164062500e+02
4.515086746215820312e+01,1.198820953369140625e+02
5.958626174926757812e+01,1.329055175781250000e+02
3.389818954467773438e+01,1.092025756835937500e+02
4.958886718750000000e+01,1.282806396484375000e+02
8.799096679687500000e+01,1.199621887207031250e+02
6.370010757446289062e+01,1.054832000732421875e+02
6.409686279296875000e+01,9.810269927978515625e+01
4.440770339965820312e+01,8.890220642089843750e+01
7.418475341796875000e+01,1.076324920654296875e+02
4.248530197143554688e+01,1.030817947387695312e+02
4.649957275390625000e+01,1.078077545166015625e+02
3.258522033691406250e+01,8.462361145019531250e+01
2.375228881835937500e+01,7.837541198730468750e+01
1.078355331420898438e+02,1.162077178955078125e+02
8.099748229980468750e+01,1.082420959472656250e+02
7.159549713134765625e+01,1.044397735595703125e+02
6.747550201416015625e+01,1.023100738525390625e+02
7.293854522705078125e+01,1.030051879882812500e+02
4.377441406250000000e+01,8.272895050048828125e+01
6.034519577026367188e+01,9.654443359375000000e+01
5.120291519165039062e+01,1.073904495239257812e+02
4.890578842163085938e+01,8.831301116943359375e+01
1.163955001831054688e+02,1.266271667480468750e+02
9.822035980224609375e+01,1.241814727783203125e+02
9.991313934326171875e+01,1.316255493164062500e+02
1.053968887329101562e+02,1.303514099121093750e+02
5.813066482543945312e+01,1.068325424194335938e+02
7.811133575439453125e+01,1.044394989013671875e+02
9.379392242431640625e+01,1.118881988525390625e+02
6.385641098022460938e+01,9.993556213378906250e+01
8.449359130859375000e+01,1.214754409790039062e+02
6.810048675537109375e+01,1.280760955810546875e+02
6.258407592773437500e+01,1.288221740722656250e+02
8.431829833984375000e+01,1.032097015380859375e+02
1.133566284179687500e+02,1.210824966430664062e+02
1.064196701049804688e+02,1.345832214355468750e+02
1.141990127563476562e+02,1.211866378784179688e+02
1.003143081665039062e+02,1.145999069213867188e+02
1.069814376831054688e+02,1.235127105712890625e+02
1.100665359497070312e+02,1.275468444824218750e+02
9.427435302734375000e+01,1.039735260009765625e+02
1.113256835937500000e+02,1.274337158203125000e+02
1.035413131713867188e+02,1.246390228271484375e+02
1.128075485229492188e+02,1.331651611328125000e+02
1.003739624023437500e+02,1.284774322509765625e+02
1.114645156860351562e+02,1.265440521240234375e+02
1.027625961303710938e+02,1.229621505737304688e+02
1.076998519897460938e+02,1.319349212646484375e+02
1.135849380493164062e+02,1.283000793457031250e+02
9.690074920654296875e+01,1.080297622680664062e+02
8.469803619384765625e+01,1.070827484130859375e+02
8.301580810546875000e+01,9.315579986572265625e+01
3.998713302612304688e+01,8.686807250976562500e+01
7.081624603271484375e+01,1.140107727050781250e+02
1.188366088867187500e+02,1.362748260498046875e+02
9.582678222656250000e+01,1.091311416625976562e+02
5.023096847534179688e+01,7.579409790039062500e+01
8.413007354736328125e+01,1.085503387451171875e+02
7.744139099121093750e+01,1.070972290039062500e+02
7.621761322021484375e+01,1.048307876586914062e+02
1.020798721313476562e+02,1.190520629882812500e+02
8.922669219970703125e+01,1.177928009033203125e+02
7.572896575927734375e+01,1.069057388305664062e+02
7.300612640380859375e+01,9.821823883056640625e+01
9.220088958740234375e+01,1.057531738281250000e+02
9.415536499023437500e+01,1.110305328369140625e+02
1.067853088378906250e+02,1.201484375000000000e+02
1.103584213256835938e+02,1.231116638183593750e+02
9.527325439453125000e+01,1.187253189086914062e+02
2.166937255859375000e+01,5.520149993896484375e+01
2.737909507751464844e+01,7.777397155761718750e+01
2.389247703552246094e+01,7.452352905273437500e+01
2.400536537170410156e+01,5.864168167114257812e+01
1.885125732421875000e+01,5.813935852050781250e+01
1.722238159179687500e+01,6.081814575195312500e+01
2.595138359069824219e+01,6.683102416992187500e+01
2.120725059509277344e+01,6.506555175781250000e+01
1.719563102722167969e+01,5.894482421875000000e+01
1.716674232482910156e+01,5.764689636230468750e+01
1.867984008789062500e+01,6.134829711914062500e+01
1.623876762390136719e+01,5.709646224975585938e+01
1.399098968505859375e+01,5.835293197631835938e+01
2.420021247863769531e+01,6.622161865234375000e+01
1.883906745910644531e+01,5.643422698974609375e+01
1.986242675781250000e+01,5.764923477172851562e+01
1.567481517791748047e+01,5.846226119995117188e+01
2.368695640563964844e+01,6.106274414062500000e+01
1.615450477600097656e+01,5.637977981567382812e+01
4.293699645996093750e+01,8.543100738525390625e+01
1.444730472564697266e+01,5.269376754760742188e+01
2.019388389587402344e+01,5.190542984008789062e+01
9.762078857421875000e+01,1.178845977783203125e+02
8.310076904296875000e+01,9.404264068603515625e+01
8.959624481201171875e+01,1.188981170654296875e+02
4.291162109375000000e+01,8.097935485839843750e+01
9.002431488037109375e+01,1.163166961669921875e+02
9.550162506103515625e+01,1.161600646972656250e+02
1.251461105346679688e+02,1.314973602294921875e+02
1.128588562011718750e+02,1.255114059448242188e+02
1.226021423339843750e+02,1.302702941894531250e+02
1.227867050170898438e+02,1.279166564941406250e+02
1.310982360839843750e+02,1.339162139892578125e+02
1.242079849243164062e+02,1.295916442871093750e+02
1.146241455078125000e+02,1.261331481933593750e+02
1.240240859985351562e+02,1.297266387939453125e+02
1.241219406127929688e+02,1.280462951660156250e+02
1.160162963867187500e+02,1.223296203613281250e+02
1.281248016357421875e+02,1.316920471191406250e+02
1.273540344238281250e+02,1.293257141113281250e+02
1.179193344116210938e+02,1.249721832275390625e+02
1.203853988647460938e+02,1.268190155029296875e+02
1.299791870117187500e+02,1.335882568359375000e+02
1.225523681640625000e+02,1.287657470703125000e+02
1.150368881225585938e+02,1.226732177734375000e+02
1.090582046508789062e+02,1.209493865966796875e+02
1.279574356079101562e+02,1.324598999023437500e+02
1.180580825805664062e+02,1.255864410400390625e+02
1.012603759765625000e+02,1.215722503662109375e+02
1.214527893066406250e+02,1.284545593261718750e+02
1.115877761840820312e+02,1.218475799560546875e+02
1.267364425659179688e+02,1.310034942626953125e+02
1.283538818359375000e+02,1.315097656250000000e+02
1.280350341796875000e+02,1.317497558593750000e+02
1.018350906372070312e+02,1.224339141845703125e+02
1.224882202148437500e+02,1.291233215332031250e+02
1.188711166381835938e+02,1.263917236328125000e+02
1.216593246459960938e+02,1.291785278320312500e+02
1.218956909179687500e+02,1.281435852050781250e+02
1.178361206054687500e+02,1.253174743652343750e+02
1.194162216186523438e+02,1.299505920410156250e+02
1.273187561035156250e+02,1.327342987060546875e+02
1.254761734008789062e+02,1.314411010742187500e+02
1.242931518554687500e+02,1.307203369140625000e+02
1.291800537109375000e+02,1.327919158935546875e+02
7.111343383789062500e+01,9.737771606445312500e+01
7.513811492919921875e+01,1.013197326660156250e+02
6.879662322998046875e+01,9.808821868896484375e+01
9.791744232177734375e+01,1.142899780273437500e+02
8.084581756591796875e+01,1.069775695800781250e+02
1.220526123046875000e+02,1.314490051269531250e+02
8.449773406982421875e+01,1.096469497680664062e+02
5.280495071411132812e+01,9.395618438720703125e+01
1.086050033569335938e+02,1.162592926025390625e+02
1.931063270568847656e+01,5.924527740478515625e+01
3.556474685668945312e+01,6.702957916259765625e+01
3.673156738281250000e+01,7.226335144042968750e+01
3.572085571289062500e+01,7.345861053466796875e+01
2.957173728942871094e+01,7.393994140625000000e+01
2.648895454406738281e+01,6.636428833007812500e+01
2.808031272888183594e+01,6.590449523925781250e+01
3.066089439392089844e+01,7.182719421386718750e+01
2.121382141113281250e+01,6.120941162109375000e+01
8.128725433349609375e+01,1.031719741821289062e+02
1.127270202636718750e+02,1.296842498779296875e+02
7.308608245849609375e+01,1.087744903564453125e+02
8.448667144775390625e+01,1.109903717041015625e+02
6.848751831054687500e+01,1.074263305664062500e+02
6.537853240966796875e+01,1.003843917846679688e+02
6.292915725708007812e+01,9.844387054443359375e+01
6.846068572998046875e+01,1.017941436767578125e+02
6.978163909912109375e+01,1.027378234863281250e+02
9.961895751953125000e+01,1.192724380493164062e+02
1.138966064453125000e+02,1.278526382446289062e+02
1.160278396606445312e+02,1.283645935058593750e+02
9.068212127685546875e+01,1.163991546630859375e+02
7.915219116210937500e+01,1.185491333007812500e+02
5.996268844604492188e+01,1.025110626220703125e+02
6.773549652099609375e+01,9.963862609863281250e+01
9.035700225830078125e+01,1.242325744628906250e+02
1.095561141967773438e+02,1.346405029296875000e+02
1.019739151000976562e+02,1.291373901367187500e+02
1.220373306274414062e+02,1.391328277587890625e+02
1.150300521850585938e+02,1.354783325195312500e+02
1.299217529296875000e+02,1.413562316894531250e+02
1.238485946655273438e+02,1.360209045410156250e+02
1.317888946533203125e+02,1.418208618164062500e+02
1.169209365844726562e+02,1.349209136962890625e+02
8.120275878906250000e+01,1.192976379394531250e+02
2.872556114196777344e+01,6.742089843750000000e+01
9.186642456054687500e+01,1.264390411376953125e+02
1.170748062133789062e+02,1.304684143066406250e+02
9.855973052978515625e+01,1.287664794921875000e+02
1.089823989868164062e+02,1.268146820068359375e+02
8.424575042724609375e+01,1.159342803955078125e+02
9.496569061279296875e+01,1.144203796386718750e+02
1.099407730102539062e+02,1.278713378906250000e+02
1.137277221679687500e+02,1.305872039794921875e+02
1.104130859375000000e+02,1.367128601074218750e+02
1.238721847534179688e+02,1.377113800048828125e+02
7.608258819580078125e+01,1.099607849121093750e+02
1.187795791625976562e+02,1.334941253662109375e+02
1.284535675048828125e+02,1.420481567382812500e+02
1.123039932250976562e+02,1.340667419433593750e+02
1.223312149047851562e+02,1.366177062988281250e+02
1.042692031860351562e+02,1.283225097656250000e+02
3.615266036987304688e+01,7.159281921386718750e+01
6.258250427246093750e+01,8.070045471191406250e+01
5.597436141967773438e+01,6.900322723388671875e+01
6.652838897705078125e+01,8.659981536865234375e+01
8.070185089111328125e+01,9.809024047851562500e+01
7.340538787841796875e+01,8.931088256835937500e+01
6.999508666992187500e+01,8.969668579101562500e+01
7.856856536865234375e+01,9.697100067138671875e+01
6.806520843505859375e+01,8.786801147460937500e+01
8.256427001953125000e+01,9.613464355468750000e+01
7.450076293945312500e+01,9.264002990722656250e+01
9.973535156250000000e+01,1.122475433349609375e+02
7.052101135253906250e+01,8.724000549316406250e+01
7.834298706054687500e+01,9.332911682128906250e+01
6.787518310546875000e+01,8.604962921142578125e+01
7.648833465576171875e+01,9.202871704101562500e+01
7.047641754150390625e+01,8.621554565429687500e+01
7.061339569091796875e+01,8.911597442626953125e+01
7.769416046142578125e+01,9.540275573730468750e+01
7.459410858154296875e+01,8.643543243408203125e+01
7.480614471435546875e+01,8.933172607421875000e+01
6.500135040283203125e+01,8.501246643066406250e+01
7.253240203857421875e+01,9.133740234375000000e+01
6.509320831298828125e+01,8.818550872802734375e+01
9.352645111083984375e+01,1.070822143554687500e+02
8.198419952392578125e+01,9.557322692871093750e+01
8.993719482421875000e+01,1.028571243286132812e+02
9.212870025634765625e+01,9.903849792480468750e+01
8.233663177490234375e+01,9.945014953613281250e+01
8.005005645751953125e+01,9.274300384521484375e+01
8.081069183349609375e+01,9.742843627929687500e+01
7.783257293701171875e+01,9.767858123779296875e+01
7.495874786376953125e+01,8.685144042968750000e+01
7.623009490966796875e+01,8.984312438964843750e+01
7.987131500244140625e+01,9.590014648437500000e+01
6.594886016845703125e+01,8.539060211181640625e+01
6.333520507812500000e+01,7.925611114501953125e+01
3.998073196411132812e+01,6.119599151611328125e+01
4.338952255249023438e+01,6.201700592041015625e+01
5.449818420410156250e+01,7.137358093261718750e+01
4.023144912719726562e+01,7.282467651367187500e+01
4.273577499389648438e+01,6.731965637207031250e+01
5.488222885131835938e+01,7.536364746093750000e+01
4.715228271484375000e+01,6.862141418457031250e+01
4.816537094116210938e+01,7.131581115722656250e+01
4.988642501831054688e+01,7.291125488281250000e+01
5.369343948364257812e+01,7.739105224609375000e+01
5.265443420410156250e+01,7.171352386474609375e+01
5.310190963745117188e+01,7.190669250488281250e+01
5.090869140625000000e+01,7.399639129638671875e+01
7.990852355957031250e+01,9.949917602539062500e+01
6.283023071289062500e+01,8.157882690429687500e+01
6.468981933593750000e+01,8.934037780761718750e+01
5.749341964721679688e+01,7.532217407226562500e+01
4.465896987915039062e+01,7.597518157958984375e+01
6.048188400268554688e+01,7.729664611816406250e+01
5.805025100708007812e+01,7.539030456542968750e+01
7.282282257080078125e+01,9.009452819824218750e+01
8.106833648681640625e+01,9.559203338623046875e+01
5.639406204223632812e+01,7.116227722167968750e+01
6.564414215087890625e+01,9.183778381347656250e+01
6.167581176757812500e+01,8.793417358398437500e+01
6.598412322998046875e+01,9.075500488281250000e+01
7.898483276367187500e+01,9.576133728027343750e+01
5.149954223632812500e+01,8.023478698730468750e+01
8.031257629394531250e+01,1.023064270019531250e+02
7.612230682373046875e+01,9.694927978515625000e+01
9.967633819580078125e+01,1.118708038330078125e+02
7.753852844238281250e+01,1.018666000366210938e+02
8.009811401367187500e+01,1.043373641967773438e+02
7.396422576904296875e+01,9.626289367675781250e+01
7.481369781494140625e+01,9.713767242431640625e+01
7.815065765380859375e+01,1.007047119140625000e+02
7.946682739257812500e+01,1.004408416748046875e+02
8.258242797851562500e+01,1.028586883544921875e+02
8.408506774902343750e+01,1.056204071044921875e+02
7.127237701416015625e+01,9.746205902099609375e+01
7.253476715087890625e+01,9.872630310058593750e+01
7.609986114501953125e+01,1.034888534545898438e+02
8.295134735107421875e+01,1.037972106933593750e+02
8.413424682617187500e+01,1.061825714111328125e+02
5.584428787231445312e+01,8.083778381347656250e+01
4.554196166992187500e+01,7.290349578857421875e+01
5.367991256713867188e+01,8.107533264160156250e+01
5.364841842651367188e+01,9.131267547607421875e+01
6.773244476318359375e+01,9.788296508789062500e+01
4.494044876098632812e+01,7.559547424316406250e+01
5.425271606445312500e+01,8.319463348388671875e+01
5.429048156738281250e+01,8.246368408203125000e+01
5.310118484497070312e+01,8.374063873291015625e+01
5.819290161132812500e+01,8.778366851806640625e+01
8.113004302978515625e+01,9.632795715332031250e+01
5.818803024291992188e+01,8.732395935058593750e+01
6.457537078857421875e+01,8.753702545166015625e+01
5.896438980102539062e+01,8.391392517089843750e+01
5.238372802734375000e+01,8.271798706054687500e+01
5.857809448242187500e+01,8.746774291992187500e+01
5.676914596557617188e+01,8.410929870605468750e+01
5.941679000854492188e+01,8.383610534667968750e+01
4.903538894653320312e+01,7.621217346191406250e+01
5.833663940429687500e+01,8.536179351806640625e+01
5.825280761718750000e+01,1.007124176025390625e+02
6.666761016845703125e+01,9.548368072509765625e+01
6.364030838012695312e+01,9.731356811523437500e+01
7.560575103759765625e+01,1.072155303955078125e+02
9.442328643798828125e+01,1.141784057617187500e+02
7.988738250732421875e+01,1.039959411621093750e+02
7.422109222412109375e+01,9.899784851074218750e+01
8.733827972412109375e+01,1.089598999023437500e+02
6.795904541015625000e+01,9.517832946777343750e+01
6.946337127685546875e+01,1.200488739013671875e+02
6.366552734375000000e+01,8.209188842773437500e+01
8.014757537841796875e+01,7.880852508544921875e+01
6.170141601562500000e+01,9.027317047119140625e+01
3.911244583129882812e+01,6.950474548339843750e+01
6.855281829833984375e+01,8.812757873535156250e+01
6.752642059326171875e+01,8.598957824707031250e+01
7.119589233398437500e+01,9.648136138916015625e+01
5.104881286621093750e+01,7.816371154785156250e+01
7.196847534179687500e+01,9.406574249267578125e+01
5.245087814331054688e+01,7.468299865722656250e+01
4.377716064453125000e+01,7.094520568847656250e+01
6.727268981933593750e+01,9.434988403320312500e+01
4.705499267578125000e+01,7.267298889160156250e+01
7.154786682128906250e+01,8.784615325927734375e+01
5.318867492675781250e+01,7.739324951171875000e+01
6.644062042236328125e+01,7.545051574707031250e+01
8.083260345458984375e+01,9.621627807617187500e+01
3.556664657592773438e+01,6.714304351806640625e+01
6.226776123046875000e+01,8.558441925048828125e+01
6.228007888793945312e+01,7.033799743652343750e+01
7.126853179931640625e+01,7.785087585449218750e+01
3.754650878906250000e+01,6.209946060180664062e+01
6.192665481567382812e+01,1.434115905761718750e+02
9.497794342041015625e+01,1.221860504150390625e+02
1.037341918945312500e+02,1.320989990234375000e+02
2.626077079772949219e+01,5.922189331054687500e+01
5.742102050781250000e+01,8.122854614257812500e+01
1.079111709594726562e+02,1.331119384765625000e+02
1.149662475585937500e+02,1.352264556884765625e+02
1.228012466430664062e+02,1.398573150634765625e+02
1.981558418273925781e+01,1.361304855346679688e+01
2.255463981628417969e+01,2.691775894165039062e+01
2.060853576660156250e+01,1.707712745666503906e+01
5.774623107910156250e+01,5.763830566406250000e+01
3.780104446411132812e+01,4.927534866333007812e+01
3.844548797607421875e+01,5.309587478637695312e+01
2.201000022888183594e+01,1.858617401123046875e+01
2.465844726562500000e+01,2.209993171691894531e+01
4.102068710327148438e+01,4.152226257324218750e+01
5.888715744018554688e+01,8.076309204101562500e+01
1.155557556152343750e+02,1.299277648925781250e+02
1.115327148437500000e+02,1.115931549072265625e+02
4.761224365234375000e+01,6.172431564331054688e+01
9.498954010009765625e+01,9.598933410644531250e+01
8.114172363281250000e+01,9.285215759277343750e+01
9.577657318115234375e+01,1.035584411621093750e+02
7.125949859619140625e+01,8.201931762695312500e+01
7.959145355224609375e+01,8.768193054199218750e+01
8.442888641357421875e+01,9.225105285644531250e+01
9.482485198974609375e+01,9.768955993652343750e+01
8.192108917236328125e+01,9.084445190429687500e+01
9.157437133789062500e+01,9.696122741699218750e+01
9.739380645751953125e+01,1.007083435058593750e+02
7.377196502685546875e+01,8.319515991210937500e+01
5.051977539062500000e+01,6.003048706054687500e+01
6.644460296630859375e+01,7.428220367431640625e+01
9.405850982666015625e+01,1.016404113769531250e+02
5.717084884643554688e+01,6.563434600830078125e+01
7.458563232421875000e+01,8.209654998779296875e+01
7.647698974609375000e+01,8.584320831298828125e+01
6.332334518432617188e+01,7.611621093750000000e+01
1.008587646484375000e+02,1.048962478637695312e+02
6.333128356933593750e+01,7.252563476562500000e+01
7.743624114990234375e+01,9.736550903320312500e+01
5.797459030151367188e+01,7.199932861328125000e+01
7.383425140380859375e+01,8.119512939453125000e+01
1.053023910522460938e+02,1.086503295898437500e+02
1.113859863281250000e+02,1.153190002441406250e+02
8.581021881103515625e+01,9.527270507812500000e+01
7.340316009521484375e+01,7.794783020019531250e+01
8.721740722656250000e+01,9.554758453369140625e+01
8.793841552734375000e+01,9.598564910888671875e+01
1.033485488891601562e+02,1.064730606079101562e+02
8.584233856201171875e+01,9.492216491699218750e+01
9.656250762939453125e+01,1.044067993164062500e+02
1.018670883178710938e+02,1.077726745605468750e+02
1.202038345336914062e+02,1.212581329345703125e+02
8.920217132568359375e+01,9.692035675048828125e+01
7.707454681396484375e+01,9.026194763183593750e+01
7.693515777587890625e+01,8.589706420898437500e+01
7.977837371826171875e+01,9.205693054199218750e+01
6.720548248291015625e+01,7.392004394531250000e+01
4.833262252807617188e+01,5.930890274047851562e+01
7.947556304931640625e+01,8.965782928466796875e+01
1.064037704467773438e+02,1.089798889160156250e+02
1.131818847656250000e+02,1.155174255371093750e+02
8.929587554931640625e+01,9.749067687988281250e+01
1.032856140136718750e+02,1.077514038085937500e+02
9.758255004882812500e+01,1.055127258300781250e+02
1.255685043334960938e+02,1.237832946777343750e+02
7.765563201904296875e+01,8.481014251708984375e+01
8.166193389892578125e+01,9.758676147460937500e+01
1.259767532348632812e+02,1.369689025878906250e+02
2.268161964416503906e+01,2.421100807189941406e+01
6.658214569091796875e+01,8.425141906738281250e+01
1.816866302490234375e+01,7.743349552154541016e+00
4.209244155883789062e+01,1.911474609375000000e+01
1.346327362060546875e+02,1.165309753417968750e+02
1.126382827758789062e+02,1.148208618164062500e+02
1.237290649414062500e+02,1.225255279541015625e+02
1.207709579467773438e+02,1.230480346679687500e+02
1.208018569946289062e+02,1.250644378662109375e+02
1.344133453369140625e+02,1.225640106201171875e+02
1.155718612670898438e+02,1.076380844116210938e+02
1.275658340454101562e+02,1.183264770507812500e+02
1.345207977294921875e+02,1.183226776123046875e+02
1.362765655517578125e+02,1.207426223754882812e+02
1.106823501586914062e+02,1.113994598388671875e+02
5.883459854125976562e+01,7.640513610839843750e+01
1.053264236450195312e+02,1.153670043945312500e+02
1.316110382080078125e+02,1.356380615234375000e+02
1.262986755371093750e+02,1.317351684570312500e+02
1.181268692016601562e+02,1.245913391113281250e+02
8.619595336914062500e+01,1.223895950317382812e+02
1.046851119995117188e+02,1.253384857177734375e+02
1.139273986816406250e+02,1.278754882812500000e+02
1.004040298461914062e+02,1.238993072509765625e+02
6.368232345581054688e+01,8.952816009521484375e+01
6.163466262817382812e+01,8.834657287597656250e+01
1.077224197387695312e+02,1.382357177734375000e+02
9.925885009765625000e+01,1.341297760009765625e+02
7.125730133056640625e+01,1.046877288818359375e+02
1.102442626953125000e+02,1.358988952636718750e+02
1.188083114624023438e+02,1.372290344238281250e+02
9.617559051513671875e+01,1.338962402343750000e+02
8.948789215087890625e+01,1.343558044433593750e+02
8.992881011962890625e+01,1.257923736572265625e+02
9.672170257568359375e+01,1.271845703125000000e+02
7.251657867431640625e+01,1.145874328613281250e+02
1.184398117065429688e+02,1.157148590087890625e+02
7.609191894531250000e+01,1.078899002075195312e+02
8.984686279296875000e+01,1.177123870849609375e+02
6.914356994628906250e+01,9.622160339355468750e+01
6.409873199462890625e+01,1.381054534912109375e+02
8.315537261962890625e+01,1.282042999267578125e+02
7.777635955810546875e+01,1.222807312011718750e+02
1.010800781250000000e+02,1.223063812255859375e+02
9.548879241943359375e+01,1.360425415039062500e+02
7.642785644531250000e+01,1.014906768798828125e+02
6.912009429931640625e+01,9.574955749511718750e+01
6.929790496826171875e+01,9.845818328857421875e+01
1.077108688354492188e+02,1.335172424316406250e+02
5.719115066528320312e+01,8.254875183105468750e+01
8.030130004882812500e+01,1.158582153320312500e+02
6.363972854614257812e+01,1.090123901367187500e+02
1.071106872558593750e+02,1.309767761230468750e+02
1.172650375366210938e+02,1.293194580078125000e+02
1.007924804687500000e+02,1.161246566772460938e+02
1.002100524902343750e+02,1.163391723632812500e+02
1.080925903320312500e+02,1.290053405761718750e+02
1.078151473999023438e+02,1.263395843505859375e+02
1.124241027832031250e+02,1.308567199707031250e+02
1.206977920532226562e+02,1.312152099609375000e+02
1.003901748657226562e+02,1.159781646728515625e+02
1.177004394531250000e+02,1.273331451416015625e+02
9.773309326171875000e+01,1.116027603149414062e+02
1.159941101074218750e+02,1.266192474365234375e+02
1.349193267822265625e+02,1.385958251953125000e+02
1.306035614013671875e+02,1.392946014404296875e+02
1.216901931762695312e+02,1.326350250244140625e+02
1.164535522460937500e+02,1.265991210937500000e+02
1.327654876708984375e+02,1.369413452148437500e+02
1.221583023071289062e+02,1.371161499023437500e+02
1.292669830322265625e+02,1.347976989746093750e+02
1.083846054077148438e+02,1.167667388916015625e+02
9.794238281250000000e+01,1.276456909179687500e+02
6.286924362182617188e+01,9.610923767089843750e+01
7.790843200683593750e+01,9.660711669921875000e+01
1.065554199218750000e+02,1.175171051025390625e+02
1.180931777954101562e+02,1.261414108276367188e+02
1.228414840698242188e+02,1.307514953613281250e+02
1.116998825073242188e+02,1.234393157958984375e+02
1.285121612548828125e+02,1.338574523925781250e+02
1.172322387695312500e+02,1.249293365478515625e+02
7.492672729492187500e+01,1.234400329589843750e+02
9.576062011718750000e+01,1.131188201904296875e+02
1.013544540405273438e+02,1.240973663330078125e+02
1.195610351562500000e+02,1.326538085937500000e+02
6.409706878662109375e+01,4.343110656738281250e+01
2.186668586730957031e+01,5.177018737792968750e+01
1.734900665283203125e+01,3.694057464599609375e+01
1.775898742675781250e+01,3.615599441528320312e+01
1.761712455749511719e+01,4.370020675659179688e+01
1.620356178283691406e+01,3.309161376953125000e+01
2.092562294006347656e+01,4.926572418212890625e+01
1.644229698181152344e+01,3.972250366210937500e+01
2.024877357482910156e+01,4.729458618164062500e+01
2.277522087097167969e+01,4.035933303833007812e+01
1.648689079284667969e+01,3.987705612182617188e+01
1.879837608337402344e+01,4.059687423706054688e+01
1.708623695373535156e+01,3.201625823974609375e+01
1.780156135559082031e+01,3.720909881591796875e+01
1.660658454895019531e+01,3.398998641967773438e+01
2.136463165283203125e+01,5.149350738525390625e+01
1.780895423889160156e+01,3.605353164672851562e+01
2.346364784240722656e+01,5.258304214477539062e+01
1.639652252197265625e+01,3.310488891601562500e+01
1.777744483947753906e+01,3.747100067138671875e+01
1.644691467285156250e+01,3.457556152343750000e+01
1.899751853942871094e+01,4.100170135498046875e+01
2.336541748046875000e+01,4.639086914062500000e+01
1.755350875854492188e+01,3.705986785888671875e+01
1.755980491638183594e+01,4.328160858154296875e+01
1.852460289001464844e+01,3.605118560791015625e+01
1.829664993286132812e+01,3.626148986816406250e+01
1.689006996154785156e+01,3.328988265991210938e+01
1.806831359863281250e+01,3.233171081542968750e+01
1.867595481872558594e+01,3.728309631347656250e+01
1.725285530090332031e+01,3.432783126831054688e+01
1.852874183654785156e+01,3.296224975585937500e+01
1.835281181335449219e+01,4.655077362060546875e+01
1.818819427490234375e+01,3.790471267700195312e+01
1.659007072448730469e+01,4.604379653930664062e+01
1.428960418701171875e+01,2.717906188964843750e+01
3.994153976440429688e+01,7.506526184082031250e+01
4.648756408691406250e+01,8.454164886474609375e+01
5.451070022583007812e+01,9.171446228027343750e+01
5.178835678100585938e+01,9.168508911132812500e+01
8.875113677978515625e+01,1.162841644287109375e+02
7.487011718750000000e+01,1.099087066650390625e+02
8.194950866699218750e+01,1.072595062255859375e+02
8.298855590820312500e+01,1.137933044433593750e+02
6.260130691528320312e+01,1.025670928955078125e+02
3.479791259765625000e+01,7.460808563232421875e+01
4.854783630371093750e+01,8.290390014648437500e+01
5.080257034301757812e+01,8.503611755371093750e+01
2.839149475097656250e+01,6.743034362792968750e+01
8.535495758056640625e+01,1.182245864868164062e+02
8.983267211914062500e+01,1.190972137451171875e+02
7.621253204345703125e+01,1.106942138671875000e+02
8.478253173828125000e+01,1.098235855102539062e+02
8.609415435791015625e+01,1.108287963867187500e+02
6.301112365722656250e+01,9.699925994873046875e+01
3.630440139770507812e+01,7.615206909179687500e+01
5.164253616333007812e+01,9.047497558593750000e+01
9.119564819335937500e+01,1.210569763183593750e+02
7.744500732421875000e+01,1.168171005249023438e+02
4.316754531860351562e+01,8.505265808105468750e+01
6.260701370239257812e+01,9.746746063232421875e+01
7.955709075927734375e+01,1.181045684814453125e+02
6.557648468017578125e+01,1.045647277832031250e+02
6.851549530029296875e+01,1.006252288818359375e+02
6.644158935546875000e+01,1.077324066162109375e+02
7.779339599609375000e+01,1.064793319702148438e+02
7.804258728027343750e+01,1.069418945312500000e+02
6.264620971679687500e+01,9.884236145019531250e+01
3.419818496704101562e+01,7.267689514160156250e+01
7.411956024169921875e+01,1.153446655273437500e+02
3.472990036010742188e+01,8.389482116699218750e+01
5.995363235473632812e+01,9.548085021972656250e+01
7.407115173339843750e+01,1.077401123046875000e+02
4.058514022827148438e+01,8.167668914794921875e+01
4.192487716674804688e+01,8.064265441894531250e+01
3.828398132324218750e+01,7.970367431640625000e+01
7.658162689208984375e+01,1.165291900634765625e+02
5.695750427246093750e+01,1.076673736572265625e+02
7.429819488525390625e+01,1.155087127685546875e+02
5.057334518432617188e+01,9.288528442382812500e+01
7.389458465576171875e+01,1.141902160644531250e+02
4.987555313110351562e+01,9.754718780517578125e+01
5.316288375854492188e+01,8.951701354980468750e+01
2.716954803466796875e+01,6.548639678955078125e+01
3.490932083129882812e+01,7.819631958007812500e+01
6.326900100708007812e+01,1.093669281005859375e+02
7.654334259033203125e+01,1.157848815917968750e+02
5.460612487792968750e+01,9.564323425292968750e+01
4.866997146606445312e+01,1.010560302734375000e+02
3.664094543457031250e+01,8.077376556396484375e+01
6.754036712646484375e+01,1.105422058105468750e+02
5.377025985717773438e+01,1.058051834106445312e+02
3.304913711547851562e+01,7.926704406738281250e+01
6.075170516967773438e+01,1.078901290893554688e+02
4.491390991210937500e+01,9.918354797363281250e+01
1.016668777465820312e+02,1.244756317138671875e+02
1.012972488403320312e+02,1.280705871582031250e+02
7.403546142578125000e+01,1.128565368652343750e+02
2.502425193786621094e+01,8.123960876464843750e+01
2.369463539123535156e+01,7.889157104492187500e+01
2.517277717590332031e+01,8.252497863769531250e+01
2.198292350769042969e+01,7.286454772949218750e+01
2.311351585388183594e+01,7.335333251953125000e+01
2.466774559020996094e+01,7.488676452636718750e+01
2.853074645996093750e+01,9.345381164550781250e+01
2.521158409118652344e+01,8.879784393310546875e+01
2.111445808410644531e+01,6.945986175537109375e+01
1.933310890197753906e+01,8.004730224609375000e+01
1.765103912353515625e+01,7.306826782226562500e+01
1.683731460571289062e+01,5.831939697265625000e+01
1.539434528350830078e+01,5.999241638183593750e+01
2.380970191955566406e+01,7.207389068603515625e+01
2.133367347717285156e+01,7.458629608154296875e+01
2.057052993774414062e+01,7.572573852539062500e+01
2.114947509765625000e+01,7.258130645751953125e+01
1.961264991760253906e+01,6.661720275878906250e+01
1.807511711120605469e+01,6.083070755004882812e+01
1.907499504089355469e+01,5.993141174316406250e+01
1.940932083129882812e+01,7.096078491210937500e+01
1.826848793029785156e+01,6.474789428710937500e+01
2.060772895812988281e+01,6.393981933593750000e+01
2.047480583190917969e+01,7.526152038574218750e+01
1.811317253112792969e+01,6.009583282470703125e+01
1.774840545654296875e+01,6.792732238769531250e+01
1.937159538269042969e+01,6.580119323730468750e+01
1.775565338134765625e+01,5.944270324707031250e+01
2.057318305969238281e+01,5.787951660156250000e+01
1.860241889953613281e+01,5.899015426635742188e+01
1.762191581726074219e+01,6.065335083007812500e+01
1.483466625213623047e+01,6.142223739624023438e+01
2.178504371643066406e+01,6.234628295898437500e+01
2.258963966369628906e+01,7.258677673339843750e+01
1.969529533386230469e+01,6.017523956298828125e+01
2.297077941894531250e+01,8.124349975585937500e+01
2.151929664611816406e+01,7.986830139160156250e+01
2.053601646423339844e+01,7.347163391113281250e+01
1.693492698669433594e+01,7.034860229492187500e+01
2.298384094238281250e+01,6.803260803222656250e+01
1.864348602294921875e+01,7.023440551757812500e+01
2.473735046386718750e+01,8.259121704101562500e+01
2.558992576599121094e+01,8.339368438720703125e+01
1.813855934143066406e+01,4.821344757080078125e+01
1.840413284301757812e+01,6.619908905029296875e+01
1.718897056579589844e+01,6.020505523681640625e+01
1.866930580139160156e+01,6.076521301269531250e+01
1.744799995422363281e+01,5.973537445068359375e+01
2.041255760192871094e+01,6.017321014404296875e+01
1.539508914947509766e+01,6.974317932128906250e+01
1.851368522644042969e+01,6.700173187255859375e+01
1.778188514709472656e+01,6.363135147094726562e+01
1.587967681884765625e+01,6.462725830078125000e+01
2.190914916992187500e+01,6.854339599609375000e+01
1.672910881042480469e+01,6.309927368164062500e+01
1.913459968566894531e+01,6.156933593750000000e+01
7.312767791748046875e+01,1.038175659179687500e+02
1.161859893798828125e+01,1.431418800354003906e+01
1.379367828369140625e+01,1.648881149291992188e+01
4.021088027954101562e+01,2.926148605346679688e+01
3.529985809326171875e+01,1.590770912170410156e+01
4.508823013305664062e+01,9.244809722900390625e+01
4.952120590209960938e+01,1.057220840454101562e+02
5.315243530273437500e+01,9.806550598144531250e+01
2.679638099670410156e+01,8.076123809814453125e+01
4.744250488281250000e+01,9.908055877685546875e+01
4.291481399536132812e+01,9.481562805175781250e+01
1.001330471038818359e+01,5.248731613159179688e+01
2.407843017578125000e+01,7.085829162597656250e+01
2.830235862731933594e+01,6.790522766113281250e+01
4.219523239135742188e+01,9.013349151611328125e+01
2.457708168029785156e+01,7.605182647705078125e+01
1.248658466339111328e+01,5.633914184570312500e+01
2.408563232421875000e+01,7.426318359375000000e+01
2.761172294616699219e+01,6.039179229736328125e+01
1.298905487060546875e+02,1.399463195800781250e+02
1.305310058593750000e+02,1.352720031738281250e+02
1.303343048095703125e+02,1.345845642089843750e+02
1.347558746337890625e+02,1.354785461425781250e+02
9.192905426025390625e+01,1.058062896728515625e+02
4.219441604614257812e+01,6.061422348022460938e+01
2.010357666015625000e+01,2.959910583496093750e+01
5.509254074096679688e+01,8.104615783691406250e+01
5.723608016967773438e+01,7.844296264648437500e+01
3.398158264160156250e+01,4.592773818969726562e+01
2.501372337341308594e+01,3.203632354736328125e+01
6.326988601684570312e+01,7.235493469238281250e+01
8.400047302246093750e+00,7.568824291229248047e+00
2.006370735168457031e+01,7.044952392578125000e+01
7.309398651123046875e+01,8.841168212890625000e+01
9.248899078369140625e+01,9.335623931884765625e+01
7.964049530029296875e+01,7.446358489990234375e+01
1.025468368530273438e+02,9.494255065917968750e+01
8.898044586181640625e+01,1.073521423339843750e+02
9.278537750244140625e+01,8.320085144042968750e+01
9.151876068115234375e+01,8.070403289794921875e+01
9.124121093750000000e+01,7.998963928222656250e+01
8.126716613769531250e+00,1.173614883422851562e+01
6.585607910156250000e+01,4.556280899047851562e+01
4.612890625000000000e+01,4.014514923095703125e+01
1.638126945495605469e+01,2.298921585083007812e+01
1.539675617218017578e+01,2.032379531860351562e+01
3.041003227233886719e+01,2.988374328613281250e+01
1.375948810577392578e+01,1.517575263977050781e+01
2.167862892150878906e+01,1.696668243408203125e+01
2.912491607666015625e+01,2.603845787048339844e+01
1.783582115173339844e+01,1.391263198852539062e+01
3.223693466186523438e+01,4.518598937988281250e+01
2.787249755859375000e+01,3.773444366455078125e+01
4.795249557495117188e+01,6.563442230224609375e+01
3.035687065124511719e+01,4.402341461181640625e+01
2.916863441467285156e+01,4.318482589721679688e+01
4.945196533203125000e+01,6.785655212402343750e+01
2.896197319030761719e+01,4.369351959228515625e+01
4.867285537719726562e+01,6.937174987792968750e+01
2.745398521423339844e+01,4.333862686157226562e+01
2.749398803710937500e+01,4.218134307861328125e+01
2.442264366149902344e+01,3.949322509765625000e+01
3.548161697387695312e+01,4.983119964599609375e+01
2.367133522033691406e+01,3.318727111816406250e+01
2.359148979187011719e+01,3.280593872070312500e+01
3.898043823242187500e+01,4.975226211547851562e+01
2.918589591979980469e+01,4.077937316894531250e+01
4.680721664428710938e+01,5.971245956420898438e+01
2.353228759765625000e+01,3.338069534301757812e+01
3.101867866516113281e+01,4.522505187988281250e+01
2.926183128356933594e+01,4.433999633789062500e+01
2.088562774658203125e+01,3.439123153686523438e+01
4.621559524536132812e+01,6.772269439697265625e+01
1.993432044982910156e+01,3.416020202636718750e+01
3.483133316040039062e+01,4.876672744750976562e+01
3.065572547912597656e+01,4.350020980834960938e+01
1.897197532653808594e+01,2.734726715087890625e+01
1.910527992248535156e+01,2.802391815185546875e+01
3.295682144165039062e+01,4.367314529418945312e+01
2.493004035949707031e+01,3.585797882080078125e+01
2.527590179443359375e+01,3.523984527587890625e+01
4.067239379882812500e+01,5.437718200683593750e+01
2.884809303283691406e+01,4.052335357666015625e+01
4.582175827026367188e+01,6.113309478759765625e+01
2.073507499694824219e+01,2.452783393859863281e+01
1.769686317443847656e+01,2.484919166564941406e+01
1.579858684539794922e+01,2.417728805541992188e+01
2.030193710327148438e+01,2.531471633911132812e+01
4.399946212768554688e+01,6.569206237792968750e+01
3.052491950988769531e+01,4.306183624267578125e+01
3.351409530639648438e+01,5.227504730224609375e+01
1.616301918029785156e+01,2.015527153015136719e+01
3.084930229187011719e+01,2.949924087524414062e+01
2.189114379882812500e+01,1.697114944458007812e+01
3.545812988281250000e+01,2.422924232482910156e+01
1.938695526123046875e+01,1.156344509124755859e+01
1.912393379211425781e+01,2.168272399902343750e+01
2.153343200683593750e+01,3.238012313842773438e+01
9.175970458984375000e+01,8.990061950683593750e+01
2.053501129150390625e+01,3.013484573364257812e+01
2.138346862792968750e+01,1.518591308593750000e+01
1.397339153289794922e+01,1.956463623046875000e+01
1.242978763580322266e+01,1.214105415344238281e+01
2.822850036621093750e+01,8.550979614257812500e+00
2.938871002197265625e+01,1.525363063812255859e+01
2.278538513183593750e+01,9.435018539428710938e+00
1.971273040771484375e+01,8.912471771240234375e+00
2.027027130126953125e+01,1.100596618652343750e+01
2.473876762390136719e+01,1.089360618591308594e+01
2.451236915588378906e+01,1.125205135345458984e+01
2.033174324035644531e+01,1.821360397338867188e+01
9.291025543212890625e+01,7.023526000976562500e+01
2.953340148925781250e+01,2.403913879394531250e+01
9.376332855224609375e+01,1.151646194458007812e+02
1.092195358276367188e+02,1.074692077636718750e+02
1.731077003479003906e+01,2.504689407348632812e+01
1.475469207763671875e+01,1.516451644897460938e+01
3.298901367187500000e+01,3.849566650390625000e+01
9.354416656494140625e+01,1.022747421264648438e+02
3.114523506164550781e+01,3.737446594238281250e+01
4.017464828491210938e+01,5.122812652587890625e+01
7.300269317626953125e+01,7.842163085937500000e+01
5.532337570190429688e+01,6.870248413085937500e+01
2.066392135620117188e+01,3.104775810241699219e+01
3.179478454589843750e+01,3.760026168823242188e+01
2.140900230407714844e+01,2.233681869506835938e+01
4.325016784667968750e+01,5.124691772460937500e+01
5.610564041137695312e+01,8.201081848144531250e+01
1.990849494934082031e+01,2.269157028198242188e+01
1.285885238647460938e+01,1.333775806427001953e+01
7.541397857666015625e+01,8.287757873535156250e+01
5.819235229492187500e+01,6.579919433593750000e+01
3.706697082519531250e+01,3.649710845947265625e+01
5.336406326293945312e+01,4.825483322143554688e+01
1.617482757568359375e+01,2.178830718994140625e+01
2.348470878601074219e+01,3.663322830200195312e+01
5.291849899291992188e+01,6.482089233398437500e+01
2.385103797912597656e+01,2.071985435485839844e+01
1.399554443359375000e+01,9.866348266601562500e+00
9.742078399658203125e+01,8.962414550781250000e+01
1.068863143920898438e+02,1.098358840942382812e+02
1.175953140258789062e+02,9.830734252929687500e+01
1.194110488891601562e+02,9.965742492675781250e+01
1.116083602905273438e+02,9.844417572021484375e+01
1.171044692993164062e+02,9.774781036376953125e+01
1.190151672363281250e+02,1.002271804809570312e+02
2.817791748046875000e+01,1.065469512939453125e+02
4.329276657104492188e+01,1.026399688720703125e+02
8.464316558837890625e+01,1.073458099365234375e+02
1.010457382202148438e+02,1.195410308837890625e+02
1.054834518432617188e+02,1.240782165527343750e+02
1.046720352172851562e+02,1.431136169433593750e+02
4.663937759399414062e+01,8.465632629394531250e+01
8.503943634033203125e+01,1.073974151611328125e+02
5.933750534057617188e+01,1.100860824584960938e+02
9.348841094970703125e+01,1.332532043457031250e+02
8.464302062988281250e+01,1.270194625854492188e+02
4.718655014038085938e+01,9.280146026611328125e+01
1.728351020812988281e+01,4.013880157470703125e+01
2.963754272460937500e+01,9.626888275146484375e+01
3.868174362182617188e+01,6.850197601318359375e+01
3.786787796020507812e+01,8.091741180419921875e+01
4.081245803833007812e+01,7.374676513671875000e+01
4.277293777465820312e+01,7.767254638671875000e+01
5.568054580688476562e+01,8.669190216064453125e+01
6.589420318603515625e+01,1.009038543701171875e+02
5.362988662719726562e+01,9.332293701171875000e+01
7.986653900146484375e+01,1.083997726440429688e+02
4.055887985229492188e+01,8.547828674316406250e+01
2.900490760803222656e+01,8.044045257568359375e+01
6.452803039550781250e+01,1.046867599487304688e+02
6.241076660156250000e+01,9.664785766601562500e+01
6.509360504150390625e+01,1.127102050781250000e+02
5.625965499877929688e+01,1.082314910888671875e+02
6.877164459228515625e+01,1.105521087646484375e+02
8.932830047607421875e+01,1.270780639648437500e+02
5.987709426879882812e+01,1.055496520996093750e+02
5.077638244628906250e+01,8.148625946044921875e+01
8.382355499267578125e+01,1.213115539550781250e+02
7.396314239501953125e+01,1.162842330932617188e+02
5.524857711791992188e+01,9.352773284912109375e+01
1.010072860717773438e+02,1.305266876220703125e+02
8.134896087646484375e+01,1.252863769531250000e+02
9.702805328369140625e+01,1.326437377929687500e+02
9.184708404541015625e+01,1.172038879394531250e+02
5.329253005981445312e+01,1.016960601806640625e+02
5.103888320922851562e+01,8.309757995605468750e+01
7.377754974365234375e+01,1.175164184570312500e+02
6.696452331542968750e+01,1.156796569824218750e+02
5.464001464843750000e+01,9.678642272949218750e+01
4.817146301269531250e+01,9.820581817626953125e+01
7.297772216796875000e+01,1.226289138793945312e+02
9.098763275146484375e+01,1.159522094726562500e+02
7.179245758056640625e+01,1.033809814453125000e+02
7.784316253662109375e+01,1.176430969238281250e+02
6.518834686279296875e+01,9.955054473876953125e+01
5.919203567504882812e+01,1.113365020751953125e+02
3.990698623657226562e+01,1.095584106445312500e+02
1.070651473999023438e+02,1.254561004638671875e+02
1.162448120117187500e+02,1.477764129638671875e+02
1.265701293945312500e+02,1.481857604980468750e+02
1.196645736694335938e+02,1.397000122070312500e+02
1.165420303344726562e+02,1.400849609375000000e+02
1.218820495605468750e+02,1.424717407226562500e+02
1.040664062500000000e+02,1.373107604980468750e+02
1.301347503662109375e+02,1.476613769531250000e+02
3.251511383056640625e+01,8.180342102050781250e+01
7.078519439697265625e+01,1.427460937500000000e+02
1.098575668334960938e+02,1.150732803344726562e+02
1.199163742065429688e+02,1.197584838867187500e+02
1.035502395629882812e+02,1.087319564819335938e+02
1.039142227172851562e+02,1.071240081787109375e+02
1.114118041992187500e+02,1.191383361816406250e+02
1.115053329467773438e+02,1.163172912597656250e+02
8.223552703857421875e+01,1.189100723266601562e+02
9.420766448974609375e+01,1.232692413330078125e+02
1.073921585083007812e+02,1.236906051635742188e+02
8.901015472412109375e+01,1.037260742187500000e+02
9.214652252197265625e+01,1.099901885986328125e+02
9.367678070068359375e+01,1.142276763916015625e+02
1.181211624145507812e+02,1.242347106933593750e+02
9.636733245849609375e+01,1.226743850708007812e+02
1.064871292114257812e+02,1.269450378417968750e+02
1.031315231323242188e+02,1.283371887207031250e+02
8.614086151123046875e+01,1.166960906982421875e+02
9.935317039489746094e+00,1.095803451538085938e+01
8.436432838439941406e+00,9.512863159179687500e+00
1.033624172210693359e+01,1.326524353027343750e+01
9.383389472961425781e+00,1.597740554809570312e+01
1.101082992553710938e+01,1.378651618957519531e+01
1.285906066894531250e+02,1.292810363769531250e+02
1.250039196014404297e+01,1.570176601409912109e+01
4.303438949584960938e+01,6.338362884521484375e+01
1.492728424072265625e+01,2.629158401489257812e+01
1.155156421661376953e+01,1.384602832794189453e+01
4.368878555297851562e+01,1.046065979003906250e+02
6.537527465820312500e+01,1.272905654907226562e+02
6.218571090698242188e+01,1.095895233154296875e+02
7.038079071044921875e+01,1.260864257812500000e+02
7.573683929443359375e+01,1.191064910888671875e+02
3.569221496582031250e+01,9.815986633300781250e+01
3.081179809570312500e+01,7.702983856201171875e+01
3.725229263305664062e+01,8.790208435058593750e+01
3.284746170043945312e+01,8.000037384033203125e+01
2.942463493347167969e+01,7.346286010742187500e+01
3.095038604736328125e+01,9.182563781738281250e+01
1.990497398376464844e+01,8.518006134033203125e+01
5.557194137573242188e+01,1.027988204956054688e+02
2.875514221191406250e+01,7.314043426513671875e+01
5.188934326171875000e+01,9.257191467285156250e+01
3.634113693237304688e+01,8.615666198730468750e+01
2.232152748107910156e+01,7.594710540771484375e+01
4.929890823364257812e+01,8.878739929199218750e+01
3.420627212524414062e+01,8.175531768798828125e+01
2.603756141662597656e+01,6.822872924804687500e+01
3.494832992553710938e+01,9.339862823486328125e+01
4.006785964965820312e+01,9.744769287109375000e+01
3.536005401611328125e+01,8.061238098144531250e+01
3.118302917480468750e+01,8.782371520996093750e+01
5.072249221801757812e+01,1.005156097412109375e+02
4.875433349609375000e+01,9.120213317871093750e+01
2.619164085388183594e+01,7.953314208984375000e+01
2.801294517517089844e+01,7.121144104003906250e+01
2.461132812500000000e+01,7.671681213378906250e+01
4.611364746093750000e+01,9.767646789550781250e+01
2.255332374572753906e+01,6.262852859497070312e+01
2.923489379882812500e+01,7.615255737304687500e+01
2.539715576171875000e+01,6.839668273925781250e+01
4.413352584838867188e+01,8.299319458007812500e+01
3.096529579162597656e+01,7.388957214355468750e+01
2.544572257995605469e+01,7.511767578125000000e+01
2.705147552490234375e+01,7.831951141357421875e+01
2.430908203125000000e+01,5.711724853515625000e+01
4.390866088867187500e+01,7.980689239501953125e+01
3.213193893432617188e+01,7.095926666259765625e+01
3.016189765930175781e+01,6.618833160400390625e+01
1.702094650268554688e+01,6.021175384521484375e+01
2.229744148254394531e+01,5.395419692993164062e+01
4.163265228271484375e+01,7.735052490234375000e+01
3.943818283081054688e+01,7.931173706054687500e+01
2.614592742919921875e+01,6.344085311889648438e+01
4.281158447265625000e+01,8.112377929687500000e+01
2.463450813293457031e+01,6.075004577636718750e+01
9.948506927490234375e+01,1.271699905395507812e+02
1.108712387084960938e+02,1.396183166503906250e+02
2.298199462890625000e+01,1.165470123291015625e+02
2.794462585449218750e+01,8.880963897705078125e+01
2.672837257385253906e+01,9.267620849609375000e+01
3.295872879028320312e+01,9.199644470214843750e+01
3.803300094604492188e+01,1.005258255004882812e+02
3.304075241088867188e+01,8.836258697509765625e+01
3.278771591186523438e+01,8.887381744384765625e+01
3.217938995361328125e+01,9.345602416992187500e+01
2.925951385498046875e+01,7.675093078613281250e+01
2.764448547363281250e+01,8.878649902343750000e+01
2.740637207031250000e+01,8.933934020996093750e+01
2.303679466247558594e+01,6.834317779541015625e+01
2.824750328063964844e+01,7.272640991210937500e+01
1.653347206115722656e+01,6.239662170410156250e+01
1.844185066223144531e+01,7.647753143310546875e+01
3.932734680175781250e+01,1.042923431396484375e+02
4.338649368286132812e+01,9.088825988769531250e+01
2.440610313415527344e+01,8.613046264648437500e+01
3.180764198303222656e+01,8.159634399414062500e+01
3.125202941894531250e+01,8.494512176513671875e+01
2.221605491638183594e+01,6.421398925781250000e+01
2.941821289062500000e+01,6.324658584594726562e+01
2.077209281921386719e+01,6.290377807617187500e+01
4.089188766479492188e+01,1.044035873413085938e+02
3.578315353393554688e+01,1.083859710693359375e+02
1.805538749694824219e+01,7.428981781005859375e+01
3.065045738220214844e+01,7.568513488769531250e+01
6.208868789672851562e+01,1.061213989257812500e+02
6.741929626464843750e+01,9.115710449218750000e+01
2.450379943847656250e+01,5.869432830810546875e+01
7.584235382080078125e+01,1.088179473876953125e+02
6.545180511474609375e+01,9.976795959472656250e+01
2.453694152832031250e+01,6.549868774414062500e+01
6.558023834228515625e+01,1.014179077148437500e+02
6.872856903076171875e+01,1.045234375000000000e+02
5.871959304809570312e+01,8.987171173095703125e+01
4.453184890747070312e+01,6.993441009521484375e+01
1.340982532501220703e+01,4.377936553955078125e+01
1.388127803802490234e+01,4.296936798095703125e+01
5.054421615600585938e+01,9.024717712402343750e+01
1.744467926025390625e+01,4.308737182617187500e+01
2.071861076354980469e+01,5.927819061279296875e+01
6.543408203125000000e+01,9.669483184814453125e+01
6.392984008789062500e+01,1.000058898925781250e+02
1.803391265869140625e+01,5.949597167968750000e+01
3.706451416015625000e+01,9.099174499511718750e+01
1.004746322631835938e+02,1.337882385253906250e+02
7.548511505126953125e+01,1.286963500976562500e+02
6.515172576904296875e+01,1.143685607910156250e+02
5.411044311523437500e+01,1.135830230712890625e+02
5.122729110717773438e+01,1.096948699951171875e+02
4.183872222900390625e+01,1.072190475463867188e+02
4.563262939453125000e+01,1.301300659179687500e+02
3.237832641601562500e+01,1.246512145996093750e+02
1.834257125854492188e+01,8.592141723632812500e+01
1.723993873596191406e+01,8.665758514404296875e+01
1.289620113372802734e+01,8.286187744140625000e+01
1.931622886657714844e+01,1.072369766235351562e+02
2.563554954528808594e+01,9.374139404296875000e+01
2.690296936035156250e+01,7.716259002685546875e+01
2.898013496398925781e+01,9.797558593750000000e+01
4.892653274536132812e+01,1.291498107910156250e+02
3.470155715942382812e+01,1.251944274902343750e+02
3.671306228637695312e+01,1.157070617675781250e+02
5.784855651855468750e+01,1.278509674072265625e+02
8.333583068847656250e+01,1.149074707031250000e+02
9.630927276611328125e+01,1.178769912719726562e+02
7.758831787109375000e+01,1.175726013183593750e+02
7.625390625000000000e+01,1.082288360595703125e+02
1.162395248413085938e+02,1.280580749511718750e+02
1.070019302368164062e+02,1.372855224609375000e+02
3.728432083129882812e+01,7.963035583496093750e+01
4.219662857055664062e+01,7.175106811523437500e+01
3.042189598083496094e+01,7.157632446289062500e+01
3.228228759765625000e+01,6.624227142333984375e+01
1.727252388000488281e+01,5.797176361083984375e+01
2.408957481384277344e+01,7.481547546386718750e+01
3.245349121093750000e+01,6.838775634765625000e+01
2.585121345520019531e+01,6.440558624267578125e+01
1.432417774200439453e+01,6.291674804687500000e+01
1.721083259582519531e+01,5.693105316162109375e+01
1.126110553741455078e+01,5.970352172851562500e+01
2.312951850891113281e+01,5.920534896850585938e+01
1.357556438446044922e+01,5.704322814941406250e+01
5.763964462280273438e+01,1.199261016845703125e+02
5.496635055541992188e+01,1.034451599121093750e+02
6.200279235839843750e+01,8.761659240722656250e+01
9.915885162353515625e+01,1.472288208007812500e+02
6.930379486083984375e+01,1.250998306274414062e+02
1.528525638580322266e+01,5.139209365844726562e+01
1.913965606689453125e+01,4.552238845825195312e+01
3.103970336914062500e+01,7.375846862792968750e+01
2.456340217590332031e+01,8.854939270019531250e+01
5.071247482299804688e+01,1.235464401245117188e+02
2.731697273254394531e+01,9.645542907714843750e+01
4.704545974731445312e+01,1.158173599243164062e+02
5.770980834960937500e+01,1.096831512451171875e+02
6.282001876831054688e+01,1.177934875488281250e+02
2.411582756042480469e+01,7.462184906005859375e+01
3.993035507202148438e+01,9.165669250488281250e+01
2.722478294372558594e+01,6.105408477783203125e+01
2.482102394104003906e+01,6.339466094970703125e+01
2.297737121582031250e+01,5.993649291992187500e+01
1.895910644531250000e+01,5.672105407714843750e+01
1.584390640258789062e+01,5.787157440185546875e+01
2.587842750549316406e+01,5.245810317993164062e+01
2.586112976074218750e+01,5.546414947509765625e+01
1.957837295532226562e+01,4.831912231445312500e+01
1.583610916137695312e+01,3.471150207519531250e+01
2.130430603027343750e+01,4.672599029541015625e+01
2.292066001892089844e+01,5.098618316650390625e+01
1.550959873199462891e+01,3.636357498168945312e+01
1.776187705993652344e+01,5.259586334228515625e+01
3.424009323120117188e+01,7.936018371582031250e+01
4.140832138061523438e+01,8.211808776855468750e+01
2.091928291320800781e+01,5.141808319091796875e+01
4.220904159545898438e+01,9.360858154296875000e+01
7.183228302001953125e+01,1.055011138916015625e+02
4.094198226928710938e+01,8.714698791503906250e+01
2.923337364196777344e+01,7.537463378906250000e+01
3.438628005981445312e+01,7.899102020263671875e+01
6.139368820190429688e+01,1.207543792724609375e+02
2.814620971679687500e+01,1.051507263183593750e+02
1.613155937194824219e+01,8.731628417968750000e+01
3.008917999267578125e+01,1.113995132446289062e+02
3.098583221435546875e+01,1.384910125732421875e+02
3.574246597290039062e+01,1.504734802246093750e+02
1.940508842468261719e+01,9.769029998779296875e+01
1.662934303283691406e+01,8.322485351562500000e+01
2.678606224060058594e+01,1.061673278808593750e+02
2.458017921447753906e+01,1.055977859497070312e+02
1.290776538848876953e+01,6.612257385253906250e+01
8.554208755493164062e+00,5.566163635253906250e+01
1.060863494873046875e+01,5.182241821289062500e+01
2.187360954284667969e+01,9.184013366699218750e+01
2.217421913146972656e+01,1.128494110107421875e+02
1.231579208374023438e+01,5.851390838623046875e+01
1.595307636260986328e+01,6.308753204345703125e+01
8.830969810485839844e+00,5.575645446777343750e+01
4.073954772949218750e+01,9.635771179199218750e+01
6.716744232177734375e+01,1.273671112060546875e+02
4.454318237304687500e+01,1.001664199829101562e+02
8.719515991210937500e+01,1.227874603271484375e+02
8.991149902343750000e+01,1.275278854370117188e+02
8.982010650634765625e+01,1.133794250488281250e+02
8.161632537841796875e+01,1.298399658203125000e+02
1.091918869018554688e+02,1.265479736328125000e+02
1.248596878051757812e+02,1.461032104492187500e+02
1.258098754882812500e+02,1.456985778808593750e+02
3.554127883911132812e+01,7.331112670898437500e+01
1.121277160644531250e+02,1.268360519409179688e+02
1.198850479125976562e+02,1.342176513671875000e+02
2.055734443664550781e+01,7.268185424804687500e+01
6.809201049804687500e+01,1.163227081298828125e+02
5.945173263549804688e+01,1.278352203369140625e+02
7.658612060546875000e+01,1.182896881103515625e+02
6.625698852539062500e+01,1.218328399658203125e+02
4.857063674926757812e+01,1.376461334228515625e+02
1.013103408813476562e+02,1.314379272460937500e+02
5.481005859375000000e+01,1.144640960693359375e+02
7.853159332275390625e+01,1.279674835205078125e+02
8.109725189208984375e+01,1.340097045898437500e+02
6.660482025146484375e+01,1.073918609619140625e+02
7.231286621093750000e+01,1.368671417236328125e+02
4.597403335571289062e+01,1.045353088378906250e+02
9.465670776367187500e+01,1.382769317626953125e+02
1.751942443847656250e+01,5.815845870971679688e+01
1.187414646148681641e+01,3.951272583007812500e+01
1.532340526580810547e+01,4.729421234130859375e+01
1.442551708221435547e+01,5.900454711914062500e+01
1.332115459442138672e+01,4.929690170288085938e+01
1.099193286895751953e+01,5.305306243896484375e+01
1.302787303924560547e+01,5.309814453125000000e+01
2.684567260742187500e+01,5.211910247802734375e+01
5.857985305786132812e+01,1.123717041015625000e+02
6.212657546997070312e+01,1.097524414062500000e+02
6.342976379394531250e+01,1.072826919555664062e+02
3.452202987670898438e+01,6.660742950439453125e+01
6.409107208251953125e+01,1.052569580078125000e+02
8.218511199951171875e+01,1.167760772705078125e+02
1.150610637664794922e+01,4.988396453857421875e+01
2.166865730285644531e+01,5.268710327148437500e+01
2.846824073791503906e+01,6.861832427978515625e+01
2.251049613952636719e+01,5.148764801025390625e+01
1.785715293884277344e+01,6.054875946044921875e+01
2.111362648010253906e+01,6.303638076782226562e+01
3.818512725830078125e+01,8.486273956298828125e+01
4.904864501953125000e+01,9.340456390380859375e+01
3.217133712768554688e+01,7.186276245117187500e+01
5.795902633666992188e+01,1.042874679565429688e+02
1.186504135131835938e+02,1.277434234619140625e+02
6.935959625244140625e+01,8.662217712402343750e+01
7.097103881835937500e+01,9.728786468505859375e+01
7.525167083740234375e+01,9.735354614257812500e+01
8.013774871826171875e+01,1.000797348022460938e+02
5.864048385620117188e+01,8.955899810791015625e+01
7.471181488037109375e+01,9.632343292236328125e+01
5.868185424804687500e+01,8.932163238525390625e+01
7.119534301757812500e+01,8.657643127441406250e+01
1.035010986328125000e+02,1.279118881225585938e+02
2.480365943908691406e+01,6.096492385864257812e+01
1.738541221618652344e+01,4.838744354248046875e+01
3.762928390502929688e+01,8.303558349609375000e+01
2.551988220214843750e+01,7.384034729003906250e+01
3.102620697021484375e+01,7.959140014648437500e+01
1.942269897460937500e+01,5.342863464355468750e+01
1.722145080566406250e+01,4.736224365234375000e+01
2.055525779724121094e+01,5.440705871582031250e+01
1.741750144958496094e+01,5.264096832275390625e+01
1.570006847381591797e+01,4.561548995971679688e+01
5.008857345581054688e+01,8.754141235351562500e+01
5.290600585937500000e+01,1.196635360717773438e+02
3.746600723266601562e+01,1.131698303222656250e+02
5.179687118530273438e+01,1.238372650146484375e+02
3.841862106323242188e+01,9.299929809570312500e+01
6.338209152221679688e+01,1.013175964355468750e+02
4.115485763549804688e+01,7.154759979248046875e+01
2.237880516052246094e+01,4.982363891601562500e+01
3.046618652343750000e+01,7.026714324951171875e+01
5.983055496215820312e+01,9.057966613769531250e+01
5.198435592651367188e+01,8.702182006835937500e+01
3.552814865112304688e+01,7.402050018310546875e+01
5.897075271606445312e+01,9.324069213867187500e+01
3.231867980957031250e+01,7.081295013427734375e+01
2.936225891113281250e+01,7.021873474121093750e+01
3.533430480957031250e+01,7.525966644287109375e+01
2.930666160583496094e+01,7.053173065185546875e+01
2.380915069580078125e+01,6.178737640380859375e+01
2.523751831054687500e+01,6.452389526367187500e+01
3.358142089843750000e+01,7.067478179931640625e+01
2.817271423339843750e+01,6.475213623046875000e+01
4.398963928222656250e+01,8.582850646972656250e+01
2.728866577148437500e+01,6.538123321533203125e+01
4.822065734863281250e+01,8.712356567382812500e+01
7.910549163818359375e+01,1.202663116455078125e+02
4.641122436523437500e+01,8.546798706054687500e+01
2.183341407775878906e+01,5.481521606445312500e+01
2.067004585266113281e+01,5.057700347900390625e+01
4.788846969604492188e+01,9.263360595703125000e+01
1.958708572387695312e+01,4.444703292846679688e+01
9.265229225158691406e+00,1.865612220764160156e+01
2.607975196838378906e+01,5.533153533935546875e+01
2.392455482482910156e+01,4.341555786132812500e+01
1.489832305908203125e+01,3.607173538208007812e+01
1.376587390899658203e+01,3.495798110961914062e+01
4.418161392211914062e+01,9.081306457519531250e+01
7.013524627685546875e+01,1.080796508789062500e+02
6.320740890502929688e+01,9.688722229003906250e+01
2.974193572998046875e+01,5.816860961914062500e+01
3.015938377380371094e+01,5.767479324340820312e+01
5.019989013671875000e+01,9.202882385253906250e+01
3.735475158691406250e+01,8.082389831542968750e+01
2.533194923400878906e+01,5.168553924560546875e+01
3.864554214477539062e+01,6.475677490234375000e+01
2.940776062011718750e+01,1.210576171875000000e+02
9.519940948486328125e+01,1.282615051269531250e+02
5.082165527343750000e+01,1.042001037597656250e+02
1.656070137023925781e+01,8.568302154541015625e+01
1.344956207275390625e+01,3.217517089843750000e+01
1.455097579956054688e+01,3.476888275146484375e+01
1.613407325744628906e+01,3.596543121337890625e+01
1.624080848693847656e+01,3.997636032104492188e+01
1.549789714813232422e+01,3.384878540039062500e+01
2.464498901367187500e+01,6.469804382324218750e+01
1.794516181945800781e+01,4.686652374267578125e+01
3.278666305541992188e+01,6.001131439208984375e+01
1.543074512481689453e+01,3.832106018066406250e+01
2.432932090759277344e+01,5.740411376953125000e+01
1.295323181152343750e+01,2.752325439453125000e+01
2.475422096252441406e+01,4.231649017333984375e+01
2.412635612487792969e+01,5.890333175659179688e+01
2.298849678039550781e+01,6.162303924560546875e+01
2.506029701232910156e+01,6.025606536865234375e+01
1.295384216308593750e+01,3.843377685546875000e+01
2.863362121582031250e+01,6.587866210937500000e+01
2.512079429626464844e+01,6.342579269409179688e+01
2.837061119079589844e+01,6.543046569824218750e+01
5.013160324096679688e+01,9.166622161865234375e+01
5.749018859863281250e+01,1.029568634033203125e+02
1.529968929290771484e+01,4.588543701171875000e+01
8.090956687927246094e+00,2.109521484375000000e+01
3.170570182800292969e+01,6.525821685791015625e+01
2.235572052001953125e+01,5.604370880126953125e+01
2.693880271911621094e+01,5.928516006469726562e+01
2.149203681945800781e+01,4.686333465576171875e+01
1.334905719757080078e+01,2.633028984069824219e+01
3.289297485351562500e+01,4.736389541625976562e+01
2.249984169006347656e+01,4.995011901855468750e+01
2.150181770324707031e+01,5.167463684082031250e+01
2.599241638183593750e+01,5.528603744506835938e+01
1.063850402832031250e+01,1.987995147705078125e+01
1.137012958526611328e+01,2.244412994384765625e+01
9.384383392333984375e+01,1.349941101074218750e+02
4.719850158691406250e+01,1.098921508789062500e+02
5.272022628784179688e+01,1.082100982666015625e+02
5.254368209838867188e+01,1.053393859863281250e+02
6.395310592651367188e+01,1.086876678466796875e+02
4.160184097290039062e+01,9.047419738769531250e+01
5.979154968261718750e+01,1.035976867675781250e+02
2.803418540954589844e+01,6.906997680664062500e+01
4.677427291870117188e+01,7.803685760498046875e+01
2.123754310607910156e+01,5.776781463623046875e+01
1.577666759490966797e+01,4.652063751220703125e+01
1.508878326416015625e+01,3.812139511108398438e+01
2.065019798278808594e+01,5.775784301757812500e+01
3.360633468627929688e+01,7.468119812011718750e+01
7.705680084228515625e+01,1.036157379150390625e+02
2.724007225036621094e+01,4.934232330322265625e+01
3.705304336547851562e+01,9.364234924316406250e+01
4.159858322143554688e+01,9.467512512207031250e+01
6.836637115478515625e+01,1.277266921997070312e+02
1.207366027832031250e+02,1.227688598632812500e+02
2.223076438903808594e+01,8.224316406250000000e+01
3.088546180725097656e+01,6.869161224365234375e+01
3.587501907348632812e+01,7.045330047607421875e+01
2.170471382141113281e+01,7.354016876220703125e+01
3.117953491210937500e+01,7.231590270996093750e+01
5.200466537475585938e+01,8.038989257812500000e+01
5.189733886718750000e+01,7.992393493652343750e+01
5.386320495605468750e+01,8.170628356933593750e+01
4.183564376831054688e+01,7.958766174316406250e+01
5.556070327758789062e+01,8.670820617675781250e+01
4.864554977416992188e+01,7.471085357666015625e+01
4.493968582153320312e+01,7.846918487548828125e+01
3.574596023559570312e+01,8.309066772460937500e+01
3.810471725463867188e+01,7.528906250000000000e+01
3.318379211425781250e+01,8.780094146728515625e+01
5.208753967285156250e+01,9.965586853027343750e+01
2.978777122497558594e+01,7.823737335205078125e+01
2.318108367919921875e+01,7.672119140625000000e+01
5.761211013793945312e+01,1.035382614135742188e+02
4.377354431152343750e+01,9.675084686279296875e+01
7.400198364257812500e+01,1.097275238037109375e+02
3.748935699462890625e+01,9.324558258056640625e+01
4.007140731811523438e+01,9.534662628173828125e+01
1.747349357604980469e+01,7.940145874023437500e+01
7.432010650634765625e+01,1.030641555786132812e+02
4.863246536254882812e+01,8.608787536621093750e+01
4.420550537109375000e+01,7.324219512939453125e+01
4.553194808959960938e+01,7.598833465576171875e+01
3.349372482299804688e+01,7.218672180175781250e+01
2.797145080566406250e+01,8.528394317626953125e+01
2.589409828186035156e+01,5.118701934814453125e+01
4.808649063110351562e+01,6.302481460571289062e+01
1.067268905639648438e+02,1.072949981689453125e+02
2.936324119567871094e+01,5.269664764404296875e+01
5.751341629028320312e+01,7.105208587646484375e+01
6.685984039306640625e+01,7.765625000000000000e+01
1.137438125610351562e+02,1.134752807617187500e+02
5.813355636596679688e+01,7.293301391601562500e+01
5.940046691894531250e+01,7.436997222900390625e+01
1.717932510375976562e+01,3.210876464843750000e+01
1.964607429504394531e+01,3.856218719482421875e+01
3.621992111206054688e+01,4.928893280029296875e+01
9.912450408935546875e+01,9.923770141601562500e+01
3.545958328247070312e+01,4.854816436767578125e+01
6.803977203369140625e+01,7.848284912109375000e+01
3.651718902587890625e+01,5.112434387207031250e+01
4.448024368286132812e+01,5.876259613037109375e+01
1.068664779663085938e+02,1.056829986572265625e+02
6.157282638549804688e+01,7.382223510742187500e+01
4.375389480590820312e+01,5.852709197998046875e+01
1.076874771118164062e+02,1.072105712890625000e+02
4.379539108276367188e+01,5.945815277099609375e+01
1.056033630371093750e+02,1.054037628173828125e+02
3.076041984558105469e+01,4.289559555053710938e+01
6.702630615234375000e+01,7.970727539062500000e+01
3.504294204711914062e+01,5.039025497436523438e+01
6.103042602539062500e+01,7.481391906738281250e+01
3.682983016967773438e+01,5.342778396606445312e+01
7.086094665527343750e+01,1.082101898193359375e+02
6.962364959716796875e+01,1.071464996337890625e+02
5.815855407714843750e+01,9.834349060058593750e+01
2.776514244079589844e+01,8.238201904296875000e+01
4.896980667114257812e+01,9.352528381347656250e+01
5.095195388793945312e+01,9.954641723632812500e+01
4.024738311767578125e+01,9.762155914306640625e+01
5.586853408813476562e+01,9.793669891357421875e+01
4.197893905639648438e+01,9.928726196289062500e+01
3.945300292968750000e+01,9.427238464355468750e+01
4.427299118041992188e+01,9.409478759765625000e+01
7.039302825927734375e+01,1.057694778442382812e+02
4.699725723266601562e+01,9.414288330078125000e+01
3.311162185668945312e+01,9.024118041992187500e+01
1.998731803894042969e+01,7.536740875244140625e+01
4.413839340209960938e+01,9.541679382324218750e+01
1.880711174011230469e+01,8.463420104980468750e+01
1.864570426940917969e+01,8.093499755859375000e+01
1.851203155517578125e+01,7.673202514648437500e+01
2.490992736816406250e+01,8.923373413085937500e+01
7.425946044921875000e+01,1.030121917724609375e+02
9.593367767333984375e+01,1.226160278320312500e+02
4.388206863403320312e+01,9.421333312988281250e+01
4.230220413208007812e+01,9.751223754882812500e+01
3.140444755554199219e+01,9.710056304931640625e+01
4.216061782836914062e+01,9.547245788574218750e+01
3.707550048828125000e+01,1.017292709350585938e+02
1.864473533630371094e+01,9.382066345214843750e+01
3.122021484375000000e+01,9.576522827148437500e+01
1.934233283996582031e+01,8.828407287597656250e+01
4.109191894531250000e+01,1.008411407470703125e+02
4.535181045532226562e+01,9.568663024902343750e+01
4.298337173461914062e+01,8.771572113037109375e+01
1.290207958221435547e+01,6.136502838134765625e+01
9.775218963623046875e+00,4.858119964599609375e+01
1.968480682373046875e+01,7.333695220947265625e+01
1.349057483673095703e+01,6.275651931762695312e+01
9.385768890380859375e+01,9.430667114257812500e+01
1.942351722717285156e+01,6.940602111816406250e+01
2.483548545837402344e+01,6.676886749267578125e+01
3.378800964355468750e+01,6.731361389160156250e+01
3.560525512695312500e+01,6.851710510253906250e+01
2.014372634887695312e+01,6.864529418945312500e+01
2.267668914794921875e+01,7.039318847656250000e+01
1.516812229156494141e+01,5.882111358642578125e+01
2.091304588317871094e+01,6.955635070800781250e+01
2.565491294860839844e+01,8.458190155029296875e+01
7.034647369384765625e+01,1.024141235351562500e+02
1.049758377075195312e+02,1.140550689697265625e+02
6.209018325805664062e+01,9.434190368652343750e+01
5.016456985473632812e+01,6.451508331298828125e+01
1.106659317016601562e+02,1.374032592773437500e+02
5.757083129882812500e+01,1.073374938964843750e+02
6.782479095458984375e+01,1.196020965576171875e+02
8.979059600830078125e+01,1.092147445678710938e+02
5.058829879760742188e+01,9.851055908203125000e+01
5.239962387084960938e+01,1.046608581542968750e+02
5.064159011840820312e+01,9.578254699707031250e+01
1.194904556274414062e+02,1.302016296386718750e+02
2.572193717956542969e+01,8.124911499023437500e+01
1.301655731201171875e+02,1.327330932617187500e+02
1.320655364990234375e+02,1.326405029296875000e+02
7.007595062255859375e+01,1.039919891357421875e+02
5.373225784301757812e+01,9.842575073242187500e+01
3.735665512084960938e+01,7.852317047119140625e+01
3.947159194946289062e+01,7.546684265136718750e+01
2.543471527099609375e+01,7.450892639160156250e+01
7.494700622558593750e+01,1.057196502685546875e+02
6.529635620117187500e+01,9.186379241943359375e+01
7.227001190185546875e+01,1.107986907958984375e+02
3.898398971557617188e+01,8.520740509033203125e+01
5.438091659545898438e+01,9.973080444335937500e+01
5.027415084838867188e+01,9.707630920410156250e+01
2.569744300842285156e+01,7.143292236328125000e+01
7.173847198486328125e+01,1.065244522094726562e+02
2.863194274902343750e+01,7.815299987792968750e+01
3.297505569458007812e+01,7.933651733398437500e+01
5.828995895385742188e+01,9.395806884765625000e+01
3.313783645629882812e+01,7.133473968505859375e+01
4.084908294677734375e+01,7.925195312500000000e+01
2.684785270690917969e+01,6.526011657714843750e+01
5.725187683105468750e+01,9.924096679687500000e+01
4.913200759887695312e+01,8.861886596679687500e+01
6.030224609375000000e+01,9.918734741210937500e+01
2.143362426757812500e+01,5.621074676513671875e+01
5.536414718627929688e+01,9.984437561035156250e+01
4.229243850708007812e+01,9.451602935791015625e+01
5.009262466430664062e+01,9.976869201660156250e+01
3.281798171997070312e+01,6.823702239990234375e+01
3.637225723266601562e+01,7.188097381591796875e+01
3.310654067993164062e+01,7.636291503906250000e+01
2.972322845458984375e+01,6.972035217285156250e+01
4.327502822875976562e+01,7.304687500000000000e+01
4.869554519653320312e+01,7.603132629394531250e+01
3.810564041137695312e+01,8.100225830078125000e+01
3.754724121093750000e+01,8.191578674316406250e+01
3.722114181518554688e+01,7.530895996093750000e+01
4.218700790405273438e+01,7.723164367675781250e+01
3.650582122802734375e+01,7.572763824462890625e+01
3.835653686523437500e+01,8.152714538574218750e+01
4.061511611938476562e+01,8.145089721679687500e+01
3.412965011596679688e+01,7.213002014160156250e+01
2.971576118469238281e+01,6.506246948242187500e+01
3.898561096191406250e+01,6.921846771240234375e+01
3.792726135253906250e+01,7.327536010742187500e+01
7.028829193115234375e+01,1.079421920776367188e+02
7.277816009521484375e+01,9.202470397949218750e+01
6.008102416992187500e+01,8.223332214355468750e+01
6.341307449340820312e+01,9.292295837402343750e+01
5.755186080932617188e+01,9.373597717285156250e+01
5.624754714965820312e+01,9.485284423828125000e+01
6.343754196166992188e+01,9.178666687011718750e+01
4.055594253540039062e+01,7.433513641357421875e+01
4.894535827636718750e+01,8.352799987792968750e+01
7.201423645019531250e+01,1.060710296630859375e+02
5.962820434570312500e+01,9.665657806396484375e+01
5.881799697875976562e+01,9.521483612060546875e+01
5.055536270141601562e+01,8.688987731933593750e+01
2.814644432067871094e+01,6.506482696533203125e+01
4.248598098754882812e+01,8.041821289062500000e+01
4.192477416992187500e+01,8.489421081542968750e+01
5.509788513183593750e+01,8.772311401367187500e+01
7.403902435302734375e+01,9.390875244140625000e+01
7.499037170410156250e+01,9.147669982910156250e+01
8.852429962158203125e+01,1.034019317626953125e+02
9.852939605712890625e+01,1.124202270507812500e+02
8.395064544677734375e+01,9.656278991699218750e+01
8.551444244384765625e+01,1.059916458129882812e+02
8.916635894775390625e+01,9.626590728759765625e+01
9.156339263916015625e+01,9.935000610351562500e+01
1.093803329467773438e+02,1.169239654541015625e+02
1.095142211914062500e+02,1.180624389648437500e+02
4.938099288940429688e+01,8.346429443359375000e+01
5.886141967773437500e+01,1.184333801269531250e+02
2.813823127746582031e+01,7.036654663085937500e+01
3.483333206176757812e+01,1.042031250000000000e+02
6.935881805419921875e+01,1.301773529052734375e+02
3.485703659057617188e+01,9.250656127929687500e+01
7.577999114990234375e+01,1.287135925292968750e+02
5.039905929565429688e+01,1.100169982910156250e+02
5.657900619506835938e+01,1.250046691894531250e+02
5.081000900268554688e+01,1.183199310302734375e+02
6.979574584960937500e+01,1.233515625000000000e+02
6.554473114013671875e+01,1.149279022216796875e+02
6.338385009765625000e+01,9.333555603027343750e+01
6.510010528564453125e+01,1.045250701904296875e+02
4.423215866088867188e+01,8.476445007324218750e+01
8.388838958740234375e+01,1.177668609619140625e+02
3.716082763671875000e+01,7.655372619628906250e+01
7.627519989013671875e+01,1.192822799682617188e+02
5.193527221679687500e+01,8.940173339843750000e+01
6.115496826171875000e+01,1.012317504882812500e+02
3.555953598022460938e+01,6.469097900390625000e+01
4.410569381713867188e+01,8.426284790039062500e+01
3.355418014526367188e+01,7.098420715332031250e+01
5.774917602539062500e+01,9.875572967529296875e+01
3.791004943847656250e+01,7.593467712402343750e+01
3.250142288208007812e+01,6.400473022460937500e+01
6.585140228271484375e+01,1.076349563598632812e+02
6.901365661621093750e+01,1.176996154785156250e+02
4.543969726562500000e+01,8.125599670410156250e+01
5.034830093383789062e+01,9.182198333740234375e+01
5.092908096313476562e+01,8.971028137207031250e+01
4.734663391113281250e+01,8.864134216308593750e+01
4.705726242065429688e+01,8.431773376464843750e+01
5.250504684448242188e+01,9.039596557617187500e+01
4.795078659057617188e+01,8.842755889892578125e+01
4.115459823608398438e+01,7.319868469238281250e+01
6.142482376098632812e+01,9.417053222656250000e+01
4.163794326782226562e+01,7.494957733154296875e+01
2.155251312255859375e+01,5.909748840332031250e+01
6.481951141357421875e+01,9.564082336425781250e+01
7.006917572021484375e+01,9.196492004394531250e+01
4.343945693969726562e+01,7.601389312744140625e+01
5.790385818481445312e+01,8.082485961914062500e+01
3.871121215820312500e+01,6.545881652832031250e+01
7.198455047607421875e+01,1.164887390136718750e+02
1.503946971893310547e+01,3.381166076660156250e+01
1.649283027648925781e+01,4.349406433105468750e+01
1.568005084991455078e+01,5.442350006103515625e+01
4.025982284545898438e+01,1.290635375976562500e+02
2.648532295227050781e+01,6.619609832763671875e+01
2.086584472656250000e+01,6.822633361816406250e+01
4.265221023559570312e+01,1.103973846435546875e+02
7.140467834472656250e+01,1.252613067626953125e+02
3.226116561889648438e+01,7.446804046630859375e+01
2.945936584472656250e+01,7.161634826660156250e+01
5.639332962036132812e+01,1.207060089111328125e+02
3.480465316772460938e+01,8.098502349853515625e+01
5.550194931030273438e+01,1.193549346923828125e+02
9.949131011962890625e+01,1.398844604492187500e+02
2.285310935974121094e+01,6.648704528808593750e+01
3.867287826538085938e+01,1.135752258300781250e+02
2.333938026428222656e+01,6.076923370361328125e+01
2.352249145507812500e+01,6.897644042968750000e+01
2.127003669738769531e+01,6.514283752441406250e+01
6.759011840820312500e+01,1.104641723632812500e+02
7.569758605957031250e+01,1.222065429687500000e+02
8.370585632324218750e+01,1.153039627075195312e+02
1.767211723327636719e+01,3.625796508789062500e+01
4.215533065795898438e+01,8.933329772949218750e+01
1.476858901977539062e+01,3.191668319702148438e+01
2.390291786193847656e+01,4.506967926025390625e+01
4.869942092895507812e+01,8.994267272949218750e+01
1.780761909484863281e+01,3.547013473510742188e+01
3.006755065917968750e+01,7.759239196777343750e+01
2.811177825927734375e+01,7.802313232421875000e+01
5.479904174804687500e+01,8.716415405273437500e+01
4.517625427246093750e+01,7.759353637695312500e+01
5.747945785522460938e+01,1.025410461425781250e+02
4.172947311401367188e+01,9.565659332275390625e+01
2.367462730407714844e+01,8.215310668945312500e+01
2.156212806701660156e+01,6.072613525390625000e+01
3.906009674072265625e+01,9.414611816406250000e+01
8.079721832275390625e+01,1.301934967041015625e+02
1.304389858245849609e+01,2.285520553588867188e+01
4.393269729614257812e+01,7.947994995117187500e+01
1.733940124511718750e+01,7.600498962402343750e+01
2.047548103332519531e+01,1.124807586669921875e+02
2.500814628601074219e+01,1.214087142944335938e+02
1.454013824462890625e+01,6.948717498779296875e+01
6.460746002197265625e+01,1.227788085937500000e+02
6.617485809326171875e+01,1.269057846069335938e+02
1.007361221313476562e+02,1.360347290039062500e+02
8.228945922851562500e+01,1.196385498046875000e+02
1.137247695922851562e+02,1.412237396240234375e+02
8.979856109619140625e+01,1.173200378417968750e+02
7.935774993896484375e+01,1.102673645019531250e+02
7.768143463134765625e+01,1.014772644042968750e+02
5.730141830444335938e+01,1.104621276855468750e+02
4.328302383422851562e+01,9.835858917236328125e+01
3.967469787597656250e+01,7.802384948730468750e+01
1.964539146423339844e+01,6.272319793701171875e+01
4.681310653686523438e+01,1.351188049316406250e+02
4.713626098632812500e+01,1.325612487792968750e+02
6.686292266845703125e+01,1.402456359863281250e+02
6.463336944580078125e+01,1.377479705810546875e+02
4.531101608276367188e+01,1.144858474731445312e+02
3.963722610473632812e+01,1.079754486083984375e+02
5.021870422363281250e+01,1.230649871826171875e+02
2.012723922729492188e+01,9.100855255126953125e+01
4.736808776855468750e+01,1.314402923583984375e+02
2.360365867614746094e+01,9.492149353027343750e+01
4.554612731933593750e+01,1.100650634765625000e+02
2.437509155273437500e+01,7.826519775390625000e+01
1.675799179077148438e+01,7.476994323730468750e+01
4.074850082397460938e+01,1.069791946411132812e+02
6.657718658447265625e+01,1.131418457031250000e+02
2.360558128356933594e+01,5.915131378173828125e+01
1.301406955718994141e+01,5.808237457275390625e+01
2.835788726806640625e+01,9.426268005371093750e+01
5.324198913574218750e+01,1.126443939208984375e+02
4.637262344360351562e+01,1.074104385375976562e+02
3.114082908630371094e+01,8.473356628417968750e+01
2.847581481933593750e+01,8.235908508300781250e+01
7.036468505859375000e+01,1.094471893310546875e+02
7.558595275878906250e+01,1.232289733886718750e+02
5.357024002075195312e+01,9.849774169921875000e+01
5.457887649536132812e+01,8.720259094238281250e+01
4.875910949707031250e+01,1.277883987426757812e+02
4.549599075317382812e+01,1.313822479248046875e+02
3.207336044311523438e+01,6.826223754882812500e+01
4.255225753784179688e+01,7.892403411865234375e+01
3.899217605590820312e+01,7.183957672119140625e+01
3.837298965454101562e+01,1.016927032470703125e+02
3.582722091674804688e+01,9.433238220214843750e+01
7.653733062744140625e+01,1.236939392089843750e+02
5.049087524414062500e+01,8.656166076660156250e+01
2.457336425781250000e+01,6.527270507812500000e+01
2.647119140625000000e+01,5.331109619140625000e+01
5.477229690551757812e+01,9.992700195312500000e+01
6.605825805664062500e+01,1.028399047851562500e+02
1.010199508666992188e+02,1.154402465820312500e+02
3.915542602539062500e+01,6.385327529907226562e+01
7.094861602783203125e+01,1.246007156372070312e+02
3.971728897094726562e+01,7.497531127929687500e+01
2.750702476501464844e+01,6.275424194335937500e+01
2.915051460266113281e+01,6.719932556152343750e+01
4.353499984741210938e+01,8.124789428710937500e+01
3.662917709350585938e+01,7.521209716796875000e+01
4.045866775512695312e+01,7.896783447265625000e+01
1.254543838500976562e+02,1.472384948730468750e+02
7.094838714599609375e+01,1.071953887939453125e+02
9.714841461181640625e+01,1.285055847167968750e+02
1.557991886138916016e+01,3.097323799133300781e+01
1.713473701477050781e+01,3.346572875976562500e+01
2.026651382446289062e+01,5.402268981933593750e+01
1.627146339416503906e+01,3.364026641845703125e+01
1.739003944396972656e+01,3.493252182006835938e+01
2.079010200500488281e+01,5.586510467529296875e+01
1.941344642639160156e+01,3.306958007812500000e+01
1.369019985198974609e+01,4.246096801757812500e+01
1.459367752075195312e+01,4.260021972656250000e+01
2.204666900634765625e+01,2.915535926818847656e+01
2.304524230957031250e+01,3.058539772033691406e+01
2.162291908264160156e+01,3.020365142822265625e+01
2.948658180236816406e+01,3.571942901611328125e+01
2.310148620605468750e+01,3.253701019287109375e+01
2.160671043395996094e+01,2.894288253784179688e+01
2.513628578186035156e+01,4.540171813964843750e+01
2.064156913757324219e+01,2.877439117431640625e+01
2.065607452392578125e+01,2.659568405151367188e+01
2.110912895202636719e+01,3.088832664489746094e+01
5.931904220581054688e+01,9.244311523437500000e+01
6.137449645996093750e+01,9.164743804931640625e+01
7.897020721435546875e+01,1.096070556640625000e+02
9.513052368164062500e+01,1.150190277099609375e+02
7.892617034912109375e+01,1.087644042968750000e+02
9.439746856689453125e+01,1.198001556396484375e+02
6.976283264160156250e+01,9.375605773925781250e+01
5.486467361450195312e+01,8.629330444335937500e+01
3.809210968017578125e+01,6.891517639160156250e+01
2.306143951416015625e+01,3.595989990234375000e+01
6.577109527587890625e+01,1.022714080810546875e+02
6.872679901123046875e+01,8.679391479492187500e+01
2.868700599670410156e+01,3.560048675537109375e+01
6.389819717407226562e+01,1.221844635009765625e+02
2.764531898498535156e+01,5.907871246337890625e+01
7.079634857177734375e+01,8.373320007324218750e+01
3.442401123046875000e+01,4.000509262084960938e+01
1.659941864013671875e+01,5.374819946289062500e+01
1.265490493774414062e+02,1.357152404785156250e+02
9.890450286865234375e+01,1.284927062988281250e+02
2.191745185852050781e+01,5.456289672851562500e+01
7.170204925537109375e+01,1.042377471923828125e+02
1.288101959228515625e+02,1.296224975585937500e+02
4.111567306518554688e+01,7.215864562988281250e+01
6.752480316162109375e+01,1.123000259399414062e+02
5.551036453247070312e+01,8.802330017089843750e+01
3.035962867736816406e+01,6.936133575439453125e+01
2.878801727294921875e+01,6.267108917236328125e+01
6.616196441650390625e+01,9.811427307128906250e+01
6.153880691528320312e+01,9.361352539062500000e+01
4.510981750488281250e+01,8.061128234863281250e+01
4.650288772583007812e+01,7.403903198242187500e+01
3.299463272094726562e+01,6.652364349365234375e+01
5.722760009765625000e+01,8.697964477539062500e+01
2.126012229919433594e+01,5.389764404296875000e+01
5.952692031860351562e+01,9.389045715332031250e+01
1.301069183349609375e+02,1.311508789062500000e+02
1.135606918334960938e+02,1.434337463378906250e+02
1.134304275512695312e+02,1.420834655761718750e+02
9.337097167968750000e+01,1.254433975219726562e+02
9.080151367187500000e+01,1.262296981811523438e+02
2.936392021179199219e+01,4.421617126464843750e+01
3.429500961303710938e+01,4.906098937988281250e+01
9.159401702880859375e+01,1.273471374511718750e+02
4.519990158081054688e+01,7.969960021972656250e+01
4.917441177368164062e+01,9.701801300048828125e+01
3.666469955444335938e+01,6.795523834228515625e+01
7.450843048095703125e+01,8.508271026611328125e+01
4.136159515380859375e+01,1.373208618164062500e+02
3.528741836547851562e+01,1.333873901367187500e+02
7.922951507568359375e+01,1.098473892211914062e+02
5.882886886596679688e+01,1.327373352050781250e+02
4.121567153930664062e+01,7.316871643066406250e+01
1.564196491241455078e+01,8.999503135681152344e+00
1.651305580139160156e+01,1.266091537475585938e+01
2.007027244567871094e+01,1.923741340637207031e+01
2.640638732910156250e+01,2.356216430664062500e+01
4.937776565551757812e+01,4.792623138427734375e+01
6.204966354370117188e+01,4.779539108276367188e+01
5.762068557739257812e+01,4.124282836914062500e+01
8.803444671630859375e+01,7.708666992187500000e+01
1.215362167358398438e+02,1.031384582519531250e+02
1.287179107666015625e+02,1.128850097656250000e+02
1.384172973632812500e+02,1.332495117187500000e+02
1.271996231079101562e+02,1.126892547607421875e+02
3.548422622680664062e+01,4.893908691406250000e+01
3.683860397338867188e+01,4.917089843750000000e+01
1.164752101898193359e+01,1.045037841796875000e+01
1.179041576385498047e+01,1.029224014282226562e+01
1.920140266418457031e+01,1.894959640502929688e+01
1.554289913177490234e+01,1.755458450317382812e+01
1.674049568176269531e+01,5.697960662841796875e+01
1.954018783569335938e+01,5.375984573364257812e+01
2.796560668945312500e+01,5.782741546630859375e+01
1.755944252014160156e+01,5.485247802734375000e+01
1.776331329345703125e+01,5.558779144287109375e+01
1.907780265808105469e+01,5.955265808105468750e+01
1.767627906799316406e+01,5.899431228637695312e+01
1.807520484924316406e+01,5.871259689331054688e+01
1.700399780273437500e+01,4.124768066406250000e+01
1.962599945068359375e+01,5.761715698242187500e+01
1.951902961730957031e+01,5.717529678344726562e+01
1.809392166137695312e+01,5.612606811523437500e+01
1.958252716064453125e+01,5.755531692504882812e+01
1.890244674682617188e+01,5.708660888671875000e+01
1.935620498657226562e+01,5.621433639526367188e+01
1.645302009582519531e+01,4.687545013427734375e+01
2.134022712707519531e+01,5.375101470947265625e+01
2.254761695861816406e+01,5.548448181152343750e+01
1.590376758575439453e+01,4.776868438720703125e+01
1.542678737640380859e+01,4.331392669677734375e+01
1.488838195800781250e+01,4.467666244506835938e+01
1.582656860351562500e+01,4.759648132324218750e+01
1.917389488220214844e+01,4.497467041015625000e+01
1.853448486328125000e+01,4.489250946044921875e+01
1.834901618957519531e+01,4.542683410644531250e+01
2.361436462402343750e+01,5.143128204345703125e+01
2.161920928955078125e+01,5.570546340942382812e+01
2.097456550598144531e+01,5.450254058837890625e+01
7.850370025634765625e+01,6.220188140869140625e+01
2.793634223937988281e+01,4.280267715454101562e+01
2.211672019958496094e+01,1.797314071655273438e+01
3.065839576721191406e+01,4.179838562011718750e+01
2.150552368164062500e+01,2.645148086547851562e+01
3.954607391357421875e+01,5.875859832763671875e+01
2.093263626098632812e+01,2.175865936279296875e+01
3.625873947143554688e+01,4.931711578369140625e+01
1.905395889282226562e+01,2.671875572204589844e+01
3.467907714843750000e+01,4.096736526489257812e+01
3.618849182128906250e+01,3.736725616455078125e+01
3.657188034057617188e+01,3.419245910644531250e+01
1.550220775604248047e+01,1.709507560729980469e+01
1.661364936828613281e+01,3.109268951416015625e+01
1.561606693267822266e+01,2.275847244262695312e+01
2.039705657958984375e+01,3.224905395507812500e+01
1.761347007751464844e+01,2.261433029174804688e+01
3.215350723266601562e+01,5.391005706787109375e+01
1.636516380310058594e+01,1.915781784057617188e+01
2.999025535583496094e+01,3.974625396728515625e+01
9.439422607421875000e+01,1.227961807250976562e+02
1.918534278869628906e+01,3.427293014526367188e+01
2.041385841369628906e+01,5.348020935058593750e+01
1.388021755218505859e+01,3.867251586914062500e+01
2.071773529052734375e+01,5.451403808593750000e+01
2.394950294494628906e+01,1.929896354675292969e+01
1.812485694885253906e+01,2.805924415588378906e+01
4.731075668334960938e+01,6.097325897216796875e+01
8.233826446533203125e+01,4.840257644653320312e+01
5.617895507812500000e+01,6.217389678955078125e+01
7.788764953613281250e+01,8.368542480468750000e+01
7.066989898681640625e+01,7.715156555175781250e+01
5.957176589965820312e+01,6.057289505004882812e+01
5.131122207641601562e+01,4.972657775878906250e+01
6.316542434692382812e+01,7.041874694824218750e+01
5.679747009277343750e+01,5.493891906738281250e+01
6.494603729248046875e+01,6.915281677246093750e+01
1.072349548339843750e+02,1.087242050170898438e+02
3.850788879394531250e+01,4.004470825195312500e+01
3.486531066894531250e+01,3.751607513427734375e+01
9.540703582763671875e+01,9.115489196777343750e+01
8.385906219482421875e+01,8.452409362792968750e+01
5.689594650268554688e+01,5.155829238891601562e+01
6.418831634521484375e+01,7.374090576171875000e+01
1.051571578979492188e+02,1.260405120849609375e+02
4.077655792236328125e+01,4.548126983642578125e+01
6.740944671630859375e+01,9.450549316406250000e+01
2.305019569396972656e+01,2.302703857421875000e+01
5.829441452026367188e+01,5.548460006713867188e+01
9.112463378906250000e+01,1.081942596435546875e+02
2.308294677734375000e+01,2.507796859741210938e+01
7.852531433105468750e+01,9.610850524902343750e+01
2.287687873840332031e+01,2.660749435424804688e+01
3.559114074707031250e+01,3.599017333984375000e+01
4.040921783447265625e+01,4.070034027099609375e+01
2.230192565917968750e+01,1.854523849487304688e+01
5.836472702026367188e+01,6.577823638916015625e+01
5.830809020996093750e+01,6.697358703613281250e+01
2.317387199401855469e+01,2.392393875122070312e+01
5.366404342651367188e+01,6.261305999755859375e+01
8.825102996826171875e+01,1.080542144775390625e+02
3.387948226928710938e+01,4.161389160156250000e+01
5.913994979858398438e+01,6.228536605834960938e+01
2.163588142395019531e+01,3.351056671142578125e+01
3.081723594665527344e+01,3.271475982666015625e+01
8.028275299072265625e+01,9.225921630859375000e+01
1.199158325195312500e+02,1.152156372070312500e+02
6.749732208251953125e+01,7.922816467285156250e+01
1.101872787475585938e+02,1.166391296386718750e+02
9.407733154296875000e+01,1.027254638671875000e+02
1.275290756225585938e+02,1.194727020263671875e+02
8.226774597167968750e+01,1.012170257568359375e+02
1.225294189453125000e+02,1.239419174194335938e+02
9.821341705322265625e+01,9.874921417236328125e+01
1.146340637207031250e+02,1.195161285400390625e+02
1.347909545898437500e+02,1.314856567382812500e+02
1.339649658203125000e+02,1.310602416992187500e+02
1.327729339599609375e+02,1.285360412597656250e+02
1.309196014404296875e+02,1.283342590332031250e+02
1.226634216308593750e+02,1.243325958251953125e+02
9.270489501953125000e+01,1.082549133300781250e+02
1.327384185791015625e+02,1.276936950683593750e+02
1.124094543457031250e+02,1.175177764892578125e+02
5.260206222534179688e+01,6.585643768310546875e+01
6.157831192016601562e+01,7.579486083984375000e+01
4.426654052734375000e+01,6.919211578369140625e+01
8.185183715820312500e+01,9.469618988037109375e+01
1.235602645874023438e+02,1.185772399902343750e+02
7.750387573242187500e+01,8.829440307617187500e+01
5.754441452026367188e+01,7.521909332275390625e+01
1.134235229492187500e+02,1.104636688232421875e+02
1.085885086059570312e+02,1.139115753173828125e+02
4.277369308471679688e+01,6.535151672363281250e+01
6.238013839721679688e+01,7.722033691406250000e+01
1.134328231811523438e+02,1.103903274536132812e+02
7.810060882568359375e+01,8.499785614013671875e+01
6.363679122924804688e+01,7.819108581542968750e+01
5.923181152343750000e+01,8.076596832275390625e+01
1.183943862915039062e+02,1.208110046386718750e+02
1.357881317138671875e+02,1.324780883789062500e+02
6.248829650878906250e+01,7.910783386230468750e+01
8.643957519531250000e+01,9.421986389160156250e+01
1.222350997924804688e+02,1.198863906860351562e+02
5.362733078002929688e+01,7.515298461914062500e+01
6.176479721069335938e+01,8.163722229003906250e+01
1.298626098632812500e+02,1.297300872802734375e+02
1.376244049072265625e+02,1.342735595703125000e+02
1.367114410400390625e+02,1.325338439941406250e+02
9.442024993896484375e+01,1.096214599609375000e+02
9.674713134765625000e+01,9.811956787109375000e+01
8.512457275390625000e+01,9.927748107910156250e+01
1.271456527709960938e+02,1.261345825195312500e+02
1.294009552001953125e+02,1.289463500976562500e+02
9.895951080322265625e+01,1.027303314208984375e+02
9.544989013671875000e+01,1.096205596923828125e+02
6.183748245239257812e+01,8.033235168457031250e+01
1.161467208862304688e+02,1.145892181396484375e+02
9.381738281250000000e+01,1.058671264648437500e+02
5.689843750000000000e+01,9.590744018554687500e+01
9.508180999755859375e+01,1.208625564575195312e+02
9.098873138427734375e+01,1.151896514892578125e+02
1.113019790649414062e+02,1.292295227050781250e+02
1.042401657104492188e+02,1.234296417236328125e+02
9.020835113525390625e+01,1.063587951660156250e+02
9.262650299072265625e+01,1.104434890747070312e+02
1.465880298614501953e+01,4.122337722778320312e+01
1.793113136291503906e+01,2.216843032836914062e+01
1.171473617553710938e+02,1.356873626708984375e+02
1.120334701538085938e+02,1.360109558105468750e+02
9.813678741455078125e+01,1.163800354003906250e+02
9.302771759033203125e+01,1.162609024047851562e+02
8.738989257812500000e+01,1.154457626342773438e+02
2.859632301330566406e+01,3.591871261596679688e+01
5.359315109252929688e+01,9.185862731933593750e+01
2.167137718200683594e+01,3.039520263671875000e+01
9.875305175781250000e+01,1.146216888427734375e+02
2.444412040710449219e+01,3.339661407470703125e+01
7.896665954589843750e+01,1.059575805664062500e+02
7.689170074462890625e+01,1.159569778442382812e+02
8.237628936767578125e+01,1.082857818603515625e+02
9.900685882568359375e+01,1.210025024414062500e+02
9.908699798583984375e+01,1.192306060791015625e+02
1.097042160034179688e+02,1.183819580078125000e+02
6.326633834838867188e+01,1.031489028930664062e+02
3.611285781860351562e+01,7.295481872558593750e+01
3.968150711059570312e+01,7.689591979980468750e+01
4.196673965454101562e+01,7.808596038818359375e+01
4.627284622192382812e+01,8.114707946777343750e+01
5.218786621093750000e+01,8.216610717773437500e+01
4.322862243652343750e+01,7.865721130371093750e+01
5.561174011230468750e+01,8.570848846435546875e+01
6.007913589477539062e+01,8.973314666748046875e+01
4.653195190429687500e+01,8.560533905029296875e+01
6.455788421630859375e+01,8.662501525878906250e+01
4.237195968627929688e+01,7.826974487304687500e+01
4.442583084106445312e+01,7.744709777832031250e+01
5.356869888305664062e+01,8.208763122558593750e+01
5.798831558227539062e+01,8.665270996093750000e+01
8.341896820068359375e+01,1.057799835205078125e+02
8.943006134033203125e+01,1.104078369140625000e+02
7.757048797607421875e+01,1.019989929199218750e+02
7.113134765625000000e+01,9.579298400878906250e+01
6.912619781494140625e+01,1.021306762695312500e+02
5.386740112304687500e+01,7.106976318359375000e+01
6.261085891723632812e+01,9.410891723632812500e+01
3.997310256958007812e+01,7.862070465087890625e+01
7.389064788818359375e+01,9.874465942382812500e+01
6.764016723632812500e+01,8.909961700439453125e+01
6.098398971557617188e+01,9.036461639404296875e+01
7.866571807861328125e+01,9.946400451660156250e+01
4.728916549682617188e+01,7.944044494628906250e+01
1.118967895507812500e+02,1.284165802001953125e+02
7.656928253173828125e+01,8.537768554687500000e+01
6.322390747070312500e+01,8.515020751953125000e+01
5.463497924804687500e+01,1.166593627929687500e+02
7.642050933837890625e+01,9.879801940917968750e+01
7.150296020507812500e+01,9.022164916992187500e+01
5.222227859497070312e+01,9.765065002441406250e+01
3.878049087524414062e+01,7.442555999755859375e+01
3.306933593750000000e+01,7.956880187988281250e+01
6.563307952880859375e+01,8.759471130371093750e+01
1.066991195678710938e+02,1.167436370849609375e+02
7.015660095214843750e+01,9.133491516113281250e+01
7.826297760009765625e+01,1.021114807128906250e+02
8.015782165527343750e+01,1.032736968994140625e+02
1.111789550781250000e+02,1.230858154296875000e+02
7.557012176513671875e+01,1.065618133544921875e+02
1.101070861816406250e+02,1.254497985839843750e+02
5.791526794433593750e+01,1.209607086181640625e+02
3.821197128295898438e+01,7.399819946289062500e+01
1.051906814575195312e+02,1.153462066650390625e+02
4.492691040039062500e+01,1.270861358642578125e+02
4.677922058105468750e+01,1.310480346679687500e+02
9.799927520751953125e+01,1.227360839843750000e+02
6.944683837890625000e+01,8.898692321777343750e+01
1.126785888671875000e+02,1.181695556640625000e+02
8.315786743164062500e+01,1.043514251708984375e+02
5.919813156127929688e+01,1.240650482177734375e+02
5.256746292114257812e+01,1.067834930419921875e+02
8.377474212646484375e+01,1.105388870239257812e+02
1.121124649047851562e+02,1.254638519287109375e+02
8.825461578369140625e+01,1.139968109130859375e+02
1.110862503051757812e+02,1.263198547363281250e+02
4.018621826171875000e+01,7.684590911865234375e+01
7.866480255126953125e+01,9.975396728515625000e+01
3.485696792602539062e+01,8.091682434082031250e+01
6.681839752197265625e+01,9.127467346191406250e+01
1.082955703735351562e+02,1.183800964355468750e+02
7.064736175537109375e+01,9.362686157226562500e+01
1.068502578735351562e+02,1.170708160400390625e+02
6.926406097412109375e+01,1.021081848144531250e+02
5.095750045776367188e+01,7.604187011718750000e+01
1.134187316894531250e+02,1.241133728027343750e+02
4.782738113403320312e+01,7.907655334472656250e+01
6.397600936889648438e+01,9.328082275390625000e+01
7.192486572265625000e+01,1.285227966308593750e+02
9.155648803710937500e+01,1.175847091674804688e+02
6.955520629882812500e+01,1.342771911621093750e+02
4.944948196411132812e+01,8.429103088378906250e+01
6.557760620117187500e+01,1.337135162353515625e+02
7.793655395507812500e+01,1.305854492187500000e+02
2.693763732910156250e+01,6.287147903442382812e+01
5.177986526489257812e+01,8.749871063232421875e+01
6.267712402343750000e+01,9.896107482910156250e+01
5.584531021118164062e+01,9.354082489013671875e+01
4.935430908203125000e+01,8.835435485839843750e+01
6.743647003173828125e+01,1.024553680419921875e+02
1.001336975097656250e+02,1.161449127197265625e+02
7.306533813476562500e+01,1.052467498779296875e+02
6.809766387939453125e+01,9.739756011962890625e+01
7.139286804199218750e+01,1.022336578369140625e+02
9.693886566162109375e+01,1.185649719238281250e+02
8.061145782470703125e+01,1.086718750000000000e+02
7.006735992431640625e+01,1.020929641723632812e+02
9.936821746826171875e+01,1.198373184204101562e+02
8.585794067382812500e+01,9.423736572265625000e+01
7.146027374267578125e+01,7.685449218750000000e+01
5.967575454711914062e+01,9.471778106689453125e+01
9.248767852783203125e+01,1.143708038330078125e+02
6.650215911865234375e+01,9.914043426513671875e+01
4.984249877929687500e+01,8.203999328613281250e+01
4.847318649291992188e+01,7.913814544677734375e+01
7.772012329101562500e+01,9.140025329589843750e+01
4.610045242309570312e+01,7.401725006103515625e+01
5.002250671386718750e+01,7.402261352539062500e+01
6.033470535278320312e+01,1.251913604736328125e+02
6.665975189208984375e+01,9.769185638427734375e+01
5.784610366821289062e+01,8.134329986572265625e+01
7.424895477294921875e+01,1.118557128906250000e+02
7.067259979248046875e+01,1.109384536743164062e+02
3.549795913696289062e+01,6.738629913330078125e+01
1.125094680786132812e+02,1.311721649169921875e+02
1.020006847381591797e+01,7.591394042968750000e+01
1.026277256011962891e+01,4.825368499755859375e+01
1.010970783233642578e+01,8.529231262207031250e+01
1.310586547851562500e+01,7.511583709716796875e+01
1.621067047119140625e+01,8.913967895507812500e+01
1.007826328277587891e+01,8.134167480468750000e+01
1.205478572845458984e+01,8.250193023681640625e+01
1.420658779144287109e+01,8.374416351318359375e+01
9.724461555480957031e+00,5.639023590087890625e+01
1.260958194732666016e+01,7.679222106933593750e+01
1.086781024932861328e+01,5.629144287109375000e+01
3.719222640991210938e+01,6.723118591308593750e+01
4.478558731079101562e+01,9.170657348632812500e+01
2.135035514831542969e+01,4.860419845581054688e+01
1.158317565917968750e+01,2.911208343505859375e+01
5.721466445922851562e+01,8.752861022949218750e+01
8.989022254943847656e+00,6.511537170410156250e+01
4.317100143432617188e+01,7.662165832519531250e+01
6.491715240478515625e+01,9.655513000488281250e+01
3.090355110168457031e+01,7.415434265136718750e+01
5.029292678833007812e+01,9.074562072753906250e+01
3.692913436889648438e+01,6.974069213867187500e+01
2.896081352233886719e+01,7.133729553222656250e+01
5.578888320922851562e+01,8.393673706054687500e+01
3.757384109497070312e+01,7.003913879394531250e+01
6.622775268554687500e+01,8.892161560058593750e+01
4.911406326293945312e+01,7.858587646484375000e+01
6.578326416015625000e+01,9.911432647705078125e+01
6.493278503417968750e+01,9.787172698974609375e+01
3.346411895751953125e+01,6.781377410888671875e+01
6.884049987792968750e+01,9.246755981445312500e+01
5.187893295288085938e+01,8.913876342773437500e+01
6.320819091796875000e+01,9.122322845458984375e+01
4.838013839721679688e+01,8.749908447265625000e+01
3.224551391601562500e+01,7.117169189453125000e+01
2.986428833007812500e+01,7.662431335449218750e+01
6.016598129272460938e+01,9.244841003417968750e+01
3.948080444335937500e+01,6.836514282226562500e+01
5.564694595336914062e+01,8.198765563964843750e+01
4.830087280273437500e+01,8.425944519042968750e+01
4.072798156738281250e+01,7.914388275146484375e+01
4.705572509765625000e+01,8.170205688476562500e+01
5.458986282348632812e+01,7.574584960937500000e+01
4.900458908081054688e+01,8.058592224121093750e+01
3.892761611938476562e+01,6.757279205322265625e+01
4.072380828857421875e+01,6.651362609863281250e+01
4.160329818725585938e+01,6.792213439941406250e+01
5.582313919067382812e+01,9.045552825927734375e+01
3.570335769653320312e+01,7.244250488281250000e+01
7.707455444335937500e+01,9.578086853027343750e+01
8.611621093750000000e+01,1.108536605834960938e+02
6.774515533447265625e+01,9.013066101074218750e+01
6.443387603759765625e+01,8.308673095703125000e+01
6.738910675048828125e+01,8.913642883300781250e+01
5.532777786254882812e+01,8.093642425537109375e+01
4.773399353027343750e+01,8.153976440429687500e+01
4.914173507690429688e+01,8.134254455566406250e+01
4.027912521362304688e+01,7.884217071533203125e+01
3.968927001953125000e+01,7.799549865722656250e+01
4.869253540039062500e+01,8.311168670654296875e+01
6.237786483764648438e+01,9.587638854980468750e+01
4.227900314331054688e+01,7.642276000976562500e+01
3.701458740234375000e+01,7.036298370361328125e+01
6.744025421142578125e+01,1.034741058349609375e+02
3.825452041625976562e+01,7.291046142578125000e+01
7.583086395263671875e+01,9.362657165527343750e+01
5.737652587890625000e+01,8.843096923828125000e+01
7.617050933837890625e+01,9.881307983398437500e+01
8.055272674560546875e+01,1.103174896240234375e+02
6.812209320068359375e+01,9.072157287597656250e+01
4.763069152832031250e+01,7.909356689453125000e+01
6.492684173583984375e+01,1.234838714599609375e+02
7.984658813476562500e+01,1.233523025512695312e+02
7.444475555419921875e+01,1.259383544921875000e+02
7.056089019775390625e+01,1.292816467285156250e+02
8.037488555908203125e+01,1.263398513793945312e+02
6.449206542968750000e+01,1.210117340087890625e+02
8.578496551513671875e+01,1.265110321044921875e+02
7.926662445068359375e+01,1.351081390380859375e+02
8.816827392578125000e+01,1.290197753906250000e+02
8.722110748291015625e+01,1.353141784667968750e+02
8.199056243896484375e+01,1.327100982666015625e+02
1.068150024414062500e+02,1.403019561767578125e+02
8.154855346679687500e+01,1.299111175537109375e+02
7.817740631103515625e+01,1.292529296875000000e+02
7.596945190429687500e+01,1.312012329101562500e+02
9.552425384521484375e+01,1.326840820312500000e+02
9.711996459960937500e+01,1.315249481201171875e+02
1.048022689819335938e+02,1.338144836425781250e+02
8.853836822509765625e+01,1.288747100830078125e+02
9.072341918945312500e+01,1.324896240234375000e+02
9.401361083984375000e+01,1.348371887207031250e+02
9.420729827880859375e+01,1.300674133300781250e+02
8.597808837890625000e+01,1.302606201171875000e+02
7.890277099609375000e+01,1.239902801513671875e+02
9.425628662109375000e+01,1.340818786621093750e+02
7.735213470458984375e+01,1.284144897460937500e+02
7.701480865478515625e+01,1.267102661132812500e+02
8.493816375732421875e+01,1.301168975830078125e+02
9.128833007812500000e+01,1.321120758056640625e+02
7.618837738037109375e+01,1.286691589355468750e+02
8.454480743408203125e+01,1.329013824462890625e+02
1.151831436157226562e+02,1.363547973632812500e+02
9.536978149414062500e+01,1.293718566894531250e+02
1.034479141235351562e+02,1.335299987792968750e+02
1.034052047729492188e+02,1.321686401367187500e+02
1.084459609985351562e+02,1.348868713378906250e+02
9.722436523437500000e+01,1.307890319824218750e+02
9.677078247070312500e+01,1.340047912597656250e+02
7.378047180175781250e+01,1.334458007812500000e+02
9.147177886962890625e+01,1.335234222412109375e+02
8.971266937255859375e+01,1.284230651855468750e+02
9.264786529541015625e+01,1.337184753417968750e+02
8.924481201171875000e+01,1.308324890136718750e+02
1.074320068359375000e+02,1.333099212646484375e+02
1.103681564331054688e+02,1.414833068847656250e+02
7.098873138427734375e+01,1.175473022460937500e+02
1.216820907592773438e+02,1.350889129638671875e+02
8.200549316406250000e+01,1.235482940673828125e+02
9.198062896728515625e+01,1.265435028076171875e+02
1.097461624145507812e+02,1.312706756591796875e+02
1.138756484985351562e+02,1.327335357666015625e+02
9.999786376953125000e+01,1.266832733154296875e+02
1.016395187377929688e+02,1.280254364013671875e+02
3.138259315490722656e+01,5.146646118164062500e+01
6.271019363403320312e+01,6.762807464599609375e+01
4.623424148559570312e+01,5.343070220947265625e+01
3.797445678710937500e+01,5.925222778320312500e+01
4.393162918090820312e+01,5.797093582153320312e+01
4.497192001342773438e+01,6.380866622924804688e+01
2.854676628112792969e+01,5.319238281250000000e+01
3.050170326232910156e+01,5.547888183593750000e+01
5.983800125122070312e+01,8.045411682128906250e+01
5.533711624145507812e+01,7.996891784667968750e+01
5.414790344238281250e+01,7.963121032714843750e+01
4.911613082885742188e+01,5.989336013793945312e+01
4.346130371093750000e+01,6.348140716552734375e+01
4.980487060546875000e+01,7.568960571289062500e+01
4.890401077270507812e+01,7.166854858398437500e+01
4.763956069946289062e+01,7.125291442871093750e+01
3.909800338745117188e+01,5.299125671386718750e+01
4.120064926147460938e+01,5.855728912353515625e+01
4.763243484497070312e+01,6.378650665283203125e+01
4.958774185180664062e+01,6.338603210449218750e+01
6.153599166870117188e+01,7.332650756835937500e+01
6.445690917968750000e+01,7.132937622070312500e+01
4.121550750732421875e+01,6.916321563720703125e+01
3.994749069213867188e+01,6.865637969970703125e+01
3.889116287231445312e+01,6.152256011962890625e+01
4.582812118530273438e+01,5.889898681640625000e+01
4.660304260253906250e+01,6.452014923095703125e+01
3.895399093627929688e+01,5.986031341552734375e+01
3.714403915405273438e+01,5.423633956909179688e+01
3.790763473510742188e+01,5.933472824096679688e+01
4.073875045776367188e+01,5.553718566894531250e+01
4.111134338378906250e+01,6.720153808593750000e+01
3.890000152587890625e+01,6.670880126953125000e+01
3.671239852905273438e+01,5.892831039428710938e+01
4.100187301635742188e+01,5.808998870849609375e+01
3.793980789184570312e+01,5.439270019531250000e+01
3.556376266479492188e+01,5.488882446289062500e+01
5.624511337280273438e+01,5.690178298950195312e+01
4.634765625000000000e+01,6.681205749511718750e+01
5.720237350463867188e+01,7.301683807373046875e+01
3.280121994018554688e+01,5.074893569946289062e+01
6.577677154541015625e+01,1.290757904052734375e+02
6.549539947509765625e+01,8.901297760009765625e+01
4.793721389770507812e+01,7.936097717285156250e+01
5.177122116088867188e+01,8.791419219970703125e+01
8.329932403564453125e+01,1.120550231933593750e+02
1.016850585937500000e+02,1.206992950439453125e+02
9.590451812744140625e+01,1.205171279907226562e+02
8.180004882812500000e+01,1.122594299316406250e+02
9.124722290039062500e+01,1.183818817138671875e+02
8.974294281005859375e+01,1.137131500244140625e+02
1.033110122680664062e+02,1.241194152832031250e+02
1.041070556640625000e+02,1.187546844482421875e+02
1.031631088256835938e+02,1.152772369384765625e+02
8.477191925048828125e+01,1.085386810302734375e+02
7.906703948974609375e+01,1.092601776123046875e+02
7.401038360595703125e+01,1.035748672485351562e+02
4.869491577148437500e+01,8.635720062255859375e+01
7.030144500732421875e+01,1.029250793457031250e+02
4.902166366577148438e+01,8.637429809570312500e+01
6.647946929931640625e+01,1.007903060913085938e+02
8.025508880615234375e+01,1.069947662353515625e+02
7.699422454833984375e+01,1.086014251708984375e+02
5.477035522460937500e+01,9.454280853271484375e+01
6.135583877563476562e+01,9.846495819091796875e+01
4.992964553833007812e+01,8.808915710449218750e+01
6.287561035156250000e+01,9.583580017089843750e+01
5.635592269897460938e+01,8.615434265136718750e+01
7.411206817626953125e+01,1.000331115722656250e+02
5.256039047241210938e+01,8.338110351562500000e+01
8.872505950927734375e+01,1.050720520019531250e+02
6.449498748779296875e+01,8.786129760742187500e+01
1.029537582397460938e+02,1.235083007812500000e+02
7.885791015625000000e+01,1.130645294189453125e+02
4.026688766479492188e+01,8.158219909667968750e+01
1.116904907226562500e+02,1.240878906250000000e+02
9.492783355712890625e+01,1.189941864013671875e+02
8.044052124023437500e+01,1.120377960205078125e+02
1.012596969604492188e+02,1.244674453735351562e+02
7.113632965087890625e+01,1.040536346435546875e+02
1.145816040039062500e+02,1.204481735229492188e+02
7.772867584228515625e+01,9.740933227539062500e+01
5.762329483032226562e+01,8.851933288574218750e+01
9.107779693603515625e+01,1.040831909179687500e+02
8.405242156982421875e+01,1.080109939575195312e+02
7.000272369384765625e+01,1.020996246337890625e+02
9.880752563476562500e+01,1.136936187744140625e+02
7.592514038085937500e+01,9.939933013916015625e+01
3.689843750000000000e+01,7.037503051757812500e+01
5.398023986816406250e+01,8.537307739257812500e+01
6.547544097900390625e+01,9.431686401367187500e+01
7.660365295410156250e+01,9.789933776855468750e+01
3.081978797912597656e+01,6.856561279296875000e+01
1.560040283203125000e+01,4.319597625732421875e+01
1.352200698852539062e+01,4.535540390014648438e+01
1.390712356567382812e+01,4.086125564575195312e+01
1.624062156677246094e+01,3.936424255371093750e+01
1.409251689910888672e+01,4.690340423583984375e+01
1.716627693176269531e+01,5.526848602294921875e+01
1.976001930236816406e+01,5.961742401123046875e+01
1.224280834197998047e+01,4.261598968505859375e+01
1.438611221313476562e+01,3.547989654541015625e+01
1.615811157226562500e+01,4.453527832031250000e+01
2.370639038085937500e+01,4.508868789672851562e+01
1.595911121368408203e+01,4.065007019042968750e+01
1.302201843261718750e+01,4.612610244750976562e+01
1.603853416442871094e+01,4.562380218505859375e+01
1.154160308837890625e+01,4.470321655273437500e+01
1.303413677215576172e+01,4.147865295410156250e+01
1.513938903808593750e+01,4.305372619628906250e+01
1.860057830810546875e+01,5.099002075195312500e+01
1.418417644500732422e+01,3.979621887207031250e+01
1.327419662475585938e+01,3.815118408203125000e+01
1.801981163024902344e+01,3.479381561279296875e+01
1.685843086242675781e+01,3.836448669433593750e+01
1.627046775817871094e+01,4.198006439208984375e+01
2.756307983398437500e+01,5.542198181152343750e+01
1.555572223663330078e+01,4.958360290527343750e+01
2.964052391052246094e+01,6.759693145751953125e+01
2.003094673156738281e+01,5.558106231689453125e+01
2.108067703247070312e+01,5.774039459228515625e+01
1.310286712646484375e+01,3.255303573608398438e+01
1.469106769561767578e+01,4.272411346435546875e+01
1.581451702117919922e+01,4.242211532592773438e+01
1.150672912597656250e+01,3.254144668579101562e+01
1.523840808868408203e+01,3.447943878173828125e+01
1.225654315948486328e+01,4.080931854248046875e+01
2.045173454284667969e+01,5.517558288574218750e+01
1.639074134826660156e+01,4.289811706542968750e+01
2.520097351074218750e+01,5.231150817871093750e+01
1.923904228210449219e+01,5.331617736816406250e+01
2.564102363586425781e+01,4.640052032470703125e+01
2.384233283996582031e+01,4.345004272460937500e+01
2.246140098571777344e+01,4.962878417968750000e+01
2.258010673522949219e+01,6.559945678710937500e+01
2.375230407714843750e+01,3.966195297241210938e+01
2.281006813049316406e+01,4.435489654541015625e+01
2.349004173278808594e+01,5.047261810302734375e+01
2.164982604980468750e+01,5.127586364746093750e+01
1.962088966369628906e+01,3.951744079589843750e+01
2.375969886779785156e+01,4.908381652832031250e+01
7.037509918212890625e+01,1.178884658813476562e+02
1.107197647094726562e+02,1.257606887817382812e+02
2.664444732666015625e+01,5.518604278564453125e+01
2.044329833984375000e+01,4.199200439453125000e+01
2.369069862365722656e+01,4.615892028808593750e+01
2.117763328552246094e+01,3.828563690185546875e+01
2.123870086669921875e+01,3.515431213378906250e+01
2.358922386169433594e+01,4.248503112792968750e+01
2.788165283203125000e+01,4.329052734375000000e+01
9.176651763916015625e+01,1.358754272460937500e+02
6.351681137084960938e+01,1.045131683349609375e+02
4.869656753540039062e+01,9.354347229003906250e+01
7.344977569580078125e+01,9.595634460449218750e+01
4.449111557006835938e+01,8.381286621093750000e+01
7.806033325195312500e+01,1.041379699707031250e+02
9.485768890380859375e+01,1.184195709228515625e+02
1.226996078491210938e+02,1.245495910644531250e+02
1.270055007934570312e+02,1.249251708984375000e+02
6.054214859008789062e+01,1.247002410888671875e+02
6.428723907470703125e+01,1.190699615478515625e+02
7.397748565673828125e+01,1.111838150024414062e+02
1.028733520507812500e+02,1.201329040527343750e+02
6.058444213867187500e+01,9.286555480957031250e+01
5.587304687500000000e+01,8.054325866699218750e+01
7.656077575683593750e+01,1.006444549560546875e+02
4.889659500122070312e+01,8.337995910644531250e+01
5.202614212036132812e+01,9.024990844726562500e+01
9.765548706054687500e+01,1.240722427368164062e+02
9.112876129150390625e+01,1.235883331298828125e+02
1.156001358032226562e+02,1.333379821777343750e+02
7.189200592041015625e+01,1.004784393310546875e+02
6.962148284912109375e+01,9.870332336425781250e+01
8.363130950927734375e+01,1.135329437255859375e+02
9.588592529296875000e+01,1.179685440063476562e+02
6.267462158203125000e+01,1.076563186645507812e+02
6.730850219726562500e+01,9.247214508056640625e+01
6.762206268310546875e+01,9.393910217285156250e+01
6.586422729492187500e+01,9.889503479003906250e+01
8.294705963134765625e+01,1.098884887695312500e+02
7.352980804443359375e+01,1.146327972412109375e+02
6.429871368408203125e+01,1.025933837890625000e+02
6.919640350341796875e+01,1.084270553588867188e+02
6.815995788574218750e+01,1.120506134033203125e+02
9.461811065673828125e+01,1.190058898925781250e+02
9.577612304687500000e+01,1.199521179199218750e+02
8.575878143310546875e+01,1.250523681640625000e+02
8.941772460937500000e+01,1.219946441650390625e+02
8.857851409912109375e+01,1.215845642089843750e+02
7.941709136962890625e+01,1.088613281250000000e+02
9.406417083740234375e+01,1.159886169433593750e+02
5.899929809570312500e+01,1.055532302856445312e+02
8.586962127685546875e+01,1.208572387695312500e+02
6.563167572021484375e+01,1.053166809082031250e+02
8.587113189697265625e+01,1.138523483276367188e+02
9.175142669677734375e+01,1.174053115844726562e+02
8.823258209228515625e+01,1.177309951782226562e+02
4.615709304809570312e+01,8.777064514160156250e+01
9.529565429687500000e+01,1.216395797729492188e+02
7.755097198486328125e+01,9.400840759277343750e+01
7.845034790039062500e+01,9.400981140136718750e+01
6.981081390380859375e+01,8.752249145507812500e+01
9.235942840576171875e+01,1.177423553466796875e+02
8.401500701904296875e+01,1.149151000976562500e+02
8.268033599853515625e+01,1.139804306030273438e+02
6.817308807373046875e+01,1.088941802978515625e+02
7.447953033447265625e+01,1.090344161987304688e+02
1.054444808959960938e+02,1.298818054199218750e+02
6.663268280029296875e+01,8.934013366699218750e+01
7.104441070556640625e+01,1.123081283569335938e+02
9.257186889648437500e+01,1.123149261474609375e+02
9.132843017578125000e+01,1.136884155273437500e+02
9.393203735351562500e+01,1.155949401855468750e+02
6.995890045166015625e+01,1.080388488769531250e+02
8.247629547119140625e+01,1.158779907226562500e+02
8.585250854492187500e+01,1.149467163085937500e+02
5.707852172851562500e+01,7.892298126220703125e+01
8.402993774414062500e+01,1.094126968383789062e+02
8.550472259521484375e+01,1.116662139892578125e+02
8.273345947265625000e+01,1.137434844970703125e+02
1.004620742797851562e+02,1.233382949829101562e+02
8.124207305908203125e+01,1.185950622558593750e+02
7.963187408447265625e+01,1.318718261718750000e+02
2.700945854187011719e+01,6.184799957275390625e+01
4.026968002319335938e+01,1.082775878906250000e+02
4.347238159179687500e+01,9.058802032470703125e+01
1.038676986694335938e+02,1.182028350830078125e+02
5.151249694824218750e+01,9.237199401855468750e+01
4.635032653808593750e+01,8.234458160400390625e+01
1.012288513183593750e+02,1.192511291503906250e+02
9.200830841064453125e+01,1.094830398559570312e+02
9.382460784912109375e+01,1.110991516113281250e+02
9.580478668212890625e+01,1.109733505249023438e+02
1.077802810668945312e+02,1.183648071289062500e+02
9.280382537841796875e+01,1.204710235595703125e+02
1.212403793334960938e+02,1.299162597656250000e+02
5.124104690551757812e+01,7.547780609130859375e+01
1.112213134765625000e+02,1.401643981933593750e+02
7.925354003906250000e+01,1.072328948974609375e+02
8.830574798583984375e+01,1.119612884521484375e+02
4.799564743041992188e+01,9.386845397949218750e+01
6.825441741943359375e+01,1.042484283447265625e+02
8.137732696533203125e+01,1.122405853271484375e+02
5.360644531250000000e+01,9.962258911132812500e+01
6.086801147460937500e+01,1.021147766113281250e+02
1.078791732788085938e+02,1.306222381591796875e+02
7.967872619628906250e+01,1.199111175537109375e+02
1.028320922851562500e+02,1.281660461425781250e+02
1.042453231811523438e+02,1.278295288085937500e+02
1.115525741577148438e+02,1.298386077880859375e+02
6.984228515625000000e+01,1.102778167724609375e+02
9.331497955322265625e+01,1.224295806884765625e+02
1.063625869750976562e+02,1.283939819335937500e+02
9.195794677734375000e+01,1.240492858886718750e+02
5.210392379760742188e+01,1.038694610595703125e+02
7.744876861572265625e+01,1.224291076660156250e+02
8.177185821533203125e+01,1.243377685546875000e+02
6.993167877197265625e+01,1.110256423950195312e+02
9.622020721435546875e+01,1.018181915283203125e+02
3.036934852600097656e+01,2.532815551757812500e+01
2.866979980468750000e+01,1.997180366516113281e+01
3.184385490417480469e+01,2.180829238891601562e+01
4.310158920288085938e+01,5.895213317871093750e+01
3.336038589477539062e+01,4.688241958618164062e+01
2.623474311828613281e+01,2.120177078247070312e+01
1.111850509643554688e+02,1.391001434326171875e+02
5.713489151000976562e+01,6.397220611572265625e+01
5.046580123901367188e+01,4.167067337036132812e+01
7.771615600585937500e+01,9.413703155517578125e+01
9.297009277343750000e+01,1.013421936035156250e+02
3.380984115600585938e+01,3.896664428710937500e+01
3.974011611938476562e+01,1.951512527465820312e+01
5.193957519531250000e+01,5.920560455322265625e+01
4.663984298706054688e+01,5.153737258911132812e+01
4.828176498413085938e+01,1.026056213378906250e+02
5.973768997192382812e+01,1.077721710205078125e+02
5.749908447265625000e+01,1.057699890136718750e+02
4.689192581176757812e+01,1.033734817504882812e+02
7.364327239990234375e+01,1.172942962646484375e+02
4.980897903442382812e+01,1.018368072509765625e+02
5.882270431518554688e+01,1.033310852050781250e+02
6.824316406250000000e+01,1.134715423583984375e+02
5.384971237182617188e+01,1.009559860229492188e+02
6.564852142333984375e+01,1.124334564208984375e+02
6.662174224853515625e+01,1.112614517211914062e+02
5.325477218627929688e+01,9.976828002929687500e+01
7.378461456298828125e+01,1.159149093627929688e+02
7.032587432861328125e+01,1.134410781860351562e+02
5.632087326049804688e+01,1.009423675537109375e+02
5.298744583129882812e+01,9.905446624755859375e+01
5.434558105468750000e+01,1.028331604003906250e+02
6.308418655395507812e+01,1.048023529052734375e+02
8.275896453857421875e+01,1.200002670288085938e+02
7.672931671142578125e+01,1.159679107666015625e+02
8.014653778076171875e+01,1.182830810546875000e+02
3.807920837402343750e+01,8.292161560058593750e+01
3.776689529418945312e+01,7.942869567871093750e+01
2.108327674865722656e+01,7.352834320068359375e+01
2.066519355773925781e+01,7.529783630371093750e+01
2.493203163146972656e+01,7.878572082519531250e+01
2.943828582763671875e+01,7.918672180175781250e+01
2.451130676269531250e+01,7.628982543945312500e+01
3.574925231933593750e+01,8.461603546142578125e+01
2.948439598083496094e+01,7.846318054199218750e+01
2.472555351257324219e+01,7.448274230957031250e+01
2.380913734436035156e+01,7.854737854003906250e+01
2.479881286621093750e+01,7.695579528808593750e+01
2.699770355224609375e+01,7.675579833984375000e+01
3.311473846435546875e+01,8.054154968261718750e+01
3.136687278747558594e+01,7.062167358398437500e+01
3.522613143920898438e+01,7.606781005859375000e+01
4.854515075683593750e+01,8.637591552734375000e+01
3.529688644409179688e+01,7.745320892333984375e+01
4.206129837036132812e+01,7.999916076660156250e+01
6.261304855346679688e+01,1.044467163085937500e+02
7.386319732666015625e+01,1.088226013183593750e+02
3.410572814941406250e+01,3.248828887939453125e+01
8.129122161865234375e+01,1.135567703247070312e+02
8.123162078857421875e+01,1.107988204956054688e+02
9.706302642822265625e+01,1.129526824951171875e+02
7.611444854736328125e+01,8.649343872070312500e+01
8.342310333251953125e+01,1.221394958496093750e+02
4.756866455078125000e+01,9.714743041992187500e+01
5.842183303833007812e+01,1.082170715332031250e+02
7.487654876708984375e+01,1.157035522460937500e+02
9.059195709228515625e+01,1.210613861083984375e+02
9.237749481201171875e+01,1.257397766113281250e+02
1.047366333007812500e+02,1.226278686523437500e+02
1.015834960937500000e+02,1.291209106445312500e+02
7.985250091552734375e+01,1.206480407714843750e+02
9.647943115234375000e+01,1.256225051879882812e+02
6.857440948486328125e+01,1.109331359863281250e+02
7.749330139160156250e+01,1.219308624267578125e+02
7.878594207763671875e+01,1.108527679443359375e+02
1.031247634887695312e+02,1.277166671752929688e+02
1.117967758178710938e+02,1.346812286376953125e+02
8.961830902099609375e+01,1.238933868408203125e+02
7.507195281982421875e+01,1.215596771240234375e+02
8.426250457763671875e+01,1.221803283691406250e+02
1.078174514770507812e+02,1.382309722900390625e+02
2.019469451904296875e+01,3.847251129150390625e+01
5.880498123168945312e+01,5.809564208984375000e+01
1.107386684417724609e+01,3.836719512939453125e+01
2.033150672912597656e+01,5.449442672729492188e+01
1.561020660400390625e+01,4.276963806152343750e+01
1.609103202819824219e+01,5.655684661865234375e+01
1.389393329620361328e+01,4.690899658203125000e+01
1.410267353057861328e+01,5.250168609619140625e+01
1.405326080322265625e+01,5.187682342529296875e+01
1.740554809570312500e+01,5.481786346435546875e+01
1.122965240478515625e+01,4.057989501953125000e+01
2.173689460754394531e+01,5.643163681030273438e+01
1.681357765197753906e+01,4.478321075439453125e+01
1.772584152221679688e+01,5.593143844604492188e+01
2.156202888488769531e+01,8.797843933105468750e+01
1.715832328796386719e+01,4.792818450927734375e+01
1.745890998840332031e+01,5.451325988769531250e+01
1.678180503845214844e+01,5.331267547607421875e+01
1.881317710876464844e+01,5.513771438598632812e+01
1.698635101318359375e+01,4.941789245605468750e+01
1.716440773010253906e+01,5.520821762084960938e+01
2.321109962463378906e+01,6.011926269531250000e+01
1.374654293060302734e+01,4.452566909790039062e+01
1.292758464813232422e+01,4.181695938110351562e+01
2.250943565368652344e+01,6.570069885253906250e+01
6.856044006347656250e+01,1.266467132568359375e+02
3.925108718872070312e+01,9.316105651855468750e+01
1.000322570800781250e+02,1.354401550292968750e+02
2.054261207580566406e+01,4.734408569335937500e+01
1.287117004394531250e+02,1.198600158691406250e+02
8.187495422363281250e+01,8.401032257080078125e+01
5.121495437622070312e+01,5.928591918945312500e+01
6.625396728515625000e+01,7.725430297851562500e+01
8.772805213928222656e+00,5.810564804077148438e+01
1.337253265380859375e+02,1.396494598388671875e+02
1.322329101562500000e+02,1.391810913085937500e+02
1.260390701293945312e+02,1.368678894042968750e+02
1.327173309326171875e+02,1.399785156250000000e+02
1.369440155029296875e+02,1.406720428466796875e+02
1.323775177001953125e+02,1.398315734863281250e+02
1.189193954467773438e+02,1.341921386718750000e+02
1.197441177368164062e+02,1.237466278076171875e+02
6.969753265380859375e+01,9.988017272949218750e+01
8.155226898193359375e+01,9.946160888671875000e+01
7.328159332275390625e+01,9.451704406738281250e+01
7.769681549072265625e+01,9.771592712402343750e+01
9.917034149169921875e+01,1.072912445068359375e+02
1.016503219604492188e+02,1.186019439697265625e+02
9.992514801025390625e+01,1.137916717529296875e+02
1.088409194946289062e+02,1.223571777343750000e+02
1.349899902343750000e+02,1.351991577148437500e+02
1.020464553833007812e+02,1.166958160400390625e+02
5.393870162963867188e+01,8.462040710449218750e+01
8.750742340087890625e+01,1.083386611938476562e+02
4.645274353027343750e+01,8.667955017089843750e+01
1.361446094512939453e+01,4.128345489501953125e+01
1.169255065917968750e+01,5.117240142822265625e+01
1.115383052825927734e+01,3.948252105712890625e+01
1.155794048309326172e+01,4.987185668945312500e+01
9.975225448608398438e+00,3.533734893798828125e+01
1.195655918121337891e+01,4.729492950439453125e+01
1.472656536102294922e+01,3.920363616943359375e+01
1.968956375122070312e+01,5.632262420654296875e+01
1.969537544250488281e+01,5.082622528076171875e+01
1.939187431335449219e+01,4.851234436035156250e+01
6.312279891967773438e+01,1.314328613281250000e+02
3.782359695434570312e+01,1.043409118652343750e+02
6.632007598876953125e+01,1.046806793212890625e+02
7.186417388916015625e+01,7.884815979003906250e+01
1.055357666015625000e+02,1.218321228027343750e+02
5.782633972167968750e+01,8.883091735839843750e+01
4.717096328735351562e+01,9.187145996093750000e+01
5.326101684570312500e+01,8.477384948730468750e+01
4.591361618041992188e+01,7.091535949707031250e+01
6.122801589965820312e+01,7.779426574707031250e+01
8.062551879882812500e+01,9.539030456542968750e+01
6.224257278442382812e+01,7.487356567382812500e+01
7.469110870361328125e+01,8.657733154296875000e+01
7.027902984619140625e+01,8.347898864746093750e+01
6.782531738281250000e+01,8.083755493164062500e+01
7.717063140869140625e+01,9.200170135498046875e+01
6.866593170166015625e+01,8.493410491943359375e+01
6.948966217041015625e+01,8.425842285156250000e+01
7.300946044921875000e+01,8.569229125976562500e+01
7.608524322509765625e+01,8.968301391601562500e+01
1.343463745117187500e+02,1.343710937500000000e+02
1.360042266845703125e+02,1.348868103027343750e+02
1.365106658935546875e+02,1.269633483886718750e+02
6.220158004760742188e+01,1.072256927490234375e+02
1.375084075927734375e+02,1.278506088256835938e+02
1.363537292480468750e+02,1.293169097900390625e+02
1.337502593994140625e+02,1.332103576660156250e+02
1.339163665771484375e+02,1.323624877929687500e+02
1.363500671386718750e+02,1.339404602050781250e+02
1.354587860107421875e+02,1.348151855468750000e+02
8.081711578369140625e+01,8.672054290771484375e+01
3.158102989196777344e+01,9.513557434082031250e+01
7.881501770019531250e+01,1.048652343750000000e+02
2.671634483337402344e+01,9.177622985839843750e+01
4.004932785034179688e+01,9.902405548095703125e+01
6.453739166259765625e+01,1.072852935791015625e+02
5.434794998168945312e+01,1.003651275634765625e+02
5.625735092163085938e+01,1.031156921386718750e+02
8.067273712158203125e+01,1.242350845336914062e+02
4.897886276245117188e+01,9.984436035156250000e+01
5.427577590942382812e+01,9.704669189453125000e+01
5.666091918945312500e+01,1.040675430297851562e+02
6.613007354736328125e+01,1.075137710571289062e+02
5.041849899291992188e+01,9.892322540283203125e+01
5.764782714843750000e+01,1.026953201293945312e+02
6.470329284667968750e+01,1.083602676391601562e+02
6.143568038940429688e+01,1.045523071289062500e+02
6.269873046875000000e+01,1.037101135253906250e+02
5.551074218750000000e+01,9.963240051269531250e+01
5.419447708129882812e+01,8.936791229248046875e+01
6.094575881958007812e+01,1.046598205566406250e+02
2.572291755676269531e+01,6.826493835449218750e+01
5.423517990112304688e+01,8.895529174804687500e+01
1.268115234375000000e+02,1.270724792480468750e+02
1.316178131103515625e+02,1.306781616210937500e+02
1.319207916259765625e+02,1.308205718994140625e+02
1.316109161376953125e+02,1.328062438964843750e+02
1.245664901733398438e+02,1.293215026855468750e+02
1.344914398193359375e+02,1.324123687744140625e+02
9.055649566650390625e+01,1.350240631103515625e+02
1.149542770385742188e+02,1.259535827636718750e+02
1.244312515258789062e+02,1.218800659179687500e+02
1.195117874145507812e+02,1.111952514648437500e+02
3.526021957397460938e+01,6.670398712158203125e+01
3.693502426147460938e+01,6.194434738159179688e+01
3.207412719726562500e+01,3.123632621765136719e+01
3.955041503906250000e+01,4.794900512695312500e+01
8.116839599609375000e+01,6.749324035644531250e+01
5.146851730346679688e+01,4.889276885986328125e+01
5.210231399536132812e+01,4.970421600341796875e+01
6.066950607299804688e+01,8.652996826171875000e+01
6.547080230712890625e+01,9.955880737304687500e+01
8.152561187744140625e+01,1.026329193115234375e+02
8.357198333740234375e+01,1.041921691894531250e+02
8.665845489501953125e+01,1.078172912597656250e+02
8.362679290771484375e+01,1.011450805664062500e+02
6.949211120605468750e+01,9.212562561035156250e+01
8.497320556640625000e+01,9.366590881347656250e+01
9.004998779296875000e+01,1.047897949218750000e+02
7.280873870849609375e+01,9.490892028808593750e+01
6.913330841064453125e+01,8.831771850585937500e+01
7.654227447509765625e+01,9.569541931152343750e+01
6.319670486450195312e+01,8.732924652099609375e+01
8.703589630126953125e+01,1.011749572753906250e+02
7.092841339111328125e+01,8.895697021484375000e+01
7.222747039794921875e+01,9.153799438476562500e+01
8.227783966064453125e+01,9.595223999023437500e+01
7.118307495117187500e+01,9.842374420166015625e+01
7.813710784912109375e+01,9.915428161621093750e+01
7.849153900146484375e+01,1.006523056030273438e+02
6.903427124023437500e+01,9.869979095458984375e+01
5.161126327514648438e+01,7.992915344238281250e+01
5.998311233520507812e+01,1.019142608642578125e+02
5.765645980834960938e+01,9.188491058349609375e+01
1.828280830383300781e+01,3.969477081298828125e+01
8.006972503662109375e+01,1.039411163330078125e+02
4.932826614379882812e+01,7.370162963867187500e+01
8.794134521484375000e+01,9.452069854736328125e+01
3.105744361877441406e+01,3.950821685791015625e+01
5.565451049804687500e+01,9.459309387207031250e+01
6.114547729492187500e+01,8.418709564208984375e+01
2.938326454162597656e+01,7.766511535644531250e+01
3.928903198242187500e+01,9.356628417968750000e+01
7.145006561279296875e+01,9.748346710205078125e+01
3.385892868041992188e+01,8.176325988769531250e+01
5.851441574096679688e+01,7.962564849853515625e+01
4.459263229370117188e+01,1.091860809326171875e+02
5.007871627807617188e+01,9.846357727050781250e+01
6.484999847412109375e+01,1.085120849609375000e+02
6.551132965087890625e+01,1.094943161010742188e+02
5.974629211425781250e+01,1.060530242919921875e+02
6.585147094726562500e+01,1.076198272705078125e+02
5.244421386718750000e+01,1.062585983276367188e+02
5.786415481567382812e+01,1.127959365844726562e+02
6.727402496337890625e+01,1.159242706298828125e+02
5.108198928833007812e+01,1.137685241699218750e+02
4.391498184204101562e+01,1.058521118164062500e+02
5.341544723510742188e+01,1.074416809082031250e+02
7.183240509033203125e+01,1.170861129760742188e+02
5.913011550903320312e+01,1.149487915039062500e+02
4.766913986206054688e+01,1.092961730957031250e+02
5.012472534179687500e+01,1.102175445556640625e+02
4.138656234741210938e+01,1.005328826904296875e+02
3.853039169311523438e+01,1.039511566162109375e+02
3.910848236083984375e+01,1.001955413818359375e+02
5.232920455932617188e+01,1.126958999633789062e+02
4.859696960449218750e+01,1.038225555419921875e+02
4.831468582153320312e+01,1.048792114257812500e+02
5.032234573364257812e+01,1.054408874511718750e+02
5.875131225585937500e+01,1.154335784912109375e+02
6.361400222778320312e+01,1.133618927001953125e+02
6.552352905273437500e+01,1.149727554321289062e+02
4.654071044921875000e+01,1.055827484130859375e+02
5.076216506958007812e+01,1.079099426269531250e+02
5.737607955932617188e+01,1.113599472045898438e+02
5.385006332397460938e+01,1.089187164306640625e+02
4.327853012084960938e+01,1.013752441406250000e+02
5.787928390502929688e+01,1.152844924926757812e+02
5.584484863281250000e+01,1.112545471191406250e+02
5.830754470825195312e+01,1.121999511718750000e+02
7.803755950927734375e+01,1.157917175292968750e+02
8.336540985107421875e+01,1.247546691894531250e+02
6.621302032470703125e+01,1.149454345703125000e+02
6.605359649658203125e+01,1.148384246826171875e+02
7.873880767822265625e+01,1.185027618408203125e+02
6.607234954833984375e+01,1.151370162963867188e+02
4.317542648315429688e+01,1.016784820556640625e+02
4.178341674804687500e+01,1.007703552246093750e+02
3.390865707397460938e+01,9.499459838867187500e+01
5.291439437866210938e+01,1.081354370117187500e+02
6.045932388305664062e+01,1.109890975952148438e+02
6.445349121093750000e+01,1.206707839965820312e+02
3.622102737426757812e+01,9.641004943847656250e+01
3.829708862304687500e+01,9.393154907226562500e+01
5.504625320434570312e+01,1.016759490966796875e+02
3.887792587280273438e+01,9.200984954833984375e+01
8.550009155273437500e+01,1.232951507568359375e+02
5.542883682250976562e+01,1.119257812500000000e+02
6.421448516845703125e+01,1.143018951416015625e+02
7.431476593017578125e+01,1.204549636840820312e+02
3.850388717651367188e+01,1.020690155029296875e+02
5.163343429565429688e+01,1.136024169921875000e+02
6.623622894287109375e+01,1.111411361694335938e+02
7.393596649169921875e+01,1.164354553222656250e+02
1.113985595703125000e+02,1.414326934814453125e+02
9.833029937744140625e+01,1.387184448242187500e+02
1.041328506469726562e+02,1.395574035644531250e+02
8.465961456298828125e+01,1.414618835449218750e+02
8.548886871337890625e+01,1.279221191406250000e+02
7.320947265625000000e+01,1.282239532470703125e+02
7.144609832763671875e+01,1.046903152465820312e+02
1.142683486938476562e+02,1.269804077148437500e+02
7.130394744873046875e+01,1.137228851318359375e+02
8.722750091552734375e+01,1.108855743408203125e+02
5.108020019531250000e+01,9.910348510742187500e+01
2.751277732849121094e+01,8.361077880859375000e+01
7.764286041259765625e+01,1.142824554443359375e+02
7.455451202392578125e+01,1.224732131958007812e+02
5.148060989379882812e+01,1.068874816894531250e+02
3.227051925659179688e+01,8.890914916992187500e+01
7.617183685302734375e+01,1.118686218261718750e+02
9.055645751953125000e+01,1.184458770751953125e+02
3.242412185668945312e+01,9.403197479248046875e+01
7.317585754394531250e+01,1.061733093261718750e+02
7.512111663818359375e+01,1.240725479125976562e+02
3.950582504272460938e+01,9.747744750976562500e+01
3.975641250610351562e+01,9.197605895996093750e+01
2.909380340576171875e+01,8.469633483886718750e+01
1.864272880554199219e+01,5.773234558105468750e+01
3.418117141723632812e+01,8.139329528808593750e+01
6.884107208251953125e+01,1.068806610107421875e+02
3.720273590087890625e+01,6.924373626708984375e+01
4.653022766113281250e+01,8.369027709960937500e+01
6.953539276123046875e+01,9.981442260742187500e+01
4.629243850708007812e+01,8.679725646972656250e+01
2.707504272460937500e+01,6.297806549072265625e+01
5.257476806640625000e+01,9.828607177734375000e+01
2.545460510253906250e+01,6.234245300292968750e+01
5.340211105346679688e+01,9.953730773925781250e+01
4.660556411743164062e+01,8.919796752929687500e+01
4.148425674438476562e+01,8.762280273437500000e+01
2.356670951843261719e+01,5.896882629394531250e+01
5.209169387817382812e+01,8.275578308105468750e+01
5.052260208129882812e+01,8.857176208496093750e+01
1.404397296905517578e+01,5.539209747314453125e+01
1.899696540832519531e+01,4.888025665283203125e+01
6.039171218872070312e+01,1.007917480468750000e+02
4.576741409301757812e+01,8.474291229248046875e+01
3.659598922729492188e+01,7.579777526855468750e+01
1.780783271789550781e+01,6.340856170654296875e+01
1.101609802246093750e+01,3.979814147949218750e+01
4.825991821289062500e+01,8.867475891113281250e+01
5.401477050781250000e+01,9.317083740234375000e+01
4.474978256225585938e+01,8.780610656738281250e+01
4.526932907104492188e+01,7.244599914550781250e+01
2.952557945251464844e+01,6.810519409179687500e+01
3.862538146972656250e+01,7.494289398193359375e+01
2.797691345214843750e+01,6.910842895507812500e+01
4.303054428100585938e+01,6.590902709960937500e+01
4.385086059570312500e+01,6.658598327636718750e+01
5.603171920776367188e+01,7.556173706054687500e+01
4.800819396972656250e+01,7.402212524414062500e+01
6.161737442016601562e+01,8.884715270996093750e+01
2.727454185485839844e+01,5.270783996582031250e+01
2.241336822509765625e+01,3.668569946289062500e+01
6.313907241821289062e+01,9.343046569824218750e+01
4.234918594360351562e+01,6.579330444335937500e+01
7.143730926513671875e+01,1.054528350830078125e+02
6.107232666015625000e+01,9.162763214111328125e+01
3.347356033325195312e+01,7.209864807128906250e+01
6.733044433593750000e+01,1.081661148071289062e+02
5.171898269653320312e+01,8.428301239013671875e+01
6.698519134521484375e+01,1.148788604736328125e+02
8.954650115966796875e+01,1.218926849365234375e+02
8.011051940917968750e+01,1.213619308471679688e+02
3.333829498291015625e+01,1.057479476928710938e+02
6.573163604736328125e+01,1.275697021484375000e+02
8.471662902832031250e+01,1.286174926757812500e+02
7.344056701660156250e+01,1.055706100463867188e+02
6.806136322021484375e+01,1.008370208740234375e+02
4.303177261352539062e+01,9.194761657714843750e+01
6.038585281372070312e+01,9.375007629394531250e+01
6.973746490478515625e+01,1.081299438476562500e+02
4.943453979492187500e+01,9.139686584472656250e+01
5.630595779418945312e+01,1.197548446655273438e+02
4.940007400512695312e+01,9.766169738769531250e+01
5.222419738769531250e+01,1.120637512207031250e+02
6.205107498168945312e+01,9.443829345703125000e+01
7.223230743408203125e+01,1.095011215209960938e+02
4.586694717407226562e+01,1.030388793945312500e+02
7.299794769287109375e+01,1.143418426513671875e+02
5.212235641479492188e+01,1.015267028808593750e+02
7.246809387207031250e+01,1.042439880371093750e+02
6.740301513671875000e+01,9.974664306640625000e+01
7.439759063720703125e+01,1.088281402587890625e+02
4.312145996093750000e+01,9.173977661132812500e+01
6.020979690551757812e+01,9.329559326171875000e+01
6.787087249755859375e+01,9.972090148925781250e+01
9.314795684814453125e+01,1.233795471191406250e+02
5.671660232543945312e+01,1.263816757202148438e+02
7.204863739013671875e+01,1.137803497314453125e+02
1.079005508422851562e+02,1.266856536865234375e+02
7.082930755615234375e+01,9.994883728027343750e+01
4.773483657836914062e+01,8.227302551269531250e+01
4.626095581054687500e+01,9.231368255615234375e+01
8.765515899658203125e+01,1.189012756347656250e+02
4.686870956420898438e+01,9.202268981933593750e+01
7.294245910644531250e+01,1.031003723144531250e+02
7.727494049072265625e+01,1.105551757812500000e+02
7.221331787109375000e+01,1.029804229736328125e+02
7.463636016845703125e+01,1.101723098754882812e+02
5.012125015258789062e+01,9.202793884277343750e+01
8.940496063232421875e+01,1.160972442626953125e+02
8.225824737548828125e+01,1.145006484985351562e+02
8.037964630126953125e+01,1.148125076293945312e+02
9.509366607666015625e+01,1.197138366699218750e+02
4.580829238891601562e+01,1.015356750488281250e+02
8.432096099853515625e+01,1.171903228759765625e+02
4.632966995239257812e+01,1.008899688720703125e+02
5.770151138305664062e+01,1.090893096923828125e+02
6.500118255615234375e+01,1.067626190185546875e+02
6.673584747314453125e+01,1.080024261474609375e+02
7.639342498779296875e+01,1.161886215209960938e+02
7.252529907226562500e+01,1.170941238403320312e+02
4.933740615844726562e+01,1.010760650634765625e+02
7.175820922851562500e+01,1.100341339111328125e+02
6.518228149414062500e+01,1.176221313476562500e+02
1.134567260742187500e+02,1.361491088867187500e+02
7.657316589355468750e+01,1.112587432861328125e+02
8.308974456787109375e+01,1.153107681274414062e+02
6.142143630981445312e+01,1.092921600341796875e+02
1.030491867065429688e+02,1.261211853027343750e+02
6.754265594482421875e+01,1.086516571044921875e+02
8.337772369384765625e+01,1.166421051025390625e+02
9.017423248291015625e+01,1.192054443359375000e+02
1.136681289672851562e+02,1.335393371582031250e+02
1.125964126586914062e+02,1.271187896728515625e+02
6.370371627807617188e+01,1.011139831542968750e+02
8.146395874023437500e+01,1.187955245971679688e+02
5.148429489135742188e+01,1.139880828857421875e+02
7.368450927734375000e+01,1.178288269042968750e+02
6.379800415039062500e+01,1.029573593139648438e+02
5.837710952758789062e+01,1.014108886718750000e+02
9.371225738525390625e+01,1.192522735595703125e+02
8.473799896240234375e+01,1.272925872802734375e+02
4.467795181274414062e+01,1.031612854003906250e+02
7.352664184570312500e+01,1.193914718627929688e+02
8.715921020507812500e+01,1.099493865966796875e+02
1.950907135009765625e+01,7.845430755615234375e+01
1.387854480743408203e+01,6.438368988037109375e+01
2.685001945495605469e+01,6.691251373291015625e+01
1.805053710937500000e+01,6.640058898925781250e+01
1.985225105285644531e+01,7.621324157714843750e+01
1.716678428649902344e+01,7.083799743652343750e+01
1.816464996337890625e+01,6.197570419311523438e+01
1.654055976867675781e+01,6.113328552246093750e+01
1.581255340576171875e+01,6.594911193847656250e+01
3.722234344482421875e+01,8.516549682617187500e+01
2.120591354370117188e+01,6.822415161132812500e+01
1.930074882507324219e+01,6.770063781738281250e+01
2.175627708435058594e+01,6.965408325195312500e+01
1.648006248474121094e+01,6.854364776611328125e+01
2.005362892150878906e+01,7.147291564941406250e+01
3.820855331420898438e+01,8.123496246337890625e+01
5.429174804687500000e+01,7.500453186035156250e+01
3.625976943969726562e+01,8.214786529541015625e+01
2.615313911437988281e+01,7.767445373535156250e+01
2.900773048400878906e+01,8.078543853759765625e+01
2.479524803161621094e+01,7.639428710937500000e+01
2.383654212951660156e+01,7.567988586425781250e+01
1.881370353698730469e+01,7.424022674560546875e+01
2.090186500549316406e+01,7.596919250488281250e+01
2.611572456359863281e+01,7.997093200683593750e+01
1.536610126495361328e+01,6.649940490722656250e+01
2.382297706604003906e+01,7.248591613769531250e+01
2.019486999511718750e+01,7.456681823730468750e+01
2.152319908142089844e+01,7.100701904296875000e+01
2.160431861877441406e+01,7.481977844238281250e+01
3.451322937011718750e+01,7.703863525390625000e+01
2.235366249084472656e+01,7.242398071289062500e+01
2.166088104248046875e+01,7.308283996582031250e+01
1.908753204345703125e+01,7.217166137695312500e+01
3.110122108459472656e+01,7.944633483886718750e+01
2.444142150878906250e+01,7.487019348144531250e+01
2.283241271972656250e+01,7.598606872558593750e+01
2.066544151306152344e+01,7.505243682861328125e+01
1.954407691955566406e+01,7.225063323974609375e+01
2.059265708923339844e+01,7.293151855468750000e+01
2.237730216979980469e+01,7.279075622558593750e+01
1.749832344055175781e+01,6.926911926269531250e+01
1.732104492187500000e+01,6.823653411865234375e+01
1.675337028503417969e+01,6.836659240722656250e+01
1.659193611145019531e+01,7.329844665527343750e+01
2.615642356872558594e+01,7.357556152343750000e+01
2.336124420166015625e+01,6.469992065429687500e+01
3.985762023925781250e+01,7.730191040039062500e+01
1.905843353271484375e+01,6.710658264160156250e+01
1.533255100250244141e+01,6.051519393920898438e+01
1.277339935302734375e+01,6.124638366699218750e+01
1.136089324951171875e+01,5.899486160278320312e+01
3.162162780761718750e+01,7.157374572753906250e+01
2.353995704650878906e+01,6.699366760253906250e+01
8.466897010803222656e+00,5.132463073730468750e+01
1.075182189941406250e+02,1.249718093872070312e+02
8.099078369140625000e+01,1.098793640136718750e+02
8.146817779541015625e+01,1.178929138183593750e+02
7.404338836669921875e+01,1.072129058837890625e+02
7.711039733886718750e+01,1.254356231689453125e+02
6.219546508789062500e+01,1.167611083984375000e+02
5.571476745605468750e+01,1.214614868164062500e+02
4.442109298706054688e+01,1.122806701660156250e+02
2.621725463867187500e+01,8.607621765136718750e+01
2.576078033447265625e+01,9.987685394287109375e+01
7.034042358398437500e+01,1.275577392578125000e+02
6.259737014770507812e+01,1.188633880615234375e+02
3.994830322265625000e+01,9.579925537109375000e+01
4.085259628295898438e+01,1.074331512451171875e+02
5.300597763061523438e+01,1.152027435302734375e+02
3.411290359497070312e+01,1.043179779052734375e+02
3.258909988403320312e+01,9.049644470214843750e+01
5.499489212036132812e+01,1.243586044311523438e+02
6.240961074829101562e+01,1.255778656005859375e+02
3.310129928588867188e+01,1.001866455078125000e+02
3.862251663208007812e+01,1.120975646972656250e+02
5.575445938110351562e+01,1.169858093261718750e+02
5.119488525390625000e+01,1.088530883789062500e+02
3.446600341796875000e+01,9.381013488769531250e+01
3.532766723632812500e+01,1.052741851806640625e+02
4.851325607299804688e+01,1.297850189208984375e+02
6.163766479492187500e+01,1.252469940185546875e+02
5.860136795043945312e+01,1.185241394042968750e+02
7.228362274169921875e+01,1.225298004150390625e+02
4.315718460083007812e+01,1.051366729736328125e+02
4.843389892578125000e+01,8.958891296386718750e+01
5.022049331665039062e+01,1.109416809082031250e+02
9.631359100341796875e+01,1.195662536621093750e+02
1.613610267639160156e+01,6.476104736328125000e+01
1.988867759704589844e+01,6.848651123046875000e+01
1.839394569396972656e+01,7.278971099853515625e+01
2.115001869201660156e+01,6.526652526855468750e+01
2.874781799316406250e+01,7.472769165039062500e+01
1.733260345458984375e+01,6.570187377929687500e+01
1.621760749816894531e+01,6.689759063720703125e+01
1.389218425750732422e+01,4.795590972900390625e+01
6.878012084960937500e+01,1.066995468139648438e+02
8.545874786376953125e+01,1.286714782714843750e+02
8.193354034423828125e+01,1.162810211181640625e+02
8.520110321044921875e+01,1.361170349121093750e+02
6.788449096679687500e+01,1.103959655761718750e+02
4.179740142822265625e+01,9.562500762939453125e+01
1.237875671386718750e+02,1.281832275390625000e+02
5.614759445190429688e+01,9.687194824218750000e+01
2.126248741149902344e+01,6.510676574707031250e+01
2.034625625610351562e+01,5.688792037963867188e+01
3.213209533691406250e+01,8.809960937500000000e+01
2.260689353942871094e+01,7.579177856445312500e+01
4.370212936401367188e+01,9.058271789550781250e+01
4.836471557617187500e+01,1.197775192260742188e+02
4.439982986450195312e+01,1.237170867919921875e+02
4.568952941894531250e+01,1.204718627929687500e+02
4.577351760864257812e+01,9.843083190917968750e+01
4.697790527343750000e+01,1.127546997070312500e+02
2.468748474121093750e+01,9.029670715332031250e+01
5.857288742065429688e+01,1.134208374023437500e+02
1.077652359008789062e+02,1.361584014892578125e+02
8.321076202392578125e+01,1.493410797119140625e+02
8.628855133056640625e+01,1.403897399902343750e+02
6.053972244262695312e+01,1.447916107177734375e+02
1.023200149536132812e+02,1.345061340332031250e+02
1.189426498413085938e+02,1.216534500122070312e+02
1.185943832397460938e+02,1.256790618896484375e+02
1.193532943725585938e+02,1.252856750488281250e+02
1.126379623413085938e+02,1.106205825805664062e+02
1.021448974609375000e+02,1.025520629882812500e+02
9.414316558837890625e+01,1.051097717285156250e+02
1.015556030273437500e+02,1.323476562500000000e+02
3.386803817749023438e+01,9.935643005371093750e+01
4.243102264404296875e+01,1.161579818725585938e+02
3.835474014282226562e+01,1.140548248291015625e+02
3.747507095336914062e+01,1.124137802124023438e+02
3.447400283813476562e+01,8.967218017578125000e+01
5.319793701171875000e+01,8.996531677246093750e+01
5.900282287597656250e+01,9.197462463378906250e+01
2.904904174804687500e+01,7.660639953613281250e+01
4.222282028198242188e+01,7.380659484863281250e+01
4.066138458251953125e+01,7.580867767333984375e+01
1.188945922851562500e+02,1.289924926757812500e+02
2.950037574768066406e+01,8.903655242919921875e+01
6.337901687622070312e+01,1.217163696289062500e+02
4.792367553710937500e+01,1.144096069335937500e+02
4.164866256713867188e+01,8.775878906250000000e+01
1.135161113739013672e+01,6.206687164306640625e+01
1.455610179901123047e+01,7.554138183593750000e+01
1.052809524536132812e+01,7.312225341796875000e+01
2.796499633789062500e+01,1.131771163940429688e+02
3.211711502075195312e+01,1.234840545654296875e+02
3.096735191345214844e+01,1.036257476806640625e+02
1.002948989868164062e+02,1.122918395996093750e+02
6.895758819580078125e+01,7.130978393554687500e+01
2.995202636718750000e+01,8.112228393554687500e+01
3.774182128906250000e+01,7.471488952636718750e+01
2.121926116943359375e+01,4.633635711669921875e+01
3.709547042846679688e+01,8.441883087158203125e+01
1.928104972839355469e+01,4.552729034423828125e+01
1.007243423461914062e+02,1.320284271240234375e+02
6.727056884765625000e+01,6.538822937011718750e+01
2.673965263366699219e+01,9.372610473632812500e+01
6.992804718017578125e+01,1.047173156738281250e+02
1.599391651153564453e+01,2.200064086914062500e+01
2.394598197937011719e+01,5.636805725097656250e+01
1.946203994750976562e+01,4.991456985473632812e+01
2.889737510681152344e+01,6.924816894531250000e+01
1.022672348022460938e+02,1.304301605224609375e+02
8.130045318603515625e+01,1.265204467773437500e+02
6.722204589843750000e+01,1.199886398315429688e+02
6.533165740966796875e+01,1.238901138305664062e+02
5.134164428710937500e+01,1.177911453247070312e+02
8.288845062255859375e+01,1.366025848388671875e+02
4.959412002563476562e+01,1.288837127685546875e+02
5.840399169921875000e+01,1.261278839111328125e+02
7.774504852294921875e+01,1.321871032714843750e+02
8.079650115966796875e+01,1.384149169921875000e+02
6.673523712158203125e+01,1.292933044433593750e+02
1.163224105834960938e+02,1.353926391601562500e+02
8.557519531250000000e+01,1.258182830810546875e+02
9.218885040283203125e+01,1.281709899902343750e+02
1.009117050170898438e+02,1.330184783935546875e+02
8.772589111328125000e+01,1.276161956787109375e+02
6.936551666259765625e+01,1.195181503295898438e+02
5.067251586914062500e+01,9.915466308593750000e+01
5.410356521606445312e+01,9.304352569580078125e+01
9.896463775634765625e+01,1.363544006347656250e+02
6.457503509521484375e+01,1.188456726074218750e+02
3.537506484985351562e+01,9.314625549316406250e+01
6.036641311645507812e+01,1.000297088623046875e+02
7.469861602783203125e+01,1.357222595214843750e+02
9.464064788818359375e+01,1.349871215820312500e+02
1.063178482055664062e+02,1.380291137695312500e+02
3.300732040405273438e+01,8.235667419433593750e+01
4.781225967407226562e+01,1.122066574096679688e+02
7.415982818603515625e+01,1.232841949462890625e+02
5.041286087036132812e+01,1.155037689208984375e+02
5.154491043090820312e+01,1.101971359252929688e+02
5.720506668090820312e+01,1.151808929443359375e+02
2.088692665100097656e+01,5.472206878662109375e+01
3.294229888916015625e+01,8.043598175048828125e+01
6.347349548339843750e+01,1.269454040527343750e+02
1.137352981567382812e+02,1.375826568603515625e+02
7.978852081298828125e+01,9.089818572998046875e+01
5.666556930541992188e+01,1.140921478271484375e+02
3.152250099182128906e+01,6.681828308105468750e+01
6.504814910888671875e+01,1.232160797119140625e+02
3.634985733032226562e+01,8.240405273437500000e+01
1.059635009765625000e+02,1.295657348632812500e+02
8.955102539062500000e+01,1.190437774658203125e+02
8.196726226806640625e+01,1.174133758544921875e+02
1.141425552368164062e+02,1.321349487304687500e+02
6.810127258300781250e+01,1.013120727539062500e+02
1.147861328125000000e+02,1.267679595947265625e+02
9.155310821533203125e+01,1.214929504394531250e+02
8.299288940429687500e+01,1.171137084960937500e+02
8.500605010986328125e+01,1.219336547851562500e+02
1.138785400390625000e+02,1.334242553710937500e+02
1.143380508422851562e+02,1.355767059326171875e+02
1.096919784545898438e+02,1.236412658691406250e+02
7.918994140625000000e+01,1.103081359863281250e+02
7.018711090087890625e+01,1.056309890747070312e+02
1.144826431274414062e+02,1.271064529418945312e+02
7.189929962158203125e+01,1.079917449951171875e+02
1.139643173217773438e+02,1.277865905761718750e+02
3.722486877441406250e+01,6.593119812011718750e+01
1.076342086791992188e+02,1.061013183593750000e+02
4.656781005859375000e+01,1.228967971801757812e+02
4.784672164916992188e+01,1.217687072753906250e+02
6.018149185180664062e+01,1.254942016601562500e+02
4.830393981933593750e+01,1.242704620361328125e+02
3.501237487792968750e+01,8.926506042480468750e+01
5.037065124511718750e+01,1.179971466064453125e+02
5.372549438476562500e+01,1.203328475952148438e+02
3.978535461425781250e+01,9.491790771484375000e+01
6.329514694213867188e+01,1.207556610107421875e+02
5.208289718627929688e+01,7.833480834960937500e+01
3.190738487243652344e+01,8.034884643554687500e+01
4.147360610961914062e+01,8.748207092285156250e+01
3.420338821411132812e+01,8.716749572753906250e+01
3.335886001586914062e+01,7.068049621582031250e+01
4.539659500122070312e+01,8.957549285888671875e+01
3.965918731689453125e+01,8.317409515380859375e+01
4.482764816284179688e+01,8.219459533691406250e+01
1.173465881347656250e+02,1.283470306396484375e+02
8.021028137207031250e+01,1.036486968994140625e+02
1.066830062866210938e+02,1.221601028442382812e+02
7.564699554443359375e+01,1.075893936157226562e+02
4.323767089843750000e+01,8.022253417968750000e+01
5.770520401000976562e+01,8.418717956542968750e+01
1.247759628295898438e+02,1.396222076416015625e+02
6.091525268554687500e+01,8.821859741210937500e+01
7.222214508056640625e+01,9.665990447998046875e+01
5.554260635375976562e+01,8.732876586914062500e+01
6.660549163818359375e+01,9.714217376708984375e+01
4.332133102416992188e+01,7.362091064453125000e+01
5.451449584960937500e+01,9.214405822753906250e+01
6.464606475830078125e+01,9.422085571289062500e+01
7.556686401367187500e+01,1.016136169433593750e+02
7.386820220947265625e+01,1.035462341308593750e+02
8.586037445068359375e+01,1.087669143676757812e+02
7.978421783447265625e+01,1.029387664794921875e+02
8.492111968994140625e+01,1.049782104492187500e+02
6.774976348876953125e+01,9.683623504638671875e+01
7.692526245117187500e+01,1.105232391357421875e+02
6.947576904296875000e+01,9.238409423828125000e+01
7.122248077392578125e+01,9.812084960937500000e+01
1.022422256469726562e+02,1.235583190917968750e+02
4.945370101928710938e+01,9.114653015136718750e+01
6.427516937255859375e+01,9.951158142089843750e+01
7.338054656982421875e+01,1.397545471191406250e+02
4.673728561401367188e+01,9.370231628417968750e+01
8.350154113769531250e+01,1.443453369140625000e+02
7.167270660400390625e+01,1.314087219238281250e+02
3.375809097290039062e+01,9.790138244628906250e+01
9.062593841552734375e+01,1.299214477539062500e+02
9.327288818359375000e+01,1.366414489746093750e+02
7.664667510986328125e+01,1.170980911254882812e+02
9.163219451904296875e+01,1.271379776000976562e+02
8.516030120849609375e+01,1.305299987792968750e+02
8.208449554443359375e+01,1.312363586425781250e+02
7.775216674804687500e+01,1.289296875000000000e+02
7.137378692626953125e+01,1.252948760986328125e+02
8.485127258300781250e+01,1.303589782714843750e+02
7.310755157470703125e+01,1.266995086669921875e+02
3.898746490478515625e+01,8.596051025390625000e+01
9.827346038818359375e+01,1.365620117187500000e+02
4.771765136718750000e+01,1.205938644409179688e+02
2.899967002868652344e+01,4.409510803222656250e+01
2.867087364196777344e+01,4.443975067138671875e+01
3.451916122436523438e+01,5.580538940429687500e+01
3.433628463745117188e+01,8.011405944824218750e+01
6.413872528076171875e+01,8.887512207031250000e+01
3.283372116088867188e+01,7.588986206054687500e+01
5.886561965942382812e+01,8.485692596435546875e+01
3.896031951904296875e+01,8.766520690917968750e+01
4.634368515014648438e+01,8.780140686035156250e+01
3.293103790283203125e+01,7.590356445312500000e+01
2.975564765930175781e+01,7.309651184082031250e+01
7.767654418945312500e+01,1.072654266357421875e+02
7.796788024902343750e+01,1.163487930297851562e+02
7.268401336669921875e+01,1.266139907836914062e+02
2.742308807373046875e+01,9.468723297119140625e+01
3.153596496582031250e+01,9.353910064697265625e+01
5.046575546264648438e+01,1.018004989624023438e+02
4.446923828125000000e+01,8.636672973632812500e+01
3.222252273559570312e+01,8.214158630371093750e+01
7.078826904296875000e+01,7.042587280273437500e+01
7.500005340576171875e+01,9.926752471923828125e+01
4.413804244995117188e+01,6.631683349609375000e+01
3.802170562744140625e+01,6.165218353271484375e+01
2.798058128356933594e+01,6.521540069580078125e+01
6.570955657958984375e+01,8.641055297851562500e+01
4.644361877441406250e+01,5.229343414306640625e+01
2.090748023986816406e+01,5.413530731201171875e+01
9.033109283447265625e+01,9.998045349121093750e+01
4.370141983032226562e+01,5.595278167724609375e+01
2.715834045410156250e+01,5.321443939208984375e+01
4.259402084350585938e+01,5.397757720947265625e+01
5.626292800903320312e+01,7.020498657226562500e+01
1.796162796020507812e+01,3.343696594238281250e+01
2.065302848815917969e+01,5.494661712646484375e+01
5.135080337524414062e+01,4.670161056518554688e+01
3.980339050292968750e+01,6.593241119384765625e+01
1.943950462341308594e+01,5.726759338378906250e+01
2.022365760803222656e+01,4.205599212646484375e+01
6.507699584960937500e+01,7.196665954589843750e+01
4.237665939331054688e+01,4.209034729003906250e+01
3.540563201904296875e+01,6.125869750976562500e+01
1.603839874267578125e+01,5.480651092529296875e+01
1.603839874267578125e+01,5.480651092529296875e+01
2.007494163513183594e+01,4.111671447753906250e+01
5.450671005249023438e+01,8.474711608886718750e+01
1.988463592529296875e+01,6.191019821166992188e+01
1.698951721191406250e+01,5.548373031616210938e+01
4.438437271118164062e+01,8.600006103515625000e+01
4.224230957031250000e+01,6.477396392822265625e+01
6.325592041015625000e+01,5.234954452514648438e+01
3.828844070434570312e+01,5.720592498779296875e+01
4.473930358886718750e+01,5.990864562988281250e+01
5.292467880249023438e+01,4.512699890136718750e+01
3.712763977050781250e+01,5.468983459472656250e+01
5.377860641479492188e+01,6.237718963623046875e+01
2.150436973571777344e+01,6.901724243164062500e+01
7.524047851562500000e+01,8.948451995849609375e+01
4.989962768554687500e+01,5.098408508300781250e+01
4.133184814453125000e+01,7.369792938232421875e+01
3.009931945800781250e+01,5.571646499633789062e+01
1.860782051086425781e+01,6.295136260986328125e+01
2.173798179626464844e+01,4.690339660644531250e+01
4.268565750122070312e+01,4.487077713012695312e+01
2.485946846008300781e+01,4.730208206176757812e+01
3.717885971069335938e+01,6.755253601074218750e+01
1.501513195037841797e+01,5.560369873046875000e+01
5.938599777221679688e+01,7.561175537109375000e+01
6.281224060058593750e+01,8.641217803955078125e+01
1.522431182861328125e+01,5.017876434326171875e+01
3.357435607910156250e+01,5.682873535156250000e+01
8.888684082031250000e+01,1.342024078369140625e+02
8.896527099609375000e+01,1.312411804199218750e+02
6.270824050903320312e+01,1.374484405517578125e+02
4.180058288574218750e+01,6.723686218261718750e+01
5.060972976684570312e+01,1.184938278198242188e+02
2.564536094665527344e+01,9.443751525878906250e+01
2.183016967773437500e+01,4.153017425537109375e+01
6.674264526367187500e+01,9.632835388183593750e+01
9.062148284912109375e+01,1.075190963745117188e+02
6.810014343261718750e+01,8.874153137207031250e+01
5.208601760864257812e+01,7.582733917236328125e+01
6.209566116333007812e+01,7.945497131347656250e+01
5.684030151367187500e+01,5.614923095703125000e+01
6.225284194946289062e+01,9.767187500000000000e+01
3.111597633361816406e+01,6.240299224853515625e+01
3.888240432739257812e+01,6.110344696044921875e+01
3.816254806518554688e+01,7.771127319335937500e+01
6.224316406250000000e+01,9.369183349609375000e+01
7.412410736083984375e+01,8.657599639892578125e+01
8.974501800537109375e+01,8.875891113281250000e+01
7.713136291503906250e+01,1.028146820068359375e+02
7.050244140625000000e+01,9.544145202636718750e+01
4.421099853515625000e+01,7.106983184814453125e+01
6.312477493286132812e+01,8.608052062988281250e+01
7.159648895263671875e+01,9.564411926269531250e+01
6.489060211181640625e+01,8.257830810546875000e+01
6.541207122802734375e+01,7.487730407714843750e+01
4.066298675537109375e+01,6.438418579101562500e+01
9.245278930664062500e+01,1.021200256347656250e+02
8.240430450439453125e+01,1.268080825805664062e+02
6.357715988159179688e+01,1.211654052734375000e+02
5.926904296875000000e+01,1.107605361938476562e+02
7.759461212158203125e+01,1.133980331420898438e+02
7.551243591308593750e+01,9.578739929199218750e+01
6.885277557373046875e+01,1.165494842529296875e+02
7.003290557861328125e+01,1.129953155517578125e+02
9.042598724365234375e+01,1.185989837646484375e+02
5.298737716674804688e+01,1.072611846923828125e+02
4.494818496704101562e+01,1.060880661010742188e+02
9.481551361083984375e+01,1.098810653686523438e+02
7.868546295166015625e+01,1.048591003417968750e+02
5.252046203613281250e+01,1.246718444824218750e+02
6.231373214721679688e+01,1.214044265747070312e+02
8.360613250732421875e+01,9.744843292236328125e+01
5.501851272583007812e+01,7.356548309326171875e+01
2.215309143066406250e+01,5.082999420166015625e+01
2.654406738281250000e+01,4.283879089355468750e+01
3.389857101440429688e+01,4.327791213989257812e+01
3.851517105102539062e+01,5.738492965698242188e+01
3.528951644897460938e+01,5.419028472900390625e+01
5.321249008178710938e+01,1.019861602783203125e+02
1.619899940490722656e+01,5.444321060180664062e+01
4.015723800659179688e+01,6.599871826171875000e+01
4.464745712280273438e+01,5.642391204833984375e+01
2.805423545837402344e+01,4.157486343383789062e+01
6.734601593017578125e+01,1.016911544799804688e+02
7.881066131591796875e+01,9.621227264404296875e+01
5.789590454101562500e+01,8.589810180664062500e+01
3.725960922241210938e+01,6.948489379882812500e+01
5.699366760253906250e+01,8.369229888916015625e+01
4.833713150024414062e+01,6.814775085449218750e+01
4.580064010620117188e+01,7.737294006347656250e+01
3.389799499511718750e+01,5.415291595458984375e+01
5.333949661254882812e+01,7.141499328613281250e+01
3.247579574584960938e+01,4.290598297119140625e+01
3.790450286865234375e+01,5.880801773071289062e+01
4.819172286987304688e+01,6.134434890747070312e+01
4.773733520507812500e+01,1.116023864746093750e+02
3.446886444091796875e+01,4.457384490966796875e+01
3.428016281127929688e+01,4.489149475097656250e+01
3.787487030029296875e+01,5.371700286865234375e+01
2.130193901062011719e+01,4.622496795654296875e+01
3.265983200073242188e+01,4.349006271362304688e+01
3.203404617309570312e+01,4.369073486328125000e+01
2.918726921081542969e+01,4.305042266845703125e+01
2.715620422363281250e+01,4.269071960449218750e+01
5.157009887695312500e+01,7.731352233886718750e+01
3.249898529052734375e+01,8.947305297851562500e+01
7.297808837890625000e+01,1.121602020263671875e+02
2.405010414123535156e+01,6.444953918457031250e+01
2.525087165832519531e+01,7.137059020996093750e+01
2.116910743713378906e+01,5.954629516601562500e+01
1.605981063842773438e+01,6.669294738769531250e+01
1.917796516418457031e+01,6.685869598388671875e+01
1.469701290130615234e+01,6.210379028320312500e+01
2.044242668151855469e+01,7.071698760986328125e+01
1.569983673095703125e+01,6.544728088378906250e+01
2.089055633544921875e+01,6.496563720703125000e+01
2.522069549560546875e+01,6.407283020019531250e+01
1.316815948486328125e+01,5.463786315917968750e+01
2.782714080810546875e+01,6.857886505126953125e+01
2.097080993652343750e+01,6.068785858154296875e+01
2.601766967773437500e+01,6.677359008789062500e+01
6.907294464111328125e+01,1.453369140625000000e+02
6.221568679809570312e+01,1.387668762207031250e+02
5.187809371948242188e+01,1.156724700927734375e+02
7.383657836914062500e+01,1.007480926513671875e+02
4.262108230590820312e+01,1.086631546020507812e+02
5.212829971313476562e+01,1.062563323974609375e+02
8.587963104248046875e+01,1.180185317993164062e+02
7.774832916259765625e+01,1.163367156982421875e+02
7.644965362548828125e+01,1.147367706298828125e+02
7.548581695556640625e+01,1.156779632568359375e+02
5.394807815551757812e+01,1.348787231445312500e+02
1.581317234039306641e+01,7.743576049804687500e+01
2.098610687255859375e+01,5.976382446289062500e+01
1.697932243347167969e+01,5.372806549072265625e+01
1.634194183349609375e+01,5.575743865966796875e+01
1.410777378082275391e+01,4.308744812011718750e+01
1.104778385162353516e+01,4.368371582031250000e+01
1.619896697998046875e+01,5.712738418579101562e+01
1.108926391601562500e+01,5.269131469726562500e+01
1.965869140625000000e+01,5.394324111938476562e+01
2.597072410583496094e+01,7.573495483398437500e+01
2.028916358947753906e+01,6.851628112792968750e+01
3.022010993957519531e+01,8.285951232910156250e+01
2.794614982604980469e+01,8.357153320312500000e+01
1.928176689147949219e+01,6.502342224121093750e+01
1.762294006347656250e+01,6.366572570800781250e+01
1.691123390197753906e+01,6.497509765625000000e+01
1.811516761779785156e+01,6.960430908203125000e+01
1.434258556365966797e+01,6.728921508789062500e+01
1.364362812042236328e+01,5.586433410644531250e+01
2.100873756408691406e+01,7.330929565429687500e+01
2.143199348449707031e+01,6.764694213867187500e+01
2.059119606018066406e+01,7.706092834472656250e+01
1.732310676574707031e+01,7.101752471923828125e+01
1.381133270263671875e+01,6.951051330566406250e+01
3.200341415405273438e+01,8.228720092773437500e+01
2.410269927978515625e+01,6.338327789306640625e+01
1.149565410614013672e+01,4.722922515869140625e+01
1.231325149536132812e+01,5.278668594360351562e+01
1.066413593292236328e+01,5.290171432495117188e+01
1.765275001525878906e+01,7.066960144042968750e+01
1.448343658447265625e+01,5.850658416748046875e+01
2.070972442626953125e+01,6.675257873535156250e+01
7.344181060791015625e+01,1.060874328613281250e+02
7.956433868408203125e+01,1.281143341064453125e+02
6.439823150634765625e+01,1.211082763671875000e+02
3.153150749206542969e+01,8.799923706054687500e+01
7.980567169189453125e+01,1.173180236816406250e+02
5.836839675903320312e+01,1.191378097534179688e+02
6.744845581054687500e+01,9.170249938964843750e+01
9.121959686279296875e+01,1.285775451660156250e+02
9.976371002197265625e+01,1.204425354003906250e+02
8.836660003662109375e+01,9.794364929199218750e+01
7.129804229736328125e+01,8.369416809082031250e+01
9.418505859375000000e+01,1.277453689575195312e+02
4.599365234375000000e+01,9.318167114257812500e+01
5.388078308105468750e+01,1.101295928955078125e+02
7.940296173095703125e+01,1.302111968994140625e+02
5.104275131225585938e+01,1.035864639282226562e+02
5.273783493041992188e+01,1.084805145263671875e+02
8.584296417236328125e+01,1.241100616455078125e+02
9.910079956054687500e+01,1.288628997802734375e+02
9.268788909912109375e+01,1.256799240112304688e+02
6.581545257568359375e+01,1.117904968261718750e+02
8.533386230468750000e+01,1.219324645996093750e+02
9.354196929931640625e+01,1.274934997558593750e+02
6.813938140869140625e+01,1.010852813720703125e+02
8.080239105224609375e+01,1.245661773681640625e+02
5.930102539062500000e+01,9.976438140869140625e+01
5.969063186645507812e+01,1.031752014160156250e+02
7.243961334228515625e+01,1.144275512695312500e+02
8.497722625732421875e+01,1.187936553955078125e+02
6.148533630371093750e+01,1.037106323242187500e+02
6.382148742675781250e+01,1.142519607543945312e+02
8.618353271484375000e+01,1.193999710083007812e+02
7.321432495117187500e+01,1.065808715820312500e+02
7.157993316650390625e+01,1.078574447631835938e+02
7.283338165283203125e+01,1.085414276123046875e+02
7.349044036865234375e+01,1.280263977050781250e+02
6.106532287597656250e+01,1.091674652099609375e+02
9.733129119873046875e+01,1.211303787231445312e+02
6.366976928710937500e+01,1.087106018066406250e+02
4.103683853149414062e+01,9.021706390380859375e+01
2.113132667541503906e+01,5.912115478515625000e+01
4.744291305541992188e+01,8.948410034179687500e+01
6.218003845214843750e+01,1.111272735595703125e+02
4.499116134643554688e+01,9.298561859130859375e+01
8.432706451416015625e+01,1.224286193847656250e+02
7.007351684570312500e+01,1.090802230834960938e+02
6.591527557373046875e+01,1.061326904296875000e+02
5.674639892578125000e+01,8.378165435791015625e+01
7.409171295166015625e+01,9.309030914306640625e+01
9.620623779296875000e+01,9.405500030517578125e+01
8.501763153076171875e+01,1.125408172607421875e+02
5.618698501586914062e+01,9.103454589843750000e+01
8.122962188720703125e+01,1.116747131347656250e+02
6.933129119873046875e+01,1.179033432006835938e+02
6.059938430786132812e+01,1.065341339111328125e+02
5.899465942382812500e+01,8.613296508789062500e+01
6.680637359619140625e+01,1.122835540771484375e+02
8.182088470458984375e+01,9.128053283691406250e+01
4.365755081176757812e+01,6.667430114746093750e+01
4.492308425903320312e+01,1.066473236083984375e+02
4.117667770385742188e+01,6.944226837158203125e+01
4.147991561889648438e+01,7.126689147949218750e+01
4.035663223266601562e+01,7.444610595703125000e+01
5.399202346801757812e+01,8.095280456542968750e+01
3.366447830200195312e+01,7.515074157714843750e+01
8.000591278076171875e+01,7.995954895019531250e+01
1.904592704772949219e+01,5.267854309082031250e+01
2.289458465576171875e+01,5.471328735351562500e+01
7.354793548583984375e+01,1.066156768798828125e+02
5.001525878906250000e+01,9.468753814697265625e+01
6.153694152832031250e+01,9.601184082031250000e+01
7.019905853271484375e+01,1.224191207885742188e+02
5.891075515747070312e+01,6.911949920654296875e+01
5.883036804199218750e+01,6.289943695068359375e+01
8.361110687255859375e+01,1.087249298095703125e+02
7.909381103515625000e+01,1.041866302490234375e+02
4.914265823364257812e+01,9.648107147216796875e+01
5.999623489379882812e+01,1.104445953369140625e+02
7.095848083496093750e+01,1.158081283569335938e+02
6.606124877929687500e+01,1.053907089233398438e+02
7.829287719726562500e+01,1.332463073730468750e+02
6.770079803466796875e+01,1.113444061279296875e+02
5.476473617553710938e+01,1.169162673950195312e+02
5.474209976196289062e+01,1.121392288208007812e+02
2.553669166564941406e+01,9.593600463867187500e+01
2.649411964416503906e+01,9.436155700683593750e+01
3.249973297119140625e+01,1.008093109130859375e+02
3.715398788452148438e+01,1.015953063964843750e+02
7.425115966796875000e+01,1.219903106689453125e+02
5.298803710937500000e+01,1.133210067749023438e+02
2.842661476135253906e+01,1.008933258056640625e+02
3.195014953613281250e+01,9.903509521484375000e+01
5.657632827758789062e+01,1.116034164428710938e+02
2.394129371643066406e+01,8.022625732421875000e+01
3.520162200927734375e+01,8.379501342773437500e+01
1.490850353240966797e+01,8.197628784179687500e+01
3.288000106811523438e+01,1.056608123779296875e+02
4.642948532104492188e+01,1.037631988525390625e+02
4.492969894409179688e+01,1.167387847900390625e+02
2.994385719299316406e+01,8.976975250244140625e+01
5.965585327148437500e+01,1.139085311889648438e+02
3.650971221923828125e+01,1.055578460693359375e+02
8.301349639892578125e+01,1.325895080566406250e+02
8.595980072021484375e+01,1.371833190917968750e+02
4.220218276977539062e+01,1.069718093872070312e+02
4.167068481445312500e+01,9.848252868652343750e+01
4.741104507446289062e+01,8.833471679687500000e+01
2.109777641296386719e+01,9.019367980957031250e+01
3.134679412841796875e+01,1.021178283691406250e+02
7.215714263916015625e+01,1.062572097778320312e+02
6.066900634765625000e+01,8.209283447265625000e+01
4.851160812377929688e+01,8.930322265625000000e+01
5.753663253784179688e+01,8.696044921875000000e+01
4.619609451293945312e+01,7.677659606933593750e+01
6.136003494262695312e+01,9.739782714843750000e+01
1.089353408813476562e+02,1.288706970214843750e+02
1.154916763305664062e+02,1.285034179687500000e+02
8.297168731689453125e+01,1.173311691284179688e+02
9.118532562255859375e+01,1.163218841552734375e+02
9.031272125244140625e+01,1.152316894531250000e+02
1.044840469360351562e+02,1.233021697998046875e+02
8.650377655029296875e+01,1.108468627929687500e+02
9.176132202148437500e+01,1.139837799072265625e+02
1.054293899536132812e+02,1.208098297119140625e+02
9.319881439208984375e+01,1.145887603759765625e+02
1.937343025207519531e+01,2.891755294799804688e+01
1.232771987915039062e+02,1.378000183105468750e+02
7.696489715576171875e+01,1.073746643066406250e+02
7.285959625244140625e+01,1.072685699462890625e+02
7.154621887207031250e+01,9.891691589355468750e+01
8.634633636474609375e+01,1.141904907226562500e+02
1.014220352172851562e+02,1.231659851074218750e+02
4.255680847167968750e+01,4.103655242919921875e+01
5.813140487670898438e+01,9.255568695068359375e+01
1.013605728149414062e+02,1.276826400756835938e+02
1.177481689453125000e+02,1.349626464843750000e+02
1.622021675109863281e+01,4.861185455322265625e+01
8.127979278564453125e+01,1.189250869750976562e+02
9.355721282958984375e+01,1.147071838378906250e+02
6.368595504760742188e+01,1.019561767578125000e+02
5.202611923217773438e+01,8.525288391113281250e+01
3.313045120239257812e+01,6.437574768066406250e+01
3.719408798217773438e+01,7.036318969726562500e+01
6.188468933105468750e+01,8.992121887207031250e+01
6.965302276611328125e+01,9.848207092285156250e+01
5.146490097045898438e+01,8.391629028320312500e+01
3.969121170043945312e+01,7.256097412109375000e+01
2.266621398925781250e+01,6.106021881103515625e+01
2.572016143798828125e+01,6.907588195800781250e+01
4.010874557495117188e+01,7.880206298828125000e+01
7.883031463623046875e+01,1.025506591796875000e+02
8.035041809082031250e+01,1.032893600463867188e+02
1.026939086914062500e+02,1.317548217773437500e+02
8.441482543945312500e+01,1.227366409301757812e+02
3.670697402954101562e+01,7.757337951660156250e+01
7.213155364990234375e+01,9.547144317626953125e+01
6.690720367431640625e+01,9.521840667724609375e+01
6.861981964111328125e+01,1.013608398437500000e+02
5.666044998168945312e+01,8.629925537109375000e+01
7.025408935546875000e+01,9.490277099609375000e+01
4.932147598266601562e+01,8.296295166015625000e+01
5.671966934204101562e+01,8.530632781982421875e+01
5.585593032836914062e+01,8.800463104248046875e+01
1.213880920410156250e+01,3.357508087158203125e+01
8.116183471679687500e+01,7.744369506835937500e+01
3.725148391723632812e+01,3.920935821533203125e+01
3.869453811645507812e+01,4.064723205566406250e+01
5.405683517456054688e+01,6.019149017333984375e+01
4.632595825195312500e+01,5.474154281616210938e+01
6.874131011962890625e+01,7.698041534423828125e+01
1.185028152465820312e+02,1.324616699218750000e+02
1.263498764038085938e+02,1.300394439697265625e+02
9.644145965576171875e+01,1.248944549560546875e+02
1.121320190429687500e+02,1.337642517089843750e+02
8.335232543945312500e+01,9.765103149414062500e+01
8.768258666992187500e+01,9.707691955566406250e+01
1.280015869140625000e+02,1.283072204589843750e+02
6.277120971679687500e+01,5.656231689453125000e+01
6.418473815917968750e+01,5.650746154785156250e+01
1.119184951782226562e+02,1.280875854492187500e+02
6.514843750000000000e+01,1.096017761230468750e+02
6.328310012817382812e+01,1.057215957641601562e+02
9.050250244140625000e+01,1.135314331054687500e+02
6.977942657470703125e+01,1.069465942382812500e+02
6.649657440185546875e+01,1.032595214843750000e+02
6.575928497314453125e+01,1.038383636474609375e+02
7.126670074462890625e+01,9.996566772460937500e+01
8.438674163818359375e+01,8.806793212890625000e+01
9.371252441406250000e+01,1.162069854736328125e+02
9.302166748046875000e+01,1.165606155395507812e+02
7.223910522460937500e+01,1.113569869995117188e+02
6.851256561279296875e+01,1.069837493896484375e+02
7.759817504882812500e+01,1.101900024414062500e+02
6.797767639160156250e+01,1.083628997802734375e+02
7.019648742675781250e+01,1.087523956298828125e+02
9.395025634765625000e+01,1.025711517333984375e+02
1.018483276367187500e+02,1.075711212158203125e+02
6.766589355468750000e+01,1.019523773193359375e+02
9.064138031005859375e+01,1.143290252685546875e+02
6.368238449096679688e+01,1.000029373168945312e+02
1.084189071655273438e+02,1.238107757568359375e+02
1.008534164428710938e+02,1.158436126708984375e+02
1.046025085449218750e+02,1.170158843994140625e+02
8.315734100341796875e+01,1.072115020751953125e+02
8.889825439453125000e+01,1.152518310546875000e+02
1.046644897460937500e+02,1.228574676513671875e+02
5.156816101074218750e+01,9.865254211425781250e+01
1.043670043945312500e+02,1.329187927246093750e+02
1.061521835327148438e+02,1.343590240478515625e+02
9.777034759521484375e+01,1.298659362792968750e+02
9.937353515625000000e+01,1.260848693847656250e+02
9.882218170166015625e+01,1.274564514160156250e+02
1.154578170776367188e+02,1.312641601562500000e+02
1.051189193725585938e+02,1.308103332519531250e+02
9.821911621093750000e+01,1.267723693847656250e+02
9.843829345703125000e+01,1.247966156005859375e+02
9.129279327392578125e+01,1.223113250732421875e+02
9.486029052734375000e+01,1.232602081298828125e+02
1.051571044921875000e+02,1.271370315551757812e+02
1.038004150390625000e+02,1.276342773437500000e+02
1.083255844116210938e+02,1.258417358398437500e+02
9.817199707031250000e+01,1.250996398925781250e+02
1.067889022827148438e+02,1.295701293945312500e+02
1.070842056274414062e+02,1.311407012939453125e+02
8.678730010986328125e+01,1.171633071899414062e+02
9.447998046875000000e+01,1.246434173583984375e+02
1.006746215820312500e+02,1.267048034667968750e+02
1.025941696166992188e+02,1.278590850830078125e+02
1.073109512329101562e+02,1.301018218994140625e+02
1.149093246459960938e+02,1.315361633300781250e+02
1.103601303100585938e+02,1.303798522949218750e+02
1.096651000976562500e+02,1.333576049804687500e+02
1.039323501586914062e+02,1.287119750976562500e+02
1.069689331054687500e+02,1.293079223632812500e+02
1.021192398071289062e+02,1.296101379394531250e+02
1.179344177246093750e+02,1.327739410400390625e+02
1.086748580932617188e+02,1.321303253173828125e+02
1.160477905273437500e+02,1.352940521240234375e+02
1.166816406250000000e+02,1.339865112304687500e+02
1.117821121215820312e+02,1.323824920654296875e+02
1.199420776367187500e+02,1.352145996093750000e+02
1.134977416992187500e+02,1.339887695312500000e+02
1.016912918090820312e+02,1.281375732421875000e+02
1.020459976196289062e+02,1.257974853515625000e+02
1.051205673217773438e+02,1.302936553955078125e+02
1.109592895507812500e+02,1.304263916015625000e+02
1.075998535156250000e+02,1.303486938476562500e+02
1.112167739868164062e+02,1.307535552978515625e+02
1.065083389282226562e+02,1.310111999511718750e+02
1.104145736694335938e+02,1.291132507324218750e+02
4.915935134887695312e+01,7.698284912109375000e+01
3.906995391845703125e+01,7.353128051757812500e+01
5.974158859252929688e+01,8.113694763183593750e+01
3.719491958618164062e+01,7.024391174316406250e+01
3.942041778564453125e+01,6.353785324096679688e+01
4.755481338500976562e+01,8.586715698242187500e+01
4.746012878417968750e+01,6.476239013671875000e+01
3.503908920288085938e+01,6.396165466308593750e+01
5.106234741210937500e+01,8.066314697265625000e+01
3.819171524047851562e+01,7.241209411621093750e+01
3.032615852355957031e+01,5.384748840332031250e+01
6.522783660888671875e+01,9.355344390869140625e+01
7.033289337158203125e+01,7.899339294433593750e+01
1.277663345336914062e+02,1.251103973388671875e+02
1.235378646850585938e+02,1.246615600585937500e+02
1.185465164184570312e+02,1.165158233642578125e+02
9.746022796630859375e+01,1.003668823242187500e+02
7.976043701171875000e+01,8.524542236328125000e+01
9.506404876708984375e+01,1.230040130615234375e+02
1.024980545043945312e+02,1.276121368408203125e+02
9.471329498291015625e+01,1.160292129516601562e+02
1.284486999511718750e+02,1.339371185302734375e+02
6.196232604980468750e+01,9.231782531738281250e+01
1.106824951171875000e+02,1.252840805053710938e+02
7.497927856445312500e+01,1.103437347412109375e+02
8.596540069580078125e+01,1.109311218261718750e+02
1.118645248413085938e+02,1.287703399658203125e+02
1.170709152221679688e+02,1.309974365234375000e+02
1.159689102172851562e+02,1.280095214843750000e+02
1.193116073608398438e+02,1.291145629882812500e+02
1.205566940307617188e+02,1.288536987304687500e+02
9.082747650146484375e+01,1.168172454833984375e+02
9.665106201171875000e+01,1.205104827880859375e+02
1.049449539184570312e+02,1.238629074096679688e+02
8.790421295166015625e+01,1.125643157958984375e+02
9.353237152099609375e+01,1.160283813476562500e+02
8.622744750976562500e+01,1.122927474975585938e+02
9.270983123779296875e+01,1.147698364257812500e+02
1.065424194335937500e+02,1.215563888549804688e+02
9.672618865966796875e+01,1.175785064697265625e+02
8.039999389648437500e+01,1.130296936035156250e+02
9.223462677001953125e+01,1.184235076904296875e+02
4.573548889160156250e+01,7.833373260498046875e+01
5.268931961059570312e+01,8.328942108154296875e+01
8.505228424072265625e+01,1.083514404296875000e+02
9.028540039062500000e+01,1.279938507080078125e+02
1.123554916381835938e+02,1.270852508544921875e+02
5.073668289184570312e+01,9.573101806640625000e+01
9.265176391601562500e+01,1.249462280273437500e+02
8.375141143798828125e+01,1.217385253906250000e+02
1.015643310546875000e+02,1.280974426269531250e+02
1.156023254394531250e+02,1.322836303710937500e+02
1.019454116821289062e+02,1.273447875976562500e+02
9.548093414306640625e+01,1.257411041259765625e+02
1.077925720214843750e+02,1.329440612792968750e+02
7.742391204833984375e+01,1.161791839599609375e+02
1.048191299438476562e+02,1.270399322509765625e+02
1.265135498046875000e+02,1.348651275634765625e+02
1.165894088745117188e+02,1.304175720214843750e+02
1.043275070190429688e+02,1.297580108642578125e+02
1.175604324340820312e+02,1.331680603027343750e+02
1.043131713867187500e+02,1.300545501708984375e+02
1.129567871093750000e+02,1.283853149414062500e+02
6.481198883056640625e+01,1.094688415527343750e+02
9.688397216796875000e+01,1.261206207275390625e+02
8.378099060058593750e+01,1.248605804443359375e+02
1.173535385131835938e+02,1.329012145996093750e+02
1.071178817749023438e+02,1.296000976562500000e+02
1.159595947265625000e+02,1.300034027099609375e+02
1.020829238891601562e+02,1.310934295654296875e+02
1.130882263183593750e+02,1.314849243164062500e+02
1.203170166015625000e+02,1.323030395507812500e+02
1.194505233764648438e+02,1.324324340820312500e+02
1.092215652465820312e+02,1.304885864257812500e+02
1.072328872680664062e+02,1.287920379638671875e+02
1.214064941406250000e+02,1.349626922607421875e+02
1.179593734741210938e+02,1.318055725097656250e+02
1.038958969116210938e+02,1.292600860595703125e+02
1.052912368774414062e+02,1.324188537597656250e+02
1.093018264770507812e+02,1.268524169921875000e+02
9.525858306884765625e+01,1.255064086914062500e+02
1.105516738891601562e+02,1.303511505126953125e+02
1.132732162475585938e+02,1.314254455566406250e+02
1.060605697631835938e+02,1.275184097290039062e+02
1.096754989624023438e+02,1.301934509277343750e+02
1.125545349121093750e+02,1.312048797607421875e+02
1.082679138183593750e+02,1.301532592773437500e+02
1.198669204711914062e+02,1.336643676757812500e+02
1.096984634399414062e+02,1.312199249267578125e+02
1.222831344604492188e+02,1.349706420898437500e+02
1.262683105468750000e+02,1.350819549560546875e+02
1.116510009765625000e+02,1.339513549804687500e+02
1.065411148071289062e+02,1.305672912597656250e+02
1.112403182983398438e+02,1.314503021240234375e+02
9.186885833740234375e+01,1.178668365478515625e+02
1.207365112304687500e+02,1.346255035400390625e+02
8.551375579833984375e+01,1.184462738037109375e+02
9.916757965087890625e+01,1.252720642089843750e+02
1.063228530883789062e+02,1.328311462402343750e+02
9.227991485595703125e+01,1.289729309082031250e+02
1.006694335937500000e+02,1.257973327636718750e+02
1.182985229492187500e+02,1.326134796142578125e+02
9.967113494873046875e+01,1.258997802734375000e+02
1.086129760742187500e+02,1.302282714843750000e+02
9.701235198974609375e+01,1.246803512573242188e+02
1.269585647583007812e+02,1.377634735107421875e+02
9.932552337646484375e+01,1.270366058349609375e+02
9.075449371337890625e+01,1.289468078613281250e+02
9.955869293212890625e+01,1.250834045410156250e+02
8.087530517578125000e+01,1.186132812500000000e+02
9.612332916259765625e+01,1.248391952514648438e+02
1.034868850708007812e+02,1.301298980712890625e+02
8.303874206542968750e+01,1.232823791503906250e+02
1.155186538696289062e+02,1.349820556640625000e+02
1.192787246704101562e+02,1.335552825927734375e+02
1.187488327026367188e+02,1.342344970703125000e+02
1.263779525756835938e+02,1.394387207031250000e+02
1.173455810546875000e+02,1.317099609375000000e+02
1.261194229125976562e+02,1.355945587158203125e+02
1.176387710571289062e+02,1.327454071044921875e+02
1.232434463500976562e+02,1.362154541015625000e+02
8.974129486083984375e+01,1.250838928222656250e+02
1.117964477539062500e+02,1.293398132324218750e+02
9.955193328857421875e+01,1.270804214477539062e+02
1.008892135620117188e+02,1.278313903808593750e+02
1.141455993652343750e+02,1.337296142578125000e+02
1.052472610473632812e+02,1.274088516235351562e+02
1.007364120483398438e+02,1.259543838500976562e+02
1.250932312011718750e+02,1.381545562744140625e+02
7.521743774414062500e+01,1.163885498046875000e+02
6.303900146484375000e+01,9.732507324218750000e+01
1.052165756225585938e+02,9.979498291015625000e+01
1.550685501098632812e+01,3.915134811401367188e+01
1.981658554077148438e+01,4.932529449462890625e+01
1.514339447021484375e+01,4.055642700195312500e+01
1.398726558685302734e+01,3.571508026123046875e+01
1.483420658111572266e+01,3.915777206420898438e+01
1.609063148498535156e+01,4.164362335205078125e+01
1.424496841430664062e+01,3.743852233886718750e+01
1.997587776184082031e+01,5.216645812988281250e+01
1.654723358154296875e+01,4.229928970336914062e+01
1.474719524383544922e+01,4.068489074707031250e+01
1.956968879699707031e+01,5.005941772460937500e+01
1.453250598907470703e+01,4.211780166625976562e+01
2.456981658935546875e+01,4.265663909912109375e+01
1.323411941528320312e+01,3.778817749023437500e+01
1.429809856414794922e+01,4.115489959716796875e+01
1.577381610870361328e+01,4.014753723144531250e+01
7.403719329833984375e+01,1.035950622558593750e+02
7.722566986083984375e+01,1.109728240966796875e+02
5.352819824218750000e+01,9.927503967285156250e+01
5.290853881835937500e+01,9.000061035156250000e+01
6.532122802734375000e+01,9.526628875732421875e+01
5.290866470336914062e+01,9.278873443603515625e+01
7.608391571044921875e+01,1.145696487426757812e+02
7.862789916992187500e+01,1.134072265625000000e+02
8.181855010986328125e+01,1.134916534423828125e+02
7.871081542968750000e+01,1.076389312744140625e+02
5.118143081665039062e+01,9.497206878662109375e+01
5.727479934692382812e+01,9.804541015625000000e+01
6.718619537353515625e+01,1.039616546630859375e+02
2.059433364868164062e+01,3.518018341064453125e+01
6.766082000732421875e+01,7.780192565917968750e+01
8.370184326171875000e+01,8.084791564941406250e+01
1.021723403930664062e+02,1.287936096191406250e+02
9.919489288330078125e+01,1.286681518554687500e+02
1.212885360717773438e+02,1.353381805419921875e+02
1.180228500366210938e+02,1.343383789062500000e+02
1.022785644531250000e+02,1.218402557373046875e+02
1.293048553466796875e+02,1.383953552246093750e+02
1.050324630737304688e+02,1.291442565917968750e+02
1.046500167846679688e+02,1.192890396118164062e+02
9.708172607421875000e+01,1.132774505615234375e+02
1.122884140014648438e+02,1.258124084472656250e+02
1.059107971191406250e+02,1.220601348876953125e+02
1.192466659545898438e+02,1.293717193603515625e+02
1.140869216918945312e+02,1.279115371704101562e+02
1.108242797851562500e+02,1.220014953613281250e+02
1.131230239868164062e+02,1.245100860595703125e+02
1.198272399902343750e+02,1.264131240844726562e+02
1.075130615234375000e+02,1.266402969360351562e+02
1.121542968750000000e+02,1.257125930786132812e+02
1.036439590454101562e+02,1.187139892578125000e+02
1.112348556518554688e+02,1.245254669189453125e+02
1.130347213745117188e+02,1.259306793212890625e+02
1.083020324707031250e+02,1.216460876464843750e+02
1.169116287231445312e+02,1.254607467651367188e+02
1.179152603149414062e+02,1.287283477783203125e+02
1.096500625610351562e+02,1.198204956054687500e+02
1.197341308593750000e+02,1.293973083496093750e+02
1.122053451538085938e+02,1.218052215576171875e+02
9.502291107177734375e+01,1.286181335449218750e+02
1.032619552612304688e+02,1.294987182617187500e+02
1.213617248535156250e+02,1.347451629638671875e+02
1.185836563110351562e+02,1.354450683593750000e+02
1.168849182128906250e+02,1.323654785156250000e+02
1.338018035888671875e+02,1.416929168701171875e+02
8.827801513671875000e+01,1.114727172851562500e+02
1.755927085876464844e+01,1.630074691772460938e+01
2.497893714904785156e+01,3.462509536743164062e+01
1.043076248168945312e+02,1.230723876953125000e+02
1.222650680541992188e+02,1.329420776367187500e+02
1.154304580688476562e+02,1.280594940185546875e+02
9.207656097412109375e+01,1.125609054565429688e+02
9.330074310302734375e+01,1.135764541625976562e+02
9.936876678466796875e+01,1.191036453247070312e+02
1.076870193481445312e+02,1.254753952026367188e+02
1.085262527465820312e+02,1.256049194335937500e+02
1.260540161132812500e+02,1.335452575683593750e+02
1.122464218139648438e+02,1.254982452392578125e+02
1.301803741455078125e+02,1.353926849365234375e+02
1.089914932250976562e+02,1.244736175537109375e+02
1.266731185913085938e+02,1.333993377685546875e+02
1.183624877929687500e+02,1.313619995117187500e+02
1.039688720703125000e+02,1.243664703369140625e+02
1.213960266113281250e+02,1.326920928955078125e+02
9.274944305419921875e+01,1.108614501953125000e+02
1.003609008789062500e+02,1.244727783203125000e+02
8.937188720703125000e+01,1.146647186279296875e+02
1.070205459594726562e+02,1.220412750244140625e+02
9.235503387451171875e+01,1.160731964111328125e+02
1.232208862304687500e+02,1.352458496093750000e+02
7.983784484863281250e+01,1.211696472167968750e+02
8.251963043212890625e+01,1.270984649658203125e+02
1.689817619323730469e+01,5.216309356689453125e+01
1.859449577331542969e+01,5.628279876708984375e+01
1.089116592407226562e+02,1.317357482910156250e+02
1.007931289672851562e+02,1.006724014282226562e+02
1.196467514038085938e+02,1.222438201904296875e+02
8.386131286621093750e+01,1.192215423583984375e+02
4.701321029663085938e+01,8.085845947265625000e+01
4.551578140258789062e+01,7.778463745117187500e+01
5.293444824218750000e+01,5.174839019775390625e+01
1.181500530242919922e+01,4.836487579345703125e+01
1.691600036621093750e+01,5.783935928344726562e+01
1.318119716644287109e+01,4.687822723388671875e+01
1.753115653991699219e+01,5.226454925537109375e+01
2.206145286560058594e+01,5.819224548339843750e+01
2.583110046386718750e+01,6.008045196533203125e+01
1.277381210327148438e+02,1.316591186523437500e+02
1.234248275756835938e+02,1.418939819335937500e+02
1.260679702758789062e+02,1.421384582519531250e+02
1.013277587890625000e+02,1.035102233886718750e+02
4.809928512573242188e+01,6.745661926269531250e+01
9.303253173828125000e+01,9.718830108642578125e+01
8.736429595947265625e+01,9.303574371337890625e+01
9.475976562500000000e+01,9.508628845214843750e+01
9.990404510498046875e+01,1.018389739990234375e+02
9.196978759765625000e+01,9.875694274902343750e+01
1.054564208984375000e+02,1.085272140502929688e+02
8.116640472412109375e+01,8.858340454101562500e+01
6.228900146484375000e+01,7.656646728515625000e+01
9.718137359619140625e+01,9.956956481933593750e+01
9.923358917236328125e+01,1.009959945678710938e+02
1.001905899047851562e+02,1.035119476318359375e+02
1.095843200683593750e+02,1.061693572998046875e+02
7.499448394775390625e+01,8.440913391113281250e+01
1.028661804199218750e+02,1.014385910034179688e+02
8.112046051025390625e+01,8.435614776611328125e+01
7.161052703857421875e+01,7.508086395263671875e+01
3.343178176879882812e+01,6.112347793579101562e+01
7.712974548339843750e+01,9.128725433349609375e+01
8.350462341308593750e+01,9.184382629394531250e+01
9.208718109130859375e+01,9.651230621337890625e+01
1.083900985717773438e+02,1.095566253662109375e+02
6.884156036376953125e+01,8.055002593994140625e+01
9.686978912353515625e+01,1.001374130249023438e+02
1.093950881958007812e+02,1.102393798828125000e+02
8.774993896484375000e+01,1.084881439208984375e+02
9.163396453857421875e+01,9.194625854492187500e+01
1.040738143920898438e+02,1.091975097656250000e+02
9.832257843017578125e+01,1.019987030029296875e+02
1.023550643920898438e+02,1.112201995849609375e+02
6.967528533935546875e+01,7.742447662353515625e+01
1.103261108398437500e+02,1.129805145263671875e+02
9.918482208251953125e+01,1.049109497070312500e+02
1.058642196655273438e+02,1.137448120117187500e+02
6.687482452392578125e+01,6.975389099121093750e+01
8.873449707031250000e+01,8.953033447265625000e+01
7.067710113525390625e+01,1.130048828125000000e+02
4.252196502685546875e+01,9.643975830078125000e+01
5.673768234252929688e+01,1.005627746582031250e+02
8.014824676513671875e+01,1.119809417724609375e+02
9.611818695068359375e+01,1.138534240722656250e+02
6.927066802978515625e+01,8.953187561035156250e+01
2.358345603942871094e+01,5.436444854736328125e+01
8.606284332275390625e+01,1.134375915527343750e+02
6.526900482177734375e+01,9.559056854248046875e+01
5.618295288085937500e+01,8.789683532714843750e+01
3.197327613830566406e+01,8.308299255371093750e+01
7.303887176513671875e+01,1.059495239257812500e+02
5.290213394165039062e+01,1.045764312744140625e+02
1.108332901000976562e+02,1.216613006591796875e+02
6.895886230468750000e+01,1.178214111328125000e+02
5.267535400390625000e+01,1.047655334472656250e+02
7.880326843261718750e+01,1.284863433837890625e+02
1.090723266601562500e+02,1.198541259765625000e+02
5.930242538452148438e+01,8.335005950927734375e+01
8.633748626708984375e+01,1.096787567138671875e+02
4.280163574218750000e+01,9.179089355468750000e+01
1.079781112670898438e+02,1.218716354370117188e+02
1.135812149047851562e+02,1.288530883789062500e+02
8.337033081054687500e+01,1.095054779052734375e+02
5.303287887573242188e+01,8.251605987548828125e+01
1.073948745727539062e+02,1.196010055541992188e+02
8.026192474365234375e+01,9.746829223632812500e+01
7.651888275146484375e+01,1.257323913574218750e+02
6.752829742431640625e+01,1.115830383300781250e+02
7.967661285400390625e+01,1.182650451660156250e+02
6.860878753662109375e+01,1.165937957763671875e+02
5.889622116088867188e+01,1.111980056762695312e+02
6.622974395751953125e+01,1.164225463867187500e+02
8.918202972412109375e+01,1.274709701538085938e+02
8.700138092041015625e+01,1.274131317138671875e+02
6.402219390869140625e+01,1.148759155273437500e+02
2.082373046875000000e+01,5.941479492187500000e+01
9.493350982666015625e+01,1.204195709228515625e+02
1.839307212829589844e+01,6.094374465942382812e+01
1.655470275878906250e+01,6.365282440185546875e+01
2.771952247619628906e+01,6.161381149291992188e+01
1.471497058868408203e+01,5.721999359130859375e+01
1.719349479675292969e+01,5.932121276855468750e+01
1.736831474304199219e+01,6.034224700927734375e+01
1.395711803436279297e+01,5.405828094482421875e+01
1.342602062225341797e+01,5.566456604003906250e+01
2.092381477355957031e+01,6.142228698730468750e+01
2.234500694274902344e+01,6.250434875488281250e+01
2.988372993469238281e+01,6.689781951904296875e+01
2.727904701232910156e+01,6.526867675781250000e+01
1.590718364715576172e+01,5.813941192626953125e+01
2.330891227722167969e+01,6.365476989746093750e+01
2.183145332336425781e+01,5.861141204833984375e+01
2.102942848205566406e+01,6.918102264404296875e+01
2.532295989990234375e+01,6.198165130615234375e+01
1.874722099304199219e+01,6.861314392089843750e+01
2.142738151550292969e+01,6.548934173583984375e+01
1.837124633789062500e+01,6.191075134277343750e+01
1.940351295471191406e+01,6.388307952880859375e+01
1.874135780334472656e+01,6.450305175781250000e+01
2.089398384094238281e+01,6.716717529296875000e+01
2.343911743164062500e+01,6.866580200195312500e+01
2.440862464904785156e+01,6.719296264648437500e+01
2.212191200256347656e+01,6.749383544921875000e+01
3.128350830078125000e+01,6.957247924804687500e+01
2.917465400695800781e+01,6.928083801269531250e+01
2.316524696350097656e+01,6.136660766601562500e+01
1.618081855773925781e+01,5.980149459838867188e+01
1.620526313781738281e+01,6.039532470703125000e+01
1.482624053955078125e+01,5.543220138549804688e+01
2.280109596252441406e+01,6.033226013183593750e+01
1.417367935180664062e+01,5.578163909912109375e+01
3.213661193847656250e+01,7.137622833251953125e+01
2.136906242370605469e+01,6.402735900878906250e+01
2.066458702087402344e+01,6.518962097167968750e+01
2.076733970642089844e+01,6.522922515869140625e+01
3.545727539062500000e+01,7.040879821777343750e+01
2.247031402587890625e+01,6.560461425781250000e+01
3.656370162963867188e+01,7.209444427490234375e+01
3.448267745971679688e+01,7.311968994140625000e+01
1.276761245727539062e+02,1.367660675048828125e+02
2.918547058105468750e+01,5.518487167358398438e+01
4.721681594848632812e+01,7.762030029296875000e+01
3.551136779785156250e+01,5.718664550781250000e+01
6.978163909912109375e+01,9.246774291992187500e+01
7.510611724853515625e+01,1.213739852905273438e+02
5.413532638549804688e+01,7.005973052978515625e+01
8.720255279541015625e+01,1.212842636108398438e+02
3.965390396118164062e+01,8.096808624267578125e+01
8.756826019287109375e+01,1.142706146240234375e+02
1.238442993164062500e+01,6.106208038330078125e+01
8.567553710937500000e+01,1.263666915893554688e+02
5.413593673706054688e+01,1.071753158569335938e+02
1.092197570800781250e+02,1.411834716796875000e+02
2.420644569396972656e+01,7.180226135253906250e+01
2.161847877502441406e+01,6.803274536132812500e+01
2.015188598632812500e+01,5.861738586425781250e+01
1.115411987304687500e+02,1.283035278320312500e+02
8.758432769775390625e+01,1.355938415527343750e+02
8.795739746093750000e+01,1.340833129882812500e+02
8.658206939697265625e+01,1.395160217285156250e+02
1.024809036254882812e+02,1.430071716308593750e+02
6.156663131713867188e+01,1.268876495361328125e+02
8.635227203369140625e+01,1.342271118164062500e+02
9.248947143554687500e+01,1.438618774414062500e+02
8.612337493896484375e+01,1.197368316650390625e+02
6.192474365234375000e+01,1.334729614257812500e+02
1.156191787719726562e+02,1.371711730957031250e+02
1.162705078125000000e+02,1.368698883056640625e+02
1.824403762817382812e+01,4.840252685546875000e+01
4.747615432739257812e+01,1.086351013183593750e+02
3.074040031433105469e+01,6.041208267211914062e+01
3.206224822998046875e+01,6.354000854492187500e+01
2.819522857666015625e+01,5.753084564208984375e+01
3.583239364624023438e+01,6.033358383178710938e+01
5.319447708129882812e+01,7.462451171875000000e+01
7.660858917236328125e+01,1.355541839599609375e+02
5.097395706176757812e+01,8.699147796630859375e+01
6.521707916259765625e+01,8.397160339355468750e+01
8.300077056884765625e+01,1.025715484619140625e+02
9.176236724853515625e+01,1.085587005615234375e+02
7.459650421142578125e+01,8.802168273925781250e+01
9.987561035156250000e+01,1.163966827392578125e+02
9.647489166259765625e+01,1.124645843505859375e+02
6.460379028320312500e+01,8.588081359863281250e+01
7.584278106689453125e+01,9.215798950195312500e+01
4.991796875000000000e+01,8.213778686523437500e+01
5.720541381835937500e+01,8.714392089843750000e+01
7.904541015625000000e+01,1.037664031982421875e+02
2.659597778320312500e+01,5.581100463867187500e+01
7.019551849365234375e+01,9.098774719238281250e+01
9.688999176025390625e+01,1.158144683837890625e+02
9.791939544677734375e+01,1.085738525390625000e+02
1.044881591796875000e+02,1.161305541992187500e+02
1.029557495117187500e+02,1.132422103881835938e+02
1.084105300903320312e+02,1.159336166381835938e+02
9.876208496093750000e+01,1.040314331054687500e+02
6.628823089599609375e+01,8.786401367187500000e+01
6.476016998291015625e+01,1.242182159423828125e+02
2.669411659240722656e+01,8.701394653320312500e+01
1.782749557495117188e+01,5.149805450439453125e+01
4.737701797485351562e+01,9.535991668701171875e+01
4.435830307006835938e+01,9.593759155273437500e+01
3.125346374511718750e+01,1.004904022216796875e+02
2.645832824707031250e+01,6.313478851318359375e+01
2.725609397888183594e+01,6.577529144287109375e+01
1.707838058471679688e+01,5.661240386962890625e+01
1.425172042846679688e+01,6.862631988525390625e+01
2.015544128417968750e+01,5.421597290039062500e+01
5.106696701049804688e+01,9.552968597412109375e+01
5.541393661499023438e+01,1.056923294067382812e+02
3.856851577758789062e+01,9.957589721679687500e+01
1.681162834167480469e+01,4.649460983276367188e+01
4.048030471801757812e+01,1.044177551269531250e+02
3.848301696777343750e+01,8.610890197753906250e+01
3.068997192382812500e+01,7.785527038574218750e+01
1.847975349426269531e+01,5.213127136230468750e+01
1.264207935333251953e+01,4.336415100097656250e+01
1.752076721191406250e+01,4.184172821044921875e+01
5.198670959472656250e+01,9.374168395996093750e+01
4.430166244506835938e+01,1.020720977783203125e+02
2.820214271545410156e+01,7.881632995605468750e+01
1.519690990447998047e+01,4.367520523071289062e+01
4.444561767578125000e+01,8.278173828125000000e+01
6.664785766601562500e+01,1.101620025634765625e+02
9.363586425781250000e+01,1.411681823730468750e+02
1.045816650390625000e+02,1.270210266113281250e+02
8.943303680419921875e+01,1.109040756225585938e+02
9.583036041259765625e+01,1.390861663818359375e+02
1.642543792724609375e+01,5.787011718750000000e+01
1.386706924438476562e+01,4.639717864990234375e+01
4.861564636230468750e+01,1.109980163574218750e+02
6.592745971679687500e+01,1.375209655761718750e+02
5.381797409057617188e+01,9.998098754882812500e+01
4.846143722534179688e+01,8.874292755126953125e+01
6.697962188720703125e+01,9.168827819824218750e+01
5.601726150512695312e+01,8.058327484130859375e+01
6.376187133789062500e+01,8.173895263671875000e+01
5.782531356811523438e+01,8.666729736328125000e+01
5.073076248168945312e+01,7.287104797363281250e+01
5.945360183715820312e+01,8.803269958496093750e+01
7.169062042236328125e+01,1.179902343750000000e+02
4.516756820678710938e+01,8.190791320800781250e+01
1.964643859863281250e+01,4.462122344970703125e+01
1.973806953430175781e+01,3.355900955200195312e+01
1.749047851562500000e+01,2.953224182128906250e+01
1.991160011291503906e+01,2.953779983520507812e+01
1.655009651184082031e+01,2.550022888183593750e+01
2.022874832153320312e+01,3.701203536987304688e+01
4.748591232299804688e+01,5.624128723144531250e+01
3.793455123901367188e+01,4.544403076171875000e+01
4.250930404663085938e+01,5.094024276733398438e+01
3.363193511962890625e+01,4.947763061523437500e+01
3.963117599487304688e+01,5.861437988281250000e+01
5.319144821166992188e+01,9.460464477539062500e+01
8.904848480224609375e+01,1.146466217041015625e+02
7.520745086669921875e+01,1.014113769531250000e+02
8.439364624023437500e+01,9.550808715820312500e+01
6.459116363525390625e+01,8.630117797851562500e+01
5.309349441528320312e+01,8.602413177490234375e+01
7.717807769775390625e+01,1.004965362548828125e+02
8.338474273681640625e+01,9.537216186523437500e+01
6.901558685302734375e+01,9.312881469726562500e+01
6.066796875000000000e+01,9.718721771240234375e+01
5.672056579589843750e+01,9.165130615234375000e+01
8.020601654052734375e+01,1.016964797973632812e+02
6.233201599121093750e+01,9.153440856933593750e+01
7.654805755615234375e+01,1.085515060424804688e+02
7.732315826416015625e+01,1.104542694091796875e+02
7.852712249755859375e+01,1.065516357421875000e+02
7.001915740966796875e+01,1.003497619628906250e+02
8.587233734130859375e+01,1.049850769042968750e+02
7.115570831298828125e+01,9.154446411132812500e+01
7.807579803466796875e+01,1.057959747314453125e+02
8.720053863525390625e+01,1.070303497314453125e+02
5.757960128784179688e+01,7.899420166015625000e+01
4.035609436035156250e+01,6.700617980957031250e+01
6.640625762939453125e+01,8.947055816650390625e+01
5.732324218750000000e+01,8.190845489501953125e+01
6.981938934326171875e+01,1.020709381103515625e+02
9.052581787109375000e+01,1.042549133300781250e+02
4.892840576171875000e+01,8.314195251464843750e+01
6.951702117919921875e+01,9.958944702148437500e+01
7.521253204345703125e+01,1.053404235839843750e+02
6.615207672119140625e+01,1.007534332275390625e+02
6.431012725830078125e+01,8.636529541015625000e+01
7.472273254394531250e+01,9.998095703125000000e+01
8.075102996826171875e+01,1.040981063842773438e+02
7.811215209960937500e+01,1.028283996582031250e+02
6.478994750976562500e+01,8.634655761718750000e+01
6.661013793945312500e+01,9.707284545898437500e+01
7.063310241699218750e+01,1.001258316040039062e+02
8.163899993896484375e+01,1.049393463134765625e+02
7.500182342529296875e+01,9.780769348144531250e+01
5.972047805786132812e+01,9.667448425292968750e+01
5.224183273315429688e+01,9.296711730957031250e+01
5.676516342163085938e+01,9.112788391113281250e+01
7.244434356689453125e+01,1.038279113769531250e+02
6.224687576293945312e+01,1.005241851806640625e+02
5.907606887817382812e+01,9.440463256835937500e+01
6.615518951416015625e+01,9.562649536132812500e+01
6.627385711669921875e+01,9.525982666015625000e+01
7.913571929931640625e+01,1.030175323486328125e+02
5.600674819946289062e+01,8.225080871582031250e+01
1.046500625610351562e+02,1.186757659912109375e+02
9.429976654052734375e+01,1.122551727294921875e+02
8.017266082763671875e+01,1.064527740478515625e+02
6.893674468994140625e+01,1.017841491699218750e+02
7.965715789794921875e+01,9.964631652832031250e+01
5.987166213989257812e+01,9.238108825683593750e+01
8.542606353759765625e+01,1.056594390869140625e+02
9.583591461181640625e+01,1.158768463134765625e+02
3.451266860961914062e+01,8.475667572021484375e+01
3.376433563232421875e+01,5.890501785278320312e+01
3.814508056640625000e+01,6.195946502685546875e+01
4.279935836791992188e+01,6.324561691284179688e+01
4.004968261718750000e+01,6.223341369628906250e+01
3.973154067993164062e+01,6.675558471679687500e+01
4.446955490112304688e+01,7.317704772949218750e+01
3.426313400268554688e+01,6.373373413085937500e+01
3.340380477905273438e+01,6.366226196289062500e+01
3.964827346801757812e+01,6.424786376953125000e+01
5.586439895629882812e+01,7.630451202392578125e+01
4.843921279907226562e+01,7.242039489746093750e+01
5.439244461059570312e+01,7.720278930664062500e+01
3.743783569335937500e+01,6.312701416015625000e+01
5.512028121948242188e+01,7.551759338378906250e+01
2.928335380554199219e+01,6.911730957031250000e+01
3.369269943237304688e+01,6.635834503173828125e+01
3.895436859130859375e+01,6.500083923339843750e+01
3.751366424560546875e+01,6.466292572021484375e+01
6.867888641357421875e+01,1.010967864990234375e+02
3.550528335571289062e+01,6.467327880859375000e+01
5.375718307495117188e+01,7.517383575439453125e+01
3.882699966430664062e+01,6.244877624511718750e+01
5.765721511840820312e+01,7.967675781250000000e+01
4.367898559570312500e+01,6.414068603515625000e+01
4.102125167846679688e+01,6.320816040039062500e+01
5.929633712768554688e+01,7.689924621582031250e+01
5.173731613159179688e+01,6.894154357910156250e+01
5.162789916992187500e+01,7.281521606445312500e+01
4.296856307983398438e+01,6.988220214843750000e+01
2.877847480773925781e+01,5.490343475341796875e+01
4.410763549804687500e+01,6.656418609619140625e+01
5.387579345703125000e+01,7.098100280761718750e+01
5.217480087280273438e+01,7.019290161132812500e+01
1.271521606445312500e+02,1.389259643554687500e+02
4.886731338500976562e+01,7.246552276611328125e+01
5.813989257812500000e+01,1.038445892333984375e+02
5.691804504394531250e+01,1.188704986572265625e+02
6.281535720825195312e+01,6.271192169189453125e+01
6.293782424926757812e+01,6.211528015136718750e+01
5.771445846557617188e+01,6.505249023437500000e+01
2.994604492187500000e+01,6.513424682617187500e+01
4.731156539916992188e+01,4.834610748291015625e+01
4.107114028930664062e+01,4.966526412963867188e+01
4.529346084594726562e+01,4.940925598144531250e+01
5.840640640258789062e+01,6.695625305175781250e+01
5.361243820190429688e+01,5.372407531738281250e+01
3.359178543090820312e+01,4.993902587890625000e+01
5.877642822265625000e+01,6.242809295654296875e+01
5.074290847778320312e+01,5.058324813842773438e+01
4.753153991699218750e+01,5.126966857910156250e+01
5.756080627441406250e+01,6.641789245605468750e+01
4.572784042358398438e+01,4.976350402832031250e+01
4.613519668579101562e+01,5.147332382202148438e+01
3.048311424255371094e+01,5.250669479370117188e+01
4.330589294433593750e+01,5.119654083251953125e+01
4.253381729125976562e+01,5.337496185302734375e+01
2.680708885192871094e+01,5.118090057373046875e+01
1.107195663452148438e+02,1.346092224121093750e+02
1.366709136962890625e+02,1.387179870605468750e+02
1.138660507202148438e+02,1.269021148681640625e+02
1.319768829345703125e+02,1.350404663085937500e+02
5.062567520141601562e+01,6.997541809082031250e+01
5.597425460815429688e+01,6.904357910156250000e+01
5.511696243286132812e+01,7.194844055175781250e+01
5.769487380981445312e+01,7.550143432617187500e+01
4.277581405639648438e+01,6.907457733154296875e+01
3.815199661254882812e+01,6.491662597656250000e+01
5.375200271606445312e+01,7.458476257324218750e+01
6.908129119873046875e+01,7.960945892333984375e+01
8.286621856689453125e+01,8.923718261718750000e+01
4.085901260375976562e+01,6.669884490966796875e+01
7.616193389892578125e+01,8.975609588623046875e+01
7.040099334716796875e+01,8.763453674316406250e+01
5.827565383911132812e+01,7.860210418701171875e+01
7.789221191406250000e+01,8.636714172363281250e+01
5.741697311401367188e+01,7.442465209960937500e+01
4.532376098632812500e+01,6.675343322753906250e+01
7.194788360595703125e+01,7.872647094726562500e+01
4.662705612182617188e+01,6.457672119140625000e+01
4.959138107299804688e+01,6.777619934082031250e+01
1.164645004272460938e+02,1.153082885742187500e+02
1.091227416992187500e+02,1.099376831054687500e+02
9.822338104248046875e+01,1.013490066528320312e+02
1.199179763793945312e+02,1.116974792480468750e+02
9.091833496093750000e+01,9.517602539062500000e+01
6.720684051513671875e+01,7.207859802246093750e+01
1.691383361816406250e+01,5.068322753906250000e+01
2.803236389160156250e+01,7.411196899414062500e+01
3.157776832580566406e+01,7.058380126953125000e+01
3.153628540039062500e+01,7.815737152099609375e+01
1.578771305084228516e+01,4.875865936279296875e+01
1.901083183288574219e+01,7.687251281738281250e+01
1.268631458282470703e+01,5.389459991455078125e+01
1.204618835449218750e+01,5.226729583740234375e+01
1.322514057159423828e+01,4.504553222656250000e+01
1.919292449951171875e+01,6.036566162109375000e+01
2.247263908386230469e+01,6.805148315429687500e+01
2.595565795898437500e+01,7.338214111328125000e+01
7.859754085540771484e+00,4.078694915771484375e+01
1.436628723144531250e+01,5.019454193115234375e+01
8.970238685607910156e+00,3.871743774414062500e+01
1.626102828979492188e+01,4.217678833007812500e+01
1.563333225250244141e+01,6.127671051025390625e+01
1.608486938476562500e+01,4.634189224243164062e+01
1.435757732391357422e+01,5.675434875488281250e+01
1.317580413818359375e+02,1.322962951660156250e+02
1.238742141723632812e+02,1.310515136718750000e+02
1.325809326171875000e+02,1.351840667724609375e+02
1.328792877197265625e+02,1.343271484375000000e+02
1.341837158203125000e+02,1.365142822265625000e+02
1.134258651733398438e+02,1.278107604980468750e+02
1.264846572875976562e+02,1.327797241210937500e+02
1.342451782226562500e+02,1.363461608886718750e+02
1.258991622924804688e+02,1.325995941162109375e+02
1.347841796875000000e+02,1.370954284667968750e+02
1.333682098388671875e+02,1.352278900146484375e+02
1.167237319946289062e+02,1.302767028808593750e+02
1.349257659912109375e+02,1.383081970214843750e+02
1.331526031494140625e+02,1.361016235351562500e+02
1.050636100769042969e+01,4.571122741699218750e+01
3.023619079589843750e+01,7.144016265869140625e+01
1.216782855987548828e+01,5.641612243652343750e+01
1.217047119140625000e+01,4.852677917480468750e+01
9.670063972473144531e+00,4.732021331787109375e+01
1.817916679382324219e+01,5.879692840576171875e+01
1.049474716186523438e+02,1.414883270263671875e+02
8.510186004638671875e+01,1.001257476806640625e+02
4.593223571777343750e+01,8.444375610351562500e+01
6.611864471435546875e+01,9.720225524902343750e+01
9.895955657958984375e+01,1.029282073974609375e+02
8.738159179687500000e+01,8.863612365722656250e+01
8.514339447021484375e+01,8.853786468505859375e+01
9.407189941406250000e+01,1.377396392822265625e+02
9.916452789306640625e+01,1.243435592651367188e+02
4.771315002441406250e+01,7.178893280029296875e+01
6.086398315429687500e+01,9.173269653320312500e+01
2.690686607360839844e+01,6.528562927246093750e+01
5.327014160156250000e+01,8.162545013427734375e+01
6.097262573242187500e+01,9.174339294433593750e+01
8.582647705078125000e+01,1.079209594726562500e+02
2.591844177246093750e+01,8.075437927246093750e+01
2.576640510559082031e+01,6.442243957519531250e+01
6.544250488281250000e+01,9.045680236816406250e+01
1.172904281616210938e+02,1.202492675781250000e+02
1.054851989746093750e+02,1.072042999267578125e+02
2.662888526916503906e+01,6.627781677246093750e+01
4.686038589477539062e+01,6.798902130126953125e+01
5.794221878051757812e+01,8.599057006835937500e+01
8.549111938476562500e+01,8.686114501953125000e+01
1.058429336547851562e+02,1.112922668457031250e+02
8.674550628662109375e+01,8.782607269287109375e+01
3.784948348999023438e+01,6.184570312500000000e+01
7.209714508056640625e+01,8.281614685058593750e+01
8.733856201171875000e+01,8.850343322753906250e+01
8.138035583496093750e+01,7.913661193847656250e+01
9.426273345947265625e+01,9.007356262207031250e+01
9.805023193359375000e+01,9.469375610351562500e+01
1.037726974487304688e+02,1.026310424804687500e+02
9.800293731689453125e+01,9.262086486816406250e+01
1.031089096069335938e+02,1.051080017089843750e+02
8.502207183837890625e+01,8.766442871093750000e+01
1.052130508422851562e+02,1.050127258300781250e+02
1.024076461791992188e+02,1.055355682373046875e+02
9.399449920654296875e+01,9.943531799316406250e+01
1.166396408081054688e+02,1.216776580810546875e+02
9.455515289306640625e+01,9.702772521972656250e+01
8.505206298828125000e+01,8.830146789550781250e+01
8.907275390625000000e+01,9.651284027099609375e+01
1.010591125488281250e+02,1.015250701904296875e+02
5.886079025268554688e+01,6.191522979736328125e+01
1.022746353149414062e+02,1.027967910766601562e+02
9.004077911376953125e+01,9.056333923339843750e+01
7.841582489013671875e+01,7.586047363281250000e+01
1.027062072753906250e+02,1.036800537109375000e+02
1.022367248535156250e+02,1.024467468261718750e+02
9.064058685302734375e+01,9.260533142089843750e+01
1.069527359008789062e+02,1.055434417724609375e+02
1.051665344238281250e+02,1.087274932861328125e+02
9.184450531005859375e+01,9.725567626953125000e+01
1.001289062500000000e+02,1.019351959228515625e+02
6.991149902343750000e+01,6.958871459960937500e+01
1.144307937622070312e+02,1.162479095458984375e+02
5.589857101440429688e+01,8.319629669189453125e+01
1.112670516967773438e+02,1.196666564941406250e+02
8.829030609130859375e+01,1.159247360229492188e+02
1.166712036132812500e+02,1.364347839355468750e+02
1.246354980468750000e+02,1.312560882568359375e+02
3.835855484008789062e+01,8.524345397949218750e+01
2.350032997131347656e+01,5.938303375244140625e+01
1.055995788574218750e+02,1.122446823120117188e+02
4.197597122192382812e+01,9.257450866699218750e+01
4.469446945190429688e+01,8.389520263671875000e+01
7.490861511230468750e+01,1.117346267700195312e+02
1.109946212768554688e+02,1.325484161376953125e+02
7.909991455078125000e+01,8.823983764648437500e+01
1.239337539672851562e+02,1.245743560791015625e+02
1.169701156616210938e+02,1.316148834228515625e+02
1.118890686035156250e+02,1.292781982421875000e+02
9.563053131103515625e+01,1.158431320190429688e+02
1.110460433959960938e+02,1.317146759033203125e+02
1.093976211547851562e+02,1.298057708740234375e+02
8.121157073974609375e+01,9.895446777343750000e+01
5.740583419799804688e+01,8.975838470458984375e+01
1.140460281372070312e+02,1.342221832275390625e+02
1.119945907592773438e+02,1.294452514648437500e+02
9.995310211181640625e+01,1.192635345458984375e+02
4.673269653320312500e+01,4.821485900878906250e+01
2.287228965759277344e+01,6.602694702148437500e+01
2.003363609313964844e+01,1.669650268554687500e+01
4.503956222534179688e+01,3.086116790771484375e+01
1.495656681060791016e+01,1.317006683349609375e+01
1.264671993255615234e+01,8.958122253417968750e+00
1.201379470825195312e+02,1.264961547851562500e+02
1.050064010620117188e+02,8.809715270996093750e+01
1.080932006835937500e+02,8.990468597412109375e+01
5.063934326171875000e+01,5.067881774902343750e+01
5.042080307006835938e+01,5.183293914794921875e+01
3.735331344604492188e+01,3.298719787597656250e+01
9.556285858154296875e+01,9.841766357421875000e+01
5.044595718383789062e+01,5.393370819091796875e+01
1.188872146606445312e+02,1.182781829833984375e+02
1.260250244140625000e+02,1.125368347167968750e+02
1.108661270141601562e+02,1.013735656738281250e+02
6.613190460205078125e+01,6.902298736572265625e+01
9.867217254638671875e+01,9.360739135742187500e+01
2.524678802490234375e+01,2.960223770141601562e+01
8.558646392822265625e+01,1.107243804931640625e+02
8.419863128662109375e+01,1.061743011474609375e+02
8.353859710693359375e+01,1.105719909667968750e+02
1.199684524536132812e+02,1.373400573730468750e+02
4.877966690063476562e+01,9.859809875488281250e+01
6.309906005859375000e+01,1.140262298583984375e+02
5.020501708984375000e+01,9.483834838867187500e+01
5.295956039428710938e+01,9.438798522949218750e+01
8.167149353027343750e+01,1.187219848632812500e+02
7.002185821533203125e+01,9.130533599853515625e+01
4.894480895996093750e+01,1.050001678466796875e+02
9.846539306640625000e+01,1.219490280151367188e+02
6.678772735595703125e+01,1.151470413208007812e+02
7.597749328613281250e+01,1.054920654296875000e+02
3.525352096557617188e+01,8.200935363769531250e+01
8.749514007568359375e+01,1.298883972167968750e+02
9.879760742187500000e+01,1.149137878417968750e+02
7.127524566650390625e+01,9.010964965820312500e+01
9.348549652099609375e+01,1.225545806884765625e+02
4.997583007812500000e+01,9.493009948730468750e+01
6.723520660400390625e+01,9.173760223388671875e+01
5.890937805175781250e+01,8.496427917480468750e+01
6.886144256591796875e+01,9.588919067382812500e+01
7.162903594970703125e+01,1.233862457275390625e+02
6.510629272460937500e+01,1.062716522216796875e+02
6.932828521728515625e+01,1.123137207031250000e+02
3.006156921386718750e+01,7.810033416748046875e+01
8.452574157714843750e+01,1.221838836669921875e+02
7.436091613769531250e+01,9.002287292480468750e+01
