ecoli,saureus
8.504689025878906250e+01,1.106590118408203125e+02
6.567855072021484375e+01,1.064904479980468750e+02
8.244325256347656250e+01,1.080192337036132812e+02
7.408629608154296875e+01,1.027683334350585938e+02
8.499816131591796875e+01,1.081358718872070312e+02
7.582571411132812500e+01,1.040908203125000000e+02
8.141796112060546875e+01,1.079538116455078125e+02
5.928638839721679688e+01,9.342420959472656250e+01
7.480925750732421875e+01,1.034599304199218750e+02
7.535776519775390625e+01,1.065714721679687500e+02
7.583031463623046875e+01,1.067205047607421875e+02
7.009880065917968750e+01,1.020936889648437500e+02
9.789791107177734375e+01,1.141612701416015625e+02
5.795949172973632812e+01,9.544763183593750000e+01
8.817618560791015625e+01,1.090611648559570312e+02
8.519274902343750000e+01,1.104075164794921875e+02
3.645697784423828125e+01,7.882655334472656250e+01
6.640261077880859375e+01,1.115281982421875000e+02
9.631832122802734375e+01,1.274201965332031250e+02
5.445373535156250000e+01,1.000558471679687500e+02
5.497532653808593750e+01,9.969183349609375000e+01
5.549748611450195312e+01,1.000129547119140625e+02
5.369694137573242188e+01,1.003330688476562500e+02
6.670478820800781250e+01,1.044545516967773438e+02
5.744238281250000000e+01,9.989833068847656250e+01
5.748643875122070312e+01,9.952199554443359375e+01
4.479405212402343750e+01,8.797894287109375000e+01
5.988203048706054688e+01,9.751031494140625000e+01
5.481614303588867188e+01,1.038330001831054688e+02
7.955634307861328125e+01,1.113643417358398438e+02
4.758423995971679688e+01,9.526144409179687500e+01
5.165140151977539062e+01,9.629833984375000000e+01
4.122254943847656250e+01,8.616316223144531250e+01
4.500301742553710938e+01,8.667208862304687500e+01
8.194934844970703125e+01,1.095799942016601562e+02
8.844161224365234375e+01,1.143050384521484375e+02
6.178397750854492188e+01,1.122800750732421875e+02
6.433972930908203125e+01,1.114149017333984375e+02
6.292979431152343750e+01,1.122764434814453125e+02
6.469067382812500000e+01,1.052187576293945312e+02
6.514623260498046875e+01,1.068938827514648438e+02
7.919812011718750000e+01,1.107883758544921875e+02
6.858931732177734375e+01,1.067038879394531250e+02
6.876689910888671875e+01,1.075376129150390625e+02
8.031115722656250000e+01,1.100809783935546875e+02
5.121803283691406250e+01,9.732463073730468750e+01
5.433135986328125000e+01,9.688386535644531250e+01
6.845729064941406250e+01,1.012912139892578125e+02
7.094419097900390625e+01,1.038262863159179688e+02
9.124605560302734375e+01,1.158735046386718750e+02
8.304543304443359375e+01,1.119741668701171875e+02
7.023364257812500000e+01,1.027621307373046875e+02
1.347999725341796875e+02,1.373919067382812500e+02
1.323387298583984375e+02,1.359181518554687500e+02
1.381042633056640625e+02,1.392903747558593750e+02
1.374953765869140625e+02,1.398372497558593750e+02
6.986307525634765625e+01,8.159712219238281250e+01
6.920314788818359375e+01,8.222175598144531250e+01
3.606846237182617188e+01,6.690332031250000000e+01
3.647835922241210938e+01,6.851468658447265625e+01
4.365077590942382812e+01,7.032528686523437500e+01
5.619114685058593750e+01,8.052542114257812500e+01
5.102410507202148438e+01,7.568484497070312500e+01
4.440515136718750000e+01,7.172309875488281250e+01
1.000805892944335938e+02,1.226400146484375000e+02
1.148173446655273438e+02,1.306017608642578125e+02
7.340105438232421875e+01,1.157909011840820312e+02
3.176721954345703125e+01,4.952048492431640625e+01
7.111705780029296875e+01,1.184139556884765625e+02
9.414713287353515625e+01,1.318095550537109375e+02
1.007382202148437500e+02,1.320235137939453125e+02
1.059563980102539062e+02,1.317530212402343750e+02
1.097593078613281250e+02,1.339315795898437500e+02
1.143505477905273438e+02,1.336522064208984375e+02
1.043600463867187500e+02,1.339384613037109375e+02
1.031981811523437500e+02,1.354710540771484375e+02
1.097930297851562500e+02,1.356698455810546875e+02
1.194758682250976562e+02,1.370163421630859375e+02
1.135412902832031250e+02,1.378536529541015625e+02
1.261870422363281250e+02,1.385768432617187500e+02
1.141647949218750000e+02,1.322211608886718750e+02
1.150621948242187500e+02,1.344631347656250000e+02
1.115110702514648438e+02,1.351199645996093750e+02
1.007866287231445312e+02,1.316403045654296875e+02
1.036753921508789062e+02,1.357697143554687500e+02
9.943424224853515625e+01,1.317417297363281250e+02
1.104054336547851562e+02,1.343844757080078125e+02
1.165840682983398438e+02,1.360886535644531250e+02
9.344314575195312500e+01,1.283396148681640625e+02
1.100915908813476562e+02,1.348389892578125000e+02
1.212298889160156250e+02,1.373944396972656250e+02
4.156519699096679688e+01,8.665725708007812500e+01
4.530535507202148438e+01,9.129869079589843750e+01
3.840892410278320312e+01,8.415364074707031250e+01
4.468138504028320312e+01,8.958959960937500000e+01
5.906132888793945312e+01,9.851394653320312500e+01
3.364605331420898438e+01,6.795561981201171875e+01
5.141976928710937500e+01,7.960842895507812500e+01
3.855373001098632812e+01,7.211500549316406250e+01
3.440088272094726562e+01,7.061669158935546875e+01
4.258740997314453125e+01,7.742346191406250000e+01
3.362420272827148438e+01,7.009144592285156250e+01
5.708798217773437500e+01,8.349590301513671875e+01
1.063584594726562500e+02,1.089591674804687500e+02
9.076062011718750000e+01,1.060548858642578125e+02
9.408020019531250000e+01,1.036778564453125000e+02
9.959539794921875000e+01,1.059376373291015625e+02
9.808633422851562500e+01,1.058447723388671875e+02
9.643686676025390625e+01,1.102252960205078125e+02
8.141463470458984375e+01,1.060963211059570312e+02
4.169073486328125000e+01,8.368160247802734375e+01
1.391589202880859375e+02,1.382024688720703125e+02
1.392447357177734375e+02,1.375352630615234375e+02
1.379381866455078125e+02,1.373223571777343750e+02
1.380355682373046875e+02,1.373747253417968750e+02
1.387707366943359375e+02,1.363421020507812500e+02
1.377873229980468750e+02,1.383755798339843750e+02
1.387259979248046875e+02,1.379598388671875000e+02
1.400285491943359375e+02,1.369028778076171875e+02
1.399769287109375000e+02,1.357582092285156250e+02
1.390738677978515625e+02,1.356117858886718750e+02
1.389368896484375000e+02,1.369697418212890625e+02
1.405550384521484375e+02,1.356721191406250000e+02
1.389747619628906250e+02,1.350303192138671875e+02
1.405299224853515625e+02,1.364240722656250000e+02
1.390122070312500000e+02,1.361933898925781250e+02
1.379594421386718750e+02,1.395115356445312500e+02
1.392126007080078125e+02,1.348932037353515625e+02
1.395538177490234375e+02,1.352074890136718750e+02
1.393304595947265625e+02,1.363940734863281250e+02
1.401887512207031250e+02,1.376654357910156250e+02
1.381935119628906250e+02,1.346877593994140625e+02
1.381070404052734375e+02,1.364275512695312500e+02
1.380104370117187500e+02,1.328166961669921875e+02
1.391468811035156250e+02,1.342487487792968750e+02
1.382208557128906250e+02,1.347268371582031250e+02
1.389462280273437500e+02,1.360444335937500000e+02
1.391883850097656250e+02,1.360673522949218750e+02
1.379070739746093750e+02,1.376557006835937500e+02
1.158154907226562500e+02,1.221943740844726562e+02
1.213964309692382812e+02,1.296694946289062500e+02
1.264859085083007812e+02,1.298208923339843750e+02
1.227867202758789062e+02,1.332545318603515625e+02
1.097696533203125000e+02,1.192933502197265625e+02
1.167348632812500000e+02,1.229835357666015625e+02
1.229681777954101562e+02,1.320923156738281250e+02
1.064959945678710938e+02,1.255755157470703125e+02
1.230454025268554688e+02,1.321803894042968750e+02
1.152019882202148438e+02,1.243554229736328125e+02
1.191893386840820312e+02,1.259482269287109375e+02
1.164483871459960938e+02,1.290501708984375000e+02
1.175090866088867188e+02,1.219289703369140625e+02
1.246205215454101562e+02,1.290176086425781250e+02
1.256801376342773438e+02,1.298703460693359375e+02
1.232257461547851562e+02,1.313584594726562500e+02
1.257433547973632812e+02,1.298262023925781250e+02
1.277593154907226562e+02,1.322836456298828125e+02
1.260969467163085938e+02,1.331713867187500000e+02
1.289219512939453125e+02,1.318285827636718750e+02
1.149281616210937500e+02,1.224414901733398438e+02
1.207358322143554688e+02,1.250328063964843750e+02
1.191494140625000000e+02,1.245095214843750000e+02
1.177046508789062500e+02,1.220776138305664062e+02
1.115583267211914062e+02,1.189981994628906250e+02
1.238469619750976562e+02,1.267447662353515625e+02
1.218851013183593750e+02,1.240947952270507812e+02
1.165488052368164062e+02,1.213661270141601562e+02
1.093954086303710938e+02,1.175996704101562500e+02
1.320713500976562500e+02,1.347120361328125000e+02
1.209068527221679688e+02,1.287685852050781250e+02
1.275443801879882812e+02,1.332623291015625000e+02
1.236593017578125000e+02,1.318339538574218750e+02
1.337283477783203125e+02,1.375504913330078125e+02
1.268077392578125000e+02,1.337420654296875000e+02
1.130026245117187500e+02,1.242945404052734375e+02
1.217266845703125000e+02,1.275996398925781250e+02
1.270955886840820312e+02,1.324401397705078125e+02
1.274505081176757812e+02,1.328242492675781250e+02
1.270661392211914062e+02,1.339496765136718750e+02
1.266705551147460938e+02,1.332312011718750000e+02
1.307735137939453125e+02,1.350437011718750000e+02
1.253781127929687500e+02,1.287559204101562500e+02
1.237721176147460938e+02,1.294881591796875000e+02
1.285773162841796875e+02,1.315722961425781250e+02
1.254641799926757812e+02,1.310059204101562500e+02
1.151551284790039062e+02,1.228283843994140625e+02
1.240754776000976562e+02,1.300574645996093750e+02
1.161565170288085938e+02,1.284354553222656250e+02
1.267715454101562500e+02,1.321036987304687500e+02
1.211894302368164062e+02,1.280100250244140625e+02
1.237955932617187500e+02,1.298724975585937500e+02
1.233834533691406250e+02,1.289887084960937500e+02
1.187385559082031250e+02,1.267966995239257812e+02
1.257551040649414062e+02,1.301347808837890625e+02
1.225205078125000000e+02,1.279482345581054688e+02
1.199384155273437500e+02,1.253708648681640625e+02
1.264463272094726562e+02,1.306625976562500000e+02
1.237750625610351562e+02,1.292481384277343750e+02
1.287201538085937500e+02,1.314871826171875000e+02
1.303603973388671875e+02,1.346765136718750000e+02
1.189368591308593750e+02,1.244890441894531250e+02
1.279565811157226562e+02,1.311593322753906250e+02
1.279070205688476562e+02,1.313455657958984375e+02
1.310545806884765625e+02,1.345239562988281250e+02
1.220807571411132812e+02,1.275181579589843750e+02
1.288673858642578125e+02,1.309056396484375000e+02
1.279603042602539062e+02,1.309982910156250000e+02
1.144612045288085938e+02,1.220372314453125000e+02
1.227851181030273438e+02,1.290844421386718750e+02
1.279336547851562500e+02,1.344096069335937500e+02
1.288509826660156250e+02,1.315743865966796875e+02
1.224574966430664062e+02,1.265139923095703125e+02
1.266396255493164062e+02,1.292887878417968750e+02
1.200171203613281250e+02,1.312461242675781250e+02
1.267936019897460938e+02,1.309077606201171875e+02
1.282910308837890625e+02,1.298082580566406250e+02
1.278945617675781250e+02,1.297592468261718750e+02
1.234286499023437500e+02,1.270970458984375000e+02
1.266475830078125000e+02,1.289681091308593750e+02
1.313215484619140625e+02,1.312523498535156250e+02
1.334774017333984375e+02,1.352062377929687500e+02
1.350113983154296875e+02,1.361962585449218750e+02
1.312567291259765625e+02,1.334423370361328125e+02
1.326730041503906250e+02,1.344771423339843750e+02
1.234182357788085938e+02,1.268713760375976562e+02
1.326168365478515625e+02,1.325886077880859375e+02
1.317833099365234375e+02,1.319189453125000000e+02
1.264318618774414062e+02,1.286114807128906250e+02
1.292442169189453125e+02,1.302594299316406250e+02
1.293468627929687500e+02,1.302449035644531250e+02
1.274351425170898438e+02,1.300675964355468750e+02
1.301822052001953125e+02,1.336535339355468750e+02
1.309493560791015625e+02,1.353746032714843750e+02
1.314663696289062500e+02,1.347049865722656250e+02
1.236957015991210938e+02,1.306172180175781250e+02
1.282820434570312500e+02,1.326648254394531250e+02
1.352478790283203125e+02,1.363209228515625000e+02
1.270204544067382812e+02,1.302739410400390625e+02
1.276853027343750000e+02,1.322109375000000000e+02
1.347411041259765625e+02,1.374458312988281250e+02
1.334375610351562500e+02,1.351152191162109375e+02
1.318516998291015625e+02,1.341586608886718750e+02
1.365861663818359375e+02,1.387004241943359375e+02
1.343659515380859375e+02,1.353760375976562500e+02
1.360656738281250000e+02,1.370745544433593750e+02
1.332184600830078125e+02,1.346553649902343750e+02
1.304030609130859375e+02,1.334130859375000000e+02
1.332820281982421875e+02,1.351304626464843750e+02
1.208824691772460938e+02,1.217233581542968750e+02
1.193395309448242188e+02,1.207698669433593750e+02
1.285848541259765625e+02,1.277669677734375000e+02
1.328678436279296875e+02,1.290454101562500000e+02
1.277175598144531250e+02,1.272023315429687500e+02
1.253320541381835938e+02,1.291597290039062500e+02
1.298027496337890625e+02,1.336018524169921875e+02
1.299521331787109375e+02,1.336953125000000000e+02
1.315298767089843750e+02,1.354312438964843750e+02
1.293047637939453125e+02,1.327858428955078125e+02
1.307146759033203125e+02,1.367436828613281250e+02
1.277019729614257812e+02,1.348890380859375000e+02
1.295474243164062500e+02,1.363959045410156250e+02
1.327082214355468750e+02,1.378988342285156250e+02
1.321445312500000000e+02,1.374523620605468750e+02
1.311685028076171875e+02,1.350071105957031250e+02
1.291161956787109375e+02,1.363073272705078125e+02
1.272079544067382812e+02,1.350556335449218750e+02
1.351192321777343750e+02,1.383708190917968750e+02
1.349891967773437500e+02,1.358029785156250000e+02
1.357168121337890625e+02,1.366441650390625000e+02
1.363455657958984375e+02,1.375969848632812500e+02
1.360422363281250000e+02,1.371807250976562500e+02
1.363047180175781250e+02,1.376071166992187500e+02
1.368404693603515625e+02,1.377027587890625000e+02
1.341645660400390625e+02,1.376538848876953125e+02
1.345737304687500000e+02,1.378275909423828125e+02
1.344917602539062500e+02,1.381627349853515625e+02
1.354226531982421875e+02,1.388061065673828125e+02
1.330040893554687500e+02,1.360016632080078125e+02
1.348130187988281250e+02,1.363775787353515625e+02
1.363938140869140625e+02,1.390635833740234375e+02
1.360959472656250000e+02,1.372173614501953125e+02
1.362767333984375000e+02,1.373905792236328125e+02
1.364110260009765625e+02,1.372868652343750000e+02
1.362547454833984375e+02,1.376484069824218750e+02
1.352148132324218750e+02,1.389136657714843750e+02
1.366355438232421875e+02,1.386289367675781250e+02
1.321374511718750000e+02,1.367504425048828125e+02
1.314964141845703125e+02,1.358515014648437500e+02
1.269248886108398438e+02,1.348061218261718750e+02
1.277691955566406250e+02,1.351712646484375000e+02
1.292376556396484375e+02,1.365827484130859375e+02
1.351753692626953125e+02,1.362599792480468750e+02
1.336601562500000000e+02,1.378970031738281250e+02
1.330640106201171875e+02,1.359964447021484375e+02
1.289855499267578125e+02,1.300178985595703125e+02
1.236537246704101562e+02,1.285492858886718750e+02
1.295659942626953125e+02,1.304144287109375000e+02
1.301661071777343750e+02,1.325015563964843750e+02
1.291745605468750000e+02,1.303703613281250000e+02
1.305075531005859375e+02,1.316612243652343750e+02
1.318367156982421875e+02,1.332685546875000000e+02
1.320234832763671875e+02,1.327334289550781250e+02
1.305113067626953125e+02,1.310444030761718750e+02
1.307983398437500000e+02,1.308459472656250000e+02
1.299720001220703125e+02,1.326717224121093750e+02
1.275163345336914062e+02,1.315449523925781250e+02
1.298689117431640625e+02,1.301612091064453125e+02
1.306100006103515625e+02,1.307661437988281250e+02
1.236641540527343750e+02,1.279313430786132812e+02
1.274546890258789062e+02,1.317668762207031250e+02
1.264248275756835938e+02,1.268979949951171875e+02
1.266620712280273438e+02,1.326338806152343750e+02
1.311583557128906250e+02,1.326742706298828125e+02
1.284657745361328125e+02,1.350413513183593750e+02
1.272578201293945312e+02,1.342027587890625000e+02
1.309791259765625000e+02,1.361654663085937500e+02
1.327948760986328125e+02,1.338422851562500000e+02
1.304390716552734375e+02,1.309447021484375000e+02
1.213210830688476562e+02,1.264247970581054688e+02
1.317566375732421875e+02,1.332760009765625000e+02
1.254284973144531250e+02,1.284890441894531250e+02
1.294691009521484375e+02,1.326757659912109375e+02
1.279651565551757812e+02,1.273912353515625000e+02
1.321130065917968750e+02,1.333365936279296875e+02
1.317488861083984375e+02,1.329015960693359375e+02
1.319453277587890625e+02,1.325992431640625000e+02
1.323507843017578125e+02,1.337375183105468750e+02
1.248080062866210938e+02,1.291794128417968750e+02
1.291074981689453125e+02,1.322315979003906250e+02
1.329324951171875000e+02,1.344483032226562500e+02
1.315388641357421875e+02,1.328898620605468750e+02
1.283457794189453125e+02,1.329543762207031250e+02
1.281406250000000000e+02,1.323925781250000000e+02
1.224196777343750000e+02,1.305984191894531250e+02
1.302736511230468750e+02,1.347312622070312500e+02
1.095835189819335938e+02,1.177721405029296875e+02
1.268204116821289062e+02,1.303995819091796875e+02
1.255118942260742188e+02,1.288469390869140625e+02
1.241982650756835938e+02,1.274863967895507812e+02
1.224822006225585938e+02,1.264930038452148438e+02
1.274164428710937500e+02,1.303260498046875000e+02
1.302515716552734375e+02,1.302932739257812500e+02
1.210241317749023438e+02,1.235214996337890625e+02
1.241104354858398438e+02,1.281006164550781250e+02
6.114674758911132812e+01,9.297538757324218750e+01
5.251546859741210938e+01,8.225784301757812500e+01
4.655265808105468750e+01,7.914746856689453125e+01
5.054058456420898438e+01,8.270515441894531250e+01
4.303248977661132812e+01,7.705094909667968750e+01
7.427524566650390625e+01,9.071717071533203125e+01
6.607007598876953125e+01,8.346775817871093750e+01
6.752289581298828125e+01,8.398769378662109375e+01
7.168325805664062500e+01,8.947201538085937500e+01
6.514110565185546875e+01,8.264493560791015625e+01
7.095139312744140625e+01,8.761576843261718750e+01
4.940647888183593750e+01,7.802621459960937500e+01
5.149168777465820312e+01,7.988137817382812500e+01
4.577516555786132812e+01,7.917879486083984375e+01
6.920629882812500000e+01,8.803533935546875000e+01
6.265701293945312500e+01,8.321865844726562500e+01
6.064313125610351562e+01,8.052204132080078125e+01
7.015785980224609375e+01,8.947815704345703125e+01
6.436301422119140625e+01,8.431665039062500000e+01
6.511913299560546875e+01,8.534978485107421875e+01
6.685989379882812500e+01,8.629335021972656250e+01
8.182847595214843750e+01,9.546360778808593750e+01
5.743648147583007812e+01,7.745924377441406250e+01
6.697177124023437500e+01,8.723031616210937500e+01
7.937335968017578125e+01,9.497769165039062500e+01
4.168912124633789062e+01,7.280697631835937500e+01
4.293351745605468750e+01,7.443161010742187500e+01
3.674542617797851562e+01,6.783175659179687500e+01
5.873544311523437500e+01,8.345558166503906250e+01
7.570816802978515625e+01,9.363501739501953125e+01
7.050247955322265625e+01,9.096392059326171875e+01
4.769018936157226562e+01,7.687345886230468750e+01
8.415731811523437500e+01,9.843032836914062500e+01
9.062979125976562500e+01,1.036404876708984375e+02
5.451406860351562500e+01,7.750345611572265625e+01
5.374075698852539062e+01,8.014358520507812500e+01
7.872269439697265625e+01,9.495048522949218750e+01
8.500632476806640625e+01,9.794877624511718750e+01
6.040821838378906250e+01,8.083161926269531250e+01
4.966040420532226562e+01,7.165917968750000000e+01
7.553861236572265625e+01,9.001451110839843750e+01
6.847537231445312500e+01,9.271546173095703125e+01
4.769900894165039062e+01,7.673828887939453125e+01
4.078893661499023438e+01,7.917118072509765625e+01
3.526558303833007812e+01,6.929608917236328125e+01
5.779010009765625000e+01,8.840682983398437500e+01
5.418372726440429688e+01,8.690040588378906250e+01
6.248536300659179688e+01,8.324740600585937500e+01
4.430031204223632812e+01,8.124107360839843750e+01
4.312974929809570312e+01,7.323307800292968750e+01
3.230124282836914062e+01,6.936020660400390625e+01
4.282083129882812500e+01,7.482671356201171875e+01
3.829904174804687500e+01,6.746520996093750000e+01
5.026092147827148438e+01,7.061942291259765625e+01
2.903285217285156250e+01,6.045762634277343750e+01
3.952296066284179688e+01,7.210197448730468750e+01
4.161680984497070312e+01,7.464273834228515625e+01
4.969998550415039062e+01,7.994775390625000000e+01
5.858643722534179688e+01,8.738815307617187500e+01
3.094896507263183594e+01,6.590293884277343750e+01
3.124094581604003906e+01,6.601422119140625000e+01
6.290340042114257812e+01,8.661682891845703125e+01
7.216271209716796875e+01,8.030352783203125000e+01
6.698451995849609375e+01,8.043228149414062500e+01
7.495006561279296875e+01,8.658895874023437500e+01
5.535919570922851562e+01,7.717405700683593750e+01
7.967763519287109375e+01,9.105814361572265625e+01
4.344128417968750000e+01,6.916702270507812500e+01
3.622740173339843750e+01,6.328661727905273438e+01
9.842446136474609375e+01,9.872409057617187500e+01
6.956640625000000000e+01,8.243048095703125000e+01
5.419876480102539062e+01,7.563696289062500000e+01
6.985590362548828125e+01,8.222918701171875000e+01
5.228436660766601562e+01,7.316267395019531250e+01
5.339699935913085938e+01,7.663014221191406250e+01
4.777601242065429688e+01,7.307994079589843750e+01
6.563780212402343750e+01,8.125189971923828125e+01
5.899578857421875000e+01,7.628352355957031250e+01
6.028665542602539062e+01,8.118187713623046875e+01
7.666829681396484375e+01,8.694816589355468750e+01
7.061946868896484375e+01,8.338758087158203125e+01
5.806314468383789062e+01,7.814486694335937500e+01
7.797102355957031250e+01,8.865944671630859375e+01
6.466145324707031250e+01,8.278491210937500000e+01
6.089436340332031250e+01,8.042272949218750000e+01
4.237647628784179688e+01,7.265113067626953125e+01
4.189270019531250000e+01,6.904246520996093750e+01
8.251172637939453125e+01,9.240696716308593750e+01
9.411373138427734375e+01,9.689129638671875000e+01
7.579192352294921875e+01,8.838259887695312500e+01
9.060823822021484375e+01,9.573617553710937500e+01
7.534499359130859375e+01,8.829849243164062500e+01
5.429098510742187500e+01,8.490629577636718750e+01
6.015817260742187500e+01,9.029460906982421875e+01
5.852462387084960938e+01,8.938882446289062500e+01
4.561943054199218750e+01,7.791646575927734375e+01
6.493132019042968750e+01,9.112139129638671875e+01
8.484635162353515625e+01,1.036050720214843750e+02
7.538581085205078125e+01,9.806707000732421875e+01
6.115126037597656250e+01,8.654067993164062500e+01
7.996602630615234375e+01,1.031434020996093750e+02
5.772246170043945312e+01,8.787036132812500000e+01
7.129683685302734375e+01,9.570877075195312500e+01
4.808392715454101562e+01,7.881961059570312500e+01
8.341338348388671875e+01,1.080791931152343750e+02
7.617469024658203125e+01,1.153802642822265625e+02
7.377256011962890625e+01,1.094614257812500000e+02
7.670299530029296875e+01,1.107453384399414062e+02
6.853405761718750000e+01,1.108519973754882812e+02
7.849053192138671875e+01,1.149076156616210938e+02
7.366721343994140625e+01,1.108139648437500000e+02
5.852101516723632812e+01,9.695906066894531250e+01
7.946269989013671875e+01,1.117497100830078125e+02
5.953544235229492188e+01,9.320381164550781250e+01
8.732169342041015625e+01,1.161742401123046875e+02
8.840354156494140625e+01,1.177475509643554688e+02
8.818206787109375000e+01,1.167698669433593750e+02
5.318865966796875000e+01,1.024751739501953125e+02
9.566910552978515625e+01,1.190295715332031250e+02
6.324681472778320312e+01,9.189009094238281250e+01
5.270852661132812500e+01,8.855871582031250000e+01
9.577285003662109375e+01,1.249720001220703125e+02
7.750559997558593750e+01,1.052927703857421875e+02
1.071196670532226562e+02,1.230476608276367188e+02
1.026621322631835938e+02,1.178955917358398438e+02
9.470843505859375000e+01,1.219816741943359375e+02
1.006692123413085938e+02,1.240524749755859375e+02
9.200337982177734375e+01,1.245922317504882812e+02
7.682283782958984375e+01,1.141599273681640625e+02
9.232992553710937500e+01,1.218171081542968750e+02
9.934176635742187500e+01,1.265269927978515625e+02
9.773484039306640625e+01,1.299198455810546875e+02
9.973981475830078125e+01,1.291743316650390625e+02
9.548899078369140625e+01,1.207816925048828125e+02
9.804698944091796875e+01,1.229284439086914062e+02
9.103021240234375000e+01,1.238121337890625000e+02
9.193560791015625000e+01,1.207775497436523438e+02
8.857982635498046875e+01,1.221510238647460938e+02
8.775586700439453125e+01,1.185672149658203125e+02
5.284992599487304688e+01,1.019513702392578125e+02
7.371108245849609375e+01,1.040806732177734375e+02
8.768981170654296875e+01,1.154845733642578125e+02
9.598140716552734375e+01,1.212053375244140625e+02
8.637081909179687500e+01,1.171029129028320312e+02
8.692540740966796875e+01,1.143353118896484375e+02
9.384627532958984375e+01,1.189800033569335938e+02
9.531006622314453125e+01,1.211305389404296875e+02
7.341950988769531250e+01,9.920494842529296875e+01
9.671453857421875000e+01,1.190209503173828125e+02
5.574731826782226562e+01,1.030304260253906250e+02
8.731460571289062500e+01,1.188238067626953125e+02
5.044485473632812500e+01,1.038685836791992188e+02
7.394699859619140625e+01,1.042166061401367188e+02
9.082620239257812500e+01,1.219862594604492188e+02
7.849819946289062500e+01,1.090619430541992188e+02
9.467154693603515625e+01,1.249881744384765625e+02
9.600646972656250000e+01,1.219879684448242188e+02
8.861214447021484375e+01,1.219462890625000000e+02
7.681217193603515625e+01,1.085973587036132812e+02
8.899314117431640625e+01,1.210687561035156250e+02
9.467636871337890625e+01,1.176414260864257812e+02
8.594919586181640625e+01,1.177254486083984375e+02
5.004521560668945312e+01,1.017946472167968750e+02
7.246279907226562500e+01,1.037704315185546875e+02
8.650427246093750000e+01,1.149856414794921875e+02
8.985355377197265625e+01,1.201519317626953125e+02
4.683150100708007812e+01,9.619996643066406250e+01
9.567584228515625000e+01,1.231478576660156250e+02
9.401557159423828125e+01,1.197761993408203125e+02
9.281018066406250000e+01,1.171375656127929688e+02
8.898321533203125000e+01,1.228089828491210938e+02
6.822405242919921875e+01,1.172701263427734375e+02
8.881795501708984375e+01,1.215610809326171875e+02
7.202295684814453125e+01,9.780792236328125000e+01
8.689416503906250000e+01,1.176380920410156250e+02
5.089028549194335938e+01,1.048301086425781250e+02
7.335648345947265625e+01,1.038942794799804688e+02
4.312709426879882812e+01,9.390061950683593750e+01
8.739525604248046875e+01,1.146064605712890625e+02
9.093991851806640625e+01,1.216735534667968750e+02
7.850704193115234375e+01,1.086652526855468750e+02
9.407452392578125000e+01,1.244888153076171875e+02
9.498474121093750000e+01,1.203550872802734375e+02
9.282852935791015625e+01,1.203875885009765625e+02
5.665053176879882812e+01,1.045305633544921875e+02
7.692444610595703125e+01,1.071243743896484375e+02
8.151885986328125000e+01,1.080769882202148438e+02
9.639878082275390625e+01,1.177461242675781250e+02
9.472436523437500000e+01,1.175381927490234375e+02
1.022820739746093750e+02,1.240329589843750000e+02
1.013897171020507812e+02,1.191800842285156250e+02
9.350625610351562500e+01,1.165627746582031250e+02
9.980043792724609375e+01,1.187072906494140625e+02
9.064817047119140625e+01,1.228650054931640625e+02
7.777728271484375000e+01,1.105268249511718750e+02
8.489340972900390625e+01,1.163356170654296875e+02
7.544061279296875000e+01,1.032250595092773438e+02
7.943067169189453125e+01,1.050085296630859375e+02
7.130890655517578125e+01,1.019571838378906250e+02
3.102078437805175781e+01,8.673140716552734375e+01
7.619498443603515625e+01,1.020411605834960938e+02
6.882079315185546875e+01,1.007328796386718750e+02
4.891751480102539062e+01,8.005670928955078125e+01
7.004518127441406250e+01,1.004939422607421875e+02
7.483982086181640625e+01,1.042158203125000000e+02
8.182874298095703125e+01,1.016147308349609375e+02
4.075102233886718750e+01,7.360165405273437500e+01
3.455746459960937500e+01,7.050401306152343750e+01
3.675971984863281250e+01,7.937792968750000000e+01
4.193484497070312500e+01,7.356211853027343750e+01
3.537808227539062500e+01,7.105418395996093750e+01
4.059643936157226562e+01,7.327330017089843750e+01
3.728448867797851562e+01,6.981125640869140625e+01
3.059131813049316406e+01,6.602786254882812500e+01
3.883176803588867188e+01,7.140806579589843750e+01
3.645963287353515625e+01,7.143827056884765625e+01
4.784796142578125000e+01,7.760591125488281250e+01
3.140091133117675781e+01,6.434970092773437500e+01
5.067435836791992188e+01,7.856037902832031250e+01
7.491188812255859375e+01,8.830249023437500000e+01
2.597311973571777344e+01,7.375074768066406250e+01
2.623940086364746094e+01,7.404063415527343750e+01
4.157524490356445312e+01,8.147488403320312500e+01
3.789586639404296875e+01,7.944802856445312500e+01
2.504242897033691406e+01,6.558245849609375000e+01
2.577812004089355469e+01,6.343883132934570312e+01
5.550378036499023438e+01,9.338938903808593750e+01
8.195985412597656250e+01,9.804579162597656250e+01
8.313784790039062500e+01,9.770834350585937500e+01
8.392302703857421875e+01,1.004092102050781250e+02
8.423624420166015625e+01,1.009984817504882812e+02
8.919598388671875000e+01,1.048500213623046875e+02
8.706610870361328125e+01,9.898565673828125000e+01
8.516977691650390625e+01,1.008027801513671875e+02
9.692263031005859375e+01,1.066236114501953125e+02
9.002141571044921875e+01,1.026959686279296875e+02
8.664220428466796875e+01,9.957821655273437500e+01
8.569080352783203125e+01,1.001622390747070312e+02
9.698523712158203125e+01,1.064701690673828125e+02
9.686165618896484375e+01,1.055930633544921875e+02
8.361558532714843750e+01,1.029342803955078125e+02
8.366230010986328125e+01,9.727423095703125000e+01
7.340950775146484375e+01,1.023783721923828125e+02
7.045800018310546875e+01,1.007471542358398438e+02
7.926863098144531250e+01,1.068628387451171875e+02
7.879123687744140625e+01,1.080031585693359375e+02
6.580337524414062500e+01,9.967193603515625000e+01
7.933856201171875000e+01,1.055819396972656250e+02
8.541582489013671875e+01,1.079503936767578125e+02
9.472304534912109375e+01,1.125682678222656250e+02
1.087785110473632812e+02,1.212821807861328125e+02
1.000499877929687500e+02,1.124514541625976562e+02
1.064675292968750000e+02,1.193785705566406250e+02
1.029209365844726562e+02,1.165889663696289062e+02
8.691376495361328125e+01,1.049441146850585938e+02
9.577767181396484375e+01,1.145029754638671875e+02
9.453461456298828125e+01,1.102759323120117188e+02
1.077930068969726562e+02,1.208854064941406250e+02
1.156886596679687500e+02,1.249963836669921875e+02
1.082249450683593750e+02,1.204531250000000000e+02
1.174856872558593750e+02,1.209302444458007812e+02
1.169037094116210938e+02,1.260822906494140625e+02
1.124002075195312500e+02,1.237423553466796875e+02
1.096948928833007812e+02,1.206129150390625000e+02
1.309502868652343750e+02,1.349068908691406250e+02
6.227292251586914062e+01,9.354061889648437500e+01
6.701456451416015625e+01,9.641127777099609375e+01
9.712007904052734375e+01,1.084658584594726562e+02
6.128463745117187500e+01,8.977629852294921875e+01
6.581504058837890625e+01,9.260989379882812500e+01
8.432396697998046875e+01,9.937444305419921875e+01
7.984917449951171875e+01,9.380215454101562500e+01
5.749216842651367188e+01,7.944049072265625000e+01
9.857335662841796875e+01,1.054500885009765625e+02
5.960372924804687500e+01,8.051025390625000000e+01
6.950681304931640625e+01,8.605368041992187500e+01
8.330451202392578125e+01,9.592137908935546875e+01
5.911455917358398438e+01,8.787136840820312500e+01
6.414643096923828125e+01,9.121724700927734375e+01
4.417082595825195312e+01,7.675543212890625000e+01
4.837649536132812500e+01,7.689117431640625000e+01
5.813323593139648438e+01,8.150942993164062500e+01
4.502619934082031250e+01,7.290962219238281250e+01
6.618881988525390625e+01,8.564585876464843750e+01
4.764573287963867188e+01,7.743311309814453125e+01
3.917480850219726562e+01,7.806097412109375000e+01
2.826524925231933594e+01,6.740718841552734375e+01
7.152222442626953125e+01,1.060224304199218750e+02
6.503766632080078125e+01,1.032627944946289062e+02
4.764584350585937500e+01,7.721076965332031250e+01
5.487052917480468750e+01,8.411906433105468750e+01
6.666193389892578125e+01,1.007409744262695312e+02
6.645679473876953125e+01,1.015116424560546875e+02
7.320808410644531250e+01,9.734831237792968750e+01
5.353351211547851562e+01,7.895948791503906250e+01
5.821704101562500000e+01,8.190899658203125000e+01
4.975892257690429688e+01,7.614949035644531250e+01
5.277791213989257812e+01,7.844563293457031250e+01
5.589185714721679688e+01,8.222229003906250000e+01
6.220047378540039062e+01,8.575042724609375000e+01
6.122267150878906250e+01,1.099248275756835938e+02
5.224548721313476562e+01,8.690954589843750000e+01
7.251534271240234375e+01,1.102031173706054688e+02
4.729181289672851562e+01,7.786959838867187500e+01
5.307497787475585938e+01,9.847158813476562500e+01
4.171224975585937500e+01,7.215612792968750000e+01
4.876657104492187500e+01,7.903504943847656250e+01
6.053386306762695312e+01,9.701335144042968750e+01
5.779086303710937500e+01,9.349399566650390625e+01
4.312559127807617188e+01,7.017872619628906250e+01
4.346464920043945312e+01,7.034405517578125000e+01
4.114060211181640625e+01,7.126181030273437500e+01
4.137042617797851562e+01,7.163320922851562500e+01
8.515718078613281250e+01,1.008304901123046875e+02
8.841068267822265625e+01,1.130190811157226562e+02
6.978984832763671875e+01,8.751487731933593750e+01
3.844480133056640625e+01,8.239804077148437500e+01
4.919258499145507812e+01,8.857127380371093750e+01
5.325776290893554688e+01,7.886006164550781250e+01
5.162688064575195312e+01,7.641192626953125000e+01
6.018106460571289062e+01,8.301997375488281250e+01
3.333784103393554688e+01,6.780781555175781250e+01
3.520179367065429688e+01,6.902864074707031250e+01
2.580847167968750000e+01,6.579104614257812500e+01
2.723769569396972656e+01,6.775808715820312500e+01
3.363367080688476562e+01,6.918225097656250000e+01
2.953254508972167969e+01,6.882370758056640625e+01
3.865546035766601562e+01,7.059025573730468750e+01
3.756858825683593750e+01,7.295288085937500000e+01
2.061114883422851562e+01,6.340301132202148438e+01
3.939643478393554688e+01,8.125097656250000000e+01
5.180806350708007812e+01,9.634442138671875000e+01
6.072912216186523438e+01,1.015318908691406250e+02
4.076403427124023438e+01,7.849377441406250000e+01
2.991697120666503906e+01,4.730051040649414062e+01
3.079527854919433594e+01,4.745951080322265625e+01
3.447962570190429688e+01,5.450884246826171875e+01
1.016400756835937500e+02,1.195348739624023438e+02
9.800606536865234375e+01,1.208456268310546875e+02
8.384562683105468750e+01,1.092059936523437500e+02
7.555745697021484375e+01,1.070328521728515625e+02
7.677090454101562500e+01,1.059951095581054688e+02
9.845400238037109375e+01,1.213603668212890625e+02
8.397891998291015625e+01,1.124779205322265625e+02
1.008837280273437500e+02,1.231376495361328125e+02
8.841677093505859375e+01,1.166065826416015625e+02
9.499496459960937500e+01,1.218861389160156250e+02
8.835709381103515625e+01,1.154227752685546875e+02
7.955606079101562500e+01,1.106624298095703125e+02
8.553775787353515625e+01,1.168187713623046875e+02
5.612864685058593750e+01,1.020689315795898438e+02
9.802561187744140625e+01,1.252031860351562500e+02
8.240407562255859375e+01,1.161651382446289062e+02
6.416783142089843750e+01,1.100459289550781250e+02
9.909464263916015625e+01,1.246030426025390625e+02
7.339896392822265625e+01,1.090967254638671875e+02
7.730062866210937500e+01,1.056997680664062500e+02
6.590718841552734375e+01,9.629007720947265625e+01
4.601523208618164062e+01,9.531913757324218750e+01
9.204491424560546875e+01,1.202234725952148438e+02
8.353115081787109375e+01,1.111509094238281250e+02
7.314942169189453125e+01,1.051737823486328125e+02
3.165205192565917969e+01,4.869114685058593750e+01
2.508460235595703125e+01,6.490327453613281250e+01
2.411189079284667969e+01,6.388480377197265625e+01
2.556824302673339844e+01,6.633238983154296875e+01
3.304681777954101562e+01,6.951055908203125000e+01
3.320052719116210938e+01,7.114598083496093750e+01
2.653422546386718750e+01,7.678967285156250000e+01
3.202922058105468750e+01,7.056312561035156250e+01
3.462376403808593750e+01,7.346142578125000000e+01
3.084737205505371094e+01,7.049613952636718750e+01
3.455934524536132812e+01,7.319688415527343750e+01
2.283682250976562500e+01,6.418901062011718750e+01
3.301488113403320312e+01,6.638233184814453125e+01
3.291080093383789062e+01,6.852903747558593750e+01
3.638267517089843750e+01,6.961640930175781250e+01
2.721724510192871094e+01,6.319598007202148438e+01
2.699270439147949219e+01,4.884575653076171875e+01
3.141021156311035156e+01,4.935249328613281250e+01
3.288587188720703125e+01,5.113178634643554688e+01
3.302775955200195312e+01,5.060637283325195312e+01
3.415285873413085938e+01,5.291262435913085938e+01
3.118837165832519531e+01,5.251299285888671875e+01
2.898607635498046875e+01,4.945946502685546875e+01
2.855091667175292969e+01,5.065429687500000000e+01
2.913077735900878906e+01,5.022570037841796875e+01
2.770376396179199219e+01,5.044132995605468750e+01
2.457149314880371094e+01,5.098706817626953125e+01
3.264668655395507812e+01,5.368437194824218750e+01
3.308379745483398438e+01,5.329481506347656250e+01
3.138969612121582031e+01,4.784006118774414062e+01
3.731796264648437500e+01,5.207437896728515625e+01
4.924031448364257812e+01,6.122432708740234375e+01
3.752166748046875000e+01,5.191031646728515625e+01
4.369560241699218750e+01,5.835491180419921875e+01
3.718164443969726562e+01,5.472576904296875000e+01
2.928775787353515625e+01,5.211773300170898438e+01
3.390723037719726562e+01,6.027539062500000000e+01
3.157912254333496094e+01,5.636901855468750000e+01
3.172531318664550781e+01,5.642384719848632812e+01
3.515954971313476562e+01,5.800053405761718750e+01
3.242880630493164062e+01,5.614077377319335938e+01
6.070185852050781250e+01,8.851421356201171875e+01
8.085517883300781250e+01,9.775247192382812500e+01
8.137265014648437500e+01,1.029131469726562500e+02
4.084408950805664062e+01,6.779852294921875000e+01
3.832631683349609375e+01,7.087146759033203125e+01
4.351124954223632812e+01,7.203475952148437500e+01
4.524522781372070312e+01,7.600598144531250000e+01
3.601885604858398438e+01,6.635966491699218750e+01
4.505463790893554688e+01,7.103771972656250000e+01
5.573286056518554688e+01,8.554443359375000000e+01
5.485494613647460938e+01,7.931235504150390625e+01
3.395266723632812500e+01,6.887447357177734375e+01
5.988452148437500000e+01,8.992301940917968750e+01
4.650057983398437500e+01,7.821865844726562500e+01
3.573649215698242188e+01,6.948375701904296875e+01
4.794825744628906250e+01,8.100222778320312500e+01
3.319463729858398438e+01,6.992255401611328125e+01
3.727660369873046875e+01,7.110164642333984375e+01
5.603948974609375000e+01,8.816401672363281250e+01
3.090908622741699219e+01,6.540087890625000000e+01
4.212834167480468750e+01,7.433235168457031250e+01
3.488526916503906250e+01,6.847361755371093750e+01
3.166500091552734375e+01,6.918402099609375000e+01
3.007364463806152344e+01,6.508420562744140625e+01
2.977288818359375000e+01,6.303947448730468750e+01
2.915144920349121094e+01,6.509983062744140625e+01
3.254677200317382812e+01,6.703137207031250000e+01
3.015069580078125000e+01,6.803745269775390625e+01
2.743702697753906250e+01,6.251264190673828125e+01
3.826892089843750000e+01,7.327811431884765625e+01
3.478950500488281250e+01,6.904377746582031250e+01
4.973035812377929688e+01,8.204962158203125000e+01
5.932291793823242188e+01,9.117078399658203125e+01
2.747008705139160156e+01,6.274261093139648438e+01
2.925361633300781250e+01,6.934078979492187500e+01
2.834019470214843750e+01,6.423585510253906250e+01
3.661008071899414062e+01,7.198760986328125000e+01
5.661319351196289062e+01,8.955979919433593750e+01
4.488039779663085938e+01,7.603096008300781250e+01
3.973747634887695312e+01,7.382116699218750000e+01
3.455202865600585938e+01,6.827850341796875000e+01
3.616630935668945312e+01,7.033431243896484375e+01
3.097299766540527344e+01,6.551078796386718750e+01
4.008940505981445312e+01,7.306481933593750000e+01
3.169827842712402344e+01,6.906002807617187500e+01
2.858819389343261719e+01,6.628382110595703125e+01
4.300632858276367188e+01,7.643287658691406250e+01
4.777679061889648438e+01,7.398097229003906250e+01
3.685319137573242188e+01,6.935990905761718750e+01
5.328581619262695312e+01,8.689376068115234375e+01
6.629799652099609375e+01,9.838456726074218750e+01
3.684976196289062500e+01,7.053788757324218750e+01
3.217583847045898438e+01,6.452391815185546875e+01
3.561588668823242188e+01,6.880361175537109375e+01
4.665150070190429688e+01,8.323429870605468750e+01
3.476897430419921875e+01,6.677491760253906250e+01
3.394892883300781250e+01,6.978145599365234375e+01
5.059058761596679688e+01,8.314569091796875000e+01
4.294392776489257812e+01,7.709757995605468750e+01
3.795689010620117188e+01,7.274694824218750000e+01
3.365102005004882812e+01,7.207697296142578125e+01
4.123037338256835938e+01,7.502708435058593750e+01
3.445975112915039062e+01,6.859661102294921875e+01
3.848681259155273438e+01,7.593345642089843750e+01
5.492866897583007812e+01,8.884184265136718750e+01
3.551816177368164062e+01,7.296055603027343750e+01
3.896682357788085938e+01,7.606917572021484375e+01
3.609017562866210938e+01,7.624998474121093750e+01
4.286984634399414062e+01,8.167749786376953125e+01
5.125067520141601562e+01,8.791739654541015625e+01
4.172723388671875000e+01,8.406870269775390625e+01
4.798063278198242188e+01,8.687759399414062500e+01
3.966752243041992188e+01,8.431787872314453125e+01
4.101385116577148438e+01,8.399304199218750000e+01
3.170670318603515625e+01,7.838789367675781250e+01
3.644301986694335938e+01,7.993190002441406250e+01
5.120906448364257812e+01,8.311239624023437500e+01
4.590848922729492188e+01,8.340729522705078125e+01
4.636070251464843750e+01,8.323875427246093750e+01
5.637565231323242188e+01,8.872187805175781250e+01
4.327578735351562500e+01,8.318141174316406250e+01
4.697819900512695312e+01,8.278975677490234375e+01
4.439527511596679688e+01,8.278936767578125000e+01
5.092874145507812500e+01,8.728419494628906250e+01
3.619714736938476562e+01,7.585726928710937500e+01
3.789854812622070312e+01,7.700593566894531250e+01
5.253606033325195312e+01,8.433219146728515625e+01
6.143730163574218750e+01,9.341920471191406250e+01
5.330860519409179688e+01,8.550109863281250000e+01
5.337462997436523438e+01,8.412645721435546875e+01
5.859356689453125000e+01,9.110086059570312500e+01
5.686507797241210938e+01,8.657867431640625000e+01
4.968272399902343750e+01,8.333314514160156250e+01
5.485419845581054688e+01,8.977336120605468750e+01
5.814881515502929688e+01,8.992018127441406250e+01
6.110217285156250000e+01,9.377954864501953125e+01
6.159962844848632812e+01,9.168006896972656250e+01
5.378384017944335938e+01,8.539447021484375000e+01
4.574407958984375000e+01,8.054525756835937500e+01
4.809303665161132812e+01,8.157138061523437500e+01
5.212224960327148438e+01,8.727680969238281250e+01
4.840408325195312500e+01,8.060612487792968750e+01
4.593592453002929688e+01,8.090587615966796875e+01
5.278995895385742188e+01,8.394319152832031250e+01
6.279544067382812500e+01,9.317109680175781250e+01
7.210301971435546875e+01,9.883833312988281250e+01
7.077572631835937500e+01,1.013600616455078125e+02
5.676745605468750000e+01,8.830398559570312500e+01
5.849520492553710938e+01,9.220693969726562500e+01
6.802751922607421875e+01,9.723931884765625000e+01
6.691450500488281250e+01,9.730196380615234375e+01
5.855758666992187500e+01,9.139970397949218750e+01
5.413840866088867188e+01,8.787617492675781250e+01
6.214026260375976562e+01,9.373492431640625000e+01
5.564470291137695312e+01,8.849978637695312500e+01
5.094415283203125000e+01,8.749984741210937500e+01
5.754613113403320312e+01,9.253475952148437500e+01
5.582638168334960938e+01,8.842504882812500000e+01
5.745233154296875000e+01,9.121998596191406250e+01
8.921993255615234375e+01,1.179963836669921875e+02
1.028808059692382812e+02,1.230573883056640625e+02
1.014924087524414062e+02,1.227100219726562500e+02
9.453438568115234375e+01,1.201764068603515625e+02
9.413805389404296875e+01,1.188374328613281250e+02
8.839614105224609375e+01,1.189266510009765625e+02
8.829047393798828125e+01,1.182382202148437500e+02
8.515779876708984375e+01,1.193396835327148438e+02
9.222875213623046875e+01,1.209268035888671875e+02
1.030727157592773438e+02,1.243668975830078125e+02
1.108592224121093750e+02,1.269013214111328125e+02
9.312039947509765625e+01,1.216194915771484375e+02
9.305794525146484375e+01,1.211764831542968750e+02
9.315783691406250000e+01,1.239253387451171875e+02
1.048359680175781250e+02,1.259759750366210938e+02
1.096609878540039062e+02,1.282739105224609375e+02
8.574387359619140625e+01,1.035793533325195312e+02
4.179466629028320312e+01,8.320795440673828125e+01
3.767137527465820312e+01,8.467417907714843750e+01
5.404307556152343750e+01,8.663615417480468750e+01
4.820974731445312500e+01,8.718689727783203125e+01
5.952320861816406250e+01,9.065784454345703125e+01
4.823507690429687500e+01,9.017541503906250000e+01
3.767604446411132812e+01,8.744679260253906250e+01
8.089614868164062500e+01,9.268484497070312500e+01
3.683485794067382812e+01,8.349235534667968750e+01
3.700717163085937500e+01,9.196029663085937500e+01
1.059413452148437500e+02,1.249026565551757812e+02
1.051964340209960938e+02,1.123670349121093750e+02
1.113519058227539062e+02,1.171988067626953125e+02
1.163586654663085938e+02,1.191655044555664062e+02
7.521978759765625000e+01,9.408699035644531250e+01
9.494119262695312500e+01,1.117355041503906250e+02
6.975432586669921875e+01,9.454684448242187500e+01
7.586373901367187500e+01,9.482701110839843750e+01
8.380585479736328125e+01,9.801051330566406250e+01
7.904531097412109375e+01,9.992769622802734375e+01
9.035872650146484375e+01,1.039075012207031250e+02
5.473449325561523438e+01,8.734349822998046875e+01
9.368017578125000000e+01,1.070914764404296875e+02
8.346958160400390625e+01,1.045030670166015625e+02
6.634725189208984375e+01,9.358082580566406250e+01
6.565586090087890625e+01,9.497871398925781250e+01
6.787963104248046875e+01,9.494245910644531250e+01
1.006664657592773438e+02,1.107738800048828125e+02
1.059543685913085938e+02,1.118598403930664062e+02
1.164087295532226562e+02,1.204968032836914062e+02
1.153044128417968750e+02,1.182734832763671875e+02
6.611463165283203125e+01,9.517850494384765625e+01
6.364771652221679688e+01,9.635812377929687500e+01
7.563623809814453125e+01,1.001923980712890625e+02
8.963525390625000000e+01,1.045796661376953125e+02
7.840789031982421875e+01,1.025089263916015625e+02
5.138557815551757812e+01,8.869220733642578125e+01
1.059233169555664062e+02,1.209989395141601562e+02
1.088439025878906250e+02,1.260672760009765625e+02
1.025907363891601562e+02,1.083057556152343750e+02
8.282072448730468750e+01,9.188300323486328125e+01
8.440796661376953125e+01,1.022584381103515625e+02
9.541709136962890625e+01,1.154534759521484375e+02
8.690875244140625000e+01,9.718606567382812500e+01
9.455977630615234375e+01,1.013034973144531250e+02
9.516536712646484375e+01,1.030062561035156250e+02
9.610165405273437500e+01,1.038511962890625000e+02
9.643383026123046875e+01,1.054309234619140625e+02
6.838404083251953125e+01,8.545130157470703125e+01
8.927563476562500000e+01,9.992564392089843750e+01
7.080109405517578125e+01,1.067839889526367188e+02
3.457594680786132812e+01,6.592010498046875000e+01
2.048921775817871094e+01,6.732083129882812500e+01
4.038657760620117188e+01,8.020669555664062500e+01
3.613909530639648438e+01,8.158096313476562500e+01
3.108125305175781250e+01,7.446730804443359375e+01
6.900274658203125000e+01,9.695871734619140625e+01
2.275310707092285156e+01,7.302750396728515625e+01
6.175185775756835938e+01,9.076583862304687500e+01
3.318664932250976562e+01,5.736364746093750000e+01
9.684635162353515625e+01,1.129016113281250000e+02
6.723620605468750000e+01,8.626692962646484375e+01
5.273917770385742188e+01,7.437123107910156250e+01
9.948480224609375000e+01,1.120660705566406250e+02
1.028743286132812500e+02,1.181630706787109375e+02
5.849427413940429688e+01,7.628517150878906250e+01
5.733057785034179688e+01,8.201730346679687500e+01
1.164560241699218750e+02,1.182586212158203125e+02
8.820488739013671875e+01,9.172759246826171875e+01
1.242820205688476562e+02,1.260731811523437500e+02
1.266993713378906250e+02,1.276379394531250000e+02
1.077868881225585938e+02,1.090209960937500000e+02
8.230355072021484375e+01,1.039517669677734375e+02
1.078917846679687500e+02,1.161304626464843750e+02
1.033377761840820312e+02,1.039522857666015625e+02
9.974936676025390625e+01,1.051008148193359375e+02
1.008245849609375000e+02,1.041969604492187500e+02
1.076017532348632812e+02,1.133031158447265625e+02
1.119605102539062500e+02,1.176190795898437500e+02
1.100033798217773438e+02,1.118400726318359375e+02
6.651580810546875000e+01,1.076479568481445312e+02
1.162592029571533203e+01,4.550139617919921875e+01
2.118028259277343750e+01,7.147117614746093750e+01
1.988236236572265625e+01,7.038748168945312500e+01
1.704075050354003906e+01,6.841333770751953125e+01
1.918433380126953125e+01,7.075048828125000000e+01
2.324239921569824219e+01,7.011270141601562500e+01
2.984151458740234375e+01,7.972985839843750000e+01
2.477798461914062500e+01,7.407881164550781250e+01
2.402762413024902344e+01,7.186991119384765625e+01
1.940065765380859375e+01,6.997027587890625000e+01
2.171736907958984375e+01,7.128098297119140625e+01
1.807566642761230469e+01,6.949681091308593750e+01
2.063630485534667969e+01,7.150076293945312500e+01
1.860836029052734375e+01,6.822914123535156250e+01
2.760491752624511719e+01,7.963975524902343750e+01
3.052721977233886719e+01,8.064350891113281250e+01
7.208322143554687500e+01,8.218286132812500000e+01
6.916986846923828125e+01,7.841752624511718750e+01
5.799495315551757812e+01,7.125485229492187500e+01
6.509506988525390625e+01,7.567179870605468750e+01
6.476242065429687500e+01,7.440975189208984375e+01
1.086328735351562500e+02,1.227049942016601562e+02
1.042453002929687500e+02,1.207058944702148438e+02
1.013616104125976562e+02,1.204919281005859375e+02
7.806537628173828125e+01,1.072583160400390625e+02
1.037393798828125000e+02,1.240390167236328125e+02
1.136736450195312500e+02,1.206865997314453125e+02
1.061975097656250000e+02,1.196596298217773438e+02
1.200254898071289062e+02,1.263259887695312500e+02
1.201510314941406250e+02,1.214894561767578125e+02
9.711205291748046875e+01,1.199932403564453125e+02
9.390763092041015625e+01,1.182599716186523438e+02
1.121062316894531250e+02,1.262758789062500000e+02
9.929969024658203125e+01,1.212336120605468750e+02
1.097849121093750000e+02,1.249114379882812500e+02
1.071548843383789062e+02,1.238254699707031250e+02
1.100892105102539062e+02,1.240358123779296875e+02
1.180020751953125000e+02,1.251731109619140625e+02
8.919207763671875000e+01,1.173777770996093750e+02
9.704315185546875000e+01,1.177464599609375000e+02
9.992603302001953125e+01,1.179058990478515625e+02
1.104629745483398438e+02,1.270962829589843750e+02
1.198872375488281250e+02,1.304345092773437500e+02
1.040757751464843750e+02,1.233518524169921875e+02
1.151569213867187500e+02,1.248740158081054688e+02
1.039682083129882812e+02,1.211387481689453125e+02
1.046921997070312500e+02,1.211417007446289062e+02
1.138940429687500000e+02,1.246675567626953125e+02
1.127302474975585938e+02,1.249989471435546875e+02
1.160204696655273438e+02,1.259347991943359375e+02
1.220522079467773438e+02,1.258473663330078125e+02
1.223808212280273438e+02,1.292497863769531250e+02
1.083737411499023438e+02,1.217403564453125000e+02
9.395355224609375000e+01,1.144455718994140625e+02
9.717722320556640625e+01,1.151168212890625000e+02
1.050902099609375000e+02,1.188347320556640625e+02
7.882524871826171875e+01,1.063425140380859375e+02
1.150167160034179688e+02,1.286468658447265625e+02
1.214714355468750000e+02,1.274191284179687500e+02
1.018289184570312500e+02,1.183953094482421875e+02
1.212637939453125000e+02,1.313629302978515625e+02
9.726505279541015625e+01,1.198579406738281250e+02
1.156860427856445312e+02,1.258633575439453125e+02
1.136496887207031250e+02,1.255660552978515625e+02
1.256771926879882812e+02,1.309287719726562500e+02
1.086802139282226562e+02,1.224409942626953125e+02
1.302990722656250000e+02,1.306917877197265625e+02
1.192548751831054688e+02,1.250092010498046875e+02
1.091667556762695312e+02,1.224326934814453125e+02
1.166496047973632812e+02,1.246904067993164062e+02
1.149163513183593750e+02,1.245965118408203125e+02
1.216959609985351562e+02,1.298643493652343750e+02
1.232785644531250000e+02,1.258661651611328125e+02
1.186189270019531250e+02,1.209969940185546875e+02
1.173760147094726562e+02,1.221542510986328125e+02
1.104856567382812500e+02,1.249734878540039062e+02
1.295985565185546875e+02,1.317871856689453125e+02
1.187273483276367188e+02,1.258946990966796875e+02
7.933614349365234375e+01,1.086089782714843750e+02
1.019719238281250000e+02,1.154761352539062500e+02
1.189511489868164062e+02,1.246061553955078125e+02
8.468714904785156250e+01,1.058629150390625000e+02
1.037104721069335938e+02,1.156295928955078125e+02
1.173689956665039062e+02,1.215553588867187500e+02
2.017863464355468750e+01,6.823345184326171875e+01
1.491221332550048828e+01,7.713988494873046875e+01
2.390234375000000000e+01,7.729412841796875000e+01
9.379070281982421875e+01,1.257240676879882812e+02
1.062613143920898438e+02,1.339275360107421875e+02
5.553429031372070312e+01,9.970119476318359375e+01
4.764926528930664062e+01,9.230497741699218750e+01
4.178828811645507812e+01,7.773736572265625000e+01
7.552742767333984375e+01,9.983819580078125000e+01
5.915993118286132812e+01,9.048652648925781250e+01
8.957705688476562500e+01,1.109118194580078125e+02
8.884603118896484375e+01,1.104526977539062500e+02
8.684291839599609375e+01,1.106592178344726562e+02
8.640116119384765625e+01,1.096458587646484375e+02
8.586199951171875000e+01,1.108516693115234375e+02
8.203130340576171875e+01,1.080183105468750000e+02
9.280426788330078125e+01,1.146306915283203125e+02
8.964005279541015625e+01,1.133947296142578125e+02
8.781854248046875000e+01,1.112163696289062500e+02
9.585317230224609375e+01,1.161358337402343750e+02
9.444686126708984375e+01,1.139461212158203125e+02
8.325475311279296875e+01,1.098455505371093750e+02
8.015612030029296875e+01,1.076354980468750000e+02
8.111820220947265625e+01,1.078073730468750000e+02
8.368378448486328125e+01,1.101639099121093750e+02
7.683309936523437500e+01,1.075530242919921875e+02
7.247963714599609375e+01,1.014868621826171875e+02
6.387520217895507812e+01,9.936384582519531250e+01
6.010245895385742188e+01,9.925932312011718750e+01
8.865676116943359375e+01,1.202841491699218750e+02
7.360143280029296875e+01,1.098525238037109375e+02
7.409018707275390625e+01,1.094711303710937500e+02
8.392070007324218750e+01,1.123457946777343750e+02
7.654644775390625000e+01,1.217318420410156250e+02
5.919248962402343750e+01,1.052911758422851562e+02
9.638439941406250000e+01,1.191577301025390625e+02
1.052136154174804688e+02,1.224705963134765625e+02
9.587240600585937500e+01,1.154805450439453125e+02
7.768999481201171875e+01,1.079625091552734375e+02
8.240250396728515625e+01,1.105105895996093750e+02
6.256236648559570312e+01,1.042149581909179688e+02
8.238842010498046875e+01,1.199149169921875000e+02
8.895369720458984375e+01,1.238240509033203125e+02
8.843683624267578125e+01,1.212976455688476562e+02
7.047666168212890625e+01,1.066507949829101562e+02
1.116611557006835938e+02,1.262824249267578125e+02
1.038066635131835938e+02,1.271986465454101562e+02
1.076617202758789062e+02,1.324049987792968750e+02
1.097556762695312500e+02,1.295861206054687500e+02
9.108526611328125000e+01,1.208030929565429688e+02
9.920169830322265625e+01,1.227662506103515625e+02
9.967443847656250000e+01,1.218610763549804688e+02
9.649419403076171875e+01,1.209900512695312500e+02
1.022331314086914062e+02,1.229746246337890625e+02
1.065058822631835938e+02,1.254864501953125000e+02
8.429024505615234375e+01,1.181863403320312500e+02
8.828314971923828125e+01,1.200684967041015625e+02
1.119914932250976562e+02,1.254246673583984375e+02
8.275938415527343750e+01,1.047630462646484375e+02
7.665406799316406250e+01,1.031873703002929688e+02
9.135595703125000000e+01,1.104598846435546875e+02
7.864151763916015625e+01,1.033207397460937500e+02
9.148366546630859375e+01,1.128286895751953125e+02
7.942858123779296875e+01,1.045093536376953125e+02
8.828234863281250000e+01,1.108398056030273438e+02
7.408541107177734375e+01,1.010769348144531250e+02
8.553759765625000000e+01,1.080191040039062500e+02
7.128122711181640625e+01,9.959631347656250000e+01
8.102266693115234375e+01,1.044402236938476562e+02
9.638655853271484375e+01,1.145562133789062500e+02
9.172485351562500000e+01,1.120610351562500000e+02
9.048284912109375000e+01,1.108175277709960938e+02
7.817314910888671875e+01,1.031793975830078125e+02
8.867661285400390625e+01,1.109718704223632812e+02
8.679088592529296875e+01,1.096046752929687500e+02
8.279193115234375000e+01,1.057743988037109375e+02
8.209145355224609375e+01,1.063193588256835938e+02
7.626398468017578125e+01,1.022496337890625000e+02
9.644701385498046875e+01,1.120157165527343750e+02
9.080389404296875000e+01,1.122346343994140625e+02
7.185364532470703125e+01,1.013888397216796875e+02
9.040891265869140625e+01,1.113830032348632812e+02
8.106864166259765625e+01,1.032255935668945312e+02
8.763370513916015625e+01,1.092606430053710938e+02
8.085540008544921875e+01,1.050300140380859375e+02
7.671477508544921875e+01,1.037347412109375000e+02
1.150204391479492188e+02,1.296014099121093750e+02
1.106620254516601562e+02,1.300458526611328125e+02
1.277101135253906250e+02,1.388074798583984375e+02
8.288542938232421875e+01,1.181126403808593750e+02
9.921282958984375000e+01,1.245458984375000000e+02
1.214060134887695312e+02,1.365332183837890625e+02
1.176796264648437500e+02,1.368211059570312500e+02
1.195442123413085938e+02,1.304991149902343750e+02
5.794050979614257812e+01,8.719233703613281250e+01
6.425338745117187500e+01,7.513239288330078125e+01
5.592960739135742188e+01,8.190171813964843750e+01
5.291970443725585938e+01,8.528303527832031250e+01
7.550794219970703125e+01,9.555268859863281250e+01
6.480304718017578125e+01,7.728560638427734375e+01
6.854583740234375000e+01,8.420834350585937500e+01
5.415788650512695312e+01,8.717407989501953125e+01
6.281822586059570312e+01,7.518167114257812500e+01
5.419192886352539062e+01,8.133702087402343750e+01
5.146721267700195312e+01,8.533807373046875000e+01
6.553380584716796875e+01,7.964033508300781250e+01
7.791549682617187500e+01,9.669950103759765625e+01
3.823567962646484375e+01,6.132213592529296875e+01
6.250739669799804688e+01,7.763685607910156250e+01
5.194437026977539062e+01,8.438548278808593750e+01
6.875604248046875000e+01,8.762538146972656250e+01
3.312133407592773438e+01,6.756465148925781250e+01
1.934496879577636719e+01,4.706777191162109375e+01
1.983217048645019531e+01,4.858367156982421875e+01
1.798148536682128906e+01,4.496318054199218750e+01
1.886252403259277344e+01,4.391718292236328125e+01
1.863692283630371094e+01,4.396467590332031250e+01
2.023164558410644531e+01,5.041199874877929688e+01
3.118264961242675781e+01,5.464596939086914062e+01
2.292674827575683594e+01,5.333412933349609375e+01
2.037093353271484375e+01,5.122206878662109375e+01
2.328583335876464844e+01,5.717919158935546875e+01
2.298362159729003906e+01,5.571729278564453125e+01
2.379495239257812500e+01,4.169798278808593750e+01
2.119434928894042969e+01,4.932592010498046875e+01
2.537057495117187500e+01,5.478655242919921875e+01
2.196122741699218750e+01,5.241712951660156250e+01
8.984046936035156250e+00,3.642885589599609375e+01
1.516838073730468750e+01,3.350580978393554688e+01
6.265222167968750000e+01,9.532110595703125000e+01
3.677212905883789062e+01,9.170787048339843750e+01
8.570905303955078125e+01,1.076283874511718750e+02
9.340941619873046875e+01,1.038349227905273438e+02
8.517401885986328125e+01,1.036332778930664062e+02
6.525271606445312500e+01,1.081293640136718750e+02
1.006377944946289062e+02,1.167835693359375000e+02
5.841041183471679688e+01,1.035150756835937500e+02
8.619196319580078125e+01,9.892539978027343750e+01
6.239463424682617188e+01,1.053139724731445312e+02
1.197764663696289062e+02,1.407725830078125000e+02
1.069725418090820312e+02,1.364120788574218750e+02
8.363843536376953125e+01,8.895797729492187500e+01
7.153302764892578125e+01,8.753044128417968750e+01
6.920361328125000000e+01,8.527522277832031250e+01
8.450803375244140625e+01,9.745906066894531250e+01
9.790103912353515625e+01,1.157772216796875000e+02
8.234413909912109375e+01,9.948281860351562500e+01
7.127321624755859375e+01,8.969625854492187500e+01
7.063378143310546875e+01,8.914900970458984375e+01
1.101695785522460938e+02,1.110473327636718750e+02
6.946343994140625000e+01,8.516349792480468750e+01
7.853549957275390625e+01,9.280653381347656250e+01
7.738668823242187500e+01,9.179579162597656250e+01
1.338232879638671875e+02,1.310413513183593750e+02
1.385923461914062500e+02,1.386038513183593750e+02
1.364463958740234375e+02,1.333705749511718750e+02
1.353225250244140625e+02,1.349043884277343750e+02
1.391390991210937500e+02,1.369757843017578125e+02
1.386416473388671875e+02,1.339562683105468750e+02
1.303410797119140625e+02,1.314275665283203125e+02
1.336038665771484375e+02,1.329703826904296875e+02
1.390944061279296875e+02,1.385411376953125000e+02
1.339356842041015625e+02,1.325684051513671875e+02
1.370894927978515625e+02,1.392083129882812500e+02
1.374131469726562500e+02,1.377298889160156250e+02
1.380824584960937500e+02,1.362350463867187500e+02
1.386642303466796875e+02,1.356992797851562500e+02
1.367929534912109375e+02,1.355951232910156250e+02
1.377311096191406250e+02,1.361056213378906250e+02
1.376542358398437500e+02,1.355019836425781250e+02
1.371329803466796875e+02,1.346351013183593750e+02
1.381106567382812500e+02,1.357769927978515625e+02
1.345794525146484375e+02,1.312786102294921875e+02
1.354981842041015625e+02,1.325479736328125000e+02
1.324510345458984375e+02,1.320783691406250000e+02
1.348740844726562500e+02,1.322556304931640625e+02
1.384587402343750000e+02,1.374459686279296875e+02
1.385501251220703125e+02,1.377594604492187500e+02
1.379372100830078125e+02,1.371343383789062500e+02
1.394365692138671875e+02,1.370587158203125000e+02
1.388397369384765625e+02,1.376206970214843750e+02
1.389052886962890625e+02,1.389029388427734375e+02
1.393607025146484375e+02,1.386974182128906250e+02
1.394839630126953125e+02,1.378911437988281250e+02
1.360663299560546875e+02,1.317427215576171875e+02
1.343121948242187500e+02,1.318262329101562500e+02
1.359021453857421875e+02,1.326654052734375000e+02
1.361988983154296875e+02,1.327501525878906250e+02
1.366410369873046875e+02,1.328151855468750000e+02
1.362288513183593750e+02,1.328944091796875000e+02
1.387263641357421875e+02,1.357843933105468750e+02
1.382323913574218750e+02,1.383183898925781250e+02
1.389676971435546875e+02,1.379962310791015625e+02
1.357996063232421875e+02,1.335027160644531250e+02
1.392528839111328125e+02,1.376904296875000000e+02
1.391171264648437500e+02,1.378524322509765625e+02
1.393142242431640625e+02,1.382134704589843750e+02
1.391868591308593750e+02,1.376973571777343750e+02
1.376288299560546875e+02,1.359984436035156250e+02
1.328865203857421875e+02,1.297512969970703125e+02
1.378415069580078125e+02,1.357019958496093750e+02
1.387133026123046875e+02,1.355412902832031250e+02
1.394790802001953125e+02,1.367920684814453125e+02
1.393666381835937500e+02,1.373471679687500000e+02
1.404427947998046875e+02,1.372695617675781250e+02
1.378280181884765625e+02,1.354131164550781250e+02
1.398396911621093750e+02,1.379477081298828125e+02
1.368389282226562500e+02,1.333215179443359375e+02
1.252485046386718750e+02,1.337820434570312500e+02
1.142309951782226562e+02,1.308764038085937500e+02
1.162210922241210938e+02,1.322446289062500000e+02
1.192461166381835938e+02,1.323319549560546875e+02
1.164127120971679688e+02,1.326727600097656250e+02
1.107881851196289062e+02,1.276426620483398438e+02
1.127864608764648438e+02,1.305525665283203125e+02
1.151022949218750000e+02,1.316066284179687500e+02
1.177648315429687500e+02,1.318234710693359375e+02
1.154591445922851562e+02,1.322913513183593750e+02
2.534279632568359375e+01,7.872293090820312500e+01
3.158203697204589844e+01,8.844453430175781250e+01
2.319460868835449219e+01,7.199253845214843750e+01
2.627384948730468750e+01,8.058808898925781250e+01
4.836409378051757812e+01,7.693350219726562500e+01
2.544405555725097656e+01,7.110619354248046875e+01
9.705326080322265625e+01,1.144461975097656250e+02
9.197918701171875000e+01,1.122855911254882812e+02
1.322097930908203125e+02,1.347665405273437500e+02
1.299766082763671875e+02,1.328748474121093750e+02
1.315255889892578125e+02,1.328991394042968750e+02
1.200905380249023438e+02,1.200243377685546875e+02
1.318664093017578125e+02,1.336798706054687500e+02
1.299401397705078125e+02,1.324792785644531250e+02
1.246616897583007812e+02,1.299230804443359375e+02
1.314327087402343750e+02,1.330455932617187500e+02
1.340699310302734375e+02,1.366805419921875000e+02
1.329751586914062500e+02,1.335906982421875000e+02
1.343324432373046875e+02,1.357445983886718750e+02
1.301809692382812500e+02,1.339978485107421875e+02
1.319645996093750000e+02,1.335665130615234375e+02
1.299553070068359375e+02,1.339219818115234375e+02
1.296548004150390625e+02,1.335306701660156250e+02
1.283882598876953125e+02,1.317216186523437500e+02
1.276397323608398438e+02,1.308908386230468750e+02
1.363186645507812500e+02,1.359544067382812500e+02
1.352095489501953125e+02,1.356371154785156250e+02
1.368893585205078125e+02,1.377583312988281250e+02
1.367544708251953125e+02,1.364818420410156250e+02
1.367295074462890625e+02,1.370407257080078125e+02
1.346213531494140625e+02,1.354207153320312500e+02
1.371761474609375000e+02,1.372067871093750000e+02
1.365279541015625000e+02,1.367744750976562500e+02
1.272799682617187500e+02,1.252086029052734375e+02
1.317958984375000000e+02,1.351454467773437500e+02
1.309114227294921875e+02,1.328887939453125000e+02
1.291230926513671875e+02,1.325105895996093750e+02
1.234489059448242188e+02,1.299828491210937500e+02
1.341574096679687500e+02,1.357844238281250000e+02
1.311590423583984375e+02,1.345425109863281250e+02
1.362278137207031250e+02,1.380496215820312500e+02
1.359010009765625000e+02,1.381622314453125000e+02
1.354022674560546875e+02,1.364751434326171875e+02
1.353681793212890625e+02,1.363480529785156250e+02
1.347431182861328125e+02,1.355138854980468750e+02
1.322919464111328125e+02,1.345447082519531250e+02
1.367492065429687500e+02,1.378744506835937500e+02
1.345353240966796875e+02,1.358705444335937500e+02
1.369566650390625000e+02,1.367694091796875000e+02
1.351585235595703125e+02,1.349304809570312500e+02
1.372199249267578125e+02,1.373597106933593750e+02
1.287810211181640625e+02,1.329595489501953125e+02
1.299088287353515625e+02,1.348321533203125000e+02
1.363545379638671875e+02,1.368214111328125000e+02
1.321619873046875000e+02,1.341141204833984375e+02
1.346274566650390625e+02,1.363988647460937500e+02
1.371371307373046875e+02,1.365158233642578125e+02
1.077771911621093750e+02,1.155930633544921875e+02
7.185204315185546875e+01,9.333558654785156250e+01
8.454547119140625000e+01,1.015037078857421875e+02
1.001490249633789062e+02,1.079929962158203125e+02
8.853052520751953125e+01,1.012696990966796875e+02
1.030361709594726562e+02,1.069679107666015625e+02
9.845491790771484375e+01,1.066265869140625000e+02
1.044264526367187500e+02,1.107100982666015625e+02
1.012091140747070312e+02,1.091607513427734375e+02
1.038141555786132812e+02,1.115797424316406250e+02
9.943538665771484375e+01,1.074670486450195312e+02
1.100864028930664062e+02,1.144136962890625000e+02
1.054995727539062500e+02,1.133589630126953125e+02
1.067910156250000000e+02,1.136986389160156250e+02
1.025983047485351562e+02,1.100615844726562500e+02
1.057121353149414062e+02,1.143343963623046875e+02
1.015435104370117188e+02,1.086025238037109375e+02
8.152436065673828125e+01,9.708370971679687500e+01
9.007629394531250000e+01,1.034860763549804688e+02
6.866626739501953125e+01,9.482748413085937500e+01
9.909853363037109375e+01,1.099058532714843750e+02
9.906870269775390625e+01,1.062707672119140625e+02
9.586578369140625000e+01,1.032889022827148438e+02
1.006357040405273438e+02,1.046942749023437500e+02
1.089676742553710938e+02,1.098660583496093750e+02
1.051501083374023438e+02,1.082585220336914062e+02
9.822958374023437500e+01,1.014478607177734375e+02
9.560839080810546875e+01,9.994730377197265625e+01
1.005786132812500000e+02,1.039625396728515625e+02
8.777216339111328125e+01,1.320074310302734375e+02
9.383451080322265625e+01,1.340652770996093750e+02
6.782530212402343750e+01,1.034380493164062500e+02
6.371379470825195312e+01,9.801710510253906250e+01
8.259601593017578125e+01,1.105106658935546875e+02
6.905477905273437500e+01,1.056461257934570312e+02
9.760601806640625000e+01,1.187549133300781250e+02
7.791863250732421875e+01,1.065577239990234375e+02
6.665207672119140625e+01,1.065313110351562500e+02
6.959659576416015625e+01,1.038109283447265625e+02
6.991061401367187500e+01,1.038925476074218750e+02
8.418996429443359375e+01,1.119050521850585938e+02
7.631697845458984375e+01,1.102744445800781250e+02
7.869062042236328125e+01,1.096493225097656250e+02
8.743709564208984375e+01,1.155948181152343750e+02
8.865477752685546875e+01,1.165824813842773438e+02
1.015760498046875000e+02,1.231842193603515625e+02
7.695845794677734375e+01,1.071894683837890625e+02
8.414511871337890625e+01,1.097555084228515625e+02
9.483190917968750000e+01,1.149350280761718750e+02
9.029427337646484375e+01,1.148262405395507812e+02
9.643112182617187500e+01,1.196361541748046875e+02
9.274600982666015625e+01,1.190613555908203125e+02
1.055295104980468750e+02,1.215321044921875000e+02
1.199571609497070312e+02,1.299750061035156250e+02
1.201049575805664062e+02,1.306612548828125000e+02
1.146349182128906250e+02,1.277430877685546875e+02
9.670543670654296875e+01,1.188768539428710938e+02
9.446657562255859375e+01,1.163729858398437500e+02
9.265010833740234375e+01,1.167244033813476562e+02
8.331381225585937500e+01,1.150992889404296875e+02
8.593414306640625000e+01,1.135531845092773438e+02
1.018620910644531250e+02,1.206166076660156250e+02
9.617903900146484375e+01,1.189635467529296875e+02
1.117509536743164062e+02,1.263398056030273438e+02
1.045763778686523438e+02,1.243367614746093750e+02
1.007378158569335938e+02,1.209726638793945312e+02
1.049503860473632812e+02,1.228277435302734375e+02
9.963887786865234375e+01,1.244936599731445312e+02
1.018670272827148438e+02,1.188964920043945312e+02
1.082022476196289062e+02,1.238021163940429688e+02
1.051555557250976562e+02,1.225571517944335938e+02
8.026811981201171875e+01,1.030340118408203125e+02
6.967375946044921875e+01,9.929046630859375000e+01
6.885469055175781250e+01,9.856395721435546875e+01
6.903648376464843750e+01,1.128714599609375000e+02
5.801815795898437500e+01,8.750688934326171875e+01
4.603267288208007812e+01,7.546823883056640625e+01
3.600356674194335938e+01,7.261886596679687500e+01
2.893948936462402344e+01,6.603389739990234375e+01
4.249885940551757812e+01,7.555198669433593750e+01
3.543423461914062500e+01,7.118324279785156250e+01
3.036034202575683594e+01,6.823539733886718750e+01
3.895543289184570312e+01,7.357453918457031250e+01
4.525030136108398438e+01,7.723703002929687500e+01
3.776692199707031250e+01,7.622078704833984375e+01
5.088230895996093750e+01,8.071996307373046875e+01
5.281987380981445312e+01,8.391621398925781250e+01
4.500557327270507812e+01,7.844517517089843750e+01
4.724696731567382812e+01,7.892558288574218750e+01
2.867584800720214844e+01,6.763146209716796875e+01
3.954651260375976562e+01,7.997607421875000000e+01
4.919589233398437500e+01,7.853024291992187500e+01
4.906980514526367188e+01,7.882608795166015625e+01
4.043984603881835938e+01,7.734597778320312500e+01
5.804014968872070312e+01,8.571766662597656250e+01
2.925478553771972656e+01,6.864618682861328125e+01
7.287982940673828125e+01,8.513039398193359375e+01
4.149518966674804688e+01,7.918476867675781250e+01
2.823388862609863281e+01,6.115720367431640625e+01
2.798628234863281250e+01,5.522064971923828125e+01
2.138195228576660156e+01,5.636189270019531250e+01
1.813027763366699219e+01,5.262322616577148438e+01
2.236076545715332031e+01,5.637970733642578125e+01
3.359264755249023438e+01,6.797078704833984375e+01
2.757514381408691406e+01,5.826117706298828125e+01
2.265759468078613281e+01,6.029970550537109375e+01
2.907909393310546875e+01,6.104289627075195312e+01
3.154198646545410156e+01,6.502768707275390625e+01
2.659352111816406250e+01,5.948249435424804688e+01
1.778685188293457031e+01,5.513548278808593750e+01
2.381763648986816406e+01,6.415827941894531250e+01
2.883256721496582031e+01,5.844266510009765625e+01
2.336472511291503906e+01,6.110474777221679688e+01
1.738015556335449219e+01,5.587751007080078125e+01
3.264256286621093750e+01,7.713484191894531250e+01
4.385139465332031250e+01,6.997389984130859375e+01
3.646335983276367188e+01,6.816858673095703125e+01
3.342495727539062500e+01,6.782570648193359375e+01
3.084859275817871094e+01,6.687984466552734375e+01
3.849765396118164062e+01,6.976578521728515625e+01
3.541526412963867188e+01,6.799983978271484375e+01
3.244787979125976562e+01,6.708532714843750000e+01
3.595945358276367188e+01,7.002931213378906250e+01
3.933488845825195312e+01,7.304811096191406250e+01
3.927394485473632812e+01,7.018977355957031250e+01
3.709156417846679688e+01,6.918653869628906250e+01
2.681762695312500000e+01,6.414524841308593750e+01
2.785967445373535156e+01,6.366308975219726562e+01
3.112295532226562500e+01,6.471354675292968750e+01
2.967067909240722656e+01,6.643534088134765625e+01
8.120227813720703125e+01,9.535842895507812500e+01
9.757083129882812500e+01,1.032118377685546875e+02
8.994858551025390625e+01,1.039196853637695312e+02
1.060465087890625000e+02,1.118109130859375000e+02
1.096164932250976562e+02,1.107477569580078125e+02
9.441625976562500000e+01,1.055345001220703125e+02
9.205040740966796875e+01,9.850627136230468750e+01
8.485959625244140625e+01,9.555039978027343750e+01
1.018424606323242188e+02,1.077250213623046875e+02
1.068709945678710938e+02,1.083685913085937500e+02
5.963937759399414062e+01,7.538112640380859375e+01
8.062639617919921875e+01,8.999397277832031250e+01
8.056394195556640625e+01,8.875582885742187500e+01
6.848657989501953125e+01,8.510149383544921875e+01
2.551668739318847656e+01,7.335319519042968750e+01
2.760177040100097656e+01,7.788937377929687500e+01
2.051417732238769531e+01,6.625268554687500000e+01
7.628643798828125000e+01,1.052003860473632812e+02
3.841481399536132812e+01,8.845953369140625000e+01
2.924841880798339844e+01,7.262985992431640625e+01
5.820546340942382812e+01,9.637539672851562500e+01
2.271638679504394531e+01,8.877159118652343750e+01
3.842810821533203125e+01,8.496615600585937500e+01
2.807414817810058594e+01,7.822425842285156250e+01
1.881734275817871094e+01,8.674365234375000000e+01
3.000993919372558594e+01,7.705052947998046875e+01
2.731292533874511719e+01,7.490994262695312500e+01
5.047135543823242188e+01,9.322698974609375000e+01
2.659697151184082031e+01,7.730204772949218750e+01
2.661826133728027344e+01,7.631056213378906250e+01
2.863302612304687500e+01,7.606524658203125000e+01
2.818483924865722656e+01,7.399451446533203125e+01
2.577053833007812500e+01,7.447225952148437500e+01
3.343077468872070312e+01,7.736965942382812500e+01
3.227499389648437500e+01,7.679254913330078125e+01
3.071802711486816406e+01,7.566899108886718750e+01
3.567392349243164062e+01,7.792390441894531250e+01
3.715850830078125000e+01,8.049472045898437500e+01
7.176798248291015625e+01,1.083975296020507812e+02
1.021426773071289062e+02,1.199161071777343750e+02
1.982451438903808594e+01,8.627936553955078125e+01
4.402465820312500000e+01,8.892530059814453125e+01
3.123198890686035156e+01,9.341584014892578125e+01
4.056494140625000000e+01,8.526365661621093750e+01
4.618321228027343750e+01,8.935383605957031250e+01
4.038016510009765625e+01,8.074917602539062500e+01
3.791312026977539062e+01,8.236924743652343750e+01
6.177926635742187500e+01,1.045699615478515625e+02
3.935399246215820312e+01,1.049649505615234375e+02
5.424354171752929688e+01,1.002493286132812500e+02
7.160403442382812500e+01,1.084313507080078125e+02
4.809196472167968750e+01,9.615527343750000000e+01
5.699731445312500000e+01,1.017485656738281250e+02
5.197167968750000000e+01,9.587288665771484375e+01
5.778114700317382812e+01,1.003957061767578125e+02
4.595882797241210938e+01,1.053077697753906250e+02
8.673026275634765625e+01,8.859638977050781250e+01
7.934755706787109375e+01,8.989158630371093750e+01
9.270349121093750000e+01,1.141374969482421875e+02
7.292311859130859375e+01,1.234645538330078125e+02
5.869900131225585938e+01,1.158661041259765625e+02
5.083060836791992188e+01,1.141892700195312500e+02
4.594353866577148438e+01,1.123840637207031250e+02
5.468529129028320312e+01,1.178559646606445312e+02
1.009216613769531250e+02,1.208839797973632812e+02
1.357075042724609375e+02,1.399874877929687500e+02
1.365104064941406250e+02,1.408533477783203125e+02
1.378645172119140625e+02,1.395456848144531250e+02
1.381095428466796875e+02,1.398428802490234375e+02
1.121990432739257812e+02,1.307727966308593750e+02
1.166407470703125000e+02,1.375231323242187500e+02
1.190004043579101562e+02,1.329754486083984375e+02
1.249309005737304688e+02,1.341668090820312500e+02
1.142970962524414062e+02,1.317436523437500000e+02
1.197323074340820312e+02,1.343714294433593750e+02
1.115535583496093750e+02,1.309731445312500000e+02
1.063527526855468750e+02,1.317663574218750000e+02
1.180220336914062500e+02,1.356766967773437500e+02
1.267060928344726562e+02,1.352271728515625000e+02
1.220466232299804688e+02,1.358137817382812500e+02
1.204228210449218750e+02,1.395184631347656250e+02
1.121260299682617188e+02,1.320949249267578125e+02
1.079306869506835938e+02,1.286222076416015625e+02
1.207889099121093750e+02,1.346557922363281250e+02
1.158777770996093750e+02,1.367038574218750000e+02
1.140600662231445312e+02,1.329716796875000000e+02
1.201478881835937500e+02,1.343865051269531250e+02
1.037615051269531250e+02,1.352907714843750000e+02
1.216805191040039062e+02,1.347972412109375000e+02
1.301549224853515625e+02,1.345555419921875000e+02
1.180007553100585938e+02,1.321667633056640625e+02
1.149904174804687500e+02,1.310549774169921875e+02
1.245422668457031250e+02,1.370473327636718750e+02
1.305135803222656250e+02,1.369249267578125000e+02
1.327911834716796875e+02,1.378535766601562500e+02
1.204115219116210938e+02,1.333937377929687500e+02
1.211698074340820312e+02,1.344345397949218750e+02
1.308317108154296875e+02,1.376044158935546875e+02
1.272195816040039062e+02,1.362197570800781250e+02
1.318334503173828125e+02,1.404094238281250000e+02
1.313083801269531250e+02,1.393702239990234375e+02
1.280641021728515625e+02,1.365836791992187500e+02
1.314679412841796875e+02,1.392380981445312500e+02
1.250459823608398438e+02,1.352857360839843750e+02
1.239042968750000000e+02,1.384814147949218750e+02
1.226511611938476562e+02,1.369422149658203125e+02
1.182327880859375000e+02,1.362539978027343750e+02
1.252581558227539062e+02,1.385128479003906250e+02
1.165680160522460938e+02,1.309380187988281250e+02
1.143451614379882812e+02,1.352615661621093750e+02
1.271349182128906250e+02,1.362982788085937500e+02
1.319798126220703125e+02,1.380061645507812500e+02
1.042920608520507812e+02,1.415382690429687500e+02
5.873635864257812500e+01,1.290447692871093750e+02
1.337518768310546875e+02,1.403150634765625000e+02
1.306670379638671875e+02,1.412594451904296875e+02
1.322038574218750000e+02,1.416405029296875000e+02
1.295414886474609375e+02,1.424943695068359375e+02
1.312381744384765625e+02,1.420764770507812500e+02
1.327449493408203125e+02,1.421857604980468750e+02
1.330286254882812500e+02,1.406821594238281250e+02
1.291538848876953125e+02,1.417711639404296875e+02
1.311379547119140625e+02,1.414145202636718750e+02
1.332676849365234375e+02,1.418027648925781250e+02
3.478646850585937500e+01,1.098215484619140625e+02
3.647424697875976562e+01,9.707319641113281250e+01
3.368489456176757812e+01,1.080342407226562500e+02
3.275860977172851562e+01,9.348060607910156250e+01
2.602470207214355469e+01,1.026737060546875000e+02
3.248497390747070312e+01,8.980608367919921875e+01
8.679338836669921875e+01,1.183677368164062500e+02
4.686486816406250000e+01,8.575433349609375000e+01
1.288570404052734375e+02,1.405101776123046875e+02
3.906626510620117188e+01,1.158332977294921875e+02
2.674067497253417969e+01,1.021442260742187500e+02
4.802299118041992188e+01,1.231469879150390625e+02
3.292795181274414062e+01,1.105994110107421875e+02
5.522045898437500000e+01,1.367115783691406250e+02
5.234852218627929688e+01,1.332083435058593750e+02
5.267465209960937500e+01,1.366362762451171875e+02
4.998060226440429688e+01,1.339340820312500000e+02
4.095150375366210938e+01,1.172175292968750000e+02
4.655162429809570312e+01,1.238793792724609375e+02
4.534344482421875000e+01,1.252735748291015625e+02
4.417465591430664062e+01,1.236125717163085938e+02
4.162405014038085938e+01,1.188271331787109375e+02
6.394799804687500000e+01,1.344861450195312500e+02
6.645439147949218750e+01,1.358323364257812500e+02
5.911810302734375000e+01,1.290935363769531250e+02
4.395144653320312500e+01,1.198255767822265625e+02
4.266028976440429688e+01,1.196285552978515625e+02
6.039573287963867188e+01,1.320046997070312500e+02
5.737802505493164062e+01,1.371662292480468750e+02
5.336933517456054688e+01,1.336225585937500000e+02
5.915867614746093750e+01,1.379898681640625000e+02
6.036902999877929688e+01,1.388041687011718750e+02
4.909405517578125000e+01,1.356798095703125000e+02
5.521139144897460938e+01,1.367581481933593750e+02
5.166596984863281250e+01,1.339612274169921875e+02
5.394413375854492188e+01,1.359680175781250000e+02
6.771315765380859375e+01,1.337166595458984375e+02
5.058072280883789062e+01,1.172679138183593750e+02
6.164595413208007812e+01,1.324339904785156250e+02
4.359284591674804688e+01,1.167923583984375000e+02
5.281774520874023438e+01,1.240097198486328125e+02
5.153909683227539062e+01,1.275064697265625000e+02
7.237085723876953125e+01,1.391513061523437500e+02
4.969446945190429688e+01,1.252729187011718750e+02
4.197613906860351562e+01,1.182495117187500000e+02
5.243030929565429688e+01,1.239121093750000000e+02
5.416032791137695312e+01,1.251241378784179688e+02
4.830791091918945312e+01,1.209542694091796875e+02
5.008122253417968750e+01,1.148142395019531250e+02
6.029421615600585938e+01,1.234521408081054688e+02
6.124339675903320312e+01,1.267869720458984375e+02
6.243991088867187500e+01,1.307648925781250000e+02
6.315999221801757812e+01,1.316540832519531250e+02
5.472749710083007812e+01,1.282223815917968750e+02
5.081708908081054688e+01,1.174464416503906250e+02
5.489049911499023438e+01,1.212390365600585938e+02
4.799478530883789062e+01,1.319467010498046875e+02
5.136572265625000000e+01,1.332989654541015625e+02
4.213595199584960938e+01,1.203432159423828125e+02
5.041432189941406250e+01,1.215888061523437500e+02
6.403104400634765625e+01,1.357652587890625000e+02
1.380539093017578125e+02,1.411452636718750000e+02
1.271009826660156250e+02,1.372065734863281250e+02
1.336203460693359375e+02,1.389188690185546875e+02
1.295738067626953125e+02,1.383155975341796875e+02
1.385306243896484375e+02,1.410580749511718750e+02
1.338002319335937500e+02,1.392801818847656250e+02
1.333155822753906250e+02,1.395109252929687500e+02
1.400043792724609375e+02,1.413362121582031250e+02
1.386942749023437500e+02,1.407756195068359375e+02
1.358899383544921875e+02,1.409679565429687500e+02
1.337949371337890625e+02,1.396927337646484375e+02
1.353630218505859375e+02,1.398977661132812500e+02
1.321623077392578125e+02,1.392439575195312500e+02
1.294869842529296875e+02,1.391918334960937500e+02
1.374964599609375000e+02,1.397366333007812500e+02
1.386759033203125000e+02,1.402912597656250000e+02
1.346153106689453125e+02,1.396372985839843750e+02
1.222017822265625000e+02,1.362163696289062500e+02
1.265307006835937500e+02,1.385140533447265625e+02
1.306211395263671875e+02,1.387481079101562500e+02
1.342845306396484375e+02,1.391391601562500000e+02
1.400937500000000000e+02,1.412306060791015625e+02
1.233207702636718750e+02,1.362218017578125000e+02
1.348041229248046875e+02,1.401844329833984375e+02
1.338899536132812500e+02,1.398734436035156250e+02
6.384586715698242188e+01,1.246015777587890625e+02
5.785721206665039062e+01,1.208188781738281250e+02
1.199687118530273438e+02,1.434306488037109375e+02
1.248486251831054688e+02,1.428301391601562500e+02
1.241692276000976562e+02,1.433179626464843750e+02
1.279986801147460938e+02,1.423852233886718750e+02
1.295596160888671875e+02,1.432552185058593750e+02
1.272912368774414062e+02,1.425247650146484375e+02
1.262784042358398438e+02,1.428348846435546875e+02
1.325139617919921875e+02,1.423886566162109375e+02
1.283579864501953125e+02,1.421867980957031250e+02
1.273486633300781250e+02,1.426463623046875000e+02
1.270418701171875000e+02,1.428855285644531250e+02
1.268231582641601562e+02,1.430236206054687500e+02
1.314300079345703125e+02,1.425322113037109375e+02
1.320184783935546875e+02,1.431066741943359375e+02
1.293715515136718750e+02,1.424146270751953125e+02
1.099002685546875000e+02,1.406585998535156250e+02
1.306058959960937500e+02,1.423449401855468750e+02
1.265238265991210938e+02,1.425053405761718750e+02
1.261493530273437500e+02,1.429212341308593750e+02
1.107528076171875000e+02,1.402386627197265625e+02
1.245833511352539062e+02,1.414218444824218750e+02
1.251672439575195312e+02,1.431351318359375000e+02
1.253972854614257812e+02,1.433520812988281250e+02
1.299876861572265625e+02,1.418348999023437500e+02
1.295333709716796875e+02,1.425268707275390625e+02
1.308417816162109375e+02,1.434652709960937500e+02
1.263942260742187500e+02,1.418967132568359375e+02
1.284721069335937500e+02,1.426810913085937500e+02
1.274490585327148438e+02,1.429280395507812500e+02
1.272771682739257812e+02,1.431470336914062500e+02
1.135223312377929688e+02,1.424611206054687500e+02
1.317207641601562500e+02,1.436191711425781250e+02
1.295213165283203125e+02,1.433942260742187500e+02
1.284150390625000000e+02,1.424727783203125000e+02
1.284515228271484375e+02,1.431607360839843750e+02
1.279355773925781250e+02,1.443145904541015625e+02
1.306098480224609375e+02,1.429503021240234375e+02
1.278029785156250000e+02,1.424646606445312500e+02
5.652362060546875000e+01,1.263222656250000000e+02
8.164764404296875000e+01,1.334639282226562500e+02
7.850766754150390625e+01,1.348771362304687500e+02
6.043111038208007812e+01,1.246548309326171875e+02
7.795439910888671875e+01,1.341011352539062500e+02
7.216442108154296875e+01,1.327296142578125000e+02
6.642737579345703125e+01,1.271911621093750000e+02
7.668213653564453125e+01,1.380602111816406250e+02
8.627040863037109375e+01,1.339749145507812500e+02
6.604437255859375000e+01,1.252068328857421875e+02
6.427260589599609375e+01,1.269227752685546875e+02
6.541637420654296875e+01,1.266236419677734375e+02
6.970655059814453125e+01,1.311013793945312500e+02
7.408271026611328125e+01,1.317672424316406250e+02
7.794730377197265625e+01,1.313721618652343750e+02
6.705693054199218750e+01,1.317566986083984375e+02
6.015591049194335938e+01,1.284646759033203125e+02
7.881455993652343750e+01,1.061169433593750000e+02
8.682330322265625000e+01,1.094802246093750000e+02
8.348581695556640625e+01,1.075899505615234375e+02
7.070021820068359375e+01,1.003075714111328125e+02
9.068264007568359375e+01,1.133492507934570312e+02
9.284003448486328125e+01,1.151266021728515625e+02
8.693057250976562500e+01,1.087158355712890625e+02
8.719907379150390625e+01,1.129035034179687500e+02
8.558907318115234375e+01,1.119518127441406250e+02
8.722187042236328125e+01,1.131435317993164062e+02
1.352768096923828125e+02,1.401649322509765625e+02
1.354286041259765625e+02,1.404798431396484375e+02
1.358259277343750000e+02,1.404233398437500000e+02
1.361940460205078125e+02,1.408691101074218750e+02
1.360228118896484375e+02,1.410271453857421875e+02
1.361762847900390625e+02,1.414741363525390625e+02
1.337863922119140625e+02,1.405355224609375000e+02
1.357765045166015625e+02,1.404536437988281250e+02
1.372866363525390625e+02,1.411623229980468750e+02
5.971574783325195312e+01,1.366639251708984375e+02
4.119652557373046875e+01,1.212284545898437500e+02
4.265301132202148438e+01,1.144731445312500000e+02
5.472355651855468750e+01,1.346588439941406250e+02
3.849660873413085938e+01,1.187507019042968750e+02
5.174300003051757812e+01,1.315888061523437500e+02
5.908323287963867188e+01,1.341614379882812500e+02
8.330759429931640625e+01,1.347757263183593750e+02
6.259896850585937500e+01,1.234169464111328125e+02
6.323057937622070312e+01,1.219998626708984375e+02
4.811053466796875000e+01,1.219136962890625000e+02
8.800331878662109375e+01,1.390128479003906250e+02
7.026561737060546875e+01,1.364472961425781250e+02
8.475647735595703125e+01,1.350167999267578125e+02
6.970393371582031250e+01,1.368792114257812500e+02
4.696029663085937500e+01,1.212573089599609375e+02
5.213138198852539062e+01,1.155682678222656250e+02
6.418751525878906250e+01,1.349233856201171875e+02
4.367436218261718750e+01,1.179844818115234375e+02
4.551747131347656250e+01,1.113810348510742188e+02
6.093173217773437500e+01,1.252346649169921875e+02
6.126301193237304688e+01,1.341582946777343750e+02
8.697079467773437500e+01,1.385570373535156250e+02
5.321887207031250000e+01,1.254931945800781250e+02
7.696558380126953125e+01,1.391152343750000000e+02
6.784320831298828125e+01,1.290282592773437500e+02
4.085204696655273438e+01,1.098354187011718750e+02
6.500414276123046875e+01,1.286558837890625000e+02
6.923082733154296875e+01,1.364073638916015625e+02
5.090836715698242188e+01,1.202629776000976562e+02
9.660858917236328125e+01,1.397085571289062500e+02
8.738320922851562500e+01,1.399511413574218750e+02
6.939742279052734375e+01,1.279559860229492188e+02
7.253142547607421875e+01,1.256546478271484375e+02
5.253096389770507812e+01,1.241773529052734375e+02
7.234918975830078125e+01,1.311571044921875000e+02
5.621947097778320312e+01,1.261490020751953125e+02
5.851731872558593750e+01,1.238587188720703125e+02
1.053516464233398438e+02,1.413393554687500000e+02
6.490129852294921875e+01,1.365646972656250000e+02
4.575139236450195312e+01,1.228316345214843750e+02
7.032110595703125000e+01,1.328691406250000000e+02
4.679063034057617188e+01,1.170789718627929688e+02
7.585629272460937500e+01,1.372728576660156250e+02
5.322733688354492188e+01,1.246306915283203125e+02
6.937982940673828125e+01,1.364761505126953125e+02
9.212814331054687500e+01,1.370808258056640625e+02
6.669593048095703125e+01,1.250187225341796875e+02
5.797846603393554688e+01,1.247530288696289062e+02
8.674887847900390625e+01,1.380108947753906250e+02
7.678742218017578125e+01,1.392204589843750000e+02
6.818944549560546875e+01,1.422528686523437500e+02
6.286387634277343750e+01,1.360260620117187500e+02
4.681383132934570312e+01,1.253429718017578125e+02
5.105576705932617188e+01,1.418374023437500000e+02
5.561166381835937500e+01,1.405504760742187500e+02
6.056259536743164062e+01,1.367733764648437500e+02
4.322817993164062500e+01,1.197435455322265625e+02
5.559597396850585938e+01,1.355122070312500000e+02
6.890456390380859375e+01,1.388117065429687500e+02
6.706542968750000000e+01,1.379999084472656250e+02
4.690141677856445312e+01,1.255184783935546875e+02
5.270599365234375000e+01,1.248488159179687500e+02
6.883963775634765625e+01,1.365795745849609375e+02
6.264027023315429688e+01,1.349289550781250000e+02
6.470813751220703125e+01,1.375886840820312500e+02
4.577482604980468750e+01,1.224177703857421875e+02
4.822005081176757812e+01,1.195438690185546875e+02
6.172027206420898438e+01,1.288483428955078125e+02
8.082775878906250000e+01,1.346164550781250000e+02
6.104838562011718750e+01,1.232878265380859375e+02
7.392813873291015625e+01,1.323627166748046875e+02
6.220798873901367188e+01,1.199015884399414062e+02
7.539393615722656250e+01,1.370670013427734375e+02
7.997746276855468750e+01,1.426674957275390625e+02
7.469896697998046875e+01,1.384810638427734375e+02
5.852607345581054688e+01,1.295054626464843750e+02
6.111047363281250000e+01,1.419102172851562500e+02
6.653234100341796875e+01,1.426406707763671875e+02
7.178517150878906250e+01,1.388994140625000000e+02
5.000449752807617188e+01,1.231708374023437500e+02
5.388124465942382812e+01,1.202472991943359375e+02
6.593397521972656250e+01,1.364105834960937500e+02
7.870896911621093750e+01,1.398370971679687500e+02
5.898179244995117188e+01,1.309282531738281250e+02
7.173344421386718750e+01,1.310879364013671875e+02
7.407833862304687500e+01,1.370054626464843750e+02
5.885100936889648438e+01,1.212547302246093750e+02
8.159035491943359375e+01,1.370038299560546875e+02
7.161562347412109375e+01,1.388934020996093750e+02
6.111825942993164062e+01,1.268213653564453125e+02
8.597380828857421875e+01,1.371812896728515625e+02
7.605233764648437500e+01,1.380018920898437500e+02
6.609777832031250000e+01,1.262340927124023438e+02
8.774265289306640625e+01,1.384029235839843750e+02
6.951520538330078125e+01,1.285689544677734375e+02
6.655697631835937500e+01,1.287727355957031250e+02
6.556310272216796875e+01,1.292830657958984375e+02
7.194277954101562500e+01,1.299529876708984375e+02
9.357567596435546875e+01,1.421320800781250000e+02
1.362434234619140625e+02,1.387050170898437500e+02
6.945764923095703125e+01,1.157724914550781250e+02
3.171650505065917969e+01,1.029036407470703125e+02
3.156646537780761719e+01,1.032914428710937500e+02
3.064506721496582031e+01,1.053533020019531250e+02
4.210280990600585938e+01,1.107151031494140625e+02
3.394203186035156250e+01,1.039219207763671875e+02
3.049551391601562500e+01,1.043043212890625000e+02
3.313993835449218750e+01,1.048981018066406250e+02
4.918493652343750000e+01,1.130030517578125000e+02
3.081858825683593750e+01,1.069673309326171875e+02
3.053340721130371094e+01,1.066589355468750000e+02
3.567565917968750000e+01,1.026872711181640625e+02
1.394128875732421875e+02,1.402097015380859375e+02
1.157215042114257812e+02,1.344286041259765625e+02
1.104377059936523438e+02,1.320043182373046875e+02
7.938846588134765625e+01,1.230718841552734375e+02
8.275614166259765625e+01,1.119612426757812500e+02
6.776760101318359375e+01,1.173970031738281250e+02
9.300977325439453125e+01,1.128182373046875000e+02
1.315688934326171875e+02,1.420316467285156250e+02
9.682624053955078125e+01,1.320566101074218750e+02
1.170580062866210938e+02,1.390444030761718750e+02
1.084184951782226562e+02,1.346885375976562500e+02
8.951239013671875000e+01,1.195140991210937500e+02
8.253114318847656250e+01,1.050832061767578125e+02
5.369466018676757812e+01,9.021113586425781250e+01
7.158048248291015625e+01,9.459852600097656250e+01
7.864160919189453125e+01,9.584712219238281250e+01
8.186849975585937500e+01,1.013965377807617188e+02
6.644864654541015625e+01,9.477838134765625000e+01
7.249642944335937500e+01,1.020823440551757812e+02
5.745417404174804688e+01,8.759355163574218750e+01
6.253343582153320312e+01,8.240591430664062500e+01
8.736199951171875000e+01,1.059768295288085938e+02
5.787888717651367188e+01,8.807588195800781250e+01
9.487149810791015625e+01,1.062411804199218750e+02
7.808084869384765625e+01,9.265565490722656250e+01
5.896728515625000000e+01,8.326841735839843750e+01
8.177298736572265625e+01,9.850131225585937500e+01
9.145932769775390625e+01,1.075460510253906250e+02
8.438646697998046875e+01,1.196809539794921875e+02
7.592855834960937500e+01,1.111714859008789062e+02
1.266680908203125000e+02,1.334769592285156250e+02
1.283468170166015625e+02,1.347669067382812500e+02
1.104271163940429688e+02,1.313831329345703125e+02
1.122304077148437500e+02,1.334020080566406250e+02
1.190052871704101562e+02,1.336537017822265625e+02
1.189955444335937500e+02,1.323882751464843750e+02
1.148235778808593750e+02,1.315219879150390625e+02
1.259755859375000000e+02,1.364114990234375000e+02
1.250341415405273438e+02,1.363905639648437500e+02
1.258464126586914062e+02,1.351969909667968750e+02
1.207519912719726562e+02,1.352232208251953125e+02
1.226246337890625000e+02,1.354798278808593750e+02
1.201523132324218750e+02,1.346510467529296875e+02
1.238499145507812500e+02,1.354693298339843750e+02
1.189952163696289062e+02,1.330190124511718750e+02
1.251700820922851562e+02,1.361634826660156250e+02
1.252052993774414062e+02,1.350452270507812500e+02
1.227770919799804688e+02,1.355785980224609375e+02
1.204425964355468750e+02,1.353556213378906250e+02
1.237088928222656250e+02,1.356345367431640625e+02
1.232934875488281250e+02,1.358072662353515625e+02
1.252827377319335938e+02,1.345342254638671875e+02
1.283171234130859375e+02,1.411138610839843750e+02
1.035584487915039062e+02,1.264885864257812500e+02
1.214154434204101562e+02,1.370949859619140625e+02
1.217719421386718750e+02,1.363470153808593750e+02
1.262246780395507812e+02,1.393805847167968750e+02
1.259179916381835938e+02,1.399250793457031250e+02
1.122764358520507812e+02,1.301131591796875000e+02
1.237743148803710938e+02,1.384024505615234375e+02
1.207260360717773438e+02,1.338215942382812500e+02
1.148328857421875000e+02,1.309854431152343750e+02
1.305027008056640625e+02,1.379656677246093750e+02
1.103906250000000000e+02,1.271735534667968750e+02
1.211516723632812500e+02,1.362049560546875000e+02
1.272516479492187500e+02,1.405849914550781250e+02
1.222748413085937500e+02,1.344724426269531250e+02
1.102978820800781250e+02,1.262031097412109375e+02
1.235355606079101562e+02,1.356111297607421875e+02
1.174676513671875000e+02,1.328333740234375000e+02
1.208831481933593750e+02,1.370846252441406250e+02
1.230982589721679688e+02,1.366520690917968750e+02
1.273244247436523438e+02,1.400604553222656250e+02
1.141505661010742188e+02,1.309423217773437500e+02
1.250411605834960938e+02,1.386787719726562500e+02
1.340490570068359375e+02,1.400553894042968750e+02
1.275931625366210938e+02,1.400627288818359375e+02
1.198320541381835938e+02,1.345798034667968750e+02
1.247897415161132812e+02,1.386182098388671875e+02
1.185066833496093750e+02,1.335748901367187500e+02
1.188468246459960938e+02,1.336019287109375000e+02
1.277783584594726562e+02,1.316356201171875000e+02
2.834010124206542969e+01,7.653517150878906250e+01
3.928216552734375000e+01,9.846269989013671875e+01
4.376989364624023438e+01,9.750804901123046875e+01
4.080090332031250000e+01,9.807269287109375000e+01
4.362622070312500000e+01,1.011120681762695312e+02
3.017468261718750000e+01,7.494071960449218750e+01
3.330043411254882812e+01,6.192203521728515625e+01
3.006904602050781250e+01,7.099809265136718750e+01
2.782222938537597656e+01,5.284179306030273438e+01
4.078444290161132812e+01,6.626902008056640625e+01
2.403428840637207031e+01,6.729311370849609375e+01
2.844492149353027344e+01,5.486100769042968750e+01
3.763429260253906250e+01,6.636415100097656250e+01
3.266429901123046875e+01,5.962137603759765625e+01
2.733229255676269531e+01,6.890344238281250000e+01
3.778544616699218750e+01,6.451088714599609375e+01
2.733215904235839844e+01,6.949868774414062500e+01
3.104979515075683594e+01,7.195876312255859375e+01
3.818123245239257812e+01,6.211315155029296875e+01
2.072377586364746094e+01,6.290150070190429688e+01
2.793572044372558594e+01,8.195791625976562500e+01
3.871572875976562500e+01,9.607770538330078125e+01
3.582884216308593750e+01,9.757356262207031250e+01
3.877440261840820312e+01,9.893638610839843750e+01
4.834346389770507812e+01,1.003199768066406250e+02
1.802856254577636719e+01,6.965840148925781250e+01
2.526619911193847656e+01,5.993286895751953125e+01
2.022141075134277344e+01,7.138159179687500000e+01
2.721544456481933594e+01,7.036142730712890625e+01
1.172918930053710938e+02,1.249930343627929688e+02
1.000664367675781250e+02,1.143938140869140625e+02
1.041585693359375000e+02,1.163025360107421875e+02
1.118435668945312500e+02,1.185870437622070312e+02
1.148183212280273438e+02,1.201978530883789062e+02
1.015202713012695312e+02,1.156963348388671875e+02
1.141586608886718750e+02,1.234085235595703125e+02
1.185008773803710938e+02,1.253061065673828125e+02
1.134110717773437500e+02,1.223893814086914062e+02
1.015288772583007812e+02,1.153905944824218750e+02
1.007067337036132812e+02,1.163526840209960938e+02
1.243601989746093750e+02,1.223304977416992188e+02
9.406401824951171875e+01,1.092534561157226562e+02
1.020373535156250000e+02,1.149084930419921875e+02
1.078217773437500000e+02,1.127861938476562500e+02
8.812902832031250000e+01,9.571360015869140625e+01
1.101534194946289062e+02,1.168336181640625000e+02
1.146510238647460938e+02,1.212990875244140625e+02
1.175016555786132812e+02,1.241030578613281250e+02
1.139413528442382812e+02,1.203784179687500000e+02
9.733062744140625000e+01,1.115723724365234375e+02
1.141736068725585938e+02,1.189724426269531250e+02
1.180798568725585938e+02,1.184908447265625000e+02
1.157160415649414062e+02,1.205922851562500000e+02
1.126599731445312500e+02,1.157362365722656250e+02
1.077714462280273438e+02,1.136649780273437500e+02
1.099488143920898438e+02,1.161954574584960938e+02
1.072494277954101562e+02,1.177333374023437500e+02
1.188548812866210938e+02,1.200204315185546875e+02
1.052722854614257812e+02,1.146113128662109375e+02
1.124005126953125000e+02,1.196645202636718750e+02
9.286379241943359375e+01,1.072370147705078125e+02
1.207560729980468750e+02,1.228162231445312500e+02
1.166911315917968750e+02,1.213035736083984375e+02
1.127722778320312500e+02,1.165567016601562500e+02
1.331812133789062500e+02,1.378473815917968750e+02
1.340210113525390625e+02,1.393237915039062500e+02
1.342698669433593750e+02,1.365447998046875000e+02
1.261256713867187500e+02,1.351629943847656250e+02
1.347168426513671875e+02,1.365288238525390625e+02
1.333294067382812500e+02,1.368144378662109375e+02
1.334750366210937500e+02,1.365058441162109375e+02
1.343970642089843750e+02,1.377248687744140625e+02
1.365785675048828125e+02,1.393043823242187500e+02
1.379869232177734375e+02,1.397916564941406250e+02
1.298262786865234375e+02,1.361064453125000000e+02
1.162526855468750000e+02,1.296852264404296875e+02
1.140297012329101562e+02,1.299915313720703125e+02
1.178330307006835938e+02,1.268645324707031250e+02
1.213944931030273438e+02,1.298659667968750000e+02
1.204901046752929688e+02,1.311806488037109375e+02
1.174855346679687500e+02,1.279167785644531250e+02
1.119434204101562500e+02,1.265220718383789062e+02
1.138801040649414062e+02,1.300983428955078125e+02
1.202660903930664062e+02,1.334000244140625000e+02
1.285661163330078125e+02,1.339034118652343750e+02
1.099921798706054688e+02,1.314512786865234375e+02
1.123300170898437500e+02,1.315690002441406250e+02
1.174625625610351562e+02,1.334642028808593750e+02
5.252537918090820312e+01,1.026228942871093750e+02
9.057702636718750000e+01,1.292319335937500000e+02
9.051978302001953125e+01,1.273577880859375000e+02
1.135353775024414062e+02,1.336205749511718750e+02
8.583718109130859375e+01,1.217584075927734375e+02
1.037484970092773438e+02,1.283666229248046875e+02
8.531609344482421875e+01,1.274100494384765625e+02
8.913071441650390625e+01,1.291287231445312500e+02
9.652902221679687500e+01,1.283775024414062500e+02
1.142857666015625000e+02,1.342068786621093750e+02
8.686997222900390625e+01,1.095927810668945312e+02
1.168890380859375000e+02,1.358599853515625000e+02
8.947546386718750000e+01,1.286485595703125000e+02
9.042822265625000000e+01,1.301160583496093750e+02
8.872967529296875000e+01,1.264714126586914062e+02
9.911453247070312500e+01,1.242670593261718750e+02
1.127157821655273438e+02,1.334860839843750000e+02
1.160587539672851562e+02,1.356846923828125000e+02
1.155601806640625000e+02,1.334039154052734375e+02
9.406056976318359375e+01,1.302078399658203125e+02
8.726168060302734375e+01,1.189023895263671875e+02
4.080611038208007812e+01,9.819898223876953125e+01
4.290854263305664062e+01,9.740354919433593750e+01
3.287588882446289062e+01,8.761395263671875000e+01
1.133498306274414062e+02,1.356460266113281250e+02
1.132352676391601562e+02,1.357535858154296875e+02
1.148989944458007812e+02,1.334104461669921875e+02
1.055850753784179688e+02,1.311327056884765625e+02
1.104247817993164062e+02,1.341218566894531250e+02
1.109421157836914062e+02,1.339542541503906250e+02
1.114659805297851562e+02,1.351330718994140625e+02
1.077963638305664062e+02,1.323457946777343750e+02
1.180967407226562500e+02,1.372598876953125000e+02
1.183886947631835938e+02,1.363150024414062500e+02
1.150049438476562500e+02,1.345543823242187500e+02
1.181239318847656250e+02,1.340502166748046875e+02
1.183045272827148438e+02,1.375838928222656250e+02
1.257793350219726562e+02,1.368235168457031250e+02
1.288975372314453125e+02,1.374693450927734375e+02
6.330830001831054688e+01,1.082145538330078125e+02
1.270924377441406250e+02,1.325424804687500000e+02
6.679573822021484375e+01,8.845180511474609375e+01
6.857012176513671875e+01,8.465469360351562500e+01
6.527510833740234375e+01,9.627093505859375000e+01
7.348036193847656250e+01,9.940911865234375000e+01
6.053390502929687500e+01,8.114956665039062500e+01
6.207565689086914062e+01,8.460273742675781250e+01
5.999282455444335938e+01,7.962158203125000000e+01
8.213680267333984375e+01,9.656628417968750000e+01
9.182241821289062500e+01,1.021443328857421875e+02
5.997308349609375000e+01,7.966729736328125000e+01
5.480009841918945312e+01,9.082395935058593750e+01
7.792501068115234375e+01,1.002383270263671875e+02
5.498028564453125000e+01,8.655325317382812500e+01
1.167437438964843750e+02,1.303108520507812500e+02
1.155722122192382812e+02,1.265963821411132812e+02
1.125047378540039062e+02,1.235326843261718750e+02
1.204488754272460938e+02,1.361569824218750000e+02
1.195138244628906250e+02,1.351775207519531250e+02
1.269783706665039062e+02,1.366098937988281250e+02
1.256641159057617188e+02,1.372870483398437500e+02
6.157759475708007812e+01,1.175034942626953125e+02
6.560241699218750000e+01,1.210295715332031250e+02
6.712590789794921875e+01,1.233231048583984375e+02
6.371949768066406250e+01,1.239778442382812500e+02
6.272130203247070312e+01,1.205444793701171875e+02
6.914554595947265625e+01,1.140997619628906250e+02
1.032629013061523438e+02,1.281931152343750000e+02
1.014636230468750000e+02,1.289582519531250000e+02
1.017444229125976562e+02,1.299744873046875000e+02
1.046715087890625000e+02,1.343630218505859375e+02
1.025535659790039062e+02,1.302422790527343750e+02
1.025550308227539062e+02,1.311457977294921875e+02
1.087336044311523438e+02,1.354706573486328125e+02
1.003947525024414062e+02,1.305974426269531250e+02
9.956061553955078125e+01,1.305812835693359375e+02
1.054799423217773438e+02,1.352976989746093750e+02
1.037618026733398438e+02,1.269902343750000000e+02
1.209896011352539062e+02,1.343360290527343750e+02
1.052881546020507812e+02,1.225217132568359375e+02
7.981269073486328125e+01,1.054022598266601562e+02
9.124990844726562500e+01,1.113528366088867188e+02
8.591629028320312500e+01,1.117650680541992188e+02
9.724185943603515625e+01,1.247908325195312500e+02
7.349582672119140625e+01,9.120846557617187500e+01
1.073060379028320312e+02,1.130215225219726562e+02
6.611081695556640625e+01,6.657978820800781250e+01
8.927038574218750000e+01,8.305432128906250000e+01
5.837833786010742188e+01,6.399902343750000000e+01
8.750756072998046875e+01,8.254119110107421875e+01
1.069028701782226562e+02,9.734678649902343750e+01
1.007805252075195312e+02,9.657591247558593750e+01
7.084680938720703125e+01,7.965702819824218750e+01
7.101550292968750000e+01,7.837760925292968750e+01
7.540311431884765625e+01,7.692745971679687500e+01
3.503682327270507812e+01,7.366941833496093750e+01
3.907837295532226562e+01,7.423077392578125000e+01
3.152351188659667969e+01,7.211087036132812500e+01
3.564655685424804688e+01,7.314868927001953125e+01
3.713489151000976562e+01,7.103221893310546875e+01
2.920705413818359375e+01,6.713420104980468750e+01
4.192831420898437500e+01,7.859329223632812500e+01
3.343043136596679688e+01,6.591819763183593750e+01
4.122029876708984375e+01,8.922502899169921875e+01
4.753099441528320312e+01,8.252249145507812500e+01
4.325453567504882812e+01,6.292324066162109375e+01
4.810126876831054688e+01,6.894363403320312500e+01
5.636239624023437500e+01,6.990220642089843750e+01
3.519112014770507812e+01,5.200517272949218750e+01
5.443612670898437500e+01,6.904483032226562500e+01
9.405020904541015625e+01,1.028123168945312500e+02
1.014544906616210938e+02,1.135951614379882812e+02
1.025434799194335938e+02,1.046455841064453125e+02
1.262221755981445312e+02,1.196124572753906250e+02
1.206607437133789062e+02,1.170113525390625000e+02
1.236639404296875000e+02,1.185869598388671875e+02
7.294516754150390625e+01,9.099517822265625000e+01
6.723191070556640625e+01,8.185938262939453125e+01
6.673693084716796875e+01,9.061849212646484375e+01
6.457022857666015625e+01,8.512123107910156250e+01
7.056726074218750000e+01,8.821654510498046875e+01
5.911222839355468750e+01,7.665641021728515625e+01
5.460493087768554688e+01,7.418225097656250000e+01
6.154395675659179688e+01,8.114945983886718750e+01
6.516300201416015625e+01,8.568008422851562500e+01
6.389075851440429688e+01,8.077287292480468750e+01
6.790347290039062500e+01,8.611460876464843750e+01
6.894214630126953125e+01,8.326045227050781250e+01
3.368621063232421875e+01,8.529124450683593750e+01
8.193546295166015625e+01,8.659458923339843750e+01
1.171300659179687500e+02,1.169286880493164062e+02
1.137165145874023438e+02,1.184288940429687500e+02
1.011477432250976562e+02,1.099834518432617188e+02
1.057718124389648438e+02,1.097458038330078125e+02
8.992349243164062500e+01,9.911497497558593750e+01
1.100851135253906250e+02,1.144520416259765625e+02
1.062916641235351562e+02,1.135855789184570312e+02
9.148560333251953125e+01,9.870581054687500000e+01
1.002949829101562500e+02,1.041947021484375000e+02
9.016253662109375000e+01,8.948774719238281250e+01
5.350026321411132812e+01,8.056636047363281250e+01
7.433217620849609375e+01,9.324159240722656250e+01
5.197454452514648438e+01,8.024459838867187500e+01
7.238024902343750000e+01,9.354232788085937500e+01
9.897723388671875000e+01,1.201776733398437500e+02
8.171203613281250000e+01,9.752207946777343750e+01
5.696333694458007812e+01,8.211460876464843750e+01
8.087454223632812500e+01,9.858696746826171875e+01
8.599314117431640625e+01,7.839530944824218750e+01
2.950003051757812500e+01,3.370733642578125000e+01
3.404710388183593750e+01,3.327545166015625000e+01
3.491130447387695312e+01,3.741357421875000000e+01
8.956160736083984375e+01,6.229268646240234375e+01
1.153938674926757812e+02,8.970309448242187500e+01
1.030585632324218750e+02,8.711273193359375000e+01
7.262110900878906250e+01,8.635337829589843750e+01
8.728743743896484375e+01,1.107251892089843750e+02
1.136920089721679688e+02,1.169480590820312500e+02
4.591387939453125000e+01,1.057781219482421875e+02
6.679382324218750000e+01,1.033708343505859375e+02
6.785653686523437500e+01,1.067877349853515625e+02
8.633261108398437500e+01,1.134182586669921875e+02
6.848236846923828125e+01,1.013185577392578125e+02
7.840431976318359375e+01,1.063388519287109375e+02
6.824227905273437500e+01,1.021874084472656250e+02
8.635726165771484375e+01,1.098417892456054688e+02
6.864149475097656250e+01,1.022642898559570312e+02
8.800724029541015625e+01,1.080371093750000000e+02
8.975276947021484375e+01,1.155887451171875000e+02
9.782295989990234375e+01,1.099279632568359375e+02
6.926886749267578125e+01,1.002647476196289062e+02
4.794966125488281250e+01,8.907078552246093750e+01
4.766308593750000000e+01,9.370033264160156250e+01
3.174007606506347656e+01,6.451167297363281250e+01
2.857517051696777344e+01,6.383599853515625000e+01
3.533420944213867188e+01,6.994526672363281250e+01
3.513652038574218750e+01,6.294313430786132812e+01
4.026963424682617188e+01,8.241056060791015625e+01
2.954144859313964844e+01,6.300257492065429688e+01
4.447686386108398438e+01,7.849203491210937500e+01
3.534687042236328125e+01,6.692649841308593750e+01
3.973669052124023438e+01,7.334654235839843750e+01
3.524451065063476562e+01,7.392192077636718750e+01
3.407159805297851562e+01,6.479051208496093750e+01
3.966308975219726562e+01,7.426495361328125000e+01
3.377043533325195312e+01,6.498594665527343750e+01
3.878670883178710938e+01,7.652879333496093750e+01
3.228204727172851562e+01,7.046759033203125000e+01
4.112281799316406250e+01,7.702352142333984375e+01
3.083297157287597656e+01,7.362959289550781250e+01
6.623704528808593750e+01,9.614514160156250000e+01
1.225434646606445312e+02,1.268341979980468750e+02
1.010014877319335938e+02,1.154948272705078125e+02
1.223801879882812500e+02,1.264104156494140625e+02
1.188392868041992188e+02,1.221989898681640625e+02
1.138823471069335938e+02,1.219289245605468750e+02
1.129841079711914062e+02,1.208629455566406250e+02
9.340708160400390625e+01,1.151826782226562500e+02
1.088797378540039062e+02,1.224240570068359375e+02
1.225171890258789062e+02,1.272880096435546875e+02
1.182913208007812500e+02,1.228519592285156250e+02
1.091814498901367188e+02,1.193924942016601562e+02
1.203184432983398438e+02,1.233498535156250000e+02
1.142192993164062500e+02,1.241365966796875000e+02
1.235446777343750000e+02,1.265155944824218750e+02
1.137063064575195312e+02,1.242387695312500000e+02
1.102905960083007812e+02,1.209062423706054688e+02
1.209905014038085938e+02,1.226713562011718750e+02
1.014821548461914062e+02,1.183013305664062500e+02
1.132964706420898438e+02,1.235843200683593750e+02
1.141922378540039062e+02,1.217669677734375000e+02
1.250080184936523438e+02,1.270290222167968750e+02
1.236950073242187500e+02,1.266689147949218750e+02
1.019536132812500000e+02,1.189403686523437500e+02
1.139150695800781250e+02,1.244673385620117188e+02
1.189490127563476562e+02,1.256626281738281250e+02
1.258458023071289062e+02,1.287615356445312500e+02
1.146872634887695312e+02,1.225651550292968750e+02
1.051219482421875000e+02,1.097141189575195312e+02
1.051943740844726562e+02,1.084805297851562500e+02
5.412224960327148438e+01,6.385823822021484375e+01
5.971609497070312500e+01,8.357241821289062500e+01
4.622741699218750000e+01,7.759960937500000000e+01
7.238871002197265625e+01,1.030386962890625000e+02
3.731511688232421875e+01,8.456448364257812500e+01
3.907818222045898438e+01,8.561630249023437500e+01
5.907383346557617188e+01,9.909441375732421875e+01
3.530175781250000000e+01,8.133049011230468750e+01
3.808546066284179688e+01,8.281315612792968750e+01
3.413603210449218750e+01,7.928739929199218750e+01
3.794830703735351562e+01,8.220382690429687500e+01
5.679595947265625000e+01,9.784161376953125000e+01
5.868494796752929688e+01,1.002638092041015625e+02
3.753930664062500000e+01,7.730975341796875000e+01
3.804536819458007812e+01,6.861120605468750000e+01
4.462942504882812500e+01,7.299762725830078125e+01
4.172479629516601562e+01,6.887655639648437500e+01
3.166627502441406250e+01,4.389410400390625000e+01
2.742035865783691406e+01,3.998653411865234375e+01
1.692896080017089844e+01,1.820574951171875000e+01
6.705588531494140625e+01,7.548897552490234375e+01
6.322840881347656250e+01,7.122526550292968750e+01
3.833858871459960938e+01,6.144567871093750000e+01
5.328234863281250000e+01,5.560276412963867188e+01
4.664140701293945312e+01,8.690225219726562500e+01
6.795178985595703125e+01,9.165023040771484375e+01
3.082023048400878906e+01,6.979045104980468750e+01
3.092778968811035156e+01,6.986649322509765625e+01
2.813619422912597656e+01,6.938957214355468750e+01
4.868251037597656250e+01,7.700163269042968750e+01
3.654445266723632812e+01,7.775807952880859375e+01
4.097294235229492188e+01,7.880503845214843750e+01
4.043589019775390625e+01,8.035181427001953125e+01
4.003917312622070312e+01,7.947460937500000000e+01
3.598527908325195312e+01,7.710663604736328125e+01
4.065909576416015625e+01,7.837091064453125000e+01
3.999204254150390625e+01,8.064196777343750000e+01
3.962334442138671875e+01,7.933781433105468750e+01
3.304237747192382812e+01,6.750603485107421875e+01
3.559763717651367188e+01,7.542108154296875000e+01
2.774888801574707031e+01,7.082096862792968750e+01
3.058115386962890625e+01,7.179151916503906250e+01
2.769442558288574219e+01,6.945711517333984375e+01
3.443012619018554688e+01,7.634486389160156250e+01
2.731816673278808594e+01,7.204353332519531250e+01
3.020549964904785156e+01,7.181734466552734375e+01
2.853005409240722656e+01,7.045974731445312500e+01
3.260953521728515625e+01,6.739609527587890625e+01
3.506853103637695312e+01,7.575848388671875000e+01
2.672499656677246094e+01,7.017429351806640625e+01
2.947808647155761719e+01,7.118278503417968750e+01
2.679080772399902344e+01,6.910520935058593750e+01
2.922010040283203125e+01,7.110993957519531250e+01
4.172353363037109375e+01,7.230682373046875000e+01
3.437734603881835938e+01,6.633312988281250000e+01
6.577715301513671875e+01,8.867176055908203125e+01
5.184262466430664062e+01,8.279079437255859375e+01
4.268544006347656250e+01,8.458679199218750000e+01
3.935589981079101562e+01,8.273603820800781250e+01
7.862641143798828125e+01,9.982151794433593750e+01
3.779277420043945312e+01,7.338102722167968750e+01
3.459431457519531250e+01,3.927988815307617188e+01
3.261743927001953125e+01,7.473065185546875000e+01
6.443640136718750000e+01,9.582974243164062500e+01
6.555175018310546875e+01,1.006410369873046875e+02
4.838927078247070312e+01,8.090142822265625000e+01
2.768763732910156250e+01,7.015982055664062500e+01
5.672732543945312500e+01,9.182262420654296875e+01
4.074793243408203125e+01,7.444130706787109375e+01
1.042054977416992188e+02,1.365459594726562500e+02
3.609741592407226562e+01,9.349813842773437500e+01
5.877066040039062500e+01,9.128944396972656250e+01
9.301090240478515625e+01,1.041503906250000000e+02
7.482677459716796875e+01,9.968072509765625000e+01
7.002893066406250000e+01,9.114430236816406250e+01
6.154606246948242188e+01,8.571775054931640625e+01
7.833883666992187500e+01,1.006002120971679688e+02
6.939006805419921875e+01,8.964569091796875000e+01
5.974270629882812500e+01,8.683111572265625000e+01
5.598275375366210938e+01,9.659986877441406250e+01
6.847182464599609375e+01,1.065276031494140625e+02
7.353435516357421875e+01,9.797286987304687500e+01
7.837298583984375000e+01,1.030293579101562500e+02
6.144532775878906250e+01,8.125163269042968750e+01
7.626161193847656250e+01,8.925726318359375000e+01
7.087902069091796875e+01,9.631730651855468750e+01
6.492984008789062500e+01,9.022324371337890625e+01
7.432740020751953125e+01,9.766168975830078125e+01
6.333227539062500000e+01,8.248137664794921875e+01
7.578670501708984375e+01,9.551977539062500000e+01
5.486696243286132812e+01,8.041904449462890625e+01
6.243313598632812500e+01,9.266531372070312500e+01
6.695075225830078125e+01,8.974606323242187500e+01
5.938919067382812500e+01,9.617076110839843750e+01
5.251002502441406250e+01,8.193631744384765625e+01
8.845965576171875000e+01,1.032709579467773438e+02
6.412964630126953125e+01,8.981779479980468750e+01
6.460656738281250000e+01,9.339167785644531250e+01
5.504586410522460938e+01,8.270936584472656250e+01
7.385774993896484375e+01,9.981355285644531250e+01
6.339288330078125000e+01,8.631080627441406250e+01
6.897583770751953125e+01,9.395130920410156250e+01
5.502678298950195312e+01,8.491874694824218750e+01
7.610705566406250000e+01,9.939364624023437500e+01
6.498399353027343750e+01,8.587386322021484375e+01
1.063224716186523438e+02,1.109720458984375000e+02
9.050882720947265625e+01,1.042358856201171875e+02
3.688634872436523438e+01,5.862806701660156250e+01
3.895695877075195312e+01,5.106803894042968750e+01
4.637759780883789062e+01,5.427373504638671875e+01
7.746649932861328125e+01,9.638980102539062500e+01
8.281683349609375000e+01,8.756404113769531250e+01
7.838115692138671875e+01,1.257591705322265625e+02
1.289840698242187500e+02,1.291909790039062500e+02
1.041948013305664062e+02,1.206624298095703125e+02
1.256629028320312500e+02,1.327184448242187500e+02
1.047155838012695312e+02,1.205072784423828125e+02
1.114612960815429688e+02,1.259738235473632812e+02
9.598513031005859375e+01,1.148079223632812500e+02
3.738907241821289062e+01,9.108308410644531250e+01
3.741471481323242188e+01,8.784272766113281250e+01
3.889585494995117188e+01,9.095010375976562500e+01
4.549779891967773438e+01,9.034364318847656250e+01
5.004377365112304688e+01,9.974031066894531250e+01
4.236413574218750000e+01,9.030850219726562500e+01
4.816185379028320312e+01,9.603054809570312500e+01
4.322770690917968750e+01,9.298077392578125000e+01
5.153847122192382812e+01,9.664022827148437500e+01
3.649758529663085938e+01,8.458155822753906250e+01
3.733671951293945312e+01,8.509112548828125000e+01
4.686773300170898438e+01,8.468884277343750000e+01
5.602754211425781250e+01,8.914935302734375000e+01
4.399992752075195312e+01,8.228927612304687500e+01
4.085505294799804688e+01,7.746021270751953125e+01
4.646905517578125000e+01,8.252816009521484375e+01
5.953812789916992188e+01,9.649363708496093750e+01
5.730125808715820312e+01,9.297563171386718750e+01
2.509509849548339844e+01,6.037958908081054688e+01
5.167311096191406250e+01,8.392825317382812500e+01
5.643758010864257812e+01,8.903363037109375000e+01
8.113501739501953125e+01,1.038616790771484375e+02
7.544476318359375000e+01,1.009793853759765625e+02
7.183631896972656250e+01,9.755402374267578125e+01
7.923952484130859375e+01,9.944784545898437500e+01
6.123274612426757812e+01,9.496417236328125000e+01
7.231027221679687500e+01,1.002162628173828125e+02
7.450704956054687500e+01,1.012804107666015625e+02
6.608843994140625000e+01,9.459677886962890625e+01
6.891797637939453125e+01,9.703949737548828125e+01
5.545764160156250000e+01,8.820851135253906250e+01
5.326620101928710938e+01,8.861655426025390625e+01
6.072126770019531250e+01,9.013307189941406250e+01
5.850105667114257812e+01,8.824480438232421875e+01
4.252045059204101562e+01,7.591758728027343750e+01
4.754164505004882812e+01,8.118399047851562500e+01
5.225054931640625000e+01,8.164137268066406250e+01
5.221242904663085938e+01,8.294355773925781250e+01
4.515793228149414062e+01,7.636552429199218750e+01
4.704615402221679688e+01,8.004627990722656250e+01
5.223917770385742188e+01,8.432447814941406250e+01
5.028295898437500000e+01,8.196606445312500000e+01
5.040649414062500000e+01,8.397093200683593750e+01
6.612689208984375000e+01,9.547843933105468750e+01
7.698744201660156250e+01,1.021442413330078125e+02
5.137849426269531250e+01,8.245883178710937500e+01
4.983615112304687500e+01,8.144466400146484375e+01
5.893876647949218750e+01,8.564248657226562500e+01
4.643679428100585938e+01,7.867043304443359375e+01
9.019342041015625000e+01,1.262703094482421875e+02
1.709139060974121094e+01,5.844261169433593750e+01
1.817848014831542969e+01,5.706117248535156250e+01
2.227879524230957031e+01,6.655377197265625000e+01
2.079201507568359375e+01,6.563211059570312500e+01
1.855986404418945312e+01,5.717720413208007812e+01
2.301452064514160156e+01,6.211115646362304688e+01
1.859628105163574219e+01,5.559695053100585938e+01
1.764776802062988281e+01,5.881549835205078125e+01
1.897066879272460938e+01,5.727624893188476562e+01
1.867817878723144531e+01,5.757589721679687500e+01
2.047266960144042969e+01,5.316361999511718750e+01
1.753959274291992188e+01,6.137916564941406250e+01
3.997205352783203125e+01,8.686783599853515625e+01
2.353085899353027344e+01,8.891930389404296875e+01
2.638462066650390625e+01,9.132180786132812500e+01
4.438374710083007812e+01,1.025238494873046875e+02
2.418792533874511719e+01,9.406601715087890625e+01
1.898022651672363281e+01,8.453355407714843750e+01
2.049154663085937500e+01,9.015879821777343750e+01
2.465834617614746094e+01,9.256301879882812500e+01
3.778271102905273438e+01,9.762869262695312500e+01
5.515811157226562500e+01,9.640492248535156250e+01
3.344880676269531250e+01,9.388478088378906250e+01
4.132256698608398438e+01,9.725933837890625000e+01
4.636893844604492188e+01,9.512487792968750000e+01
3.182924842834472656e+01,7.538964843750000000e+01
2.941105651855468750e+01,7.210538482666015625e+01
2.777481651306152344e+01,7.279716491699218750e+01
2.857678222656250000e+01,7.500189971923828125e+01
1.747823524475097656e+01,6.974521636962890625e+01
1.651851081848144531e+01,7.062779235839843750e+01
2.019897651672363281e+01,6.934550476074218750e+01
2.811238670349121094e+01,7.243019866943359375e+01
3.821246337890625000e+01,6.974762725830078125e+01
2.778223609924316406e+01,6.960251617431640625e+01
1.070019302368164062e+02,1.272519531250000000e+02
8.302123260498046875e+01,1.127470474243164062e+02
9.092700195312500000e+01,1.224608764648437500e+02
7.783852386474609375e+01,1.138606643676757812e+02
9.711544036865234375e+01,1.268956909179687500e+02
2.890457153320312500e+01,5.698186492919921875e+01
2.384604454040527344e+01,5.418661499023437500e+01
2.404893302917480469e+01,5.347345733642578125e+01
2.341452789306640625e+01,5.573128509521484375e+01
2.205423545837402344e+01,5.815024566650390625e+01
2.235572242736816406e+01,5.623448944091796875e+01
9.149398040771484375e+01,1.215798950195312500e+02
1.013172988891601562e+02,1.326269226074218750e+02
1.120670394897460938e+02,1.348743438720703125e+02
9.712540435791015625e+01,1.307828521728515625e+02
8.265732574462890625e+01,1.235998229980468750e+02
4.662380599975585938e+01,8.639793395996093750e+01
2.019813537597656250e+01,4.817893600463867188e+01
1.863632965087890625e+01,5.198091888427734375e+01
2.113605880737304688e+01,5.410833740234375000e+01
8.094678497314453125e+01,1.136792907714843750e+02
9.444600677490234375e+01,1.275251312255859375e+02
7.635341644287109375e+01,1.294409027099609375e+02
4.804935836791992188e+01,1.115574874877929688e+02
4.528492736816406250e+01,1.050529098510742188e+02
4.078620529174804688e+01,1.145952911376953125e+02
4.256619644165039062e+01,1.086900558471679688e+02
5.531248855590820312e+01,1.076722106933593750e+02
4.371641540527343750e+01,1.088353500366210938e+02
5.425866699218750000e+01,1.156004486083984375e+02
4.448633956909179688e+01,1.048633804321289062e+02
3.748408126831054688e+01,9.413375854492187500e+01
5.167697143554687500e+01,1.004897613525390625e+02
3.683234786987304688e+01,1.030211868286132812e+02
4.007632827758789062e+01,9.985590362548828125e+01
4.030593109130859375e+01,9.302183532714843750e+01
8.824391937255859375e+01,1.156461944580078125e+02
8.518943023681640625e+01,1.162557830810546875e+02
3.225954818725585938e+01,4.200850677490234375e+01
3.967363739013671875e+01,4.212572479248046875e+01
9.296254730224609375e+01,1.305386352539062500e+02
1.050782852172851562e+02,1.320493164062500000e+02
9.282816314697265625e+01,1.295545043945312500e+02
8.087169647216796875e+01,1.232647552490234375e+02
8.906204223632812500e+01,1.255559997558593750e+02
7.640267181396484375e+01,1.249704589843750000e+02
5.630480957031250000e+01,1.147792205810546875e+02
7.899180603027343750e+01,1.330270996093750000e+02
1.093366775512695312e+02,1.372572326660156250e+02
9.863661956787109375e+01,1.355310668945312500e+02
9.340700531005859375e+01,1.356543731689453125e+02
1.011812515258789062e+02,1.331014099121093750e+02
9.164495849609375000e+01,1.320918884277343750e+02
1.071379623413085938e+02,1.374756011962890625e+02
8.334516906738281250e+01,1.331267242431640625e+02
7.878311920166015625e+01,1.274654846191406250e+02
9.402325439453125000e+01,1.321274719238281250e+02
7.136661529541015625e+01,1.225869750976562500e+02
9.031296539306640625e+01,1.293249359130859375e+02
8.944915771484375000e+01,1.329430236816406250e+02
8.875055694580078125e+01,1.312786712646484375e+02
7.602016448974609375e+01,1.293598937988281250e+02
7.396777343750000000e+01,1.275998687744140625e+02
9.100295257568359375e+01,1.337247314453125000e+02
9.898326873779296875e+01,1.331609191894531250e+02
8.126137542724609375e+01,1.257940139770507812e+02
8.112496948242187500e+01,1.169346008300781250e+02
5.952464294433593750e+01,1.033108978271484375e+02
5.969028854370117188e+01,1.026833801269531250e+02
7.807640838623046875e+01,1.088699798583984375e+02
6.640570068359375000e+01,1.031690979003906250e+02
1.961606025695800781e+01,6.368511199951171875e+00
3.960130310058593750e+01,6.349795913696289062e+01
3.539138412475585938e+01,5.255327606201171875e+01
2.693429565429687500e+01,3.402173614501953125e+01
4.317368698120117188e+01,9.066146087646484375e+01
4.257490921020507812e+01,1.485917282104492188e+01
2.973001098632812500e+01,6.487672424316406250e+01
2.883118629455566406e+01,5.933157348632812500e+01
4.086621856689453125e+01,3.746063232421875000e+01
1.007548828125000000e+02,8.547373962402343750e+01
1.045654296875000000e+02,9.088197326660156250e+01
9.480913543701171875e+01,7.739859771728515625e+01
1.000288619995117188e+02,8.641519165039062500e+01
1.016000976562500000e+02,8.124879455566406250e+01
9.909821319580078125e+01,8.029335021972656250e+01
1.006954727172851562e+02,8.404299926757812500e+01
2.065931129455566406e+01,1.576814079284667969e+01
2.199333000183105469e+01,1.656863594055175781e+01
8.272811126708984375e+01,9.062238311767578125e+01
7.929549407958984375e+01,8.508204650878906250e+01
7.947661590576171875e+01,8.575740051269531250e+01
5.441029357910156250e+01,8.929714202880859375e+01
4.915180969238281250e+01,8.076016235351562500e+01
4.370020675659179688e+01,8.802526855468750000e+01
4.782141494750976562e+01,7.637820434570312500e+01
8.220796203613281250e+01,9.361856079101562500e+01
6.002249145507812500e+01,9.065454864501953125e+01
5.603811264038085938e+01,8.433560180664062500e+01
4.839019393920898438e+01,8.957473754882812500e+01
5.476141357421875000e+01,8.057101440429687500e+01
4.880784988403320312e+01,8.583367919921875000e+01
4.455329513549804688e+01,7.756272888183593750e+01
3.750309371948242188e+01,7.506446838378906250e+01
9.142391204833984375e+01,1.032831802368164062e+02
5.377495956420898438e+01,8.628569030761718750e+01
5.046631240844726562e+01,8.022522735595703125e+01
7.196596527099609375e+01,1.046646118164062500e+02
5.431773757934570312e+01,8.959431457519531250e+01
4.989614868164062500e+01,8.029722595214843750e+01
5.998855590820312500e+01,7.749696350097656250e+01
9.251180267333984375e+01,9.786061096191406250e+01
4.942113113403320312e+01,5.633010864257812500e+01
7.674278259277343750e+01,9.725410461425781250e+01
8.260762786865234375e+01,9.474315643310546875e+01
8.001425933837890625e+01,1.008126525878906250e+02
5.738331604003906250e+01,8.158403778076171875e+01
5.361790466308593750e+01,7.923191070556640625e+01
5.729579544067382812e+01,8.006265258789062500e+01
7.368337249755859375e+01,8.780344390869140625e+01
7.885125732421875000e+01,9.229092407226562500e+01
7.303820800781250000e+01,8.713308715820312500e+01
7.767595672607421875e+01,9.057733154296875000e+01
8.467381286621093750e+01,1.103141250610351562e+02
6.472058868408203125e+01,9.002838134765625000e+01
4.254899597167968750e+01,7.527445983886718750e+01
5.147856521606445312e+01,5.943150711059570312e+01
6.135185623168945312e+01,8.768084716796875000e+01
7.488528442382812500e+01,8.472355651855468750e+01
5.713427734375000000e+01,8.809913635253906250e+01
2.801349449157714844e+01,4.834282684326171875e+01
6.801110839843750000e+01,7.059816741943359375e+01
7.567446136474609375e+01,7.683502197265625000e+01
7.014080047607421875e+01,7.338113403320312500e+01
6.157158279418945312e+01,6.479403686523437500e+01
8.144561767578125000e+01,8.423333740234375000e+01
2.179854393005371094e+01,1.248315238952636719e+01
7.076101684570312500e+01,8.669885253906250000e+01
4.414098739624023438e+01,5.750182342529296875e+01
5.417742919921875000e+01,7.178326416015625000e+01
3.816095352172851562e+01,5.699191284179687500e+01
4.299484252929687500e+01,5.401726531982421875e+01
6.928578186035156250e+01,6.497532653808593750e+01
4.824416732788085938e+01,5.297711944580078125e+01
2.891934204101562500e+01,7.496356201171875000e+01
3.861621093750000000e+01,8.668879699707031250e+01
2.709784889221191406e+01,7.759170532226562500e+01
2.762574768066406250e+01,7.818412780761718750e+01
2.767603492736816406e+01,7.841716003417968750e+01
3.908201217651367188e+01,8.602187347412109375e+01
2.723956298828125000e+01,7.797122192382812500e+01
3.049466896057128906e+01,7.474990844726562500e+01
1.455469799041748047e+01,7.901611328125000000e+00
1.715884208679199219e+01,1.295505523681640625e+01
4.438663101196289062e+01,4.834468460083007812e+01
9.160709381103515625e+01,9.511807250976562500e+01
6.806055450439453125e+01,6.241523742675781250e+01
6.033143997192382812e+01,6.280120086669921875e+01
6.311097335815429688e+01,6.116857910156250000e+01
6.344294357299804688e+01,5.822026062011718750e+01
5.746080398559570312e+01,5.681570434570312500e+01
5.657869338989257812e+01,5.945624542236328125e+01
6.255339050292968750e+01,5.882933807373046875e+01
5.166702270507812500e+01,5.712440490722656250e+01
7.528159332275390625e+01,9.735083007812500000e+01
7.585910034179687500e+01,9.699407958984375000e+01
7.882010650634765625e+01,1.005851593017578125e+02
7.875888061523437500e+01,9.912457275390625000e+01
7.726690673828125000e+01,9.731080627441406250e+01
7.779604339599609375e+01,9.706018829345703125e+01
8.038903045654296875e+01,9.564626312255859375e+01
7.234688568115234375e+01,9.276353454589843750e+01
7.437183380126953125e+01,9.677487182617187500e+01
7.629665374755859375e+01,9.609266662597656250e+01
8.025440216064453125e+01,1.023933105468750000e+02
1.012484512329101562e+02,1.116031341552734375e+02
1.024515991210937500e+02,1.135083007812500000e+02
9.594754028320312500e+01,1.124941864013671875e+02
1.057392349243164062e+02,1.160328750610351562e+02
1.098209228515625000e+02,1.129403076171875000e+02
1.030401229858398438e+02,1.098588562011718750e+02
1.141111068725585938e+02,1.144675903320312500e+02
1.018828353881835938e+02,1.120680541992187500e+02
9.420871734619140625e+01,1.098454208374023438e+02
1.055580368041992188e+02,1.142113189697265625e+02
1.030557022094726562e+02,1.140281066894531250e+02
9.570168304443359375e+01,1.127749252319335938e+02
1.061217269897460938e+02,1.160667114257812500e+02
1.015836257934570312e+02,1.086596527099609375e+02
1.135616760253906250e+02,1.138428268432617188e+02
1.093047485351562500e+02,1.125661010742187500e+02
1.019700241088867188e+02,1.098128662109375000e+02
1.140065917968750000e+02,1.141740570068359375e+02
1.127722396850585938e+02,1.150065460205078125e+02
1.121163558959960938e+02,1.144507064819335938e+02
4.622824096679687500e+01,5.007012176513671875e+01
5.338327407836914062e+01,5.470737838745117188e+01
9.541819000244140625e+01,1.045838623046875000e+02
1.221994552612304688e+02,1.191739044189453125e+02
3.586470413208007812e+01,4.661013031005859375e+01
8.144470214843750000e+01,7.896342468261718750e+01
1.199673080444335938e+02,1.117090148925781250e+02
3.900256729125976562e+01,4.863263702392578125e+01
8.101717376708984375e+01,7.780700683593750000e+01
8.899385833740234375e+01,8.464369201660156250e+01
1.251543273925781250e+02,1.138663787841796875e+02
1.169576034545898438e+02,1.049589843750000000e+02
1.066487426757812500e+02,9.524453735351562500e+01
1.184996948242187500e+02,1.066519927978515625e+02
1.215751724243164062e+02,1.084030456542968750e+02
7.852103424072265625e+01,7.723267364501953125e+01
3.337237930297851562e+01,6.371313095092773438e+01
4.658577346801757812e+01,7.331170654296875000e+01
2.258891296386718750e+01,7.159420013427734375e+01
2.342003440856933594e+01,7.270034790039062500e+01
2.113976097106933594e+01,7.248407745361328125e+01
2.349295043945312500e+01,6.920997619628906250e+01
2.244317626953125000e+01,6.774293518066406250e+01
1.925375556945800781e+01,7.171989440917968750e+01
2.275008583068847656e+01,7.000744628906250000e+01
2.134768867492675781e+01,6.949488830566406250e+01
2.658449745178222656e+01,7.220060729980468750e+01
1.877437973022460938e+01,6.655164337158203125e+01
1.882854652404785156e+01,6.764713287353515625e+01
1.778394889831542969e+01,6.652050781250000000e+01
1.696907806396484375e+01,6.650000000000000000e+01
2.961947059631347656e+01,6.906584930419921875e+01
1.984743690490722656e+01,6.286301422119140625e+01
2.754153633117675781e+01,6.942637634277343750e+01
2.229299354553222656e+01,6.182742309570312500e+01
1.888656806945800781e+01,6.278779602050781250e+01
1.897614479064941406e+01,6.150538635253906250e+01
2.853646278381347656e+01,6.984156799316406250e+01
2.388993835449218750e+01,6.581913757324218750e+01
3.625253677368164062e+01,7.566318511962890625e+01
2.275944519042968750e+01,7.313552856445312500e+01
5.274735641479492188e+01,1.048015441894531250e+02
5.812806320190429688e+01,8.707275390625000000e+01
3.986563491821289062e+01,1.031576080322265625e+02
4.218712997436523438e+01,5.808436584472656250e+01
2.615340232849121094e+01,7.767437744140625000e+01
7.218686676025390625e+01,7.683505249023437500e+01
5.682052612304687500e+01,5.812493133544921875e+01
8.167728424072265625e+01,6.774475097656250000e+01
1.727506065368652344e+01,2.925741958618164062e+01
3.505097579956054688e+01,4.007376861572265625e+01
9.464131927490234375e+01,1.049487609863281250e+02
8.870578765869140625e+01,8.959465026855468750e+01
8.972680664062500000e+01,9.123062133789062500e+01
8.185340118408203125e+01,8.906326293945312500e+01
7.962319183349609375e+01,8.225894927978515625e+01
7.857757568359375000e+01,7.914089202880859375e+01
8.075864410400390625e+01,8.431035614013671875e+01
1.079085083007812500e+02,1.051342620849609375e+02
9.655771636962890625e+01,9.279556274414062500e+01
1.013911361694335938e+02,9.715023040771484375e+01
1.018029479980468750e+02,9.689175415039062500e+01
1.142903518676757812e+02,1.128857269287109375e+02
1.280397491455078125e+02,1.195714721679687500e+02
1.171371231079101562e+02,1.143936920166015625e+02
1.063621292114257812e+02,1.115688323974609375e+02
1.268556137084960938e+02,1.183878784179687500e+02
1.052925186157226562e+02,1.124453125000000000e+02
8.278743743896484375e+01,8.318170166015625000e+01
5.672088241577148438e+01,3.590248107910156250e+01
1.276031875610351562e+02,1.207225036621093750e+02
1.212839736938476562e+02,1.206815872192382812e+02
1.210206832885742188e+02,1.182205505371093750e+02
9.304794311523437500e+01,9.499626159667968750e+01
4.477139282226562500e+01,1.327609252929687500e+01
4.741652297973632812e+01,1.487121677398681641e+01
8.784543609619140625e+01,8.336627960205078125e+01
1.008592529296875000e+02,8.900663757324218750e+01
1.071670913696289062e+02,1.102946472167968750e+02
8.562038421630859375e+01,8.940295410156250000e+01
8.154009246826171875e+01,8.399557495117187500e+01
3.560844802856445312e+01,8.661153793334960938e+00
3.786436080932617188e+01,5.394313049316406250e+01
3.166685485839843750e+01,1.937810134887695312e+01
8.060168457031250000e+01,1.112795333862304688e+02
4.988755798339843750e+01,8.813951110839843750e+01
5.986611938476562500e+01,8.642533874511718750e+01
5.886839675903320312e+01,1.020283660888671875e+02
6.682062530517578125e+01,9.547151947021484375e+01
2.789195251464843750e+01,2.367729949951171875e+01
3.311506271362304688e+01,2.840391159057617188e+01
3.136363792419433594e+01,3.034839057922363281e+01
1.115162429809570312e+02,1.050713958740234375e+02
8.874221038818359375e+01,8.441107177734375000e+01
3.415006637573242188e+01,1.354044342041015625e+01
3.927561569213867188e+01,8.393512725830078125e+00
3.942111206054687500e+01,1.780442619323730469e+01
3.780144119262695312e+01,1.512142181396484375e+01
1.304245300292968750e+02,1.076690368652343750e+02
1.114530029296875000e+02,8.175793457031250000e+01
1.092118759155273438e+02,8.214445495605468750e+01
6.223669433593750000e+01,2.871961975097656250e+01
9.648281860351562500e+01,5.904576110839843750e+01
7.436517333984375000e+01,3.527032470703125000e+01
8.464998626708984375e+01,8.229363250732421875e+01
1.130399169921875000e+02,1.074264755249023438e+02
1.131581802368164062e+02,1.042758407592773438e+02
8.492906188964843750e+01,1.021841125488281250e+02
5.258087158203125000e+01,8.049821472167968750e+01
5.080583190917968750e+01,7.873390197753906250e+01
8.480049896240234375e+01,9.666524505615234375e+01
5.208949661254882812e+01,8.647459411621093750e+01
1.318961029052734375e+02,1.317781066894531250e+02
1.178884506225585938e+02,1.206556625366210938e+02
9.457073974609375000e+01,1.036838302612304688e+02
1.300899353027343750e+02,1.250749969482421875e+02
1.085093765258789062e+02,1.099861679077148438e+02
6.207324218750000000e+01,8.874226379394531250e+01
6.894680023193359375e+01,9.148576354980468750e+01
1.002381820678710938e+02,1.060449981689453125e+02
6.400582885742187500e+01,7.800672149658203125e+01
2.077568244934082031e+01,1.260826301574707031e+01
8.562030029296875000e+01,5.889723968505859375e+01
1.987944221496582031e+01,1.191716384887695312e+01
9.032071685791015625e+01,8.046375274658203125e+01
1.217841186523437500e+02,1.114490127563476562e+02
7.057238769531250000e+01,5.427686309814453125e+01
9.383380126953125000e+01,7.858769226074218750e+01
8.695061492919921875e+01,6.968692016601562500e+01
2.880644226074218750e+01,1.352567672729492188e+01
9.994415283203125000e+01,8.804986572265625000e+01
3.320438003540039062e+01,2.561819458007812500e+01
9.207501983642578125e+01,7.361360931396484375e+01
1.034527359008789062e+02,7.620735168457031250e+01
9.054486083984375000e+01,6.002574920654296875e+01
5.259660339355468750e+01,3.932300567626953125e+01
1.332955932617187500e+01,5.695446968078613281e+00
6.188465499877929688e+01,6.339196777343750000e+01
5.583035659790039062e+01,4.832984161376953125e+01
5.366857528686523438e+01,4.500839233398437500e+01
8.039137268066406250e+01,7.661921691894531250e+01
1.052087783813476562e+02,9.710903167724609375e+01
4.903070068359375000e+01,4.101851654052734375e+01
6.594495391845703125e+01,7.665144348144531250e+01
1.503091335296630859e+01,2.988059616088867188e+01
1.547349548339843750e+01,3.364736175537109375e+01
2.703120613098144531e+01,4.173123168945312500e+01
1.703652763366699219e+01,2.019754219055175781e+01
8.672619628906250000e+01,9.079434204101562500e+01
9.535230255126953125e+01,9.321374511718750000e+01
8.731400299072265625e+01,8.904317474365234375e+01
8.913684844970703125e+01,8.532196807861328125e+01
4.200490951538085938e+01,3.508180999755859375e+01
5.565922164916992188e+01,1.078302154541015625e+02
8.469120025634765625e+01,1.244855728149414062e+02
1.325501556396484375e+02,1.322359161376953125e+02
1.365785675048828125e+02,1.261089782714843750e+02
1.327490081787109375e+02,1.224930725097656250e+02
1.365835723876953125e+02,1.242819976806640625e+02
8.242507171630859375e+01,1.063291473388671875e+02
9.063415527343750000e+01,1.116987457275390625e+02
7.386140441894531250e+01,9.870710754394531250e+01
6.719045257568359375e+01,8.494438171386718750e+01
8.177210235595703125e+01,1.033504486083984375e+02
8.299238586425781250e+01,1.020940628051757812e+02
8.642465972900390625e+01,1.154554443359375000e+02
8.396430206298828125e+01,1.021981048583984375e+02
8.788836669921875000e+01,1.081266479492187500e+02
9.146715545654296875e+01,1.096428146362304688e+02
8.842905426025390625e+01,1.040301208496093750e+02
6.595482635498046875e+01,7.426887512207031250e+01
6.316533279418945312e+01,8.541702270507812500e+01
5.867607498168945312e+01,6.612704467773437500e+01
6.749965667724609375e+01,7.919459533691406250e+01
6.573497009277343750e+01,7.257452392578125000e+01
7.520958709716796875e+01,8.882473754882812500e+01
7.260800933837890625e+01,8.327980804443359375e+01
9.887337493896484375e+01,1.092801208496093750e+02
9.935644531250000000e+01,1.093656539916992188e+02
8.100888061523437500e+01,8.926397705078125000e+01
1.021179199218750000e+02,1.166916961669921875e+02
9.986236572265625000e+01,1.007201995849609375e+02
9.856092071533203125e+01,1.082556152343750000e+02
1.004011611938476562e+02,1.103460845947265625e+02
9.924192047119140625e+01,1.072101135253906250e+02
1.001321029663085938e+02,1.009334564208984375e+02
1.060488052368164062e+02,1.136923370361328125e+02
1.036282577514648438e+02,1.090533676147460938e+02
9.999991607666015625e+01,1.071367492675781250e+02
8.040134429931640625e+01,8.753379821777343750e+01
7.978707122802734375e+01,8.859394836425781250e+01
7.134143829345703125e+01,7.416358947753906250e+01
7.936537933349609375e+01,9.124575805664062500e+01
8.528182220458984375e+01,1.023408508300781250e+02
9.084113311767578125e+01,9.603977966308593750e+01
8.407709503173828125e+01,9.940692138671875000e+01
8.211563110351562500e+01,8.555062866210937500e+01
9.021683502197265625e+01,9.515853881835937500e+01
8.826584625244140625e+01,9.115213775634765625e+01
8.291439819335937500e+01,8.568569183349609375e+01
1.039096450805664062e+02,1.152150497436523438e+02
5.837154769897460938e+01,9.644207763671875000e+01
8.438881683349609375e+01,9.300267028808593750e+01
4.463037109375000000e+01,7.472152709960937500e+01
6.305769348144531250e+01,7.869918823242187500e+01
3.375992202758789062e+01,8.024501800537109375e+01
3.252713394165039062e+01,7.875054931640625000e+01
3.212528610229492188e+01,7.293385314941406250e+01
3.125393676757812500e+01,7.063394927978515625e+01
3.709313583374023438e+01,7.902885437011718750e+01
3.727300643920898438e+01,7.959935760498046875e+01
3.601066970825195312e+01,7.751215362548828125e+01
2.915773010253906250e+01,6.812483978271484375e+01
2.445104408264160156e+01,5.945022583007812500e+01
3.758210372924804688e+01,8.897668457031250000e+01
2.509244537353515625e+01,8.292140197753906250e+01
2.469753265380859375e+01,8.511103820800781250e+01
2.450274085998535156e+01,8.562501525878906250e+01
4.624539184570312500e+01,8.876942443847656250e+01
3.692353439331054688e+01,8.196797180175781250e+01
3.048755455017089844e+01,7.851779174804687500e+01
3.393749618530273438e+01,7.997471618652343750e+01
3.750610733032226562e+01,8.005215454101562500e+01
3.545040130615234375e+01,6.850978088378906250e+01
3.973583984375000000e+01,7.521135711669921875e+01
3.752670288085937500e+01,8.089114379882812500e+01
4.494234848022460938e+01,8.345851135253906250e+01
3.419301986694335938e+01,8.110527038574218750e+01
6.662162780761718750e+01,8.000343322753906250e+01
1.022435531616210938e+02,1.076651153564453125e+02
8.680539703369140625e+01,8.697541809082031250e+01
8.490400695800781250e+01,8.576821899414062500e+01
5.475968551635742188e+01,9.890467834472656250e+01
7.199568939208984375e+01,1.063222503662109375e+02
6.202640914916992188e+01,1.016042327880859375e+02
1.021231918334960938e+02,1.096745605468750000e+02
3.952229690551757812e+01,6.920289611816406250e+01
6.183313369750976562e+01,9.444712066650390625e+01
6.055819702148437500e+01,8.648966217041015625e+01
5.560429000854492188e+01,7.751704406738281250e+01
3.522367858886718750e+01,6.990939331054687500e+01
8.376168823242187500e+01,9.627350616455078125e+01
6.301042175292968750e+01,8.793312835693359375e+01
6.937384033203125000e+01,9.099720764160156250e+01
8.997021484375000000e+01,9.980408477783203125e+01
6.435491180419921875e+01,8.669705963134765625e+01
4.419921875000000000e+01,7.432378387451171875e+01
5.607345581054687500e+01,7.230841064453125000e+01
8.332389831542968750e+01,9.096113586425781250e+01
6.139883041381835938e+01,8.266047668457031250e+01
8.720880126953125000e+01,1.133191223144531250e+02
6.914859008789062500e+01,1.070920257568359375e+02
9.383347320556640625e+01,1.141072387695312500e+02
5.791326522827148438e+01,9.727493286132812500e+01
5.852127075195312500e+01,9.442781829833984375e+01
5.173766708374023438e+01,7.804826354980468750e+01
3.367581558227539062e+01,7.203268432617187500e+01
8.014914703369140625e+01,9.616033172607421875e+01
7.317608642578125000e+01,1.022770690917968750e+02
6.025747680664062500e+01,8.807217407226562500e+01
6.349322509765625000e+01,8.296475982666015625e+01
6.247904586791992188e+01,9.709973144531250000e+01
4.282617568969726562e+01,7.566117095947265625e+01
7.152718353271484375e+01,8.802676391601562500e+01
3.473143005371093750e+01,6.653724670410156250e+01
6.929711151123046875e+01,8.389581298828125000e+01
6.746086883544921875e+01,7.884074401855468750e+01
6.103027343750000000e+01,7.531770324707031250e+01
4.913012695312500000e+01,6.430303955078125000e+01
2.695085716247558594e+01,6.537231445312500000e+01
2.210214424133300781e+01,5.945807647705078125e+01
6.622423553466796875e+01,8.585060119628906250e+01
1.093619060516357422e+01,3.904279327392578125e+01
9.989321136474609375e+01,1.078385620117187500e+02
1.083684158325195312e+02,1.243160400390625000e+02
1.313957672119140625e+02,1.358851623535156250e+02
1.147094955444335938e+02,1.233059997558593750e+02
4.650426101684570312e+01,6.800056457519531250e+01
4.009295272827148438e+01,6.002412414550781250e+01
4.379115676879882812e+01,8.177355957031250000e+01
3.220526504516601562e+01,6.000523757934570312e+01
4.996490478515625000e+01,7.317708587646484375e+01
1.144019470214843750e+02,1.169260711669921875e+02
3.856306076049804688e+01,6.925624084472656250e+01
6.715818023681640625e+01,6.371493148803710938e+01
7.314969635009765625e+01,8.945704650878906250e+01
8.789325714111328125e+01,1.046834716796875000e+02
6.690033721923828125e+01,8.906809997558593750e+01
9.526983642578125000e+01,1.078190612792968750e+02
7.330118560791015625e+01,9.558487701416015625e+01
8.667370605468750000e+01,1.052426757812500000e+02
6.668938446044921875e+01,8.894795989990234375e+01
8.922371673583984375e+01,9.964822387695312500e+01
9.726226043701171875e+01,1.092602996826171875e+02
7.796161651611328125e+01,8.812969970703125000e+01
1.075594482421875000e+02,1.124541931152343750e+02
7.109629058837890625e+01,9.391365051269531250e+01
5.998736190795898438e+01,9.119151306152343750e+01
7.163832092285156250e+01,9.669969177246093750e+01
8.459624481201171875e+01,1.064826660156250000e+02
7.430699920654296875e+01,9.222399139404296875e+01
8.354051971435546875e+01,9.438159942626953125e+01
9.254880523681640625e+01,1.066284179687500000e+02
5.854609680175781250e+01,8.953485107421875000e+01
7.133527374267578125e+01,9.487903594970703125e+01
7.866636657714843750e+01,9.666504669189453125e+01
8.471231079101562500e+01,1.049347915649414062e+02
8.911657714843750000e+01,1.003920440673828125e+02
5.794491195678710938e+01,8.313352203369140625e+01
6.367391967773437500e+01,8.741323089599609375e+01
7.574558258056640625e+01,9.303127288818359375e+01
8.496212768554687500e+01,9.753080749511718750e+01
9.522663116455078125e+01,1.087249832153320312e+02
1.095369644165039062e+02,1.144647827148437500e+02
8.626952362060546875e+01,1.049233856201171875e+02
7.134929656982421875e+01,9.414981079101562500e+01
8.529801177978515625e+01,9.829291534423828125e+01
1.036563949584960938e+02,1.093338012695312500e+02
1.012589111328125000e+02,1.095127334594726562e+02
6.303955078125000000e+01,6.977183532714843750e+01
5.987757492065429688e+01,6.916540527343750000e+01
5.816201782226562500e+01,6.435047912597656250e+01
6.354336547851562500e+01,7.041029357910156250e+01
6.175330734252929688e+01,6.842592620849609375e+01
7.056658935546875000e+01,7.699005126953125000e+01
5.830151367187500000e+01,6.858661651611328125e+01
6.222160339355468750e+01,6.956423950195312500e+01
5.426348876953125000e+01,6.072999572753906250e+01
6.359574890136718750e+01,6.993327331542968750e+01
6.379218673706054688e+01,8.031211853027343750e+01
5.836033248901367188e+01,7.085205841064453125e+01
7.061344146728515625e+01,8.413220214843750000e+01
6.787105560302734375e+01,7.912290954589843750e+01
5.957115554809570312e+01,7.644593811035156250e+01
6.380022048950195312e+01,8.091896057128906250e+01
7.025539398193359375e+01,8.418550109863281250e+01
6.068870162963867188e+01,7.396173095703125000e+01
7.095618438720703125e+01,8.352952575683593750e+01
1.048634033203125000e+02,1.127745971679687500e+02
2.502294349670410156e+01,4.125166320800781250e+01
5.297124099731445312e+01,6.849775695800781250e+01
5.188494873046875000e+01,9.194366455078125000e+01
6.207368850708007812e+01,9.970039367675781250e+01
7.650897216796875000e+01,1.110533447265625000e+02
6.749797821044921875e+01,1.047244873046875000e+02
7.900183105468750000e+01,1.111394729614257812e+02
6.927849578857421875e+01,1.021457977294921875e+02
3.400286483764648438e+01,5.895861816406250000e+01
1.154663314819335938e+02,1.022819213867187500e+02
1.126260070800781250e+02,1.008176879882812500e+02
3.153741645812988281e+01,7.103468322753906250e+01
3.717053985595703125e+01,8.349436950683593750e+01
1.026442031860351562e+02,1.228605499267578125e+02
4.426190567016601562e+01,7.505789947509765625e+01
3.338541412353515625e+01,6.979739379882812500e+01
2.287640953063964844e+01,7.004840087890625000e+01
2.632797813415527344e+01,1.730031394958496094e+01
4.763089370727539062e+01,9.731745910644531250e+01
3.877412033081054688e+01,3.611749267578125000e+01
3.399819564819335938e+01,8.001615905761718750e+01
2.772236633300781250e+01,5.412663650512695312e+01
2.319051170349121094e+01,4.587725830078125000e+01
3.210985183715820312e+01,6.440496826171875000e+01
2.766480064392089844e+01,6.532511901855468750e+01
2.681050682067871094e+01,5.905735778808593750e+01
8.999689483642578125e+01,9.987489318847656250e+01
1.098700942993164062e+02,1.115431900024414062e+02
9.928653717041015625e+01,1.020571975708007812e+02
1.121492691040039062e+02,1.293622894287109375e+02
1.178682937622070312e+02,1.333780517578125000e+02
9.703154754638671875e+01,1.161756286621093750e+02
1.129595947265625000e+02,1.306325683593750000e+02
1.098583755493164062e+02,1.271489257812500000e+02
6.788827514648437500e+01,8.407144165039062500e+01
8.472599029541015625e+01,1.016017608642578125e+02
1.017733764648437500e+02,1.158175659179687500e+02
9.387905120849609375e+01,1.133786468505859375e+02
7.955753326416015625e+01,9.863864135742187500e+01
1.004909362792968750e+02,1.200257263183593750e+02
7.636493682861328125e+01,9.727180480957031250e+01
9.236038970947265625e+01,1.128824768066406250e+02
1.090415115356445312e+02,1.280170288085937500e+02
8.730637359619140625e+01,1.043065872192382812e+02
1.022535018920898438e+02,1.195643081665039062e+02
1.215712890625000000e+02,1.354212799072265625e+02
1.239858016967773438e+02,1.328134155273437500e+02
1.043060684204101562e+02,1.196978912353515625e+02
1.166450119018554688e+02,1.324241333007812500e+02
7.511882781982421875e+01,9.002950286865234375e+01
1.038146591186523438e+02,1.167462539672851562e+02
8.781113433837890625e+01,1.003030090332031250e+02
1.057995986938476562e+02,1.178104095458984375e+02
7.457641601562500000e+01,9.534200286865234375e+01
1.116490249633789062e+02,1.232416076660156250e+02
1.160100173950195312e+02,1.318510437011718750e+02
1.079850234985351562e+02,1.205551834106445312e+02
1.229168624877929688e+02,1.366767883300781250e+02
1.178246078491210938e+02,1.303712158203125000e+02
1.152467041015625000e+02,1.315784149169921875e+02
9.295185089111328125e+01,1.155893173217773438e+02
1.142063598632812500e+02,1.309881591796875000e+02
1.072983932495117188e+02,1.276744995117187500e+02
1.210848159790039062e+02,1.366410827636718750e+02
1.030869064331054688e+02,1.210022659301757812e+02
1.166333618164062500e+02,1.315568542480468750e+02
7.690235137939453125e+01,9.477294921875000000e+01
1.162250061035156250e+02,1.312640991210937500e+02
1.090301513671875000e+02,1.229213180541992188e+02
1.158758773803710938e+02,1.306796264648437500e+02
1.113131942749023438e+02,1.185472488403320312e+02
1.274894638061523438e+02,1.325413513183593750e+02
1.320812225341796875e+02,1.363144836425781250e+02
1.284778900146484375e+02,1.308098907470703125e+02
1.116960754394531250e+02,1.241690979003906250e+02
1.105847854614257812e+02,1.199027328491210938e+02
6.760440826416015625e+01,1.102630996704101562e+02
8.105272674560546875e+01,1.172316207885742188e+02
6.602404022216796875e+01,1.101883316040039062e+02
9.121564483642578125e+01,1.204863281250000000e+02
9.816363525390625000e+01,1.195182647705078125e+02
1.008144760131835938e+02,1.216885223388671875e+02
1.055714416503906250e+02,1.222110366821289062e+02
1.046333236694335938e+02,1.224324645996093750e+02
1.102014999389648438e+02,1.255085144042968750e+02
9.022994232177734375e+01,1.158146514892578125e+02
9.025475311279296875e+01,1.120322723388671875e+02
6.256428527832031250e+01,1.068345336914062500e+02
6.521387481689453125e+01,9.926641082763671875e+01
6.952050781250000000e+01,1.003646392822265625e+02
6.570159912109375000e+01,9.520271301269531250e+01
6.863177490234375000e+01,9.736765289306640625e+01
8.860147094726562500e+01,1.080136108398437500e+02
7.116879272460937500e+01,1.013925323486328125e+02
1.004354476928710938e+02,1.138539810180664062e+02
1.068893356323242188e+02,1.152328186035156250e+02
1.076861343383789062e+02,1.172568283081054688e+02
1.068469238281250000e+02,1.171977920532226562e+02
1.006693344116210938e+02,1.096253890991210938e+02
7.255278778076171875e+01,8.950366210937500000e+01
7.123178100585937500e+01,8.879261016845703125e+01
7.346840667724609375e+01,9.125298309326171875e+01
8.504910278320312500e+01,1.154709472656250000e+02
1.152083358764648438e+02,1.258882675170898438e+02
6.919973754882812500e+01,1.000847320556640625e+02
5.865871047973632812e+01,9.241923522949218750e+01
3.686776351928710938e+01,6.570497894287109375e+01
4.041317367553710938e+01,6.775128936767578125e+01
6.784081268310546875e+01,8.991101074218750000e+01
8.819982147216796875e+01,1.126787414550781250e+02
8.394748687744140625e+01,1.154088058471679688e+02
3.990571594238281250e+01,6.503528594970703125e+01
4.774421691894531250e+01,6.834541320800781250e+01
1.805617523193359375e+01,6.699285888671875000e+01
2.475792694091796875e+01,7.716151428222656250e+01
6.977208709716796875e+01,1.140563507080078125e+02
5.364756393432617188e+01,1.005634155273437500e+02
4.591905593872070312e+01,9.460185241699218750e+01
5.561726760864257812e+01,1.027900085449218750e+02
4.684392166137695312e+01,9.687888336181640625e+01
2.991058158874511719e+01,8.039343261718750000e+01
2.891986083984375000e+01,7.777355194091796875e+01
2.545376396179199219e+01,7.903807830810546875e+01
3.759321212768554688e+01,9.217183685302734375e+01
3.767775344848632812e+01,9.697819519042968750e+01
4.701703262329101562e+01,9.304170989990234375e+01
4.628433227539062500e+01,9.976924133300781250e+01
2.547524833679199219e+01,8.241047668457031250e+01
2.555301475524902344e+01,8.464832305908203125e+01
6.788951873779296875e+01,1.250753173828125000e+02
3.269495773315429688e+01,8.220932006835937500e+01
3.987055587768554688e+01,9.356120300292968750e+01
1.112696304321289062e+02,1.362145690917968750e+02
1.171264038085937500e+02,1.338683471679687500e+02
9.920468139648437500e+01,1.332420806884765625e+02
1.228838806152343750e+02,1.349503173828125000e+02
1.100000839233398438e+02,1.303477783203125000e+02
7.457829284667968750e+01,1.222849884033203125e+02
8.831884002685546875e+01,1.208692626953125000e+02
1.019994125366210938e+02,1.243203430175781250e+02
1.071530227661132812e+02,1.351715545654296875e+02
8.658873748779296875e+01,1.247256927490234375e+02
1.187128601074218750e+02,1.379399719238281250e+02
1.062736587524414062e+02,1.350727844238281250e+02
8.556069946289062500e+01,1.274590454101562500e+02
9.633258819580078125e+01,1.255893707275390625e+02
1.110956039428710938e+02,1.288240661621093750e+02
1.040940856933593750e+02,1.258263626098632812e+02
1.253552856445312500e+02,1.313846435546875000e+02
1.132743301391601562e+02,1.258737716674804688e+02
1.121095199584960938e+02,1.269429473876953125e+02
1.155270996093750000e+02,1.284638519287109375e+02
1.243941040039062500e+02,1.301445465087890625e+02
1.276791992187500000e+02,1.327198333740234375e+02
1.002456665039062500e+02,1.148985748291015625e+02
9.516066741943359375e+01,1.146750640869140625e+02
1.236334838867187500e+02,1.254232940673828125e+02
1.227658081054687500e+02,1.311686096191406250e+02
6.060326004028320312e+01,4.803103256225585938e+01
6.157142257690429688e+01,5.492132568359375000e+01
1.042182388305664062e+02,8.874819946289062500e+01
6.665288543701171875e+01,5.935224533081054688e+01
7.242121124267578125e+01,6.957759094238281250e+01
3.347111511230468750e+01,6.354272460937500000e+01
3.495503234863281250e+01,5.900416564941406250e+01
3.101902770996093750e+01,6.545565795898437500e+01
3.005191993713378906e+01,6.222475814819335938e+01
2.436972999572753906e+01,5.714700698852539062e+01
3.322679138183593750e+01,8.020019531250000000e+01
2.438696289062500000e+01,5.685449600219726562e+01
3.497189712524414062e+01,6.926058959960937500e+01
2.862980842590332031e+01,5.929434204101562500e+01
3.659878158569335938e+01,7.128408813476562500e+01
3.470594406127929688e+01,3.782183456420898438e+01
3.267921447753906250e+01,3.857053375244140625e+01
9.917267608642578125e+01,1.024153747558593750e+02
2.772969627380371094e+01,8.395705413818359375e+01
9.963600921630859375e+01,1.261697082519531250e+02
1.183322525024414062e+02,1.348590087890625000e+02
1.072964096069335938e+02,1.304313201904296875e+02
1.191920166015625000e+02,1.378268585205078125e+02
9.104236602783203125e+01,1.238773803710937500e+02
9.125754547119140625e+01,1.228609848022460938e+02
1.157888183593750000e+02,1.358648376464843750e+02
7.553449249267578125e+01,1.147737045288085938e+02
7.599671173095703125e+01,1.095215454101562500e+02
1.037167739868164062e+02,1.311752319335937500e+02
7.195427703857421875e+01,1.134300765991210938e+02
7.275955200195312500e+01,1.078634719848632812e+02
1.017310562133789062e+02,1.305071105957031250e+02
1.044427261352539062e+02,1.288111572265625000e+02
1.018894424438476562e+02,1.266712875366210938e+02
7.734456634521484375e+01,1.149745407104492188e+02
1.131264343261718750e+02,1.301919860839843750e+02
1.000091781616210938e+02,1.225924453735351562e+02
7.966852569580078125e+01,1.177556991577148438e+02
6.713573455810546875e+01,1.004870910644531250e+02
9.388790130615234375e+01,1.241340942382812500e+02
1.991914176940917969e+01,2.546614074707031250e+01
3.600685882568359375e+01,4.603182983398437500e+01
1.943830680847167969e+01,2.323816490173339844e+01
2.222004890441894531e+01,4.335871505737304688e+01
2.235171318054199219e+01,4.458186721801757812e+01
2.396530151367187500e+01,4.750886535644531250e+01
2.857478332519531250e+01,4.993347167968750000e+01
2.708587646484375000e+01,4.901364898681640625e+01
2.711811256408691406e+01,4.887348175048828125e+01
2.752376365661621094e+01,4.945169448852539062e+01
2.714745140075683594e+01,4.701404571533203125e+01
2.505969810485839844e+01,5.003241729736328125e+01
2.756759071350097656e+01,5.366774749755859375e+01
1.969053840637207031e+01,4.817201232910156250e+01
5.873672866821289062e+01,6.975349426269531250e+01
1.220413513183593750e+02,1.142155761718750000e+02
7.634131622314453125e+01,9.182775878906250000e+01
7.859037780761718750e+01,9.113168334960937500e+01
7.716800689697265625e+01,9.114166259765625000e+01
7.200190734863281250e+01,8.615053558349609375e+01
7.763174438476562500e+01,8.791629028320312500e+01
7.904180145263671875e+01,9.012161254882812500e+01
6.682366180419921875e+01,8.478570556640625000e+01
8.050782775878906250e+01,8.975778198242187500e+01
6.167179489135742188e+01,1.253556213378906250e+02
6.597612762451171875e+01,1.276505661010742188e+02
3.028989601135253906e+01,5.054829406738281250e+01
3.128100585937500000e+01,5.191312408447265625e+01
2.832326698303222656e+01,4.942718505859375000e+01
4.180727005004882812e+01,6.616370391845703125e+01
5.234527587890625000e+01,9.376341247558593750e+01
4.428831863403320312e+01,8.836451721191406250e+01
4.788702011108398438e+01,8.752519226074218750e+01
3.811822128295898438e+01,8.177702331542968750e+01
4.746092605590820312e+01,8.533296203613281250e+01
5.447665786743164062e+01,8.729804229736328125e+01
4.654160690307617188e+01,8.495133972167968750e+01
3.917025375366210938e+01,7.487759399414062500e+01
1.387523040771484375e+02,1.402637786865234375e+02
1.387422790527343750e+02,1.398414001464843750e+02
1.386635284423828125e+02,1.396315002441406250e+02
5.656153488159179688e+01,8.250807189941406250e+01
8.521938323974609375e+01,1.099605865478515625e+02
6.967172241210937500e+01,9.555513000488281250e+01
6.427794647216796875e+01,8.526828002929687500e+01
7.766223144531250000e+01,9.657028961181640625e+01
7.180126953125000000e+01,9.181507873535156250e+01
5.768955993652343750e+01,8.186097717285156250e+01
9.312049102783203125e+01,1.091788024902343750e+02
9.004019927978515625e+01,1.065371093750000000e+02
1.082573242187500000e+02,1.213448638916015625e+02
8.722585296630859375e+01,1.099070205688476562e+02
1.042902297973632812e+02,1.220540695190429688e+02
8.624670410156250000e+01,1.031985778808593750e+02
1.004404067993164062e+02,1.131143646240234375e+02
9.309416961669921875e+01,1.074921722412109375e+02
9.163248443603515625e+01,1.072595367431640625e+02
1.070939102172851562e+02,1.177597274780273438e+02
1.005039672851562500e+02,1.164790039062500000e+02
1.127634506225585938e+02,1.239687194824218750e+02
1.165426025390625000e+02,1.265013122558593750e+02
9.729502105712890625e+01,1.102814025878906250e+02
1.249532699584960938e+02,1.325194702148437500e+02
1.113146133422851562e+02,1.199203338623046875e+02
9.483274078369140625e+01,1.138730468750000000e+02
1.105019912719726562e+02,1.245348663330078125e+02
9.239105224609375000e+01,1.060321960449218750e+02
9.114826202392578125e+01,1.060465087890625000e+02
1.056933898925781250e+02,1.163079910278320312e+02
9.788195800781250000e+01,1.112167968750000000e+02
1.116263656616210938e+02,1.204569015502929688e+02
1.059141540527343750e+02,1.191301574707031250e+02
1.171831359863281250e+02,1.267134857177734375e+02
1.129449462890625000e+02,1.245733337402343750e+02
1.397490081787109375e+02,1.388213958740234375e+02
1.096009292602539062e+02,1.131932983398437500e+02
1.084749679565429688e+02,1.130055847167968750e+02
1.088707046508789062e+02,1.131011886596679688e+02
9.667733001708984375e+01,1.171155090332031250e+02
8.163445281982421875e+01,1.085518341064453125e+02
9.376873779296875000e+01,1.139698181152343750e+02
9.770873260498046875e+01,1.154662170410156250e+02
6.860849761962890625e+01,9.641041564941406250e+01
7.018512725830078125e+01,9.995112609863281250e+01
8.525522613525390625e+01,1.101419143676757812e+02
8.604111480712890625e+01,1.113144607543945312e+02
1.074891586303710938e+02,1.219226684570312500e+02
9.427495574951171875e+01,1.115986480712890625e+02
1.045126953125000000e+02,1.184130783081054688e+02
8.411284637451171875e+01,1.095540695190429688e+02
1.048219375610351562e+02,1.188910827636718750e+02
1.092072677612304688e+02,1.223516311645507812e+02
8.405352020263671875e+01,1.080194396972656250e+02
9.517339324951171875e+01,1.132255249023437500e+02
9.199578857421875000e+01,1.110865783691406250e+02
6.924963378906250000e+01,9.681560516357421875e+01
6.948560333251953125e+01,9.476736450195312500e+01
6.750963592529296875e+01,9.498582458496093750e+01
8.275933074951171875e+01,1.033999710083007812e+02
9.707967376708984375e+01,1.193346099853515625e+02
1.121844100952148438e+02,1.255378875732421875e+02
6.475807952880859375e+01,9.959375762939453125e+01
7.263172149658203125e+01,9.695600891113281250e+01
1.035618667602539062e+02,1.171500167846679688e+02
1.110390014648437500e+02,1.258325653076171875e+02
1.238279953002929688e+02,1.312872009277343750e+02
1.008255538940429688e+02,1.179193725585937500e+02
1.008214950561523438e+02,1.167210388183593750e+02
1.160072402954101562e+02,1.250700149536132812e+02
8.663198089599609375e+01,1.072205123901367188e+02
1.002945175170898438e+02,1.118893280029296875e+02
4.828236007690429688e+01,9.797723388671875000e+01
4.727946090698242188e+01,9.400761413574218750e+01
1.248819580078125000e+02,1.294095001220703125e+02
4.185804367065429688e+01,9.832530212402343750e+01
4.447496032714843750e+01,9.733370971679687500e+01
4.053493881225585938e+01,9.398275756835937500e+01
4.206739425659179688e+01,9.610501098632812500e+01
4.135803985595703125e+01,9.041142272949218750e+01
1.346523284912109375e+02,1.376080932617187500e+02
1.368488311767578125e+02,1.388881988525390625e+02
7.530045318603515625e+01,1.046753692626953125e+02
8.887646484375000000e+01,1.018768844604492188e+02
1.397423858642578125e+02,1.383889465332031250e+02
1.380940093994140625e+02,1.366350402832031250e+02
1.395257415771484375e+02,1.383129730224609375e+02
1.399691925048828125e+02,1.387742156982421875e+02
1.316271820068359375e+02,1.299890136718750000e+02
1.392302856445312500e+02,1.387802124023437500e+02
1.397875213623046875e+02,1.381681671142578125e+02
1.386018218994140625e+02,1.353881835937500000e+02
1.397488555908203125e+02,1.384581604003906250e+02
1.286613616943359375e+02,1.243263931274414062e+02
1.372906799316406250e+02,1.363667449951171875e+02
1.390590057373046875e+02,1.385573120117187500e+02
1.394339447021484375e+02,1.384014587402343750e+02
1.392657012939453125e+02,1.390943908691406250e+02
1.357787628173828125e+02,1.350019531250000000e+02
3.460205459594726562e+01,7.070948791503906250e+01
1.001263504028320312e+02,1.172406311035156250e+02
7.929068756103515625e+01,1.096031341552734375e+02
5.783346176147460938e+01,8.792276000976562500e+01
5.340489196777343750e+01,8.634585571289062500e+01
5.762587356567382812e+01,7.946109008789062500e+01
5.317468261718750000e+01,7.653144073486328125e+01
6.897345733642578125e+01,8.649828338623046875e+01
8.897415924072265625e+01,1.250317687988281250e+02
1.234087142944335938e+02,1.315093078613281250e+02
8.717236328125000000e+01,1.148991928100585938e+02
7.094178009033203125e+01,9.862878417968750000e+01
1.066100845336914062e+02,1.144141387939453125e+02
1.048516769409179688e+02,1.296900634765625000e+02
9.044033050537109375e+01,1.288560180664062500e+02
8.457688140869140625e+01,1.208663253784179688e+02
9.041366577148437500e+01,1.225059585571289062e+02
9.952855682373046875e+01,1.285372619628906250e+02
9.674121093750000000e+01,1.277358703613281250e+02
1.030956726074218750e+02,1.354542846679687500e+02
1.006033859252929688e+02,1.279385986328125000e+02
9.183284759521484375e+01,1.262903442382812500e+02
8.419207000732421875e+01,1.212768936157226562e+02
8.296790313720703125e+01,1.169598236083984375e+02
8.672882843017578125e+01,1.207878112792968750e+02
9.212314605712890625e+01,1.269709548950195312e+02
8.356959533691406250e+01,1.214540023803710938e+02
9.590887451171875000e+01,1.295795440673828125e+02
9.265248870849609375e+01,1.254844665527343750e+02
9.138000488281250000e+01,1.238058547973632812e+02
9.066065216064453125e+01,1.253323211669921875e+02
9.916182708740234375e+01,1.325367126464843750e+02
1.013168716430664062e+02,1.329061431884765625e+02
8.913632965087890625e+01,1.269192657470703125e+02
9.487927246093750000e+01,1.299955596923828125e+02
8.151734161376953125e+01,1.226512908935546875e+02
1.168028793334960938e+02,1.368224029541015625e+02
9.361267089843750000e+01,1.292206420898437500e+02
2.025165748596191406e+01,4.892031860351562500e+01
2.795079612731933594e+01,5.334481430053710938e+01
2.834498405456542969e+01,5.543420410156250000e+01
2.326843261718750000e+01,4.756652069091796875e+01
2.463174247741699219e+01,5.226906204223632812e+01
2.285350036621093750e+01,4.689011383056640625e+01
4.321113586425781250e+01,6.851928710937500000e+01
1.088328857421875000e+02,1.133432006835937500e+02
2.895631408691406250e+01,4.488855361938476562e+01
3.899785995483398438e+01,8.192573547363281250e+01
4.924975585937500000e+01,9.077822875976562500e+01
5.175607299804687500e+01,8.643190002441406250e+01
5.811488723754882812e+01,8.568244934082031250e+01
6.423886871337890625e+01,9.384466552734375000e+01
5.250550842285156250e+01,8.677262878417968750e+01
4.338429641723632812e+01,8.638775634765625000e+01
4.498568725585937500e+01,8.242764282226562500e+01
3.814840698242187500e+01,7.637602233886718750e+01
3.921447753906250000e+01,8.069213104248046875e+01
5.088759231567382812e+01,8.467449951171875000e+01
4.918819808959960938e+01,8.873078918457031250e+01
6.955099487304687500e+01,1.063234405517578125e+02
7.569239044189453125e+01,1.037135772705078125e+02
4.050935363769531250e+01,8.366671752929687500e+01
1.103327636718750000e+02,1.317678527832031250e+02
1.244205017089843750e+02,1.370214538574218750e+02
9.595526885986328125e+01,1.098345336914062500e+02
8.009746551513671875e+01,9.712052917480468750e+01
3.886645126342773438e+01,5.383399200439453125e+01
4.842671585083007812e+01,6.816821289062500000e+01
6.843930816650390625e+01,8.761590576171875000e+01
6.460751342773437500e+01,8.069131469726562500e+01
3.982469558715820312e+01,6.137639999389648438e+01
7.376578521728515625e+01,8.817219543457031250e+01
2.322145652770996094e+01,5.559888076782226562e+01
1.587079143524169922e+01,3.651806640625000000e+01
2.643205261230468750e+01,3.600672912597656250e+01
2.759585571289062500e+01,3.940416717529296875e+01
3.135035705566406250e+01,4.557794189453125000e+01
3.159861183166503906e+01,4.613045501708984375e+01
7.280096435546875000e+01,1.023654098510742188e+02
7.492024993896484375e+01,1.036066284179687500e+02
6.513056182861328125e+01,8.416576385498046875e+01
6.490716552734375000e+01,8.331397247314453125e+01
5.157255554199218750e+01,7.314131164550781250e+01
7.585574340820312500e+01,1.007988891601562500e+02
9.354726409912109375e+01,1.052699813842773438e+02
9.330145263671875000e+01,1.044548110961914062e+02
7.042096710205078125e+01,8.671337890625000000e+01
1.268462829589843750e+02,1.316232604980468750e+02
1.295357360839843750e+02,1.399964141845703125e+02
1.172636642456054688e+02,1.318203735351562500e+02
1.114456558227539062e+02,1.301454772949218750e+02
1.135641250610351562e+02,1.311872711181640625e+02
6.021110916137695312e+01,1.126008224487304688e+02
7.139670562744140625e+01,1.200714263916015625e+02
2.316307640075683594e+01,8.291483306884765625e+01
5.161815261840820312e+01,1.030588073730468750e+02
6.491136932373046875e+01,1.267266159057617188e+02
3.416424179077148438e+01,6.741948699951171875e+01
3.157552337646484375e+01,6.064655303955078125e+01
5.084251403808593750e+01,8.215417480468750000e+01
4.045201492309570312e+01,6.100441360473632812e+01
4.274106979370117188e+01,6.154409790039062500e+01
4.143402481079101562e+01,6.021376037597656250e+01
3.983236312866210938e+01,5.870813751220703125e+01
4.309383010864257812e+01,6.215282821655273438e+01
4.152882766723632812e+01,6.139531707763671875e+01
3.522020339965820312e+01,5.755054473876953125e+01
4.181050491333007812e+01,6.069507598876953125e+01
3.904277038574218750e+01,5.801478576660156250e+01
4.228630447387695312e+01,6.054482269287109375e+01
3.797444534301757812e+01,6.049584960937500000e+01
4.702070999145507812e+01,6.703216552734375000e+01
5.086790847778320312e+01,6.682693481445312500e+01
4.296551513671875000e+01,6.195819091796875000e+01
5.129523086547851562e+01,6.641652679443359375e+01
4.865211105346679688e+01,6.372415924072265625e+01
5.515327072143554688e+01,6.662007141113281250e+01
5.384521484375000000e+01,6.871398925781250000e+01
5.242036056518554688e+01,7.661405944824218750e+01
7.370486450195312500e+01,9.499057006835937500e+01
9.653090667724609375e+01,1.076392745971679688e+02
1.770291900634765625e+01,5.103347015380859375e+01
1.557588195800781250e+01,4.902048110961914062e+01
2.381847381591796875e+01,7.686200714111328125e+01
1.837781333923339844e+01,7.050007629394531250e+01
1.756191062927246094e+01,7.154924011230468750e+01
2.779437446594238281e+01,7.685892486572265625e+01
2.880298423767089844e+01,7.653392791748046875e+01
2.902797889709472656e+01,7.308868408203125000e+01
2.669275093078613281e+01,6.989642333984375000e+01
3.278556823730468750e+01,7.693504333496093750e+01
2.738918113708496094e+01,6.964108276367187500e+01
2.606112098693847656e+01,7.348828125000000000e+01
2.741733741760253906e+01,7.181619262695312500e+01
2.894081687927246094e+01,6.811398315429687500e+01
2.189223670959472656e+01,6.371342468261718750e+01
2.279968261718750000e+01,6.419279479980468750e+01
2.079873085021972656e+01,6.250766754150390625e+01
4.743260192871093750e+01,7.834054565429687500e+01
3.821184158325195312e+01,7.523823547363281250e+01
5.497746276855468750e+01,8.234797668457031250e+01
4.305573654174804688e+01,7.528917694091796875e+01
3.183911705017089844e+01,7.121938323974609375e+01
3.471602249145507812e+01,7.135433197021484375e+01
3.064468193054199219e+01,7.186829376220703125e+01
2.821327209472656250e+01,6.803611755371093750e+01
2.852493858337402344e+01,7.048716735839843750e+01
1.962275505065917969e+01,6.197721099853515625e+01
3.082394409179687500e+01,6.727661132812500000e+01
4.140402984619140625e+01,7.416448974609375000e+01
4.230236434936523438e+01,7.604039764404296875e+01
6.024419784545898438e+01,8.825564575195312500e+01
3.908149337768554688e+01,7.311235046386718750e+01
3.967892837524414062e+01,7.467964172363281250e+01
4.133227157592773438e+01,7.129135131835937500e+01
4.456661605834960938e+01,7.980920410156250000e+01
3.902980041503906250e+01,7.843953704833984375e+01
2.925991249084472656e+01,6.343771743774414062e+01
4.266862869262695312e+01,8.043912506103515625e+01
4.706446456909179688e+01,8.408512115478515625e+01
2.866533660888671875e+01,6.755981445312500000e+01
3.725891113281250000e+01,7.927502441406250000e+01
4.569851684570312500e+01,8.264393615722656250e+01
3.067357444763183594e+01,6.718014526367187500e+01
5.658158493041992188e+01,8.915745544433593750e+01
4.914625549316406250e+01,8.572816467285156250e+01
5.551717758178710938e+01,8.904067230224609375e+01
4.703081893920898438e+01,8.518057250976562500e+01
5.428187179565429688e+01,8.901123809814453125e+01
5.017734146118164062e+01,7.631122589111328125e+01
5.654325485229492188e+01,7.892625427246093750e+01
4.781510925292968750e+01,7.750521850585937500e+01
4.363577270507812500e+01,7.461003112792968750e+01
3.294736099243164062e+01,7.226786804199218750e+01
3.660308074951171875e+01,7.497814941406250000e+01
3.627451705932617188e+01,7.633975219726562500e+01
5.565482711791992188e+01,8.068587493896484375e+01
4.602925491333007812e+01,7.365385437011718750e+01
3.368181228637695312e+01,6.577581787109375000e+01
5.292068481445312500e+01,7.719743347167968750e+01
4.238500976562500000e+01,7.445601654052734375e+01
4.861560440063476562e+01,7.654875946044921875e+01
6.586182403564453125e+01,8.271613311767578125e+01
5.376624679565429688e+01,7.861424255371093750e+01
2.972290802001953125e+01,5.499514007568359375e+01
3.793529129028320312e+01,5.683761596679687500e+01
4.292303085327148438e+01,6.091671371459960938e+01
4.207915115356445312e+01,5.596760559082031250e+01
3.344100570678710938e+01,4.916230773925781250e+01
3.814164733886718750e+01,5.428809356689453125e+01
4.275975418090820312e+01,5.750079345703125000e+01
5.526274108886718750e+01,7.742720031738281250e+01
4.271165466308593750e+01,1.215876846313476562e+02
3.744633102416992188e+01,7.054292297363281250e+01
1.065324020385742188e+02,1.334862060546875000e+02
1.031412658691406250e+02,1.300114440917968750e+02
9.775576019287109375e+01,1.300095977783203125e+02
1.039954605102539062e+02,1.305579528808593750e+02
1.131232604980468750e+02,1.207394256591796875e+02
5.453195190429687500e+01,1.037520446777343750e+02
6.299490356445312500e+01,1.078631134033203125e+02
4.966624832153320312e+01,1.007181015014648438e+02
6.023463821411132812e+01,8.260879516601562500e+01
1.159544372558593750e+02,1.232305603027343750e+02
1.116242675781250000e+02,1.172990951538085938e+02
1.226197586059570312e+02,1.324913024902343750e+02
1.228527755737304688e+02,1.322687683105468750e+02
1.029432144165039062e+02,1.185048675537109375e+02
1.241431274414062500e+02,1.262944488525390625e+02
1.274593276977539062e+02,1.306662902832031250e+02
1.203625869750976562e+02,1.236273727416992188e+02
1.283681640625000000e+02,1.308395996093750000e+02
1.058981323242187500e+02,1.099791336059570312e+02
1.204482421875000000e+02,1.321717834472656250e+02
1.205893936157226562e+02,1.316393737792968750e+02
1.146908493041992188e+02,1.286824493408203125e+02
1.200469436645507812e+02,1.319823303222656250e+02
1.070176467895507812e+02,1.148289794921875000e+02
1.211675033569335938e+02,1.330601196289062500e+02
1.140895462036132812e+02,1.277172317504882812e+02
1.111370010375976562e+02,1.272910690307617188e+02
1.199718704223632812e+02,1.312425537109375000e+02
1.150098648071289062e+02,1.289264678955078125e+02
1.206207504272460938e+02,1.328193359375000000e+02
1.157737426757812500e+02,1.223731842041015625e+02
1.263759078979492188e+02,1.340517425537109375e+02
1.225846023559570312e+02,1.252998199462890625e+02
1.219694213867187500e+02,1.248112182617187500e+02
1.216341781616210938e+02,1.303755798339843750e+02
1.266076049804687500e+02,1.345263061523437500e+02
1.193283767700195312e+02,1.291590118408203125e+02
1.265900802612304688e+02,1.342020721435546875e+02
1.207010574340820312e+02,1.294564971923828125e+02
1.182846908569335938e+02,1.285687561035156250e+02
1.264578857421875000e+02,1.336789855957031250e+02
1.212640762329101562e+02,1.246504440307617188e+02
1.270230941772460938e+02,1.343320312500000000e+02
1.210835342407226562e+02,1.315073394775390625e+02
1.272845687866210938e+02,1.350670928955078125e+02
1.267823486328125000e+02,1.296648101806640625e+02
1.266181869506835938e+02,1.297305297851562500e+02
1.263396301269531250e+02,1.288198699951171875e+02
1.160299682617187500e+02,1.189215087890625000e+02
1.080255126953125000e+02,1.225406112670898438e+02
1.090057296752929688e+02,1.250943450927734375e+02
1.002544479370117188e+02,1.186681060791015625e+02
1.179414291381835938e+02,1.274773559570312500e+02
1.077831192016601562e+02,1.143126831054687500e+02
1.185733642578125000e+02,1.279538574218750000e+02
1.162131423950195312e+02,1.268518676757812500e+02
1.137800903320312500e+02,1.227026214599609375e+02
1.171025390625000000e+02,1.278019180297851562e+02
1.068139114379882812e+02,1.129380493164062500e+02
1.187893295288085938e+02,1.291831359863281250e+02
1.130026855468750000e+02,1.199458312988281250e+02
1.072772216796875000e+02,1.200762481689453125e+02
1.167592239379882812e+02,1.271986694335937500e+02
1.188312454223632812e+02,1.207151489257812500e+02
1.058459167480468750e+02,1.102899017333984375e+02
1.200197753906250000e+02,1.220063629150390625e+02
1.203274459838867188e+02,1.220862426757812500e+02
1.247129211425781250e+02,1.245445556640625000e+02
1.197148666381835938e+02,1.215628051757812500e+02
1.149348526000976562e+02,1.187252960205078125e+02
1.249592666625976562e+02,1.212144775390625000e+02
7.068109893798828125e+01,1.325660705566406250e+02
4.171420669555664062e+01,1.156383819580078125e+02
1.187824478149414062e+02,1.269644241333007812e+02
1.294513092041015625e+02,1.294620361328125000e+02
1.318584747314453125e+02,1.306154937744140625e+02
1.319333648681640625e+02,1.335397949218750000e+02
1.317683715820312500e+02,1.330554504394531250e+02
1.318793792724609375e+02,1.341567993164062500e+02
1.261699829101562500e+02,1.285937347412109375e+02
1.282173767089843750e+02,1.300456237792968750e+02
1.227676391601562500e+02,1.259951629638671875e+02
1.147728958129882812e+02,1.239806518554687500e+02
9.172496795654296875e+01,1.171515502929687500e+02
9.911242675781250000e+01,1.186206970214843750e+02
1.112429199218750000e+02,1.231077957153320312e+02
9.110125732421875000e+01,1.204938201904296875e+02
8.837463378906250000e+01,1.181333999633789062e+02
9.219503021240234375e+01,1.196036529541015625e+02
1.135764083862304688e+02,1.267601623535156250e+02
7.602401733398437500e+01,9.495756530761718750e+01
4.296916580200195312e+01,7.619898986816406250e+01
4.489471054077148438e+01,8.048397827148437500e+01
5.170307540893554688e+01,8.170578002929687500e+01
5.378158569335937500e+01,8.253742980957031250e+01
4.368072128295898438e+01,7.815536499023437500e+01
4.952080154418945312e+01,8.046568298339843750e+01
4.542830276489257812e+01,7.961564636230468750e+01
3.969905471801757812e+01,7.354708862304687500e+01
1.154133911132812500e+02,1.235225067138671875e+02
1.150936279296875000e+02,1.252777328491210938e+02
9.128223419189453125e+01,1.080960235595703125e+02
9.989812469482421875e+01,1.143285903930664062e+02
9.119476318359375000e+01,1.087962493896484375e+02
8.912955474853515625e+01,1.026948089599609375e+02
8.244454956054687500e+01,9.765937042236328125e+01
6.969591522216796875e+01,9.045736694335937500e+01
7.039776611328125000e+01,9.029074859619140625e+01
7.762902069091796875e+01,1.025829162597656250e+02
7.307775115966796875e+01,9.749366760253906250e+01
7.660411834716796875e+01,9.202639770507812500e+01
6.454048919677734375e+01,9.024134063720703125e+01
5.573304367065429688e+01,7.917630004882812500e+01
7.464749908447265625e+01,9.684924316406250000e+01
4.992530441284179688e+01,6.200038909912109375e+01
5.664816665649414062e+01,6.828076171875000000e+01
4.910802078247070312e+01,6.101152038574218750e+01
6.004788208007812500e+01,7.417553710937500000e+01
4.992183303833007812e+01,6.266874313354492188e+01
6.500769042968750000e+01,7.669586181640625000e+01
5.668449020385742188e+01,6.886125183105468750e+01
6.001566696166992188e+01,8.999507141113281250e+01
5.748198318481445312e+01,7.819920349121093750e+01
7.379498291015625000e+01,9.174577331542968750e+01
6.778398895263671875e+01,8.936407470703125000e+01
5.291679763793945312e+01,8.347068786621093750e+01
5.223146438598632812e+01,7.221107482910156250e+01
6.883261871337890625e+01,8.603302001953125000e+01
4.673295974731445312e+01,6.894891357421875000e+01
5.094946289062500000e+01,6.496385192871093750e+01
4.948129272460937500e+01,7.329374694824218750e+01
4.276453781127929688e+01,5.682175064086914062e+01
5.267393112182617188e+01,6.501623535156250000e+01
5.084814834594726562e+01,6.501336669921875000e+01
4.446217727661132812e+01,6.611355590820312500e+01
3.878356170654296875e+01,5.124884033203125000e+01
4.911854171752929688e+01,6.033822631835937500e+01
4.798040390014648438e+01,5.973298645019531250e+01
5.433859252929687500e+01,6.730280303955078125e+01
5.872341918945312500e+01,6.939387512207031250e+01
7.856384277343750000e+01,9.451881408691406250e+01
5.599723434448242188e+01,7.559207153320312500e+01
6.080710983276367188e+01,8.265231323242187500e+01
5.603434753417968750e+01,6.820954132080078125e+01
5.317387390136718750e+01,7.493531036376953125e+01
4.806474685668945312e+01,6.013416290283203125e+01
6.086842727661132812e+01,7.388977813720703125e+01
4.752383422851562500e+01,5.994525527954101562e+01
5.737958145141601562e+01,6.969202423095703125e+01
6.594519805908203125e+01,7.662348175048828125e+01
6.540132904052734375e+01,7.881037139892578125e+01
6.070744705200195312e+01,7.298781585693359375e+01
5.029499816894531250e+01,6.306229782104492188e+01
7.099099731445312500e+01,8.138038635253906250e+01
4.685850143432617188e+01,5.971648788452148438e+01
7.626750946044921875e+01,1.014897613525390625e+02
9.476192474365234375e+01,1.072681655883789062e+02
8.691463470458984375e+01,9.978872680664062500e+01
4.767238998413085938e+01,6.289666748046875000e+01
9.249002075195312500e+01,1.056704101562500000e+02
1.158666992187500000e+02,1.235331039428710938e+02
1.015540771484375000e+02,1.122306060791015625e+02
1.118169631958007812e+02,1.208054809570312500e+02
1.078809204101562500e+02,1.160765228271484375e+02
8.435330963134765625e+01,9.318241882324218750e+01
1.095910263061523438e+02,1.187357025146484375e+02
1.031102523803710938e+02,1.199190902709960938e+02
8.905590820312500000e+01,1.014192810058593750e+02
4.422951889038085938e+01,5.621601867675781250e+01
8.285658264160156250e+01,9.640453338623046875e+01
7.447971343994140625e+01,8.943640136718750000e+01
8.295522308349609375e+01,9.666003417968750000e+01
3.215673065185546875e+01,8.742790222167968750e+01
2.133498382568359375e+01,3.487944793701171875e+01
4.209092330932617188e+01,6.069143676757812500e+01
4.996609115600585938e+01,6.293473815917968750e+01
5.067263793945312500e+01,6.399226379394531250e+01
4.544685745239257812e+01,6.026525878906250000e+01
4.730797195434570312e+01,6.078890228271484375e+01
5.572146606445312500e+01,6.829414367675781250e+01
5.045019531250000000e+01,6.330400848388671875e+01
5.356114196777343750e+01,6.630552673339843750e+01
5.806956863403320312e+01,7.071719360351562500e+01
5.423539352416992188e+01,6.515786743164062500e+01
5.172372436523437500e+01,7.360624694824218750e+01
5.194119262695312500e+01,6.480567932128906250e+01
4.547733688354492188e+01,5.973011779785156250e+01
5.133871459960937500e+01,6.401224517822265625e+01
5.946421432495117188e+01,7.100479125976562500e+01
1.177759170532226562e+02,1.255115203857421875e+02
2.600351905822753906e+01,8.433061218261718750e+01
5.199943161010742188e+01,8.840802001953125000e+01
5.098514938354492188e+01,9.153410339355468750e+01
5.499263381958007812e+01,9.117503356933593750e+01
6.229182434082031250e+01,9.973805236816406250e+01
6.265797042846679688e+01,9.317535400390625000e+01
5.641746902465820312e+01,8.364944458007812500e+01
4.872554397583007812e+01,8.093533325195312500e+01
5.236413192749023438e+01,8.381619262695312500e+01
3.728111267089843750e+01,7.030996704101562500e+01
3.399327468872070312e+01,7.012866210937500000e+01
5.550727844238281250e+01,8.817442321777343750e+01
9.361181640625000000e+01,1.200855102539062500e+02
9.280565643310546875e+01,1.192787857055664062e+02
1.090526733398437500e+02,1.306527099609375000e+02
1.074248428344726562e+02,1.296272735595703125e+02
1.066220474243164062e+02,1.282716827392578125e+02
1.054967269897460938e+02,1.270903396606445312e+02
5.990014648437500000e+01,1.000903091430664062e+02
6.720159149169921875e+01,1.027790374755859375e+02
6.298588943481445312e+01,1.188173065185546875e+02
6.665892791748046875e+01,1.199438476562500000e+02
7.871851348876953125e+01,1.227622528076171875e+02
6.022846984863281250e+01,7.283901977539062500e+01
6.334182739257812500e+01,7.172167968750000000e+01
6.035155105590820312e+01,7.721455383300781250e+01
5.254042434692382812e+01,8.246804809570312500e+01
5.082387924194335938e+01,8.337339782714843750e+01
9.127242279052734375e+01,1.011564636230468750e+02
9.549810028076171875e+01,1.042716064453125000e+02
6.814504241943359375e+01,8.471697998046875000e+01
1.016174316406250000e+02,1.129401397705078125e+02
1.858774375915527344e+01,5.616850280761718750e+01
2.626509857177734375e+01,9.736947631835937500e+01
2.062982749938964844e+01,7.135800170898437500e+01
2.240095710754394531e+01,7.227835083007812500e+01
1.887297630310058594e+01,6.944544982910156250e+01
1.586198329925537109e+01,5.859297943115234375e+01
4.206592941284179688e+01,5.593072509765625000e+01
2.506911277770996094e+01,8.041184997558593750e+01
4.319163131713867188e+01,5.357373046875000000e+01
5.787088012695312500e+01,8.694374084472656250e+01
5.216083908081054688e+01,9.041163635253906250e+01
2.959354972839355469e+01,5.887544631958007812e+01
4.008024597167968750e+01,6.038508987426757812e+01
3.736838912963867188e+01,5.732372283935546875e+01
3.265867233276367188e+01,5.546496963500976562e+01
4.717535018920898438e+01,6.262389373779296875e+01
5.307851028442382812e+01,6.804104614257812500e+01
3.458751296997070312e+01,5.667446136474609375e+01
3.902289962768554688e+01,5.826976776123046875e+01
3.717153167724609375e+01,5.650739288330078125e+01
4.220690917968750000e+01,5.816952514648437500e+01
5.383685302734375000e+01,6.583997344970703125e+01
3.000459289550781250e+01,1.004789276123046875e+02
6.687339019775390625e+01,1.190170059204101562e+02
7.048426055908203125e+01,1.179797668457031250e+02
6.551494598388671875e+01,1.112275161743164062e+02
8.631276702880859375e+01,1.121033630371093750e+02
9.014547729492187500e+01,1.139460601806640625e+02
8.389790344238281250e+01,1.050097045898437500e+02
9.782601165771484375e+01,1.137995147705078125e+02
1.073983840942382812e+02,1.191030654907226562e+02
5.393111038208007812e+01,9.023945617675781250e+01
5.456422805786132812e+01,8.636445617675781250e+01
4.259836578369140625e+01,7.811865234375000000e+01
5.583332443237304688e+01,9.379811096191406250e+01
4.084707260131835938e+01,7.434379577636718750e+01
4.669431686401367188e+01,8.558746337890625000e+01
1.496160125732421875e+01,3.693534088134765625e+01
1.572757339477539062e+01,4.210133361816406250e+01
1.407002162933349609e+01,3.472294616699218750e+01
1.258707809448242188e+02,1.344208374023437500e+02
1.254067306518554688e+02,1.348248901367187500e+02
1.226319351196289062e+02,1.312674713134765625e+02
3.524187088012695312e+01,7.649649047851562500e+01
2.521116447448730469e+01,4.031835556030273438e+01
8.322911262512207031e+00,1.979301834106445312e+01
1.059921646118164062e+02,1.244095153808593750e+02
8.493658447265625000e+01,1.114054031372070312e+02
9.032599639892578125e+01,1.132352294921875000e+02
9.426857757568359375e+01,1.159158096313476562e+02
2.040000724792480469e+01,5.308346939086914062e+01
1.437948894500732422e+01,4.495042419433593750e+01
1.410957813262939453e+01,9.266271972656250000e+01
1.681799125671386719e+01,6.724063110351562500e+01
1.516065216064453125e+01,4.125537872314453125e+01
1.476538181304931641e+01,4.014707565307617188e+01
1.963702201843261719e+01,3.156093025207519531e+01
1.956124687194824219e+01,7.626191711425781250e+01
3.306832504272460938e+01,5.963269424438476562e+01
2.940571594238281250e+01,9.832702636718750000e+01
1.462493610382080078e+01,6.932280731201171875e+01
1.301089954376220703e+01,3.782086181640625000e+01
1.112752685546875000e+02,1.265980529785156250e+02
2.672339439392089844e+01,8.825257873535156250e+01
2.694448280334472656e+01,8.916348266601562500e+01
1.734524345397949219e+01,7.971545410156250000e+01
1.677881050109863281e+01,8.348016357421875000e+01
1.995448112487792969e+01,8.059928894042968750e+01
1.801050758361816406e+01,7.627508544921875000e+01
1.974572181701660156e+01,8.645568084716796875e+01
1.069240722656250000e+02,1.298295745849609375e+02
3.154620552062988281e+01,6.657632446289062500e+01
5.335972976684570312e+01,8.805050659179687500e+01
8.483322143554687500e+01,1.094378967285156250e+02
9.108730316162109375e+01,9.833323669433593750e+01
1.259671630859375000e+02,1.253274078369140625e+02
1.158779067993164062e+02,1.178115005493164062e+02
6.972438049316406250e+01,8.299501037597656250e+01
9.504633331298828125e+01,9.952738189697265625e+01
1.236513290405273438e+02,1.214723968505859375e+02
1.230654220581054688e+02,1.209395751953125000e+02
1.206338577270507812e+02,1.218485412597656250e+02
1.275088500976562500e+02,1.260442733764648438e+02
7.536527252197265625e+01,1.157180175781250000e+02
7.774066925048828125e+01,1.159846878051757812e+02
9.566265869140625000e+01,1.292658691406250000e+02
9.461701202392578125e+01,1.308317565917968750e+02
6.488278961181640625e+01,1.177372970581054688e+02
1.036314163208007812e+02,1.309407653808593750e+02
8.932849884033203125e+01,1.223370361328125000e+02
5.804544067382812500e+01,1.113856353759765625e+02
8.433782196044921875e+01,1.236054687500000000e+02
6.764337921142578125e+01,1.188525390625000000e+02
9.759001922607421875e+01,1.282042541503906250e+02
9.010070037841796875e+01,1.194402008056640625e+02
1.048576431274414062e+02,1.242654113769531250e+02
1.214418945312500000e+02,1.344669799804687500e+02
1.243720474243164062e+02,1.351007080078125000e+02
1.226411209106445312e+02,1.349013061523437500e+02
1.038670272827148438e+02,1.239328308105468750e+02
9.780651855468750000e+01,1.224916534423828125e+02
9.663043975830078125e+01,1.223982086181640625e+02
1.005478591918945312e+02,1.229137115478515625e+02
9.822553253173828125e+01,1.233970794677734375e+02
1.134956893920898438e+02,1.305567016601562500e+02
1.201433105468750000e+02,1.334687805175781250e+02
9.131806182861328125e+01,1.204679718017578125e+02
9.623516845703125000e+01,1.229792480468750000e+02
1.168444595336914062e+02,1.336791229248046875e+02
1.170402450561523438e+02,1.330127258300781250e+02
1.167943344116210938e+02,1.335538024902343750e+02
1.195244979858398438e+02,1.342355499267578125e+02
1.220515975952148438e+02,1.349842834472656250e+02
1.209212036132812500e+02,1.355373992919921875e+02
1.211099166870117188e+02,1.334974365234375000e+02
1.239924926757812500e+02,1.348821716308593750e+02
1.234768447875976562e+02,1.348097076416015625e+02
1.252701644897460938e+02,1.363580627441406250e+02
1.244371643066406250e+02,1.354267272949218750e+02
1.234228897094726562e+02,1.373217620849609375e+02
1.263370590209960938e+02,1.361960296630859375e+02
1.261080703735351562e+02,1.376712646484375000e+02
1.143210830688476562e+02,1.317297363281250000e+02
1.196125106811523438e+02,1.322119140625000000e+02
1.174623641967773438e+02,1.323203125000000000e+02
1.165677108764648438e+02,1.331634216308593750e+02
1.318354949951171875e+02,1.360843048095703125e+02
1.176085128784179688e+02,1.342930603027343750e+02
1.123799057006835938e+02,1.321892242431640625e+02
9.946073150634765625e+01,1.225813751220703125e+02
2.299856758117675781e+01,5.509516143798828125e+01
5.447123718261718750e+01,8.847840118408203125e+01
4.739371871948242188e+01,7.721649932861328125e+01
4.129713821411132812e+01,7.407485961914062500e+01
9.828524780273437500e+01,1.098862915039062500e+02
2.021811866760253906e+01,5.293434906005859375e+01
5.484512329101562500e+01,7.747764587402343750e+01
5.206694412231445312e+01,7.459797668457031250e+01
4.147691726684570312e+01,6.857435607910156250e+01
3.019084167480468750e+01,4.588541793823242188e+01
4.335765457153320312e+01,6.903987121582031250e+01
4.177591323852539062e+01,6.780487060546875000e+01
2.560461425781250000e+01,4.792213439941406250e+01
1.474139118194580078e+01,6.305088806152343750e+01
1.148147659301757812e+02,1.276252975463867188e+02
1.187408065795898438e+02,1.325626220703125000e+02
1.091049423217773438e+02,1.207447967529296875e+02
1.120575942993164062e+02,1.260789642333984375e+02
1.081379776000976562e+02,1.220983963012695312e+02
1.182328872680664062e+02,1.291904602050781250e+02
1.146997299194335938e+02,1.279271392822265625e+02
1.133225021362304688e+02,1.239084472656250000e+02
1.172045059204101562e+02,1.297575378417968750e+02
1.149877929687500000e+02,1.284047241210937500e+02
1.105525283813476562e+02,1.244981689453125000e+02
1.260716323852539062e+02,1.362128448486328125e+02
1.110399780273437500e+02,1.244856109619140625e+02
1.137761459350585938e+02,1.274317169189453125e+02
1.108575515747070312e+02,1.252916412353515625e+02
1.156876220703125000e+02,1.278402404785156250e+02
1.115332031250000000e+02,1.238678054809570312e+02
1.135474929809570312e+02,1.266084594726562500e+02
6.119965744018554688e+01,7.962210083007812500e+01
2.640586853027343750e+01,4.804318237304687500e+01
9.956191253662109375e+01,1.121888885498046875e+02
1.107523193359375000e+02,1.327068176269531250e+02
1.080552139282226562e+02,1.319068298339843750e+02
9.034149932861328125e+01,1.296672363281250000e+02
1.161767883300781250e+02,1.341729125976562500e+02
1.123075332641601562e+02,1.335470886230468750e+02
8.811228179931640625e+01,1.261545028686523438e+02
7.662352752685546875e+01,1.030196228027343750e+02
3.366201400756835938e+01,8.881613159179687500e+01
3.029605102539062500e+01,7.217956542968750000e+01
2.924400901794433594e+01,7.069358062744140625e+01
5.224198532104492188e+01,9.243675231933593750e+01
5.426585006713867188e+01,9.496550750732421875e+01
2.313458824157714844e+01,6.801988220214843750e+01
2.496687316894531250e+01,7.097998046875000000e+01
3.177427101135253906e+01,8.383218383789062500e+01
2.418885993957519531e+01,6.878729248046875000e+01
2.337081336975097656e+01,6.597894287109375000e+01
2.251746368408203125e+01,6.574306488037109375e+01
2.329900550842285156e+01,6.646163940429687500e+01
2.265991783142089844e+01,6.582094573974609375e+01
2.266609954833984375e+01,6.706372833251953125e+01
2.215059471130371094e+01,6.563947296142578125e+01
2.230628013610839844e+01,6.723742675781250000e+01
3.215182876586914062e+01,6.514390563964843750e+01
2.417383003234863281e+01,6.060227203369140625e+01
2.982299995422363281e+01,6.245963287353515625e+01
2.517504692077636719e+01,6.213037490844726562e+01
2.939441871643066406e+01,6.374885559082031250e+01
2.519510459899902344e+01,6.948234558105468750e+01
2.520561790466308594e+01,6.962486267089843750e+01
3.075333404541015625e+01,7.633130645751953125e+01
2.949691772460937500e+01,7.807302093505859375e+01
2.397632598876953125e+01,7.125999450683593750e+01
2.374902343750000000e+01,7.025560760498046875e+01
2.392967414855957031e+01,7.461577606201171875e+01
3.112371063232421875e+01,7.959820556640625000e+01
3.242075729370117188e+01,8.136375427246093750e+01
2.829379844665527344e+01,6.781343078613281250e+01
3.033508872985839844e+01,6.277413940429687500e+01
3.064086151123046875e+01,6.775312042236328125e+01
2.445071983337402344e+01,6.260091781616210938e+01
2.621304321289062500e+01,6.295940399169921875e+01
2.919102478027343750e+01,6.439741516113281250e+01
2.853150749206542969e+01,5.479676055908203125e+01
2.046784019470214844e+01,5.575093841552734375e+01
1.351151275634765625e+02,1.328697509765625000e+02
1.314749450683593750e+02,1.301274414062500000e+02
1.355153350830078125e+02,1.329095458984375000e+02
1.357950592041015625e+02,1.342367401123046875e+02
1.351613006591796875e+02,1.331760253906250000e+02
1.367028350830078125e+02,1.347548217773437500e+02
1.350301666259765625e+02,1.332392578125000000e+02
1.313658447265625000e+02,1.304262084960937500e+02
1.317678833007812500e+02,1.314314422607421875e+02
1.320109252929687500e+02,1.324158477783203125e+02
4.661257553100585938e+01,8.204606628417968750e+01
2.231005096435546875e+01,5.756722259521484375e+01
2.626629447937011719e+01,5.947393798828125000e+01
2.688900184631347656e+01,5.823523712158203125e+01
2.515014457702636719e+01,5.624468231201171875e+01
2.213349723815917969e+01,6.017473220825195312e+01
2.389006042480468750e+01,6.183745574951171875e+01
2.200010681152343750e+01,6.002224731445312500e+01
2.949316406250000000e+01,6.770193481445312500e+01
1.750750160217285156e+01,6.850007629394531250e+01
1.691007423400878906e+01,6.972747802734375000e+01
6.049082565307617188e+01,9.739209747314453125e+01
5.996921157836914062e+01,9.729929351806640625e+01
5.656359863281250000e+01,9.315349578857421875e+01
5.789000320434570312e+01,9.355268096923828125e+01
5.606219482421875000e+01,9.270767974853515625e+01
6.365613174438476562e+01,9.889271545410156250e+01
6.087503051757812500e+01,9.475039672851562500e+01
7.024742126464843750e+01,1.018925170898437500e+02
6.957524871826171875e+01,1.016936798095703125e+02
6.658334350585937500e+01,9.809252929687500000e+01
1.037400588989257812e+02,1.249603576660156250e+02
6.532323455810546875e+01,9.748489379882812500e+01
8.073751831054687500e+01,1.101618499755859375e+02
6.458373260498046875e+01,9.648453521728515625e+01
6.530813598632812500e+01,9.686364746093750000e+01
7.391513061523437500e+01,1.120440063476562500e+02
6.204614257812500000e+01,9.662225341796875000e+01
6.038702392578125000e+01,9.609231567382812500e+01
6.705280303955078125e+01,9.846158599853515625e+01
7.375639343261718750e+01,1.069491882324218750e+02
5.912645339965820312e+01,9.300277709960937500e+01
5.678506469726562500e+01,9.202188110351562500e+01
6.271066665649414062e+01,9.403373718261718750e+01
5.296009445190429688e+01,8.798284912109375000e+01
6.165066146850585938e+01,9.548357391357421875e+01
5.017686462402343750e+01,8.596361541748046875e+01
5.667600631713867188e+01,9.406010437011718750e+01
9.831707763671875000e+01,1.230537109375000000e+02
1.259283523559570312e+02,1.376557922363281250e+02
9.819283294677734375e+01,1.232353363037109375e+02
9.839247894287109375e+01,1.233397216796875000e+02
9.435271453857421875e+01,1.210687866210937500e+02
9.361954498291015625e+01,1.209546356201171875e+02
1.064487686157226562e+02,1.281954956054687500e+02
1.042275390625000000e+02,1.247819747924804688e+02
1.041556625366210938e+02,1.245126647949218750e+02
1.005085678100585938e+02,1.227546997070312500e+02
9.671825408935546875e+01,1.224669494628906250e+02
9.873657226562500000e+01,1.225213317871093750e+02
9.706333160400390625e+01,1.220572967529296875e+02
9.484851074218750000e+01,1.214358520507812500e+02
1.163324050903320312e+02,1.271056747436523438e+02
9.099227905273437500e+01,1.230387268066406250e+02
7.057458496093750000e+01,1.028409576416015625e+02
1.003931884765625000e+02,1.162222137451171875e+02
1.118528213500976562e+02,1.251471557617187500e+02
8.447780609130859375e+01,1.345495300292968750e+02
3.633953857421875000e+01,6.928257751464843750e+01
2.897994995117187500e+01,5.566104888916015625e+01
8.066220092773437500e+01,9.884573364257812500e+01
8.990051269531250000e+01,1.046512451171875000e+02
1.004321594238281250e+02,1.046234588623046875e+02
9.216922760009765625e+01,1.013414916992187500e+02
1.008359909057617188e+02,1.413591613769531250e+02
1.867195320129394531e+01,5.352177047729492188e+01
6.540326690673828125e+01,1.026142272949218750e+02
2.914244079589843750e+01,6.759395599365234375e+01
2.831680870056152344e+01,6.416142272949218750e+01
2.480554771423339844e+01,5.186537170410156250e+01
7.503604888916015625e+01,1.041439514160156250e+02
9.906172943115234375e+01,1.103139877319335938e+02
7.087002563476562500e+01,8.329258728027343750e+01
1.775261116027832031e+01,4.755143737792968750e+01
3.444560241699218750e+01,6.741671752929687500e+01
9.010253906250000000e+01,9.982423400878906250e+01
9.578536224365234375e+01,1.066584777832031250e+02
1.027859268188476562e+02,1.088420867919921875e+02
8.116463470458984375e+01,9.131747436523437500e+01
1.112350692749023438e+02,1.181211471557617188e+02
1.115861892700195312e+02,1.177543640136718750e+02
1.083944931030273438e+02,1.133151397705078125e+02
9.214996337890625000e+01,9.909046936035156250e+01
8.572296905517578125e+01,9.579212188720703125e+01
1.067164916992187500e+02,1.172387847900390625e+02
1.124960861206054688e+02,1.156470947265625000e+02
1.160724258422851562e+02,1.187740478515625000e+02
1.213219299316406250e+02,1.255941314697265625e+02
7.647736358642578125e+01,9.897579193115234375e+01
1.123472061157226562e+02,1.164855041503906250e+02
1.073378295898437500e+02,1.138067626953125000e+02
1.155312271118164062e+02,1.214449005126953125e+02
9.598456573486328125e+01,1.050520248413085938e+02
1.148559494018554688e+02,1.183470382690429688e+02
8.496020507812500000e+01,9.276261901855468750e+01
7.264072418212890625e+01,8.638653564453125000e+01
1.157862319946289062e+02,1.223587799072265625e+02
1.241408767700195312e+02,1.245112380981445312e+02
1.194760055541992188e+02,1.227740478515625000e+02
1.131638717651367188e+02,1.161952819824218750e+02
1.116595458984375000e+02,1.151026000976562500e+02
1.154560241699218750e+02,1.180319824218750000e+02
1.108561401367187500e+02,1.157206878662109375e+02
1.204677734375000000e+02,1.217556228637695312e+02
1.004177474975585938e+02,1.083939285278320312e+02
1.204753036499023438e+02,1.261770782470703125e+02
1.079816665649414062e+02,1.174388275146484375e+02
9.841677093505859375e+01,1.084974899291992188e+02
1.177364120483398438e+02,1.208986587524414062e+02
1.017400512695312500e+02,1.096703033447265625e+02
9.478896331787109375e+01,1.062723999023437500e+02
1.118503189086914062e+02,1.250516815185546875e+02
9.008817291259765625e+01,1.095762634277343750e+02
1.104487304687500000e+02,1.188395843505859375e+02
1.095825729370117188e+02,1.179344177246093750e+02
1.156804885864257812e+02,1.263813552856445312e+02
1.032434921264648438e+02,1.214129791259765625e+02
1.109589920043945312e+02,1.248050231933593750e+02
1.105427627563476562e+02,1.251275634765625000e+02
1.048069458007812500e+02,1.156855239868164062e+02
1.124124755859375000e+02,1.248269042968750000e+02
1.096066513061523438e+02,1.245011291503906250e+02
1.202510986328125000e+02,1.327521057128906250e+02
1.225903091430664062e+02,1.308655090332031250e+02
1.288733978271484375e+02,1.345982818603515625e+02
1.247220535278320312e+02,1.336250000000000000e+02
1.258546829223632812e+02,1.334990539550781250e+02
1.259848098754882812e+02,1.338468017578125000e+02
1.003389053344726562e+02,1.252651443481445312e+02
1.123098144531250000e+02,1.295481414794921875e+02
1.149392776489257812e+02,1.232053527832031250e+02
1.050697250366210938e+02,1.152314224243164062e+02
1.064957809448242188e+02,1.159852523803710938e+02
1.100610656738281250e+02,1.196860961914062500e+02
1.045123291015625000e+02,1.161071929931640625e+02
1.111862487792968750e+02,1.198521881103515625e+02
1.093125381469726562e+02,1.190415115356445312e+02
1.075013046264648438e+02,1.187433624267578125e+02
1.181485366821289062e+02,1.244111938476562500e+02
1.145328903198242188e+02,1.220433349609375000e+02
1.091562271118164062e+02,1.189680252075195312e+02
1.023144531250000000e+02,1.149080657958984375e+02
1.072812423706054688e+02,1.183403778076171875e+02
1.062992553710937500e+02,1.195582275390625000e+02
1.106761856079101562e+02,1.211971893310546875e+02
1.067004623413085938e+02,1.191170349121093750e+02
1.323714752197265625e+02,1.354542083740234375e+02
2.226817321777343750e+01,6.428109741210937500e+01
4.785123062133789062e+01,7.037944030761718750e+01
6.339529418945312500e+01,7.859629821777343750e+01
5.760450363159179688e+01,7.426622009277343750e+01
5.229457473754882812e+01,7.314171600341796875e+01
5.357595825195312500e+01,7.611799621582031250e+01
5.763284301757812500e+01,7.473155212402343750e+01
5.081239700317382812e+01,7.135569763183593750e+01
6.404560089111328125e+01,8.122183227539062500e+01
5.006547927856445312e+01,6.929675292968750000e+01
5.820598983764648438e+01,7.402955627441406250e+01
5.524073410034179688e+01,7.120436096191406250e+01
5.203802490234375000e+01,7.012992858886718750e+01
5.850285720825195312e+01,7.312409973144531250e+01
7.610166168212890625e+01,8.701454162597656250e+01
1.371710052490234375e+02,1.379371337890625000e+02
1.054793167114257812e+02,1.261066970825195312e+02
1.139378890991210938e+02,1.294502105712890625e+02
1.003794555664062500e+02,1.221579132080078125e+02
9.881115722656250000e+01,1.222603912353515625e+02
1.126730651855468750e+02,1.289909515380859375e+02
1.037478942871093750e+02,1.238102874755859375e+02
1.195410995483398438e+02,1.306368103027343750e+02
1.062964248657226562e+02,1.251772003173828125e+02
1.074424362182617188e+02,1.263629531860351562e+02
1.034132308959960938e+02,1.249942703247070312e+02
1.092026062011718750e+02,1.277588043212890625e+02
1.071143112182617188e+02,1.269476699829101562e+02
1.020810775756835938e+02,1.260171966552734375e+02
1.091905517578125000e+02,1.292503051757812500e+02
1.052045364379882812e+02,1.272236785888671875e+02
1.001650161743164062e+02,1.262751770019531250e+02
1.076133193969726562e+02,1.278523483276367188e+02
1.080992813110351562e+02,1.280445404052734375e+02
1.034619827270507812e+02,1.269243698120117188e+02
1.115357284545898438e+02,1.285496826171875000e+02
9.525072479248046875e+01,1.213865509033203125e+02
1.149636459350585938e+02,1.296978912353515625e+02
1.121590805053710938e+02,1.293335266113281250e+02
1.077260055541992188e+02,1.283993530273437500e+02
1.023075180053710938e+02,1.211351242065429688e+02
1.121781005859375000e+02,1.265023880004882812e+02
1.136310424804687500e+02,1.255601654052734375e+02
6.735332489013671875e+01,9.502369689941406250e+01
7.234195709228515625e+01,9.859101867675781250e+01
6.918959808349609375e+01,9.554725646972656250e+01
4.815797805786132812e+01,7.940174865722656250e+01
8.034142303466796875e+01,1.070543670654296875e+02
6.722309875488281250e+01,9.274809265136718750e+01
7.004105377197265625e+01,9.569766235351562500e+01
1.216554336547851562e+02,1.330466308593750000e+02
1.207496261596679688e+02,1.302953186035156250e+02
1.206857910156250000e+02,1.325821228027343750e+02
1.158947525024414062e+02,1.303256378173828125e+02
1.217994003295898438e+02,1.322226562500000000e+02
1.213653335571289062e+02,1.326314544677734375e+02
1.261933364868164062e+02,1.332986145019531250e+02
1.229386672973632812e+02,1.329479370117187500e+02
1.224531250000000000e+02,1.362182006835937500e+02
1.258479843139648438e+02,1.362243041992187500e+02
1.202749633789062500e+02,1.317489318847656250e+02
1.226709823608398438e+02,1.354183044433593750e+02
1.235006484985351562e+02,1.328887939453125000e+02
1.228429183959960938e+02,1.351979675292968750e+02
1.246625366210937500e+02,1.356066741943359375e+02
1.213091964721679688e+02,1.375572662353515625e+02
1.234110488891601562e+02,1.358056945800781250e+02
1.241589279174804688e+02,1.305127563476562500e+02
1.259520492553710938e+02,1.340502929687500000e+02
1.259180526733398438e+02,1.315216979980468750e+02
1.259829635620117188e+02,1.346103515625000000e+02
1.295915679931640625e+02,1.377358398437500000e+02
1.244283065795898438e+02,1.344811096191406250e+02
1.233262557983398438e+02,1.352150573730468750e+02
1.257477645874023438e+02,1.375454101562500000e+02
1.134008789062500000e+02,1.290641021728515625e+02
1.160900955200195312e+02,1.295098419189453125e+02
1.184661026000976562e+02,1.318297424316406250e+02
2.038129997253417969e+01,5.814128875732421875e+01
2.148435020446777344e+01,5.401142883300781250e+01
1.471740627288818359e+01,4.058600234985351562e+01
1.471873950958251953e+01,3.799794006347656250e+01
8.571913909912109375e+01,1.198108978271484375e+02
9.114795684814453125e+01,1.164266967773437500e+02
8.256079864501953125e+01,1.155357742309570312e+02
8.289393615722656250e+01,1.170050048828125000e+02
8.763790893554687500e+01,1.186721496582031250e+02
9.637389373779296875e+01,1.233391342163085938e+02
9.641594696044921875e+01,1.233781509399414062e+02
1.097665710449218750e+02,1.308975982666015625e+02
1.102319107055664062e+02,1.320034484863281250e+02
1.060487442016601562e+02,1.294566650390625000e+02
1.120748901367187500e+02,1.331536865234375000e+02
1.210968399047851562e+02,1.332147521972656250e+02
9.339147949218750000e+01,1.193980255126953125e+02
1.038549423217773438e+02,1.235083007812500000e+02
9.417392730712890625e+01,1.218185729980468750e+02
7.419387817382812500e+01,1.093636550903320312e+02
1.070588912963867188e+02,1.230918731689453125e+02
9.968554687500000000e+01,1.236839904785156250e+02
8.778035736083984375e+01,1.182317657470703125e+02
8.852095794677734375e+01,1.202584381103515625e+02
8.969378662109375000e+01,1.195638198852539062e+02
9.120059967041015625e+01,1.212248458862304688e+02
9.779687500000000000e+01,1.242423782348632812e+02
9.479787445068359375e+01,1.229250640869140625e+02
1.129977416992187500e+02,1.283293457031250000e+02
1.120225524902343750e+02,1.294995422363281250e+02
9.802908325195312500e+01,1.196072235107421875e+02
1.178096008300781250e+02,1.308180236816406250e+02
1.184234619140625000e+02,1.315070037841796875e+02
1.261308593750000000e+02,1.342124328613281250e+02
1.192839355468750000e+02,1.300633544921875000e+02
1.311911163330078125e+02,1.400389709472656250e+02
1.285367736816406250e+02,1.371789855957031250e+02
1.304400634765625000e+02,1.385231018066406250e+02
7.177985382080078125e+01,9.498193359375000000e+01
3.938974380493164062e+01,7.158947753906250000e+01
3.815898895263671875e+01,7.231553649902343750e+01
5.250909423828125000e+01,8.871287536621093750e+01
8.683722686767578125e+01,1.173496246337890625e+02
1.297336578369140625e+02,1.318000183105468750e+02
1.167048950195312500e+02,1.166281204223632812e+02
1.289281768798828125e+02,1.315039367675781250e+02
1.292705535888671875e+02,1.322894897460937500e+02
1.040963668823242188e+02,1.060278854370117188e+02
1.252215194702148438e+02,1.252652130126953125e+02
4.919281005859375000e+01,8.644994354248046875e+01
4.777099609375000000e+01,1.076904296875000000e+02
5.634031677246093750e+01,1.136675567626953125e+02
6.828189086914062500e+01,8.528889465332031250e+01
5.121957778930664062e+01,1.004224853515625000e+02
5.166358566284179688e+01,1.027360534667968750e+02
3.507010269165039062e+01,5.837920379638671875e+01
5.385721969604492188e+01,6.045952224731445312e+01
7.186969757080078125e+01,8.075364685058593750e+01
7.326277923583984375e+01,7.202886962890625000e+01
5.046067428588867188e+01,5.837576293945312500e+01
7.279144287109375000e+01,8.023533630371093750e+01
7.211185455322265625e+01,7.962705993652343750e+01
8.198970031738281250e+01,9.103234863281250000e+01
4.742614364624023438e+01,5.999645996093750000e+01
5.268920516967773438e+01,5.931138229370117188e+01
7.097090148925781250e+01,8.138452148437500000e+01
6.980139923095703125e+01,7.931263732910156250e+01
5.473767089843750000e+01,6.103669738769531250e+01
7.388476562500000000e+01,8.047922515869140625e+01
7.562894439697265625e+01,7.258927917480468750e+01
7.382494354248046875e+01,8.043595886230468750e+01
5.120862960815429688e+01,5.739852142333984375e+01
7.234564971923828125e+01,7.903089904785156250e+01
5.060322952270507812e+01,5.527654266357421875e+01
7.160263061523437500e+01,7.840958404541015625e+01
6.853175354003906250e+01,7.400841522216796875e+01
5.611507034301757812e+01,6.441023254394531250e+01
8.121496582031250000e+01,8.967999267578125000e+01
7.136846160888671875e+01,8.056031036376953125e+01
4.913777542114257812e+01,5.785285949707031250e+01
7.182704925537109375e+01,7.991528320312500000e+01
7.165909576416015625e+01,7.932739257812500000e+01
6.193536376953125000e+01,7.760869598388671875e+01
4.813531494140625000e+01,5.565468597412109375e+01
7.857032012939453125e+01,8.950344848632812500e+01
6.990264892578125000e+01,7.928195190429687500e+01
5.237175369262695312e+01,6.004805755615234375e+01
7.049559020996093750e+01,7.866575622558593750e+01
5.192590332031250000e+01,5.782944488525390625e+01
5.546027755737304688e+01,6.659897613525390625e+01
6.939992523193359375e+01,7.735874176025390625e+01
7.261166381835937500e+01,7.121543884277343750e+01
5.320579147338867188e+01,6.259661102294921875e+01
4.525255203247070312e+01,5.728944396972656250e+01
4.837291336059570312e+01,5.769060516357421875e+01
4.679302978515625000e+01,5.686170959472656250e+01
6.846240997314453125e+01,7.805680084228515625e+01
4.703331375122070312e+01,5.547081756591796875e+01
6.717900848388671875e+01,7.795184326171875000e+01
6.848606872558593750e+01,7.795974731445312500e+01
6.859204864501953125e+01,7.752895355224609375e+01
7.039450073242187500e+01,7.086155700683593750e+01
7.153060913085937500e+01,8.485443115234375000e+01
7.214031982421875000e+01,8.393545532226562500e+01
8.360251617431640625e+01,9.347039031982421875e+01
6.746254730224609375e+01,8.403102111816406250e+01
5.921138000488281250e+01,7.282768249511718750e+01
4.656039810180664062e+01,7.595268249511718750e+01
5.983688354492187500e+01,8.345419311523437500e+01
5.673270797729492188e+01,8.728839111328125000e+01
5.564867782592773438e+01,9.050721740722656250e+01
5.158327865600585938e+01,8.415142822265625000e+01
5.679467773437500000e+01,8.701772308349609375e+01
5.409016036987304688e+01,7.914950561523437500e+01
8.389481353759765625e+01,1.026592254638671875e+02
8.819522857666015625e+01,1.064501037597656250e+02
8.264139556884765625e+01,1.021485290527343750e+02
2.593823242187500000e+01,7.511347961425781250e+01
5.829147338867187500e+01,8.268161010742187500e+01
6.091134643554687500e+01,8.572859954833984375e+01
6.172486495971679688e+01,8.338339233398437500e+01
6.202221679687500000e+01,8.577855682373046875e+01
3.566820144653320312e+01,6.956541442871093750e+01
8.275218963623046875e+01,1.160395355224609375e+02
5.605980300903320312e+01,9.294886779785156250e+01
2.538501739501953125e+01,5.072071838378906250e+01
2.273110961914062500e+01,5.702302551269531250e+01
2.300105857849121094e+01,5.478299713134765625e+01
2.094776344299316406e+01,4.434707641601562500e+01
1.320685863494873047e+01,3.087392425537109375e+01
1.887345695495605469e+01,4.502870178222656250e+01
2.892811012268066406e+01,5.230483627319335938e+01
1.868046379089355469e+01,3.456384277343750000e+01
2.518575859069824219e+01,4.504409790039062500e+01
3.919216918945312500e+01,5.482023620605468750e+01
2.872970581054687500e+01,5.281552886962890625e+01
6.792067718505859375e+01,8.361442565917968750e+01
6.228537368774414062e+01,7.745192718505859375e+01
5.607593154907226562e+01,8.868974304199218750e+01
3.834394454956054688e+01,5.752200698852539062e+01
5.807167434692382812e+01,7.597423553466796875e+01
4.932521057128906250e+01,8.103344726562500000e+01
6.269334793090820312e+01,7.184097290039062500e+01
6.082116699218750000e+01,8.826724243164062500e+01
6.285683822631835938e+01,8.971249389648437500e+01
5.753935623168945312e+01,8.326401519775390625e+01
1.164511394500732422e+01,5.477083969116210938e+01
4.934333419799804688e+01,9.074031829833984375e+01
5.453854370117187500e+01,9.285704040527343750e+01
4.954799270629882812e+01,8.675392150878906250e+01
4.925907516479492188e+01,8.812420654296875000e+01
5.391306686401367188e+01,9.210945129394531250e+01
6.650132751464843750e+01,1.062402267456054688e+02
7.406164550781250000e+01,1.085353240966796875e+02
6.099074172973632812e+01,9.172382354736328125e+01
2.654340934753417969e+01,1.115797729492187500e+02
2.777208518981933594e+01,1.102222290039062500e+02
2.381293678283691406e+01,8.968060302734375000e+01
1.945169258117675781e+01,6.880178833007812500e+01
2.205624961853027344e+01,7.770744323730468750e+01
2.120573234558105469e+01,9.520166015625000000e+01
1.652093696594238281e+01,7.399977111816406250e+01
1.984809875488281250e+01,7.387527465820312500e+01
2.189425468444824219e+01,8.378427124023437500e+01
1.560492801666259766e+01,5.390929412841796875e+01
2.183298301696777344e+01,7.688340759277343750e+01
5.742158508300781250e+01,8.388519287109375000e+01
4.648876571655273438e+01,6.925238037109375000e+01
4.342348098754882812e+01,6.685805511474609375e+01
5.404233932495117188e+01,8.022283935546875000e+01
6.068148803710937500e+01,8.411502075195312500e+01
7.696392059326171875e+01,8.271423339843750000e+01
7.227645874023437500e+01,8.135705566406250000e+01
6.738591766357421875e+01,8.835290527343750000e+01
9.079146575927734375e+01,1.012317047119140625e+02
9.278787231445312500e+01,9.831473541259765625e+01
8.948600006103515625e+01,9.567494201660156250e+01
9.362099456787109375e+01,1.003349990844726562e+02
6.925337982177734375e+01,8.333670043945312500e+01
6.880501556396484375e+01,8.699949645996093750e+01
9.280861663818359375e+01,8.764320373535156250e+01
7.359226989746093750e+01,8.689318847656250000e+01
7.011975097656250000e+01,7.732682800292968750e+01
7.561377716064453125e+01,7.711384582519531250e+01
8.786417388916015625e+01,9.394149017333984375e+01
8.469508361816406250e+01,9.877863311767578125e+01
9.648374176025390625e+01,1.063824615478515625e+02
8.637811279296875000e+01,9.335164642333984375e+01
8.796955108642578125e+01,9.510464477539062500e+01
8.701583099365234375e+01,9.071176147460937500e+01
9.229614257812500000e+01,9.304183959960937500e+01
8.652646636962890625e+01,9.652687072753906250e+01
4.364762878417968750e+01,7.295974731445312500e+01
5.691874694824218750e+01,8.515306091308593750e+01
5.021896362304687500e+01,8.630950164794921875e+01
8.310440063476562500e+01,9.994926452636718750e+01
7.524127960205078125e+01,9.628958129882812500e+01
5.355311965942382812e+01,8.856475067138671875e+01
7.904608154296875000e+01,1.019102935791015625e+02
6.509777069091796875e+01,8.659513854980468750e+01
6.108948898315429688e+01,9.197673034667968750e+01
5.880183410644531250e+01,9.273681640625000000e+01
4.277053833007812500e+01,6.933528900146484375e+01
6.133862304687500000e+01,8.508576965332031250e+01
5.631544113159179688e+01,8.510806274414062500e+01
5.145632934570312500e+01,8.297080230712890625e+01
6.970230865478515625e+01,8.752797698974609375e+01
7.520291900634765625e+01,1.001788482666015625e+02
8.369404602050781250e+01,9.871006011962890625e+01
7.843292236328125000e+01,9.843351745605468750e+01
8.522354888916015625e+01,1.008245086669921875e+02
2.914315795898437500e+01,9.570417785644531250e+01
6.466649627685546875e+01,6.762041473388671875e+01
9.912192344665527344e+00,5.880929565429687500e+01
5.061708068847656250e+01,8.586166381835937500e+01
3.603304672241210938e+01,8.448626708984375000e+01
3.018789100646972656e+01,1.079461975097656250e+02
2.031420707702636719e+01,6.748137664794921875e+01
2.362069129943847656e+01,9.041348266601562500e+01
3.015930366516113281e+01,9.722317504882812500e+01
3.909170913696289062e+01,8.394116210937500000e+01
5.638613510131835938e+01,9.355672454833984375e+01
3.841845703125000000e+01,8.008287048339843750e+01
3.268517684936523438e+01,6.561655426025390625e+01
2.966741943359375000e+01,7.069364929199218750e+01
2.514085960388183594e+01,6.844401550292968750e+01
4.280780410766601562e+01,9.260949707031250000e+01
1.451247787475585938e+01,4.207404708862304688e+01
2.271764945983886719e+01,5.915608215332031250e+01
3.508467483520507812e+01,7.187193298339843750e+01
3.144327735900878906e+01,6.803861999511718750e+01
4.802073669433593750e+01,1.009389038085937500e+02
3.759942626953125000e+01,8.297805023193359375e+01
2.915630912780761719e+01,6.408698272705078125e+01
3.933468627929687500e+01,8.098300170898437500e+01
3.063672828674316406e+01,7.229521179199218750e+01
4.142642974853515625e+01,9.063348388671875000e+01
2.791610145568847656e+01,6.658525085449218750e+01
5.826633834838867188e+01,9.793888092041015625e+01
1.788184928894042969e+01,5.514859008789062500e+01
1.110307846069335938e+02,1.289313354492187500e+02
1.043756484985351562e+02,1.244664993286132812e+02
1.011484451293945312e+02,1.262283248901367188e+02
1.231987991333007812e+02,1.321950073242187500e+02
1.270315933227539062e+02,1.350576629638671875e+02
1.301721649169921875e+02,1.372166748046875000e+02
1.263477249145507812e+02,1.341219177246093750e+02
1.124951400756835938e+02,1.317999572753906250e+02
1.246081542968750000e+02,1.326713562011718750e+02
1.204121704101562500e+02,1.323241424560546875e+02
1.206598434448242188e+02,1.334710388183593750e+02
1.215093917846679688e+02,1.296314392089843750e+02
1.216227035522460938e+02,1.301380462646484375e+02
1.253647079467773438e+02,1.321502075195312500e+02
1.203090209960937500e+02,1.344578552246093750e+02
1.216750717163085938e+02,1.309483489990234375e+02
6.768212127685546875e+01,1.186302032470703125e+02
2.493101310729980469e+01,7.436137390136718750e+01
2.437712097167968750e+01,7.354936218261718750e+01
3.514040756225585938e+01,8.311244201660156250e+01
1.343545989990234375e+02,1.386228942871093750e+02
1.326051635742187500e+02,1.378420104980468750e+02
1.342754058837890625e+02,1.355023193359375000e+02
1.348680725097656250e+02,1.365084228515625000e+02
1.343914947509765625e+02,1.388925476074218750e+02
1.372788238525390625e+02,1.393614654541015625e+02
1.341989288330078125e+02,1.372675781250000000e+02
1.359548797607421875e+02,1.387789154052734375e+02
1.277788085937500000e+02,1.351648712158203125e+02
9.271004486083984375e+01,1.226574249267578125e+02
8.953399658203125000e+01,1.208807678222656250e+02
9.717938232421875000e+01,1.225264434814453125e+02
7.642901611328125000e+01,1.140178680419921875e+02
1.060016860961914062e+02,1.280433349609375000e+02
9.843196868896484375e+01,1.240290679931640625e+02
8.959936523437500000e+01,1.241834106445312500e+02
1.006687393188476562e+02,1.230353698730468750e+02
1.061528549194335938e+02,1.251804656982421875e+02
1.153458938598632812e+02,1.294370727539062500e+02
1.060393981933593750e+02,1.239100418090820312e+02
8.623831939697265625e+01,1.151189270019531250e+02
8.581961059570312500e+01,1.147820892333984375e+02
9.168198394775390625e+01,1.207770843505859375e+02
9.099530792236328125e+01,1.208470535278320312e+02
1.059875259399414062e+02,1.250798110961914062e+02
1.052311630249023438e+02,1.250575561523437500e+02
1.098311157226562500e+02,1.277385177612304688e+02
1.134338302612304688e+02,1.299911499023437500e+02
1.132606811523437500e+02,1.298570404052734375e+02
1.178395996093750000e+02,1.320953369140625000e+02
1.170344619750976562e+02,1.319013366699218750e+02
9.815485382080078125e+01,1.262578887939453125e+02
9.478509521484375000e+01,1.246777496337890625e+02
9.720016479492187500e+01,1.246932830810546875e+02
1.028449707031250000e+02,1.298601074218750000e+02
9.214861297607421875e+01,1.247222442626953125e+02
7.283383178710937500e+01,9.937503051757812500e+01
8.440735626220703125e+01,9.774336242675781250e+01
6.462801361083984375e+01,9.080760955810546875e+01
8.108249664306640625e+01,1.040198593139648438e+02
7.241548919677734375e+01,9.767574310302734375e+01
5.389081954956054688e+01,1.021813812255859375e+02
6.062902450561523438e+01,1.126363296508789062e+02
6.677783203125000000e+01,9.291571044921875000e+01
7.165396881103515625e+01,9.668231201171875000e+01
5.656901931762695312e+01,9.652972412109375000e+01
7.535281372070312500e+01,1.013560943603515625e+02
6.393652725219726562e+01,9.707461547851562500e+01
7.412784576416015625e+01,1.001257095336914062e+02
6.884178924560546875e+01,9.433392333984375000e+01
5.761282730102539062e+01,8.410191345214843750e+01
7.693654632568359375e+01,1.015417098999023438e+02
6.649515533447265625e+01,9.135341644287109375e+01
6.770804595947265625e+01,1.006009521484375000e+02
6.446652221679687500e+01,8.874514007568359375e+01
6.477156066894531250e+01,9.893531036376953125e+01
6.991843414306640625e+01,9.641104125976562500e+01
6.653807830810546875e+01,9.411173248291015625e+01
6.012335205078125000e+01,8.797608947753906250e+01
7.815425872802734375e+01,1.031587219238281250e+02
6.805799102783203125e+01,9.336683654785156250e+01
6.640097808837890625e+01,8.862138366699218750e+01
5.109680175781250000e+01,9.633607482910156250e+01
6.558988189697265625e+01,1.047150726318359375e+02
6.890572357177734375e+01,9.274598693847656250e+01
8.848476409912109375e+01,1.096505203247070312e+02
5.832229232788085938e+01,1.038761596679687500e+02
7.697359466552734375e+01,1.137902297973632812e+02
1.643475151062011719e+01,3.903155517578125000e+01
2.931390380859375000e+01,8.406504821777343750e+01
1.012263488769531250e+02,1.238541030883789062e+02
8.767441558837890625e+01,1.203673553466796875e+02
7.486861419677734375e+01,1.152267913818359375e+02
5.088602066040039062e+01,1.071924896240234375e+02
7.142032623291015625e+01,1.137576751708984375e+02
4.913660812377929688e+01,1.025744323730468750e+02
6.952792358398437500e+01,1.074416198730468750e+02
7.591726684570312500e+01,1.075811157226562500e+02
9.532242584228515625e+01,1.216077957153320312e+02
4.555193710327148438e+01,9.730585479736328125e+01
4.454904174804687500e+01,9.461182403564453125e+01
6.370034790039062500e+01,1.072744598388671875e+02
4.454578781127929688e+01,1.000412597656250000e+02
2.508543968200683594e+01,9.339339447021484375e+01
3.677232742309570312e+01,9.493492126464843750e+01
9.783804321289062500e+01,1.207988433837890625e+02
5.131456375122070312e+01,1.035823364257812500e+02
5.260702514648437500e+01,1.020749206542968750e+02
9.572732543945312500e+01,1.191000747680664062e+02
6.862209320068359375e+01,1.077146148681640625e+02
6.837750244140625000e+01,1.094698638916015625e+02
4.473855590820312500e+01,9.856619262695312500e+01
4.422566604614257812e+01,9.690979003906250000e+01
6.297430038452148438e+01,1.088281860351562500e+02
4.165022659301757812e+01,9.336973571777343750e+01
3.641891479492187500e+01,9.584535980224609375e+01
7.832172393798828125e+01,1.133754577636718750e+02
6.013882064819335938e+01,9.549500274658203125e+01
5.484919357299804688e+01,1.045146560668945312e+02
7.264318084716796875e+01,1.111690063476562500e+02
8.175946044921875000e+01,1.152455673217773438e+02
7.262100982666015625e+01,1.126613922119140625e+02
6.722524261474609375e+01,1.061641998291015625e+02
8.068250274658203125e+01,1.141478729248046875e+02
6.981348419189453125e+01,1.040647048950195312e+02
7.020122528076171875e+01,1.097076263427734375e+02
7.326673126220703125e+01,1.095486907958984375e+02
5.903400039672851562e+01,9.116085815429687500e+01
1.310462341308593750e+02,1.383762512207031250e+02
1.335059509277343750e+02,1.387832489013671875e+02
1.319008331298828125e+02,1.384698486328125000e+02
1.339005584716796875e+02,1.392773742675781250e+02
1.291600494384765625e+02,1.401098937988281250e+02
1.298713531494140625e+02,1.390474548339843750e+02
1.311291961669921875e+02,1.396800537109375000e+02
1.269083862304687500e+02,1.381855621337890625e+02
1.324608612060546875e+02,1.404794616699218750e+02
1.193178405761718750e+02,1.355021362304687500e+02
1.317297363281250000e+02,1.401858367919921875e+02
1.286306915283203125e+02,1.382591247558593750e+02
1.239933471679687500e+02,1.356150360107421875e+02
1.265786437988281250e+02,1.381728820800781250e+02
1.237699356079101562e+02,1.360065307617187500e+02
1.274626235961914062e+02,1.374127502441406250e+02
1.190590896606445312e+02,1.359167480468750000e+02
1.243586044311523438e+02,1.382829284667968750e+02
1.262919921875000000e+02,1.393276672363281250e+02
1.344103546142578125e+02,1.393170776367187500e+02
6.254857254028320312e+01,9.330867767333984375e+01
2.288125610351562500e+01,4.274654006958007812e+01
7.943297576904296875e+01,8.197859191894531250e+01
6.878807830810546875e+01,7.559127807617187500e+01
6.957305145263671875e+01,8.680575561523437500e+01
5.863551712036132812e+01,7.434080505371093750e+01
1.057509841918945312e+02,1.120710372924804688e+02
4.869312667846679688e+01,5.704442596435546875e+01
4.049142456054687500e+01,4.285844421386718750e+01
5.365086746215820312e+01,7.323081970214843750e+01
5.412948608398437500e+01,8.638152313232421875e+01
5.171861648559570312e+01,7.265472412109375000e+01
4.925072860717773438e+01,1.113746261596679688e+02
4.571034622192382812e+01,1.028273773193359375e+02
5.658150100708007812e+01,1.134411621093750000e+02
6.509249114990234375e+01,1.158901519775390625e+02
4.695074081420898438e+01,1.058021774291992188e+02
3.678869628906250000e+01,1.038008270263671875e+02
3.754263687133789062e+01,1.026783294677734375e+02
4.529584884643554688e+01,1.075603637695312500e+02
4.790769958496093750e+01,1.147816467285156250e+02
4.771065902709960938e+01,1.101045532226562500e+02
5.384693908691406250e+01,1.142520294189453125e+02
6.335398483276367188e+01,1.162989349365234375e+02
6.393191909790039062e+01,1.152342376708984375e+02
5.630389404296875000e+01,1.152223663330078125e+02
5.595619201660156250e+01,1.147941436767578125e+02
5.827849197387695312e+01,1.187074127197265625e+02
5.791520690917968750e+01,1.178431320190429688e+02
6.194071578979492188e+01,1.191619720458984375e+02
6.351900100708007812e+01,1.014230575561523438e+02
5.761458206176757812e+01,9.994819641113281250e+01
4.535192871093750000e+01,9.339482116699218750e+01
4.083963012695312500e+01,9.263442993164062500e+01
4.664607620239257812e+01,9.243914794921875000e+01
5.663585281372070312e+01,9.774572753906250000e+01
5.087788009643554688e+01,9.546571350097656250e+01
5.146589660644531250e+01,9.681108093261718750e+01
5.323420333862304688e+01,9.135165405273437500e+01
6.519519805908203125e+01,9.954277038574218750e+01
5.330664062500000000e+01,9.482567596435546875e+01
7.013935089111328125e+01,1.031368865966796875e+02
6.328578186035156250e+01,9.887937927246093750e+01
5.168488693237304688e+01,9.579370880126953125e+01
5.218666076660156250e+01,9.838917541503906250e+01
5.535014724731445312e+01,1.004007263183593750e+02
4.325025939941406250e+01,8.688201904296875000e+01
5.404188156127929688e+01,1.017538452148437500e+02
4.638441085815429688e+01,9.685586547851562500e+01
5.667320632934570312e+01,1.028941650390625000e+02
4.500828933715820312e+01,9.447822570800781250e+01
5.891708755493164062e+01,1.031759490966796875e+02
7.181403350830078125e+01,1.097143859863281250e+02
6.285029220581054688e+01,1.040583877563476562e+02
7.426801300048828125e+01,9.629269409179687500e+01
6.566175079345703125e+01,9.459168243408203125e+01
5.611056518554687500e+01,8.909002685546875000e+01
6.147746658325195312e+01,9.595202636718750000e+01
6.750479125976562500e+01,1.026840209960937500e+02
6.546195220947265625e+01,9.953895568847656250e+01
6.663246917724609375e+01,1.001260375976562500e+02
7.364125823974609375e+01,9.863085937500000000e+01
5.245965576171875000e+01,7.957887268066406250e+01
7.232238006591796875e+01,1.025184173583984375e+02
6.560066223144531250e+01,1.013695068359375000e+02
7.436853790283203125e+01,1.089608612060546875e+02
6.485633087158203125e+01,9.712760162353515625e+01
5.577868652343750000e+01,8.906241607666015625e+01
5.558592605590820312e+01,9.289905548095703125e+01
6.372943115234375000e+01,9.516249084472656250e+01
6.578678131103515625e+01,1.005292892456054688e+02
5.542966842651367188e+01,8.952188110351562500e+01
5.039720535278320312e+01,9.732865142822265625e+01
6.016284179687500000e+01,1.047356185913085938e+02
5.177106857299804688e+01,1.013523864746093750e+02
6.280853271484375000e+01,9.584712219238281250e+01
4.922160720825195312e+01,9.740832519531250000e+01
4.617924880981445312e+01,9.678486633300781250e+01
5.782850265502929688e+01,1.054662094116210938e+02
5.962890625000000000e+01,1.079734954833984375e+02
3.298045730590820312e+01,9.034149169921875000e+01
3.378326797485351562e+01,9.070051574707031250e+01
3.001437377929687500e+01,8.854888916015625000e+01
4.282171630859375000e+01,9.980487823486328125e+01
3.913745498657226562e+01,9.121176147460937500e+01
4.404984664916992188e+01,9.439859771728515625e+01
3.972480392456054688e+01,9.515009307861328125e+01
3.014909362792968750e+01,8.575711059570312500e+01
3.892523574829101562e+01,9.511235046386718750e+01
4.537348937988281250e+01,9.908496093750000000e+01
4.039632797241210938e+01,9.924567413330078125e+01
3.630945968627929688e+01,8.942472839355468750e+01
4.240164566040039062e+01,9.974507141113281250e+01
5.622583007812500000e+01,9.258660888671875000e+01
6.215119552612304688e+01,1.021730957031250000e+02
6.142617797851562500e+01,1.036819610595703125e+02
4.933088684082031250e+01,9.429415893554687500e+01
6.346809768676757812e+01,1.001380691528320312e+02
6.381831741333007812e+01,9.912228393554687500e+01
4.703504562377929688e+01,9.217950439453125000e+01
4.458619308471679688e+01,9.110868835449218750e+01
4.905752563476562500e+01,9.126039123535156250e+01
3.947031784057617188e+01,1.002620391845703125e+02
3.344140243530273438e+01,8.651583862304687500e+01
3.354471969604492188e+01,8.965863037109375000e+01
2.948729515075683594e+01,8.540452575683593750e+01
4.400442504882812500e+01,9.518551635742187500e+01
3.443123245239257812e+01,8.493089294433593750e+01
3.897552871704101562e+01,8.593688964843750000e+01
3.432920455932617188e+01,8.694267272949218750e+01
3.904066848754882812e+01,8.627258300781250000e+01
4.471675491333007812e+01,8.870789337158203125e+01
3.923831558227539062e+01,9.000115966796875000e+01
4.136759948730468750e+01,9.155982971191406250e+01
3.014901733398437500e+01,8.184417724609375000e+01
3.538680267333984375e+01,8.414138793945312500e+01
3.046564483642578125e+01,8.401705932617187500e+01
4.078242111206054688e+01,8.590371704101562500e+01
3.914517211914062500e+01,9.055496215820312500e+01
4.783987045288085938e+01,9.609292602539062500e+01
3.688876342773437500e+01,8.800201416015625000e+01
4.029023361206054688e+01,9.597740173339843750e+01
5.159831619262695312e+01,9.417987060546875000e+01
6.734607696533203125e+01,1.037086029052734375e+02
5.723723220825195312e+01,9.623617553710937500e+01
4.806166076660156250e+01,9.122686767578125000e+01
4.471041488647460938e+01,9.614170837402343750e+01
4.515709304809570312e+01,9.817439270019531250e+01
5.000410079956054688e+01,9.956079101562500000e+01
4.470081710815429688e+01,9.332258605957031250e+01
4.221371078491210938e+01,9.444884490966796875e+01
5.072259140014648438e+01,9.180550384521484375e+01
6.072993469238281250e+01,9.575598907470703125e+01
5.750064086914062500e+01,9.080363464355468750e+01
3.984783935546875000e+01,1.003724441528320312e+02
4.666746902465820312e+01,1.037384185791015625e+02
4.260708999633789062e+01,9.070491027832031250e+01
4.342898941040039062e+01,8.786656188964843750e+01
5.106677246093750000e+01,8.740513610839843750e+01
4.979211807250976562e+01,8.634155273437500000e+01
6.395262527465820312e+01,9.500498199462890625e+01
4.930378341674804688e+01,8.978604125976562500e+01
5.621985244750976562e+01,8.928115844726562500e+01
6.859134674072265625e+01,8.924743652343750000e+01
5.349968338012695312e+01,9.580685424804687500e+01
4.743452835083007812e+01,9.486099243164062500e+01
5.497369766235351562e+01,9.835534667968750000e+01
5.344511032104492188e+01,9.164888000488281250e+01
5.267609786987304688e+01,9.662030029296875000e+01
4.631350708007812500e+01,9.254923248291015625e+01
4.312617874145507812e+01,9.071000671386718750e+01
3.874882888793945312e+01,1.056883544921875000e+02
5.079151916503906250e+01,1.087678375244140625e+02
4.843297195434570312e+01,1.082311401367187500e+02
5.373768997192382812e+01,1.124872589111328125e+02
4.636256790161132812e+01,1.036195220947265625e+02
3.880736923217773438e+01,9.647840118408203125e+01
5.851324462890625000e+01,1.101369247436523438e+02
4.495541381835937500e+01,1.007800292968750000e+02
4.701737594604492188e+01,9.891184997558593750e+01
5.114276123046875000e+01,1.007704925537109375e+02
5.795748901367187500e+01,1.115690231323242188e+02
6.576523590087890625e+01,1.136173095703125000e+02
6.360952377319335938e+01,1.142314453125000000e+02
6.867031097412109375e+01,1.175593261718750000e+02
1.150456848144531250e+02,1.156981811523437500e+02
1.109508972167968750e+02,1.120109100341796875e+02
4.492469406127929688e+01,1.172314758300781250e+02
6.453466796875000000e+01,1.291097564697265625e+02
6.870432281494140625e+01,1.265586929321289062e+02
6.862261962890625000e+01,1.281304321289062500e+02
5.098568725585937500e+01,1.194171142578125000e+02
6.261060714721679688e+01,1.267808151245117188e+02
5.574247360229492188e+01,1.255239715576171875e+02
7.198490142822265625e+01,1.312172393798828125e+02
6.874349975585937500e+01,1.314751586914062500e+02
7.301999664306640625e+01,1.333847961425781250e+02
6.895242309570312500e+01,1.299895324707031250e+02
6.881585693359375000e+01,1.314469146728515625e+02
5.125847244262695312e+01,1.234287109375000000e+02
6.287559127807617188e+01,1.302675628662109375e+02
4.386770629882812500e+01,1.187039642333984375e+02
4.961085510253906250e+01,8.882652282714843750e+01
5.240957641601562500e+01,9.447743225097656250e+01
1.166635971069335938e+02,1.260521392822265625e+02
8.156090545654296875e+01,1.064520263671875000e+02
7.888830566406250000e+01,1.017443389892578125e+02
1.239021987915039062e+02,1.291341857910156250e+02
7.216117095947265625e+01,9.854904174804687500e+01
9.280165863037109375e+01,1.119583358764648438e+02
7.378194427490234375e+01,9.961447143554687500e+01
9.698608398437500000e+01,1.150146026611328125e+02
8.677858734130859375e+01,1.066168060302734375e+02
1.010718154907226562e+02,1.156110382080078125e+02
1.190613098144531250e+02,1.266632690429687500e+02
1.202568130493164062e+02,1.283369750976562500e+02
6.462690734863281250e+01,9.280538940429687500e+01
8.446317291259765625e+01,1.067884521484375000e+02
7.123783111572265625e+01,9.618196105957031250e+01
8.843862915039062500e+01,1.100146179199218750e+02
8.924100494384765625e+01,1.104095001220703125e+02
8.403319549560546875e+01,1.160748138427734375e+02
7.554076385498046875e+01,1.093775634765625000e+02
1.108566894531250000e+02,1.296104736328125000e+02
1.122793045043945312e+02,1.255432891845703125e+02
8.901477050781250000e+01,1.115834197998046875e+02
1.006604309082031250e+02,1.188184509277343750e+02
1.050929336547851562e+02,1.210827484130859375e+02
9.098117828369140625e+01,1.125022354125976562e+02
1.018841171264648438e+02,1.227769622802734375e+02
1.222298812866210938e+02,1.329928588867187500e+02
1.212235794067382812e+02,1.339813079833984375e+02
1.026489562988281250e+02,1.258039016723632812e+02
1.216626968383789062e+02,1.335639038085937500e+02
1.104942703247070312e+02,1.282919006347656250e+02
1.002430038452148438e+02,1.220500411987304688e+02
1.070716552734375000e+02,1.238853530883789062e+02
1.046476974487304688e+02,1.230909881591796875e+02
1.189479751586914062e+02,1.333993225097656250e+02
1.062825088500976562e+02,1.276986618041992188e+02
1.020353622436523438e+02,1.254808959960937500e+02
8.950955200195312500e+01,1.191177978515625000e+02
9.427281951904296875e+01,1.198094863891601562e+02
9.757213592529296875e+01,1.237381286621093750e+02
1.197644042968750000e+02,1.330217437744140625e+02
9.686344146728515625e+01,1.200665817260742188e+02
1.098869857788085938e+02,1.255119171142578125e+02
1.006987075805664062e+02,1.203091201782226562e+02
8.409571075439453125e+01,1.143557891845703125e+02
1.361377716064453125e+02,1.339652709960937500e+02
1.360660858154296875e+02,1.365647888183593750e+02
1.335931396484375000e+02,1.357086029052734375e+02
1.328633117675781250e+02,1.345623779296875000e+02
1.309185791015625000e+02,1.333521423339843750e+02
1.308370208740234375e+02,1.323728942871093750e+02
1.245689315795898438e+02,1.294010620117187500e+02
1.327984008789062500e+02,1.360076904296875000e+02
1.274137573242187500e+02,1.309177093505859375e+02
1.307026672363281250e+02,1.328789672851562500e+02
1.250896377563476562e+02,1.301628723144531250e+02
1.327140960693359375e+02,1.335990295410156250e+02
1.295217437744140625e+02,1.310944824218750000e+02
1.236180038452148438e+02,1.284042205810546875e+02
1.358244476318359375e+02,1.367626190185546875e+02
1.308423156738281250e+02,1.340858459472656250e+02
1.287030029296875000e+02,1.316532440185546875e+02
1.313362274169921875e+02,1.347453918457031250e+02
1.291877899169921875e+02,1.323983154296875000e+02
1.405998687744140625e+02,1.353222961425781250e+02
1.364907684326171875e+02,1.334924621582031250e+02
1.369015655517578125e+02,1.360154266357421875e+02
1.371010894775390625e+02,1.369117126464843750e+02
1.394460449218750000e+02,1.362409667968750000e+02
1.381609039306640625e+02,1.351571655273437500e+02
1.399215850830078125e+02,1.369617004394531250e+02
1.393850555419921875e+02,1.364501647949218750e+02
1.397983245849609375e+02,1.368427429199218750e+02
1.377718963623046875e+02,1.363432922363281250e+02
1.387330322265625000e+02,1.375555877685546875e+02
1.384331207275390625e+02,1.356214904785156250e+02
1.405868072509765625e+02,1.359657592773437500e+02
1.378717803955078125e+02,1.346700439453125000e+02
1.083133163452148438e+02,1.235507736206054688e+02
1.080084762573242188e+02,1.229424743652343750e+02
1.173339462280273438e+02,1.245658111572265625e+02
1.352422027587890625e+02,1.341312255859375000e+02
1.373233489990234375e+02,1.346593475341796875e+02
1.378602142333984375e+02,1.356037902832031250e+02
1.396265716552734375e+02,1.346840820312500000e+02
1.381333618164062500e+02,1.335350036621093750e+02
1.329797515869140625e+02,1.324049377441406250e+02
1.333753662109375000e+02,1.304454345703125000e+02
1.310367736816406250e+02,1.333265991210937500e+02
1.284583282470703125e+02,1.306856689453125000e+02
1.290984344482421875e+02,1.306450042724609375e+02
1.221481246948242188e+02,1.253459472656250000e+02
1.148114395141601562e+02,1.213220672607421875e+02
1.254391250610351562e+02,1.305988616943359375e+02
1.241900939941406250e+02,1.289255981445312500e+02
1.164469299316406250e+02,1.204045867919921875e+02
1.295686492919921875e+02,1.306331024169921875e+02
1.231158370971679688e+02,1.260365524291992188e+02
1.346085968017578125e+02,1.318563537597656250e+02
1.373882598876953125e+02,1.353276977539062500e+02
1.403638916015625000e+02,1.365787658691406250e+02
1.399126129150390625e+02,1.364196166992187500e+02
1.403338470458984375e+02,1.373970184326171875e+02
1.420911102294921875e+02,1.354734191894531250e+02
1.410358581542968750e+02,1.353343505859375000e+02
1.363236236572265625e+02,1.342268676757812500e+02
1.368947143554687500e+02,1.340162658691406250e+02
1.419293670654296875e+02,1.351835327148437500e+02
1.365850830078125000e+02,1.327427673339843750e+02
1.410789031982421875e+02,1.341428527832031250e+02
1.372762451171875000e+02,1.314474029541015625e+02
1.346417694091796875e+02,1.293219909667968750e+02
9.739398193359375000e+01,1.094479675292968750e+02
1.072734985351562500e+02,1.134774017333984375e+02
1.003439636230468750e+02,1.093332824707031250e+02
1.141132812500000000e+02,1.181384963989257812e+02
1.378070678710937500e+02,1.315181427001953125e+02
1.399458007812500000e+02,1.312828063964843750e+02
1.393693847656250000e+02,1.339813232421875000e+02
1.362239990234375000e+02,1.287897949218750000e+02
1.314132843017578125e+02,1.249341888427734375e+02
4.791691207885742188e+01,4.197145843505859375e+01
4.157112503051757812e+01,3.525077056884765625e+01
1.161450500488281250e+02,1.291534423828125000e+02
1.090346755981445312e+02,1.264079742431640625e+02
1.150696182250976562e+02,1.276027984619140625e+02
1.098210372924804688e+02,1.247038726806640625e+02
1.071360778808593750e+02,1.260173873901367188e+02
9.995009613037109375e+01,1.222548065185546875e+02
1.154383621215820312e+02,1.302550354003906250e+02
9.696933746337890625e+01,1.215933914184570312e+02
1.067629318237304688e+02,1.248311004638671875e+02
1.042474288940429688e+02,1.235687789916992188e+02
1.200263366699218750e+02,1.337412719726562500e+02
1.201073532104492188e+02,1.310399475097656250e+02
1.178290405273437500e+02,1.317142639160156250e+02
1.224439163208007812e+02,1.321158142089843750e+02
1.049848861694335938e+02,1.258992614746093750e+02
1.100682983398437500e+02,1.278663330078125000e+02
1.091905288696289062e+02,1.267197113037109375e+02
1.161356277465820312e+02,1.284841918945312500e+02
1.130691757202148438e+02,1.273589553833007812e+02
1.187250442504882812e+02,1.296716156005859375e+02
1.030632247924804688e+02,1.233263397216796875e+02
1.155971374511718750e+02,1.313132476806640625e+02
8.027207183837890625e+01,1.038668746948242188e+02
6.448847198486328125e+01,9.207592773437500000e+01
1.167048110961914062e+02,1.311095123291015625e+02
1.091459732055664062e+02,1.281817932128906250e+02
9.247464752197265625e+01,1.063924713134765625e+02
9.230672454833984375e+01,1.069953155517578125e+02
1.042715454101562500e+02,1.263424453735351562e+02
9.173998260498046875e+01,1.207315216064453125e+02
1.206759643554687500e+02,1.345501861572265625e+02
1.082497024536132812e+02,1.279862289428710938e+02
9.800028228759765625e+01,1.216661224365234375e+02
1.106005172729492188e+02,1.272800598144531250e+02
1.132194519042968750e+02,1.272439727783203125e+02
1.092966308593750000e+02,1.265499725341796875e+02
1.153968887329101562e+02,1.333263549804687500e+02
1.056132812500000000e+02,1.252944641113281250e+02
1.076186141967773438e+02,1.267448730468750000e+02
1.083824081420898438e+02,1.285798950195312500e+02
1.188581619262695312e+02,1.317435607910156250e+02
1.152059860229492188e+02,1.311463928222656250e+02
1.086991195678710938e+02,1.271676177978515625e+02
1.134498672485351562e+02,1.330156402587890625e+02
1.036935195922851562e+02,1.256144104003906250e+02
1.043197250366210938e+02,1.237538909912109375e+02
6.551103973388671875e+01,9.781726837158203125e+01
6.221648025512695312e+01,9.490742492675781250e+01
8.198326110839843750e+01,1.036536865234375000e+02
6.220296859741210938e+01,9.509143829345703125e+01
1.036890869140625000e+02,1.187226028442382812e+02
9.641307830810546875e+01,1.159611663818359375e+02
1.059113540649414062e+02,1.203438262939453125e+02
9.670729827880859375e+01,1.164125213623046875e+02
9.177245330810546875e+01,1.128413543701171875e+02
6.291899108886718750e+01,1.005141067504882812e+02
6.122142410278320312e+01,1.119366912841796875e+02
6.043908691406250000e+01,1.048036041259765625e+02
5.895636367797851562e+01,1.066186828613281250e+02
5.199657058715820312e+01,8.394764709472656250e+01
5.200140380859375000e+01,8.050672912597656250e+01
5.797343444824218750e+01,8.952833557128906250e+01
5.057594680786132812e+01,8.597560882568359375e+01
4.421418762207031250e+01,7.894168090820312500e+01
4.549148178100585938e+01,8.262944793701171875e+01
6.741465759277343750e+01,1.194289550781250000e+02
6.410968780517578125e+01,1.189966430664062500e+02
7.243244171142578125e+01,1.193052062988281250e+02
7.075781250000000000e+01,1.229737472534179688e+02
4.155990982055664062e+01,8.685751342773437500e+01
5.499170303344726562e+01,8.940156555175781250e+01
4.645220565795898438e+01,8.718215179443359375e+01
5.362767410278320312e+01,9.026724243164062500e+01
6.201252746582031250e+01,1.121510238647460938e+02
5.310258102416992188e+01,8.682879638671875000e+01
5.519384765625000000e+01,8.847254943847656250e+01
5.064599609375000000e+01,8.145993041992187500e+01
7.278737640380859375e+01,1.181293334960937500e+02
5.288166809082031250e+01,8.893038940429687500e+01
6.814013671875000000e+01,1.195100708007812500e+02
6.653115081787109375e+01,1.193901519775390625e+02
6.572448730468750000e+01,1.158507080078125000e+02
6.364072799682617188e+01,1.105339508056640625e+02
6.490758514404296875e+01,1.175197677612304688e+02
7.270593261718750000e+01,1.178943939208984375e+02
7.035629272460937500e+01,1.167891082763671875e+02
7.609583282470703125e+01,1.161921310424804688e+02
7.338442230224609375e+01,1.193498840332031250e+02
7.188898468017578125e+01,1.138745498657226562e+02
4.857969284057617188e+01,8.171058654785156250e+01
5.096303176879882812e+01,8.982864379882812500e+01
5.573187255859375000e+01,8.466352844238281250e+01
5.715285110473632812e+01,9.225759887695312500e+01
5.575844192504882812e+01,9.141973876953125000e+01
6.115026855468750000e+01,1.211968536376953125e+02
6.921735382080078125e+01,1.210637054443359375e+02
6.842606353759765625e+01,1.219736022949218750e+02
7.721375274658203125e+01,1.229740905761718750e+02
7.569065093994140625e+01,1.193692932128906250e+02
5.303012084960937500e+01,9.259202575683593750e+01
5.945049667358398438e+01,9.176367187500000000e+01
7.162918853759765625e+01,1.030523757934570312e+02
6.167699050903320312e+01,9.754393005371093750e+01
5.194022750854492188e+01,9.767251586914062500e+01
7.661898040771484375e+01,1.226475982666015625e+02
7.343065643310546875e+01,1.178354034423828125e+02
8.502951049804687500e+01,1.264146499633789062e+02
6.994849395751953125e+01,1.241389160156250000e+02
5.497179794311523438e+01,9.177421569824218750e+01
6.515879058837890625e+01,9.991676330566406250e+01
1.063228759765625000e+02,1.197592620849609375e+02
5.662345504760742188e+01,7.987033081054687500e+01
6.794738006591796875e+01,9.265847778320312500e+01
8.921642303466796875e+01,1.097054443359375000e+02
1.229746398925781250e+02,1.240057525634765625e+02
1.066321945190429688e+02,1.284519500732421875e+02
1.032035827636718750e+02,1.245177154541015625e+02
1.330348663330078125e+02,1.290231781005859375e+02
1.309147949218750000e+02,1.342288513183593750e+02
1.079275894165039062e+02,1.291273956298828125e+02
1.049235610961914062e+02,1.242991485595703125e+02
1.086754989624023438e+02,1.212793273925781250e+02
1.277382812500000000e+02,1.318520812988281250e+02
1.219505310058593750e+02,1.283605804443359375e+02
1.263692245483398438e+02,1.317463226318359375e+02
9.295436859130859375e+01,1.129847335815429688e+02
1.258850021362304688e+02,1.301983642578125000e+02
1.050488891601562500e+02,1.255454025268554688e+02
1.093388977050781250e+02,1.267877502441406250e+02
1.064205703735351562e+02,1.274441223144531250e+02
1.025176086425781250e+02,1.235134735107421875e+02
1.330558471679687500e+02,1.331710205078125000e+02
1.078154678344726562e+02,1.285989532470703125e+02
1.038583297729492188e+02,1.240211639404296875e+02
1.131332092285156250e+02,1.287502136230468750e+02
1.072056961059570312e+02,1.225323410034179688e+02
1.307085418701171875e+02,1.306258850097656250e+02
1.355092163085937500e+02,1.331951141357421875e+02
1.273983993530273438e+02,1.323266143798828125e+02
1.215778121948242188e+02,1.288706970214843750e+02
1.308507843017578125e+02,1.323721618652343750e+02
1.268761291503906250e+02,1.356272583007812500e+02
1.291550292968750000e+02,1.351943359375000000e+02
1.088290710449218750e+02,1.292122497558593750e+02
1.141599121093750000e+02,1.283099670410156250e+02
1.080394363403320312e+02,1.211431579589843750e+02
1.202326660156250000e+02,1.314557495117187500e+02
1.341023559570312500e+02,1.362305755615234375e+02
1.327204742431640625e+02,1.349559936523437500e+02
1.322604370117187500e+02,1.322893066406250000e+02
1.124431152343750000e+02,1.291286163330078125e+02
1.357238616943359375e+02,1.370516052246093750e+02
1.133769760131835938e+02,1.275788955688476562e+02
1.195909729003906250e+02,1.309909667968750000e+02
1.264588394165039062e+02,1.326084136962890625e+02
1.190607604980468750e+02,1.332055358886718750e+02
1.236804275512695312e+02,1.335868225097656250e+02
1.263697891235351562e+02,1.342006683349609375e+02
1.294976959228515625e+02,1.346346130371093750e+02
2.691773223876953125e+01,8.696079254150390625e+01
3.303707885742187500e+01,7.088424682617187500e+01
2.943475341796875000e+01,6.596498107910156250e+01
3.785535812377929688e+01,7.398638916015625000e+01
3.304664993286132812e+01,6.868457794189453125e+01
2.937703895568847656e+01,6.948325347900390625e+01
3.551844787597656250e+01,7.785945129394531250e+01
3.907823562622070312e+01,8.547243499755859375e+01
3.440209960937500000e+01,8.038404083251953125e+01
3.937081909179687500e+01,7.650941467285156250e+01
2.405098915100097656e+01,6.101864242553710938e+01
2.259148597717285156e+01,6.163423919677734375e+01
2.983226013183593750e+01,7.159928894042968750e+01
2.905469322204589844e+01,7.488488769531250000e+01
2.589751625061035156e+01,7.072664642333984375e+01
2.535080146789550781e+01,7.457226562500000000e+01
3.255628967285156250e+01,7.766308593750000000e+01
6.430841064453125000e+01,9.692773437500000000e+01
7.203945922851562500e+01,1.141439895629882812e+02
6.020717239379882812e+01,1.000977859497070312e+02
6.764447784423828125e+01,1.030733566284179688e+02
5.718582153320312500e+01,9.253846740722656250e+01
7.549800872802734375e+01,1.182198791503906250e+02
6.754544067382812500e+01,9.824874114990234375e+01
7.727822875976562500e+01,1.107434234619140625e+02
5.430302810668945312e+01,8.695382690429687500e+01
7.171778869628906250e+01,1.084177246093750000e+02
8.261060333251953125e+01,1.138278961181640625e+02
5.106127929687500000e+01,8.889093017578125000e+01
7.115699005126953125e+01,1.046106262207031250e+02
4.809576416015625000e+01,8.601049041748046875e+01
8.579970550537109375e+01,1.171579895019531250e+02
8.842734527587890625e+01,1.172372589111328125e+02
4.127061843872070312e+01,7.804063415527343750e+01
5.798550415039062500e+01,9.040219879150390625e+01
4.328037643432617188e+01,7.779753112792968750e+01
7.203865814208984375e+01,1.077387466430664062e+02
6.830358123779296875e+01,1.063527984619140625e+02
6.045182418823242188e+01,9.395404052734375000e+01
7.627845001220703125e+01,1.112705230712890625e+02
7.990267944335937500e+01,1.133238906860351562e+02
9.470584869384765625e+01,1.207667388916015625e+02
7.866891479492187500e+01,1.137319488525390625e+02
9.877437591552734375e+01,1.233358917236328125e+02
8.983267211914062500e+01,1.190972137451171875e+02
7.621253204345703125e+01,1.106942138671875000e+02
4.548332214355468750e+01,8.004831695556640625e+01
5.371049118041992188e+01,9.012770080566406250e+01
8.609415435791015625e+01,1.108287963867187500e+02
6.197821044921875000e+01,9.760211944580078125e+01
7.102875518798828125e+01,1.026928253173828125e+02
8.440067291259765625e+01,1.118460311889648438e+02
9.580821990966796875e+01,1.228220977783203125e+02
8.507257080078125000e+01,1.187389526367187500e+02
6.909951019287109375e+01,1.109456100463867188e+02
5.912839126586914062e+01,9.513697814941406250e+01
4.317609024047851562e+01,7.944802856445312500e+01
6.093259811401367188e+01,9.867887878417968750e+01
6.090373229980468750e+01,9.251507568359375000e+01
9.119564819335937500e+01,1.210569763183593750e+02
7.744500732421875000e+01,1.168171005249023438e+02
6.561685180664062500e+01,1.100843658447265625e+02
8.224388885498046875e+01,1.173074951171875000e+02
6.787874603271484375e+01,1.091696166992187500e+02
7.804077148437500000e+01,1.066355285644531250e+02
4.798249435424804688e+01,8.697792053222656250e+01
7.797853851318359375e+01,1.055339508056640625e+02
5.482087326049804688e+01,9.364233398437500000e+01
6.260701370239257812e+01,9.746746063232421875e+01
9.705271148681640625e+01,1.177878952026367188e+02
5.959913635253906250e+01,9.837069702148437500e+01
9.172454833984375000e+01,1.076698455810546875e+02
6.914653778076171875e+01,1.132365264892578125e+02
9.039321899414062500e+01,1.215908355712890625e+02
7.500000762939453125e+01,1.163234786987304688e+02
6.283868408203125000e+01,1.090865020751953125e+02
7.955709075927734375e+01,1.181045684814453125e+02
6.375211715698242188e+01,1.107503128051757812e+02
6.932398223876953125e+01,1.011199645996093750e+02
4.204742050170898438e+01,8.053895568847656250e+01
5.256200027465820312e+01,9.006471252441406250e+01
5.308195114135742188e+01,9.059811401367187500e+01
5.972002029418945312e+01,9.491094970703125000e+01
3.600998306274414062e+01,8.327700042724609375e+01
5.144804000854492188e+01,9.125187683105468750e+01
6.350201797485351562e+01,9.935656738281250000e+01
6.960425567626953125e+01,1.114563751220703125e+02
7.665392303466796875e+01,1.158759307861328125e+02
6.496736145019531250e+01,1.090014114379882812e+02
8.179326629638671875e+01,1.164958648681640625e+02
6.347425460815429688e+01,9.946647644042968750e+01
6.552986907958984375e+01,9.733506011962890625e+01
4.725664138793945312e+01,7.926167297363281250e+01
4.558929061889648438e+01,8.639190673828125000e+01
7.804258728027343750e+01,1.069418945312500000e+02
5.460598373413085938e+01,9.418399810791015625e+01
6.264620971679687500e+01,9.884236145019531250e+01
3.627504348754882812e+01,7.969064331054687500e+01
6.850668334960937500e+01,1.037920074462890625e+02
9.659568023681640625e+01,1.176761779785156250e+02
6.796248626708984375e+01,1.124456024169921875e+02
8.980713653564453125e+01,1.213219375610351562e+02
7.411956024169921875e+01,1.153446655273437500e+02
6.202243041992187500e+01,1.083118286132812500e+02
7.883267974853515625e+01,1.175097198486328125e+02
6.271854019165039062e+01,1.098606872558593750e+02
7.501763153076171875e+01,1.032737884521484375e+02
7.768564605712890625e+01,1.041733551025390625e+02
5.192781066894531250e+01,8.995864868164062500e+01
5.942378234863281250e+01,9.655915069580078125e+01
3.472990036010742188e+01,8.389482116699218750e+01
7.025952911376953125e+01,1.050777435302734375e+02
7.214086151123046875e+01,1.175450820922851562e+02
3.749457168579101562e+01,7.736262512207031250e+01
7.609142303466796875e+01,1.155128326416015625e+02
6.178454589843750000e+01,1.104060058593750000e+02
6.315832519531250000e+01,9.469734191894531250e+01
7.122904968261718750e+01,1.157649841308593750e+02
6.730914306640625000e+01,1.061878509521484375e+02
3.334499740600585938e+01,7.404866027832031250e+01
5.492480850219726562e+01,1.000242004394531250e+02
4.784812545776367188e+01,8.652547454833984375e+01
5.825377273559570312e+01,1.037288970947265625e+02
5.284074783325195312e+01,9.124478149414062500e+01
6.955196380615234375e+01,1.123244934082031250e+02
5.211863327026367188e+01,1.000635375976562500e+02
5.689823532104492188e+01,1.068300933837890625e+02
3.404669952392578125e+01,7.850154876708984375e+01
5.683686828613281250e+01,9.511473083496093750e+01
3.847139739990234375e+01,8.334045410156250000e+01
2.701855468750000000e+01,6.319186401367187500e+01
4.360055923461914062e+01,8.599101257324218750e+01
4.642647933959960938e+01,8.866081237792968750e+01
2.604939460754394531e+01,6.842170715332031250e+01
6.006848526000976562e+01,9.911476135253906250e+01
4.701222229003906250e+01,8.356636047363281250e+01
5.377025985717773438e+01,1.058051834106445312e+02
5.311523437500000000e+01,9.538519287109375000e+01
7.369028472900390625e+01,1.113948059082031250e+02
1.314380645751953125e+02,1.322392883300781250e+02
1.350839080810546875e+02,1.321635742187500000e+02
1.310957489013671875e+02,1.309905700683593750e+02
1.355056610107421875e+02,1.328585205078125000e+02
1.321594696044921875e+02,1.324789276123046875e+02
1.341289520263671875e+02,1.326043243408203125e+02
1.362994079589843750e+02,1.361587829589843750e+02
1.377984161376953125e+02,1.363680419921875000e+02
1.345987701416015625e+02,1.326556701660156250e+02
1.318430786132812500e+02,1.313803253173828125e+02
1.352577362060546875e+02,1.328399353027343750e+02
1.849353790283203125e+01,5.988773727416992188e+01
1.814182281494140625e+01,6.096515655517578125e+01
1.891471099853515625e+01,6.945738220214843750e+01
1.852466583251953125e+01,6.400248718261718750e+01
2.520388603210449219e+01,6.954591369628906250e+01
2.297062110900878906e+01,7.026077270507812500e+01
2.348171043395996094e+01,7.544712066650390625e+01
2.086383628845214844e+01,7.091508483886718750e+01
2.151466369628906250e+01,7.014476013183593750e+01
2.253563499450683594e+01,7.587042236328125000e+01
2.016107559204101562e+01,6.846006774902343750e+01
1.963087272644042969e+01,7.023154449462890625e+01
2.617653465270996094e+01,7.353956604003906250e+01
2.103969573974609375e+01,6.987007141113281250e+01
1.966136932373046875e+01,7.048886871337890625e+01
1.824393463134765625e+01,7.032179260253906250e+01
2.500270080566406250e+01,7.364578247070312500e+01
1.879591941833496094e+01,6.300015258789062500e+01
1.291437530517578125e+02,1.305275878906250000e+02
1.267573471069335938e+02,1.303045959472656250e+02
1.333090209960937500e+02,1.297287292480468750e+02
1.324398956298828125e+02,1.291431884765625000e+02
1.341417388916015625e+02,1.296567993164062500e+02
1.334019317626953125e+02,1.297992401123046875e+02
1.341402587890625000e+02,1.302811584472656250e+02
1.332559967041015625e+02,1.301820068359375000e+02
1.343123626708984375e+02,1.304733123779296875e+02
1.259200363159179688e+02,1.332155456542968750e+02
1.293840942382812500e+02,1.343063659667968750e+02
1.244605331420898438e+02,1.343197326660156250e+02
1.188122177124023438e+02,1.329661560058593750e+02
1.278387985229492188e+02,1.352871398925781250e+02
1.249390487670898438e+02,1.320080261230468750e+02
1.281106567382812500e+02,1.321866607666015625e+02
1.236682815551757812e+02,1.328247985839843750e+02
1.272358627319335938e+02,1.338628234863281250e+02
1.208169555664062500e+02,1.293880462646484375e+02
1.235440063476562500e+02,1.321964416503906250e+02
9.431676483154296875e+01,1.123989105224609375e+02
8.344367980957031250e+01,1.048613586425781250e+02
5.094548416137695312e+01,8.650379943847656250e+01
5.626101684570312500e+01,8.946630859375000000e+01
9.103780364990234375e+01,1.108798980712890625e+02
6.943334197998046875e+01,9.846733093261718750e+01
6.624283599853515625e+01,8.095503234863281250e+01
7.897558593750000000e+01,1.053981781005859375e+02
6.010012817382812500e+01,9.187818908691406250e+01
7.847544097900390625e+01,1.050681610107421875e+02
5.993420791625976562e+01,9.220558166503906250e+01
7.181392669677734375e+01,1.020181579589843750e+02
7.052262878417968750e+01,9.957472229003906250e+01
5.248677444458007812e+01,8.872592163085937500e+01
6.956546020507812500e+01,1.000344696044921875e+02
9.509006500244140625e+01,1.134563293457031250e+02
9.488342285156250000e+01,1.142367401123046875e+02
7.518737030029296875e+01,1.027800445556640625e+02
6.963253784179687500e+01,8.660198211669921875e+01
7.239840698242187500e+01,1.018809967041015625e+02
7.356958770751953125e+01,1.000005493164062500e+02
9.233798980712890625e+01,1.144834671020507812e+02
7.282922363281250000e+01,1.022924041748046875e+02
1.097634963989257812e+02,1.236544952392578125e+02
8.375489044189453125e+01,1.086970520019531250e+02
6.406999206542968750e+01,9.818428802490234375e+01
9.977017974853515625e+01,1.182381591796875000e+02
8.314919281005859375e+01,1.097637329101562500e+02
6.453988647460937500e+01,9.869786071777343750e+01
7.228649902343750000e+01,9.063478088378906250e+01
1.065003890991210938e+02,1.207512207031250000e+02
9.696282958984375000e+01,1.200458221435546875e+02
3.082854270935058594e+01,7.361421203613281250e+01
6.510961151123046875e+01,9.852813720703125000e+01
5.535251998901367188e+01,9.308306884765625000e+01
7.310565185546875000e+01,1.036452407836914062e+02
6.863528442382812500e+01,1.009383087158203125e+02
7.093148803710937500e+01,1.084511260986328125e+02
5.922276687622070312e+01,9.965534210205078125e+01
6.558048248291015625e+01,9.553615570068359375e+01
8.703986358642578125e+01,1.143547973632812500e+02
5.236689376831054688e+01,9.828314208984375000e+01
9.167026519775390625e+01,1.186105041503906250e+02
5.841156005859375000e+01,1.013822631835937500e+02
6.839710235595703125e+01,1.069001693725585938e+02
6.756501007080078125e+01,1.070765151977539062e+02
7.903815460205078125e+01,1.115150146484375000e+02
6.107175064086914062e+01,1.011117630004882812e+02
7.152915191650390625e+01,1.064988555908203125e+02
8.141565704345703125e+01,1.112309417724609375e+02
9.701419830322265625e+01,1.120598220825195312e+02
7.166879272460937500e+01,1.015396270751953125e+02
7.553459930419921875e+01,1.002753601074218750e+02
6.149802017211914062e+01,9.358452606201171875e+01
8.646419525146484375e+01,1.072009353637695312e+02
6.247246170043945312e+01,9.873593139648437500e+01
8.498552703857421875e+01,1.111049804687500000e+02
6.417783355712890625e+01,9.238228607177734375e+01
9.216543579101562500e+01,1.109042053222656250e+02
9.713354492187500000e+01,1.116295013427734375e+02
3.270912170410156250e+01,6.762017822265625000e+01
6.187298202514648438e+01,1.111560211181640625e+02
3.539069366455078125e+01,6.673197937011718750e+01
9.434510040283203125e+01,1.157526473999023438e+02
8.025546264648437500e+01,1.022540588378906250e+02
9.435309600830078125e+01,1.169913940429687500e+02
8.194571685791015625e+01,1.020363464355468750e+02
9.173921966552734375e+01,1.145169219970703125e+02
7.882071685791015625e+01,9.849726867675781250e+01
8.849822998046875000e+01,1.121152038574218750e+02
9.539760589599609375e+01,1.163782730102539062e+02
8.554531097412109375e+01,1.033511276245117188e+02
7.663249206542968750e+01,9.535095977783203125e+01
8.737786102294921875e+01,1.099807739257812500e+02
8.965698242187500000e+01,1.052995681762695312e+02
9.054262542724609375e+01,1.119227447509765625e+02
7.417549896240234375e+01,9.429475402832031250e+01
9.008217620849609375e+01,1.130722808837890625e+02
7.576889038085937500e+01,9.431735229492187500e+01
8.767107391357421875e+01,1.100529174804687500e+02
7.219760894775390625e+01,8.946826171875000000e+01
9.632485961914062500e+01,1.075152893066406250e+02
8.767453002929687500e+01,1.099763717651367188e+02
7.205754852294921875e+01,8.971760559082031250e+01
9.220825195312500000e+01,1.122681274414062500e+02
8.088240814208984375e+01,9.603251647949218750e+01
1.040336532592773438e+02,1.153517913818359375e+02
8.858864593505859375e+01,9.056799316406250000e+01
8.240184783935546875e+01,8.690818786621093750e+01
8.591024780273437500e+01,1.008589782714843750e+02
6.733322906494140625e+01,7.588150024414062500e+01
8.166657257080078125e+01,8.596022033691406250e+01
8.602449798583984375e+01,9.066358947753906250e+01
3.877080917358398438e+01,1.027864761352539062e+02
3.715576553344726562e+01,1.027395782470703125e+02
3.764120864868164062e+01,1.031991500854492188e+02
3.704576492309570312e+01,7.589433288574218750e+01
2.355085754394531250e+01,6.739258575439453125e+01
5.697598266601562500e+01,9.534192657470703125e+01
7.233156585693359375e+01,9.796105194091796875e+01
6.480492401123046875e+01,1.329041442871093750e+02
5.581820678710937500e+01,1.144575195312500000e+02
4.982403564453125000e+01,1.278298797607421875e+02
5.816561508178710938e+01,1.306661682128906250e+02
7.270425415039062500e+01,1.311841125488281250e+02
7.635504913330078125e+01,1.322218933105468750e+02
4.783564758300781250e+01,1.254327697753906250e+02
6.655813598632812500e+01,1.259467391967773438e+02
5.060850143432617188e+01,1.249887313842773438e+02
6.940624237060546875e+01,1.266791229248046875e+02
9.635327148437500000e+01,1.400469665527343750e+02
5.404541015625000000e+01,1.333335266113281250e+02
6.034704208374023438e+01,1.336351013183593750e+02
7.771732330322265625e+01,1.357363128662109375e+02
5.463131332397460938e+01,1.282328491210937500e+02
6.818152618408203125e+01,1.399924011230468750e+02
4.501977920532226562e+01,1.219467773437500000e+02
5.255028915405273438e+01,1.271549224853515625e+02
4.100604248046875000e+01,1.195856018066406250e+02
4.231341934204101562e+01,1.204156112670898438e+02
4.958622360229492188e+01,1.256384124755859375e+02
5.887586593627929688e+01,1.054574279785156250e+02
9.616963958740234375e+01,1.038047714233398438e+02
1.140794372558593750e+02,1.124132995605468750e+02
4.860566711425781250e+01,7.392056274414062500e+01
6.358678817749023438e+01,8.926515197753906250e+01
5.811342239379882812e+01,8.284857177734375000e+01
1.221064147949218750e+02,1.343700256347656250e+02
5.920949172973632812e+01,7.681416320800781250e+01
3.815140914916992188e+01,7.139385986328125000e+01
4.022508239746093750e+01,6.146891021728515625e+01
9.483504486083984375e+01,9.971958923339843750e+01
8.551708221435546875e+01,9.107838439941406250e+01
4.794584274291992188e+01,7.414945983886718750e+01
4.202473449707031250e+01,6.225321960449218750e+01
5.735514450073242188e+01,7.712438201904296875e+01
5.649116897583007812e+01,6.890801239013671875e+01
6.745207977294921875e+01,7.377658081054687500e+01
3.335331344604492188e+01,4.923752212524414062e+01
7.114342498779296875e+01,9.353359985351562500e+01
2.712493896484375000e+01,4.304021453857421875e+01
1.137770004272460938e+02,1.342397766113281250e+02
1.099362411499023438e+02,1.336693725585937500e+02
1.094468154907226562e+02,1.332858428955078125e+02
7.318940734863281250e+01,1.243908767700195312e+02
6.202257156372070312e+01,1.154835968017578125e+02
6.412989044189453125e+01,1.299050292968750000e+02
7.499105072021484375e+01,1.237975006103515625e+02
6.630617523193359375e+01,1.281907653808593750e+02
8.837030029296875000e+01,1.317510070800781250e+02
7.556275939941406250e+01,1.322478942871093750e+02
5.806805419921875000e+01,1.240137176513671875e+02
7.541339874267578125e+01,1.362604980468750000e+02
8.508065032958984375e+01,1.304380950927734375e+02
7.854771423339843750e+01,1.358979492187500000e+02
6.011026382446289062e+01,1.239721527099609375e+02
7.462969207763671875e+01,1.298771972656250000e+02
7.612823486328125000e+01,1.282479553222656250e+02
5.338743209838867188e+01,1.155594177246093750e+02
5.677801513671875000e+01,1.273808135986328125e+02
7.442964172363281250e+01,1.329768218994140625e+02
8.705706787109375000e+01,1.323286895751953125e+02
6.171081924438476562e+01,1.285020446777343750e+02
5.831610488891601562e+01,1.278537292480468750e+02
8.806916046142578125e+01,1.301585693359375000e+02
8.505313110351562500e+01,1.288142700195312500e+02
6.123028564453125000e+01,1.229850311279296875e+02
7.109612274169921875e+01,1.309165344238281250e+02
7.627247619628906250e+01,1.299038085937500000e+02
5.481076049804687500e+01,1.178255386352539062e+02
8.578633880615234375e+01,1.330634765625000000e+02
6.595326995849609375e+01,1.183784942626953125e+02
6.480965423583984375e+01,1.294655914306640625e+02
9.622839355468750000e+01,1.325356750488281250e+02
5.563542556762695312e+01,1.192027282714843750e+02
5.652735519409179688e+01,1.157353363037109375e+02
8.098493194580078125e+01,1.137002868652343750e+02
6.307496261596679688e+01,9.797208404541015625e+01
7.182377624511718750e+01,1.000078735351562500e+02
8.135836029052734375e+01,1.119955368041992188e+02
6.801413726806640625e+01,9.672064208984375000e+01
8.532170867919921875e+01,1.132749252319335938e+02
7.643636322021484375e+01,1.006259155273437500e+02
6.702135467529296875e+01,9.689776611328125000e+01
6.314888381958007812e+01,9.738396453857421875e+01
6.486771392822265625e+01,1.110510406494140625e+02
6.394431686401367188e+01,1.075248413085937500e+02
7.859429931640625000e+01,1.110846099853515625e+02
7.222234344482421875e+01,1.001175842285156250e+02
7.196872711181640625e+01,1.060910797119140625e+02
6.218029785156250000e+01,9.321648406982421875e+01
8.213780975341796875e+01,1.117532806396484375e+02
5.525946044921875000e+01,1.017104339599609375e+02
6.208491134643554688e+01,8.920078277587890625e+01
8.745481109619140625e+01,1.083272857666015625e+02
6.751442718505859375e+01,1.094243011474609375e+02
6.156306838989257812e+01,1.005506896972656250e+02
6.341245651245117188e+01,9.608372497558593750e+01
8.213753509521484375e+01,1.147062225341796875e+02
8.240157318115234375e+01,1.132247467041015625e+02
7.119695281982421875e+01,9.743141174316406250e+01
5.948461914062500000e+01,9.304438781738281250e+01
7.269537353515625000e+01,9.786118316650390625e+01
6.572484588623046875e+01,9.781224060058593750e+01
9.973244476318359375e+01,1.309157104492187500e+02
1.066850280761718750e+02,1.226538085937500000e+02
8.477481079101562500e+01,1.112879486083984375e+02
8.042800903320312500e+01,1.133477478027343750e+02
7.027082061767578125e+01,1.031322021484375000e+02
6.354552841186523438e+01,9.511468505859375000e+01
8.307223510742187500e+01,9.999580383300781250e+01
8.724062347412109375e+01,1.063061218261718750e+02
1.097779769897460938e+02,1.211822509765625000e+02
9.015799713134765625e+01,1.141563720703125000e+02
7.288784027099609375e+01,1.054066619873046875e+02
8.021588897705078125e+01,9.978407287597656250e+01
7.789859771728515625e+01,9.937716674804687500e+01
8.173154449462890625e+01,1.045537719726562500e+02
7.590579223632812500e+01,9.907959747314453125e+01
7.323542022705078125e+01,9.327957916259765625e+01
8.452912139892578125e+01,1.041484985351562500e+02
1.023759765625000000e+02,1.108041839599609375e+02
7.979938507080078125e+01,1.090077743530273438e+02
7.533551788330078125e+01,9.309315490722656250e+01
7.300735473632812500e+01,9.684397125244140625e+01
9.240201568603515625e+01,1.139898834228515625e+02
5.204949951171875000e+01,9.057597351074218750e+01
4.836672973632812500e+01,8.441833496093750000e+01
6.223835372924804688e+01,9.952775573730468750e+01
4.824712753295898438e+01,9.034893035888671875e+01
4.163874053955078125e+01,8.055679321289062500e+01
5.396737289428710938e+01,8.750698852539062500e+01
5.021926879882812500e+01,8.474173736572265625e+01
7.376627349853515625e+01,9.772888946533203125e+01
4.937097549438476562e+01,8.777151489257812500e+01
7.005496978759765625e+01,1.061116333007812500e+02
6.187339782714843750e+01,8.992604064941406250e+01
7.555084991455078125e+01,1.025027084350585938e+02
5.735852050781250000e+01,1.021516113281250000e+02
6.238993453979492188e+01,8.778538513183593750e+01
4.480338668823242188e+01,7.853935241699218750e+01
5.447459030151367188e+01,7.905545043945312500e+01
5.201110839843750000e+01,8.582489013671875000e+01
5.303181076049804688e+01,8.565509033203125000e+01
5.071715164184570312e+01,8.525877380371093750e+01
6.330479812622070312e+01,8.810250854492187500e+01
8.559635162353515625e+01,1.047852783203125000e+02
7.848419952392578125e+01,9.829179382324218750e+01
8.577767181396484375e+01,1.111295776367187500e+02
6.221403121948242188e+01,8.919917297363281250e+01
4.984393692016601562e+01,7.553114318847656250e+01
4.842458724975585938e+01,8.065144348144531250e+01
5.380781936645507812e+01,7.776187133789062500e+01
8.121170806884765625e+01,1.069685821533203125e+02
6.562793731689453125e+01,9.389366149902343750e+01
4.713759231567382812e+01,7.937218475341796875e+01
6.255652999877929688e+01,8.288151550292968750e+01
5.096641540527343750e+01,8.075546264648437500e+01
4.191818618774414062e+01,7.667810821533203125e+01
4.566400146484375000e+01,7.320886230468750000e+01
5.374747848510742188e+01,8.145881652832031250e+01
5.532548904418945312e+01,7.414395141601562500e+01
4.997509384155273438e+01,7.470165252685546875e+01
1.387876129150390625e+02,1.388645324707031250e+02
1.379576568603515625e+02,1.390322113037109375e+02
1.390605621337890625e+02,1.386850891113281250e+02
1.398708190917968750e+02,1.400341186523437500e+02
1.400734100341796875e+02,1.399192199707031250e+02
1.395610504150390625e+02,1.397503051757812500e+02
1.374917144775390625e+02,1.387991333007812500e+02
1.400341033935546875e+02,1.422344360351562500e+02
1.395376281738281250e+02,1.396778869628906250e+02
1.392334442138671875e+02,1.390095214843750000e+02
1.390910491943359375e+02,1.397606201171875000e+02
1.402984466552734375e+02,1.420230712890625000e+02
1.397375335693359375e+02,1.394157409667968750e+02
1.338654022216796875e+02,1.375661621093750000e+02
1.363322143554687500e+02,1.400989379882812500e+02
5.269605636596679688e+01,7.319224548339843750e+01
4.450687789916992188e+01,8.361674499511718750e+01
4.737330245971679688e+01,9.289746093750000000e+01
6.581822967529296875e+01,9.125961303710937500e+01
5.152981185913085938e+01,8.539494323730468750e+01
4.760227584838867188e+01,8.290994262695312500e+01
6.395968627929687500e+01,1.067099304199218750e+02
6.224834060668945312e+01,1.074244689941406250e+02
4.500307083129882812e+01,8.381761169433593750e+01
5.262120437622070312e+01,8.303190612792968750e+01
5.022120285034179688e+01,9.673902893066406250e+01
4.863031005859375000e+01,8.674647521972656250e+01
4.556321334838867188e+01,9.116914367675781250e+01
5.440350341796875000e+01,9.729933166503906250e+01
4.518021774291992188e+01,8.708122253417968750e+01
3.797854995727539062e+01,7.804793548583984375e+01
4.708416748046875000e+01,8.094241333007812500e+01
4.932960128784179688e+01,8.465431976318359375e+01
5.945306396484375000e+01,1.031571426391601562e+02
6.295872116088867188e+01,9.447830200195312500e+01
5.808304214477539062e+01,9.010276794433593750e+01
4.689063644409179688e+01,8.911993408203125000e+01
5.745555496215820312e+01,9.161131286621093750e+01
7.961779022216796875e+01,1.067491607666015625e+02
7.089440155029296875e+01,1.001791305541992188e+02
5.453366470336914062e+01,8.493249511718750000e+01
4.626994705200195312e+01,8.798579406738281250e+01
5.148587417602539062e+01,8.120648193359375000e+01
5.071637344360351562e+01,7.844905090332031250e+01
5.917048263549804688e+01,1.099430084228515625e+02
6.149451065063476562e+01,8.895538330078125000e+01
4.109969711303710938e+01,6.885195922851562500e+01
5.252567672729492188e+01,7.904240417480468750e+01
8.638619232177734375e+01,9.623865509033203125e+01
4.109154891967773438e+01,8.889555358886718750e+01
6.962744903564453125e+01,9.457788085937500000e+01
4.196656799316406250e+01,8.829035949707031250e+01
4.793570327758789062e+01,9.628437805175781250e+01
5.694788742065429688e+01,9.953689575195312500e+01
6.977368927001953125e+01,9.486108398437500000e+01
5.059707260131835938e+01,8.233657836914062500e+01
5.603768920898437500e+01,8.616376495361328125e+01
4.576677322387695312e+01,8.397096252441406250e+01
4.542076110839843750e+01,7.517831420898437500e+01
4.154079055786132812e+01,7.626446533203125000e+01
4.794443893432617188e+01,7.523194885253906250e+01
4.983184814453125000e+01,7.419026184082031250e+01
5.604891967773437500e+01,7.825099945068359375e+01
4.766191101074218750e+01,8.163145446777343750e+01
4.908763504028320312e+01,7.960957336425781250e+01
4.476367187500000000e+01,7.414746093750000000e+01
5.226320266723632812e+01,8.519172668457031250e+01
5.092239379882812500e+01,7.651422882080078125e+01
4.081052780151367188e+01,7.827346038818359375e+01
5.487905883789062500e+01,8.415864562988281250e+01
5.156461715698242188e+01,8.634986877441406250e+01
6.126841735839843750e+01,9.152919769287109375e+01
6.349139785766601562e+01,1.240642318725585938e+02
5.323502731323242188e+01,1.139844818115234375e+02
8.560253906250000000e+01,1.222397308349609375e+02
7.707897949218750000e+01,1.186357574462890625e+02
6.610453033447265625e+01,1.183704986572265625e+02
6.567093658447265625e+01,1.152057189941406250e+02
5.596981430053710938e+01,1.097369384765625000e+02
6.623781585693359375e+01,1.153317718505859375e+02
5.349727249145507812e+01,1.169434661865234375e+02
5.344694137573242188e+01,1.135937118530273438e+02
4.919851303100585938e+01,1.151650161743164062e+02
6.359141159057617188e+01,1.153491363525390625e+02
7.785845184326171875e+01,1.214396286010742188e+02
7.147579956054687500e+01,1.244669723510742188e+02
6.536197662353515625e+01,1.202229614257812500e+02
5.544947433471679688e+01,1.131656570434570312e+02
6.403603363037109375e+01,1.191305847167968750e+02
7.580929565429687500e+01,1.250908966064453125e+02
6.492464447021484375e+01,1.185845031738281250e+02
5.371939086914062500e+01,1.112701568603515625e+02
4.363551712036132812e+01,1.018443603515625000e+02
6.858560180664062500e+01,1.198081359863281250e+02
6.748193359375000000e+01,1.180218124389648438e+02
7.586820220947265625e+01,1.234089202880859375e+02
8.563339233398437500e+01,1.262870712280273438e+02
7.187497711181640625e+01,1.262332305908203125e+02
8.747954559326171875e+01,9.986167907714843750e+01
1.074061279296875000e+02,1.059980468750000000e+02
1.062350463867187500e+02,1.138871154785156250e+02
9.586997222900390625e+01,1.069607849121093750e+02
7.232207489013671875e+01,1.021967163085937500e+02
8.476560211181640625e+01,1.048850097656250000e+02
7.678048706054687500e+01,9.494783020019531250e+01
1.022091903686523438e+02,1.041623229980468750e+02
9.137017822265625000e+01,1.026425094604492188e+02
8.824941253662109375e+01,1.014034881591796875e+02
7.837395477294921875e+01,9.250560760498046875e+01
1.004121475219726562e+02,1.105069732666015625e+02
8.808036041259765625e+01,9.978718566894531250e+01
9.913413238525390625e+01,1.064021148681640625e+02
8.466996002197265625e+01,9.414500427246093750e+01
7.198116302490234375e+01,9.323942565917968750e+01
7.241667175292968750e+01,8.864197540283203125e+01
9.199575805664062500e+01,9.548959350585937500e+01
8.185201263427734375e+01,9.552601623535156250e+01
7.178101348876953125e+01,8.744212341308593750e+01
7.825427246093750000e+01,9.307981109619140625e+01
9.450488281250000000e+01,1.132396087646484375e+02
9.509873199462890625e+01,1.052099456787109375e+02
1.042229385375976562e+02,1.151565093994140625e+02
8.167673492431640625e+01,1.066413192749023438e+02
1.042987365722656250e+02,1.066664428710937500e+02
9.032334136962890625e+01,1.053062438964843750e+02
8.403688812255859375e+01,9.754914855957031250e+01
1.019511413574218750e+02,1.133775558471679688e+02
9.152159881591796875e+01,1.025224456787109375e+02
1.004999923706054688e+02,1.090071105957031250e+02
8.859185791015625000e+01,9.731148529052734375e+01
9.136065673828125000e+01,1.025998077392578125e+02
9.252500152587890625e+01,1.188490219116210938e+02
8.907804107666015625e+01,1.020462036132812500e+02
8.229790496826171875e+01,9.398355102539062500e+01
6.844314575195312500e+01,1.005247802734375000e+02
6.387946701049804688e+01,9.017243957519531250e+01
7.369974517822265625e+01,9.370509338378906250e+01
8.323751068115234375e+01,1.033675231933593750e+02
7.384863281250000000e+01,9.369889831542968750e+01
6.493898773193359375e+01,8.798751831054687500e+01
6.032908630371093750e+01,8.970405578613281250e+01
6.005206298828125000e+01,1.049907073974609375e+02
7.357581329345703125e+01,9.473632049560546875e+01
7.270253753662109375e+01,9.513786315917968750e+01
6.862198638916015625e+01,9.316076660156250000e+01
5.867599105834960938e+01,8.051896667480468750e+01
7.862008666992187500e+01,1.007996520996093750e+02
6.666623687744140625e+01,8.699328613281250000e+01
7.508124542236328125e+01,9.446264648437500000e+01
6.838629913330078125e+01,8.323080444335937500e+01
6.453931427001953125e+01,9.358079528808593750e+01
7.153001403808593750e+01,9.451106262207031250e+01
6.946791076660156250e+01,9.195833587646484375e+01
5.608667373657226562e+01,9.128050231933593750e+01
5.614953613281250000e+01,8.604792022705078125e+01
7.511328887939453125e+01,1.029061584472656250e+02
6.944904327392578125e+01,9.384855651855468750e+01
6.961917877197265625e+01,9.598095703125000000e+01
6.122786331176757812e+01,8.528894042968750000e+01
7.935336303710937500e+01,1.037425994873046875e+02
6.852909088134765625e+01,9.043607330322265625e+01
6.416280364990234375e+01,8.277731323242187500e+01
6.200070571899414062e+01,8.715568542480468750e+01
5.629040908813476562e+01,8.524951171875000000e+01
7.769145202636718750e+01,1.000145263671875000e+02
6.925251770019531250e+01,9.006912231445312500e+01
9.313781738281250000e+01,1.067345199584960938e+02
9.426230621337890625e+01,1.012453002929687500e+02
8.269213104248046875e+01,9.728622436523437500e+01
7.576346588134765625e+01,9.814678955078125000e+01
7.445648956298828125e+01,9.352813720703125000e+01
6.906860351562500000e+01,8.833816528320312500e+01
7.899145507812500000e+01,1.116574554443359375e+02
8.093807220458984375e+01,9.842877960205078125e+01
6.904476165771484375e+01,9.209217834472656250e+01
9.335770416259765625e+01,9.922960662841796875e+01
8.134195709228515625e+01,1.002022247314453125e+02
7.540846252441406250e+01,9.445013427734375000e+01
8.040115356445312500e+01,9.809757995605468750e+01
6.451773834228515625e+01,9.338311004638671875e+01
7.661116790771484375e+01,1.158143463134765625e+02
7.573204803466796875e+01,1.147904052734375000e+02
6.402806091308593750e+01,9.464523315429687500e+01
6.102556991577148438e+01,8.603861999511718750e+01
8.838180541992187500e+01,9.832958221435546875e+01
8.569956207275390625e+01,1.069942092895507812e+02
7.478672027587890625e+01,9.270604705810546875e+01
5.898194503784179688e+01,8.490960693359375000e+01
5.863515090942382812e+01,9.259638977050781250e+01
7.792926788330078125e+01,9.600367736816406250e+01
6.076953506469726562e+01,8.707579040527343750e+01
9.651557159423828125e+01,1.094327697753906250e+02
8.943741607666015625e+01,1.010448608398437500e+02
7.612543487548828125e+01,9.894827270507812500e+01
6.626454925537109375e+01,9.407388305664062500e+01
6.775125885009765625e+01,9.170068359375000000e+01
7.447809600830078125e+01,9.402604675292968750e+01
5.980529785156250000e+01,8.699205017089843750e+01
7.570884704589843750e+01,9.391749572753906250e+01
9.936753082275390625e+01,1.101528778076171875e+02
9.113474273681640625e+01,1.016167144775390625e+02
7.929415130615234375e+01,1.122147521972656250e+02
7.983286285400390625e+01,1.081447830200195312e+02
7.717980957031250000e+01,1.157714996337890625e+02
8.487432861328125000e+01,1.157200317382812500e+02
8.245114135742187500e+01,1.122544555664062500e+02
9.243179321289062500e+01,1.151295776367187500e+02
1.005477294921875000e+02,1.040098724365234375e+02
9.728906250000000000e+01,1.105677795410156250e+02
9.279822540283203125e+01,1.061345977783203125e+02
8.360393524169921875e+01,1.003779220581054688e+02
1.003801651000976562e+02,1.116323852539062500e+02
9.032397460937500000e+01,1.049475097656250000e+02
8.843601226806640625e+01,1.001527862548828125e+02
8.154843902587890625e+01,1.032562713623046875e+02
8.663513183593750000e+01,1.018117065429687500e+02
8.315555572509765625e+01,9.843305969238281250e+01
9.448995208740234375e+01,1.082685699462890625e+02
8.215186309814453125e+01,9.738424682617187500e+01
9.421630096435546875e+01,1.032113113403320312e+02
7.912279510498046875e+01,9.148574829101562500e+01
9.969455718994140625e+01,1.130542144775390625e+02
7.587094879150390625e+01,9.607800292968750000e+01
7.179389190673828125e+01,1.042775115966796875e+02
8.317926788330078125e+01,1.068987503051757812e+02
9.698654174804687500e+01,1.040777511596679688e+02
9.251369476318359375e+01,1.105764541625976562e+02
8.829067230224609375e+01,1.045663909912109375e+02
8.441128540039062500e+01,1.050950317382812500e+02
7.785980987548828125e+01,9.686253356933593750e+01
9.608473968505859375e+01,1.111648025512695312e+02
8.499610137939453125e+01,1.005921936035156250e+02
6.937375640869140625e+01,9.830599975585937500e+01
1.112703933715820312e+02,1.137193984985351562e+02
1.151421279907226562e+02,1.182334289550781250e+02
1.079715957641601562e+02,1.112010345458984375e+02
9.076519775390625000e+01,1.095897216796875000e+02
9.598404693603515625e+01,1.022842178344726562e+02
1.098444519042968750e+02,1.138560867309570312e+02
9.691280364990234375e+01,1.066245574951171875e+02
1.165451889038085938e+02,1.195906600952148438e+02
1.078697738647460938e+02,1.106637878417968750e+02
1.192223129272460938e+02,1.196584548950195312e+02
9.527996063232421875e+01,1.205590591430664062e+02
8.111540985107421875e+01,1.072804107666015625e+02
1.074270324707031250e+02,1.147327957153320312e+02
1.201302413940429688e+02,1.218578033447265625e+02
1.227095870971679688e+02,1.236858444213867188e+02
5.742593383789062500e+01,1.198923645019531250e+02
4.504275894165039062e+01,1.188373413085937500e+02
6.466574859619140625e+01,1.177809295654296875e+02
4.373523330688476562e+01,1.122004623413085938e+02
4.739533615112304688e+01,1.197394332885742188e+02
5.111671829223632812e+01,1.217540588378906250e+02
4.106100845336914062e+01,1.147986373901367188e+02
5.676412582397460938e+01,1.200218505859375000e+02
4.739882278442382812e+01,1.130753250122070312e+02
5.762083435058593750e+01,1.184891204833984375e+02
4.664442062377929688e+01,1.193052368164062500e+02
5.451382064819335938e+01,1.250875625610351562e+02
4.533948135375976562e+01,1.170712280273437500e+02
5.203369140625000000e+01,1.251050262451171875e+02
4.442444229125976562e+01,1.107724227905273438e+02
5.709758377075195312e+01,1.154198913574218750e+02
4.281075668334960938e+01,1.092106933593750000e+02
3.592211914062500000e+01,1.104761505126953125e+02
4.523216247558593750e+01,1.141807250976562500e+02
5.164471817016601562e+01,1.203658447265625000e+02
4.200011825561523438e+01,1.138289031982421875e+02
5.296406173706054688e+01,1.178132629394531250e+02
4.680224609375000000e+01,1.149583587646484375e+02
4.237586212158203125e+01,1.167480468750000000e+02
5.419389724731445312e+01,1.144294738769531250e+02
6.082359695434570312e+01,1.154658508300781250e+02
6.795347595214843750e+01,1.212233581542968750e+02
5.941876220703125000e+01,1.156337585449218750e+02
6.921714782714843750e+01,1.206605682373046875e+02
6.833508300781250000e+01,1.205615386962890625e+02
6.122545242309570312e+01,1.182560119628906250e+02
6.522495269775390625e+01,1.182675247192382812e+02
5.444492721557617188e+01,1.115553588867187500e+02
5.119384384155273438e+01,1.094138336181640625e+02
4.732066726684570312e+01,1.193820037841796875e+02
6.302102661132812500e+01,1.218039169311523438e+02
8.121004486083984375e+01,1.212790451049804688e+02
6.379230880737304688e+01,1.212320327758789062e+02
5.432677078247070312e+01,1.154834442138671875e+02
5.806199264526367188e+01,1.135896148681640625e+02
5.216646957397460938e+01,1.190452270507812500e+02
6.903839111328125000e+01,9.036447143554687500e+01
6.939453887939453125e+01,8.748947906494140625e+01
7.649706268310546875e+01,9.096127319335937500e+01
6.008197021484375000e+01,8.018733215332031250e+01
7.948786163330078125e+01,1.034201660156250000e+02
7.015795135498046875e+01,8.895768737792968750e+01
6.442607879638671875e+01,8.691250610351562500e+01
4.467105102539062500e+01,7.557963562011718750e+01
6.969004821777343750e+01,8.825791931152343750e+01
6.359961318969726562e+01,1.049073028564453125e+02
6.599731445312500000e+01,8.476119995117187500e+01
6.255899047851562500e+01,9.106445312500000000e+01
7.175681304931640625e+01,1.014890594482421875e+02
8.355483245849609375e+01,9.271311950683593750e+01
5.729328536987304688e+01,8.330879211425781250e+01
6.149629211425781250e+01,7.769471740722656250e+01
5.863334274291992188e+01,7.533761596679687500e+01
5.516587448120117188e+01,1.015814514160156250e+02
6.980018615722656250e+01,1.122909851074218750e+02
6.972942352294921875e+01,1.123572387695312500e+02
9.457898712158203125e+01,1.177866668701171875e+02
7.661602020263671875e+01,1.122545623779296875e+02
8.798074340820312500e+01,1.197909851074218750e+02
7.129056549072265625e+01,1.093217620849609375e+02
7.147005462646484375e+01,1.065976867675781250e+02
6.847592926025390625e+01,1.100240783691406250e+02
6.592850494384765625e+01,9.250595092773437500e+01
6.966506195068359375e+01,8.868016815185546875e+01
6.197713088989257812e+01,8.292329406738281250e+01
6.312075805664062500e+01,8.255882263183593750e+01
8.002043914794921875e+01,9.809446716308593750e+01
7.601435089111328125e+01,9.145815277099609375e+01
9.326004791259765625e+01,9.983242034912109375e+01
8.752551269531250000e+01,1.048653717041015625e+02
7.471682739257812500e+01,9.800042724609375000e+01
7.219141387939453125e+01,1.042560272216796875e+02
6.999827575683593750e+01,1.046237487792968750e+02
8.183039093017578125e+01,1.001910705566406250e+02
8.893503570556640625e+01,1.040263519287109375e+02
7.121981048583984375e+01,9.868331909179687500e+01
8.073101806640625000e+01,9.738374328613281250e+01
9.535671234130859375e+01,1.041625671386718750e+02
8.407094573974609375e+01,1.020086212158203125e+02
7.469921112060546875e+01,9.490973663330078125e+01
7.188638305664062500e+01,1.052414016723632812e+02
8.257688140869140625e+01,9.814578247070312500e+01
7.697476959228515625e+01,9.852870178222656250e+01
6.990769195556640625e+01,9.029348754882812500e+01
6.473995971679687500e+01,8.825901794433593750e+01
7.127851104736328125e+01,9.094976043701171875e+01
6.474105072021484375e+01,9.401180267333984375e+01
5.087853622436523438e+01,7.992509460449218750e+01
7.575110626220703125e+01,1.091621704101562500e+02
8.184159088134765625e+01,9.890332031250000000e+01
7.627512359619140625e+01,9.700064086914062500e+01
8.380816650390625000e+01,9.977648925781250000e+01
7.993660736083984375e+01,9.258137512207031250e+01
6.513478088378906250e+01,9.137983703613281250e+01
7.230492401123046875e+01,1.046590881347656250e+02
7.180075073242187500e+01,9.795127868652343750e+01
7.598672485351562500e+01,9.966378784179687500e+01
7.020217132568359375e+01,8.929415893554687500e+01
7.016281890869140625e+01,1.081371307373046875e+02
6.342311096191406250e+01,8.446492004394531250e+01
4.530204391479492188e+01,7.701464080810546875e+01
6.461309051513671875e+01,8.539225769042968750e+01
8.226988983154296875e+01,1.057599182128906250e+02
7.487209320068359375e+01,9.156539916992187500e+01
8.150593566894531250e+01,8.312921142578125000e+01
7.219483184814453125e+01,9.574946594238281250e+01
7.323567962646484375e+01,9.508134460449218750e+01
7.501809692382812500e+01,9.975682067871093750e+01
9.370774078369140625e+01,1.006769180297851562e+02
8.138111114501953125e+01,1.001045913696289062e+02
7.438411712646484375e+01,9.492543029785156250e+01
8.108271026611328125e+01,9.955249023437500000e+01
6.696379852294921875e+01,1.097365112304687500e+02
7.276924896240234375e+01,9.223222351074218750e+01
8.857714843750000000e+01,9.876792907714843750e+01
6.683451843261718750e+01,8.921537780761718750e+01
7.439900970458984375e+01,9.303139495849609375e+01
6.156344604492187500e+01,8.484609985351562500e+01
6.497189331054687500e+01,8.901045227050781250e+01
5.770619583129882812e+01,8.323742675781250000e+01
5.382963943481445312e+01,9.409200286865234375e+01
6.327860641479492188e+01,8.549354553222656250e+01
8.590319061279296875e+01,1.019392700195312500e+02
7.726734161376953125e+01,9.711781311035156250e+01
7.386814117431640625e+01,9.349123382568359375e+01
6.877516937255859375e+01,9.123223876953125000e+01
7.547720336914062500e+01,9.417681884765625000e+01
6.119821548461914062e+01,8.637809753417968750e+01
7.230028533935546875e+01,9.411872863769531250e+01
5.943935012817382812e+01,8.518888092041015625e+01
7.343968963623046875e+01,1.081300582885742188e+02
6.072779464721679688e+01,8.478395843505859375e+01
6.090587997436523438e+01,8.890820312500000000e+01
6.706963348388671875e+01,9.857052612304687500e+01
6.786664581298828125e+01,1.022350463867187500e+02
6.749118041992187500e+01,9.951655578613281250e+01
6.988176727294921875e+01,1.031712646484375000e+02
6.755426788330078125e+01,8.984417724609375000e+01
7.189897155761718750e+01,9.672666931152343750e+01
7.501520538330078125e+01,9.580151367187500000e+01
6.835073852539062500e+01,1.084338607788085938e+02
5.835729980468750000e+01,9.861163330078125000e+01
7.497290039062500000e+01,9.609827423095703125e+01
7.028414154052734375e+01,9.306860351562500000e+01
7.089978790283203125e+01,9.829399108886718750e+01
6.150999450683593750e+01,8.513324737548828125e+01
6.854724884033203125e+01,9.011128997802734375e+01
6.845185089111328125e+01,8.859712219238281250e+01
5.488861465454101562e+01,8.054039001464843750e+01
5.248304367065429688e+01,7.830731964111328125e+01
5.724470138549804688e+01,8.082402038574218750e+01
7.056650543212890625e+01,9.260366821289062500e+01
7.220115661621093750e+01,9.482261657714843750e+01
7.087335205078125000e+01,9.479052734375000000e+01
7.101219940185546875e+01,9.856173706054687500e+01
6.306593704223632812e+01,8.734313964843750000e+01
8.029836273193359375e+01,1.052932205200195312e+02
6.897701263427734375e+01,9.006158447265625000e+01
6.566047668457031250e+01,8.323737335205078125e+01
5.532295608520507812e+01,8.232571411132812500e+01
8.520193481445312500e+01,1.092481231689453125e+02
7.642350006103515625e+01,1.018527679443359375e+02
7.690444183349609375e+01,1.195105590820312500e+02
7.902984619140625000e+01,1.040874786376953125e+02
6.644472503662109375e+01,1.039889984130859375e+02
1.050357589721679688e+02,1.091228485107421875e+02
7.086065673828125000e+01,9.291387939453125000e+01
8.840689849853515625e+01,1.025097503662109375e+02
7.159441375732421875e+01,9.489209747314453125e+01
7.973104858398437500e+01,1.023226242065429688e+02
9.041716766357421875e+01,1.056866836547851562e+02
8.535160064697265625e+01,1.007353057861328125e+02
7.977820587158203125e+01,9.797010040283203125e+01
8.660526275634765625e+01,1.051351776123046875e+02
6.561142730712890625e+01,1.039837799072265625e+02
6.986307525634765625e+01,1.128767547607421875e+02
8.330475616455078125e+01,1.202672576904296875e+02
6.507854461669921875e+01,1.123322677612304688e+02
9.863283538818359375e+01,1.055006942749023438e+02
9.093795776367187500e+01,1.013727722167968750e+02
8.759863281250000000e+01,1.048562545776367188e+02
7.091831970214843750e+01,9.093844604492187500e+01
9.031063842773437500e+01,1.064861755371093750e+02
7.912380218505859375e+01,9.783766174316406250e+01
7.793778228759765625e+01,9.133442687988281250e+01
6.453627777099609375e+01,9.159587097167968750e+01
5.821281051635742188e+01,9.044343566894531250e+01
6.214939498901367188e+01,8.398608398437500000e+01
6.988751220703125000e+01,9.161221313476562500e+01
8.423357391357421875e+01,1.024923858642578125e+02
8.647174072265625000e+01,1.044588775634765625e+02
8.119717407226562500e+01,1.011724700927734375e+02
7.414562988281250000e+01,9.425389099121093750e+01
8.316381072998046875e+01,1.013721618652343750e+02
6.222751235961914062e+01,9.539005279541015625e+01
6.917425537109375000e+01,1.002641601562500000e+02
7.152500152587890625e+01,9.575238800048828125e+01
7.508196258544921875e+01,1.040443725585937500e+02
1.058054809570312500e+02,1.142875900268554688e+02
1.027173690795898438e+02,1.094706573486328125e+02
9.666672515869140625e+01,1.060469436645507812e+02
1.121648178100585938e+02,1.181539306640625000e+02
1.051141967773437500e+02,1.137769622802734375e+02
9.143680572509765625e+01,1.204385147094726562e+02
9.902905273437500000e+01,1.078458251953125000e+02
9.800659179687500000e+01,1.087648315429687500e+02
1.053227539062500000e+02,1.138166961669921875e+02
9.686922454833984375e+01,1.062372436523437500e+02
1.061505126953125000e+02,1.091074981689453125e+02
7.167203521728515625e+01,8.919349670410156250e+01
6.393702316284179688e+01,9.313986206054687500e+01
7.407434844970703125e+01,1.003230895996093750e+02
1.014448013305664062e+02,1.116159057617187500e+02
9.571494293212890625e+01,1.123575286865234375e+02
8.960445404052734375e+01,1.035010223388671875e+02
1.033863754272460938e+02,1.138558197021484375e+02
9.279746246337890625e+01,1.047575378417968750e+02
1.021812362670898438e+02,1.117578735351562500e+02
9.472829437255859375e+01,1.046695632934570312e+02
1.009450454711914062e+02,1.097707214355468750e+02
6.455336761474609375e+01,9.888957214355468750e+01
5.012695312500000000e+01,8.178530120849609375e+01
4.667044067382812500e+01,7.655402374267578125e+01
6.922636413574218750e+01,9.647969055175781250e+01
4.895968246459960938e+01,8.348207092285156250e+01
7.665935516357421875e+01,1.268777465820312500e+02
5.824754714965820312e+01,1.085091247558593750e+02
6.462868499755859375e+01,1.130182952880859375e+02
5.504452514648437500e+01,1.043804626464843750e+02
6.561931610107421875e+01,1.102311019897460938e+02
5.314154434204101562e+01,9.973429870605468750e+01
5.361471939086914062e+01,1.076662445068359375e+02
8.351906585693359375e+01,1.206906204223632812e+02
6.533808135986328125e+01,9.413221740722656250e+01
5.784817504882812500e+01,1.092926025390625000e+02
4.786116409301757812e+01,9.429481506347656250e+01
4.818079757690429688e+01,9.173612213134765625e+01
6.954486846923828125e+01,1.021548843383789062e+02
5.958395767211914062e+01,9.800058746337890625e+01
5.010026931762695312e+01,8.036095428466796875e+01
7.120263671875000000e+01,8.797526550292968750e+01
5.850154495239257812e+01,9.698950195312500000e+01
5.450083541870117188e+01,8.513235473632812500e+01
5.418317794799804688e+01,9.016746520996093750e+01
4.854933166503906250e+01,7.972297668457031250e+01
5.841348266601562500e+01,9.854814147949218750e+01
6.221157836914062500e+01,9.789597320556640625e+01
5.564081192016601562e+01,8.405767822265625000e+01
5.382970046997070312e+01,7.754290771484375000e+01
4.994096755981445312e+01,8.689333343505859375e+01
4.618157958984375000e+01,8.679922485351562500e+01
5.410352706909179688e+01,1.110552368164062500e+02
5.322581863403320312e+01,1.084465637207031250e+02
5.007452392578125000e+01,1.056880874633789062e+02
4.491371536254882812e+01,1.010646057128906250e+02
5.552445602416992188e+01,1.067590103149414062e+02
5.056763076782226562e+01,8.274070739746093750e+01
5.049195480346679688e+01,8.204899597167968750e+01
5.373336791992187500e+01,8.456411743164062500e+01
6.944721221923828125e+01,1.013600616455078125e+02
4.393101501464843750e+01,8.539332580566406250e+01
6.715090942382812500e+01,9.987375640869140625e+01
4.724383544921875000e+01,9.461211395263671875e+01
4.224040603637695312e+01,7.812776184082031250e+01
6.309164428710937500e+01,9.424527740478515625e+01
4.450928878784179688e+01,7.182348632812500000e+01
5.448161315917968750e+01,8.925980377197265625e+01
5.485235595703125000e+01,8.873495483398437500e+01
8.568206787109375000e+01,1.044546203613281250e+02
7.118452453613281250e+01,1.026483154296875000e+02
6.965689849853515625e+01,9.978831481933593750e+01
6.945374298095703125e+01,1.018967514038085938e+02
5.620597839355468750e+01,9.586152648925781250e+01
5.132809448242187500e+01,8.460945129394531250e+01
6.258648681640625000e+01,9.267443847656250000e+01
5.112256240844726562e+01,8.946694946289062500e+01
4.382237625122070312e+01,7.645863342285156250e+01
6.877736663818359375e+01,1.017594451904296875e+02
7.062937164306640625e+01,1.027531967163085938e+02
6.802404785156250000e+01,9.876782226562500000e+01
6.824706268310546875e+01,1.001581420898437500e+02
6.002021789550781250e+01,9.678125000000000000e+01
4.963221359252929688e+01,8.454557800292968750e+01
5.055909347534179688e+01,7.921139526367187500e+01
4.130419158935546875e+01,8.055744171142578125e+01
5.782897949218750000e+01,8.984262084960937500e+01
4.817063522338867188e+01,8.394001007080078125e+01
4.343376541137695312e+01,8.073780822753906250e+01
4.077032852172851562e+01,7.704329681396484375e+01
4.433828735351562500e+01,7.339437103271484375e+01
3.752335357666015625e+01,8.731476593017578125e+01
3.561433792114257812e+01,7.770727539062500000e+01
3.530010986328125000e+01,6.831571960449218750e+01
4.694239425659179688e+01,8.230410003662109375e+01
5.454684829711914062e+01,7.830707550048828125e+01
5.367022705078125000e+01,9.265271759033203125e+01
4.928668594360351562e+01,8.424237060546875000e+01
4.312125778198242188e+01,8.425949096679687500e+01
3.750286865234375000e+01,7.068626403808593750e+01
4.724003982543945312e+01,8.917076110839843750e+01
4.209743118286132812e+01,6.644683837890625000e+01
4.722565841674804688e+01,8.502477264404296875e+01
5.553841018676757812e+01,9.058200073242187500e+01
4.430096435546875000e+01,8.738386535644531250e+01
4.174450302124023438e+01,8.461758422851562500e+01
4.583060836791992188e+01,9.564137268066406250e+01
4.099814605712890625e+01,7.887416076660156250e+01
5.325709533691406250e+01,8.986651611328125000e+01
7.367922210693359375e+01,1.053870239257812500e+02
4.034488677978515625e+01,7.961191558837890625e+01
4.312776184082031250e+01,9.316148376464843750e+01
4.926694107055664062e+01,8.142118072509765625e+01
4.565082931518554688e+01,9.432626342773437500e+01
3.989910507202148438e+01,7.795556640625000000e+01
4.396589660644531250e+01,7.383401489257812500e+01
5.326222610473632812e+01,9.157864379882812500e+01
7.490389251708984375e+01,9.995142364501953125e+01
6.811296081542968750e+01,8.986639404296875000e+01
3.760158157348632812e+01,8.218011474609375000e+01
7.011129760742187500e+01,1.049579849243164062e+02
5.546332931518554688e+01,9.711224365234375000e+01
5.034141921997070312e+01,8.552149963378906250e+01
6.377448654174804688e+01,9.595486450195312500e+01
5.049029159545898438e+01,9.015778350830078125e+01
4.155246353149414062e+01,8.096160888671875000e+01
4.391106796264648438e+01,7.887522888183593750e+01
5.862351989746093750e+01,9.942039489746093750e+01
4.965274047851562500e+01,8.250886535644531250e+01
6.955004119873046875e+01,1.010072021484375000e+02
5.940467453002929688e+01,9.790062713623046875e+01
5.048533248901367188e+01,8.036545562744140625e+01
6.878543090820312500e+01,9.993557739257812500e+01
5.667495727539062500e+01,9.173777770996093750e+01
4.722159957885742188e+01,7.388785552978515625e+01
4.659945678710937500e+01,8.470683288574218750e+01
4.703769302368164062e+01,8.506233215332031250e+01
4.231526947021484375e+01,8.169265747070312500e+01
7.438512420654296875e+01,1.021483459472656250e+02
4.570643234252929688e+01,8.779219055175781250e+01
5.010074996948242188e+01,7.861775207519531250e+01
5.951943969726562500e+01,9.795283508300781250e+01
8.972018432617187500e+01,1.045149002075195312e+02
6.925478363037109375e+01,8.697828674316406250e+01
7.519186401367187500e+01,1.036663208007812500e+02
7.152547454833984375e+01,1.035280914306640625e+02
5.728475952148437500e+01,9.512496948242187500e+01
5.329244995117187500e+01,8.424256896972656250e+01
5.386256790161132812e+01,8.936140441894531250e+01
4.691756057739257812e+01,7.815786743164062500e+01
6.846964263916015625e+01,1.005412139892578125e+02
5.157929611206054688e+01,8.057222747802734375e+01
5.121332931518554688e+01,7.494831848144531250e+01
4.347925186157226562e+01,8.538320922851562500e+01
8.249481964111328125e+01,1.135479583740234375e+02
7.816840362548828125e+01,1.101100540161132812e+02
7.022176361083984375e+01,1.003513259887695312e+02
8.039296722412109375e+01,1.084927978515625000e+02
7.767003631591796875e+01,1.080008850097656250e+02
7.822965240478515625e+01,1.111063842773437500e+02
5.016917800903320312e+01,8.491943359375000000e+01
8.163882446289062500e+01,1.157423934936523438e+02
7.786986541748046875e+01,1.173134918212890625e+02
8.447182464599609375e+01,1.209210357666015625e+02
7.738063049316406250e+01,1.122223281860351562e+02
7.247339630126953125e+01,1.131500854492187500e+02
6.558773803710937500e+01,1.014915771484375000e+02
7.371828460693359375e+01,1.168698425292968750e+02
8.659670257568359375e+01,1.216789703369140625e+02
9.703743743896484375e+01,1.100070724487304688e+02
6.587184906005859375e+01,8.873751831054687500e+01
9.807680511474609375e+01,1.106063995361328125e+02
8.328540039062500000e+01,1.057927093505859375e+02
7.606697845458984375e+01,9.996609497070312500e+01
5.318484115600585938e+01,8.068458557128906250e+01
7.984799194335937500e+01,1.047696990966796875e+02
7.800880432128906250e+01,9.908595275878906250e+01
6.409711456298828125e+01,9.386846923828125000e+01
8.688610076904296875e+01,1.077786254882812500e+02
5.655987930297851562e+01,8.194285583496093750e+01
6.501573181152343750e+01,8.991596984863281250e+01
9.125783538818359375e+01,1.067027206420898438e+02
6.866099548339843750e+01,9.567864990234375000e+01
5.942890548706054688e+01,8.661901092529296875e+01
8.178506469726562500e+01,1.147252578735351562e+02
7.774478912353515625e+01,9.233679199218750000e+01
9.317527008056640625e+01,1.007528076171875000e+02
9.083885955810546875e+01,9.690753173828125000e+01
9.694836425781250000e+01,1.043481140136718750e+02
4.906715774536132812e+01,8.538671875000000000e+01
6.498377227783203125e+01,9.138703918457031250e+01
4.709843826293945312e+01,7.755836486816406250e+01
5.224244689941406250e+01,8.539659881591796875e+01
8.860083007812500000e+01,1.056962432861328125e+02
6.661984252929687500e+01,9.456915283203125000e+01
7.003485870361328125e+01,9.363180541992187500e+01
6.809554290771484375e+01,9.077870178222656250e+01
8.117125701904296875e+01,1.184924926757812500e+02
8.015540313720703125e+01,9.934939575195312500e+01
9.441806793212890625e+01,1.068022003173828125e+02
1.007976455688476562e+02,1.142437896728515625e+02
8.605136108398437500e+01,9.960804748535156250e+01
9.610990142822265625e+01,1.041697998046875000e+02
5.839776992797851562e+01,9.771553039550781250e+01
6.009622192382812500e+01,9.708111572265625000e+01
5.632825851440429688e+01,9.348574066162109375e+01
7.134102630615234375e+01,1.026277770996093750e+02
4.970953369140625000e+01,8.427726745605468750e+01
5.486641311645507812e+01,8.515888214111328125e+01
6.198512649536132812e+01,8.846703338623046875e+01
8.302986907958984375e+01,9.459419250488281250e+01
9.845481109619140625e+01,1.232658920288085938e+02
8.975569915771484375e+01,1.220757904052734375e+02
9.635652923583984375e+01,1.033143844604492188e+02
7.027384948730468750e+01,9.656329345703125000e+01
8.227011871337890625e+01,9.864605712890625000e+01
9.004425048828125000e+01,1.006618728637695312e+02
9.348636627197265625e+01,1.059335479736328125e+02
9.231323242187500000e+01,1.085160369873046875e+02
8.098660278320312500e+01,9.839309692382812500e+01
9.291497802734375000e+01,1.042467956542968750e+02
8.740515136718750000e+01,9.884958648681640625e+01
9.359191894531250000e+01,1.012969207763671875e+02
6.753459167480468750e+01,9.593416595458984375e+01
6.872300720214843750e+01,9.308414459228515625e+01
6.294570922851562500e+01,9.895640563964843750e+01
6.053899765014648438e+01,9.932849884033203125e+01
6.850932312011718750e+01,9.997547912597656250e+01
6.866127014160156250e+01,9.197514343261718750e+01
6.296351623535156250e+01,9.281793212890625000e+01
6.293832397460937500e+01,8.730594635009765625e+01
7.291407012939453125e+01,1.018212509155273438e+02
6.983568572998046875e+01,9.177947998046875000e+01
5.566814804077148438e+01,9.185034179687500000e+01
5.723497390747070312e+01,9.570172882080078125e+01
6.013408279418945312e+01,1.006663360595703125e+02
6.906777954101562500e+01,9.286750030517578125e+01
5.526746749877929688e+01,9.280374145507812500e+01
5.339541244506835938e+01,8.184020996093750000e+01
5.457106018066406250e+01,7.697245788574218750e+01
6.217512130737304688e+01,8.977984619140625000e+01
5.685039138793945312e+01,9.088981628417968750e+01
5.285811233520507812e+01,8.081161499023437500e+01
6.165360641479492188e+01,8.556217956542968750e+01
4.976793289184570312e+01,8.434412384033203125e+01
5.379162216186523438e+01,8.258448028564453125e+01
5.913257980346679688e+01,9.362960815429687500e+01
6.077536010742187500e+01,9.228311920166015625e+01
5.236622238159179688e+01,8.302831268310546875e+01
8.007176971435546875e+01,9.670494079589843750e+01
6.449651336669921875e+01,9.961250305175781250e+01
6.394220352172851562e+01,9.156278991699218750e+01
6.853188323974609375e+01,1.017274475097656250e+02
6.233428955078125000e+01,8.769566345214843750e+01
5.038811874389648438e+01,8.667843627929687500e+01
5.945457839965820312e+01,8.534740447998046875e+01
7.025015258789062500e+01,1.001444396972656250e+02
5.393469238281250000e+01,9.209043884277343750e+01
5.262786483764648438e+01,9.328921508789062500e+01
9.013986968994140625e+01,9.874001312255859375e+01
9.818624114990234375e+01,1.063403549194335938e+02
9.239104461669921875e+01,1.060341644287109375e+02
9.002098846435546875e+01,1.000461273193359375e+02
1.051514663696289062e+02,1.133826599121093750e+02
7.772518157958984375e+01,9.943244171142578125e+01
8.613055419921875000e+01,9.913769531250000000e+01
9.611252593994140625e+01,1.108022003173828125e+02
9.204372406005859375e+01,1.034349670410156250e+02
9.086290740966796875e+01,1.051942138671875000e+02
7.130171966552734375e+01,9.844046020507812500e+01
8.481262969970703125e+01,1.003887176513671875e+02
9.435253906250000000e+01,1.055561370849609375e+02
9.528520965576171875e+01,1.049670562744140625e+02
6.978409576416015625e+01,9.315358734130859375e+01
5.233345413208007812e+01,7.932897949218750000e+01
5.705509567260742188e+01,8.170861816406250000e+01
6.490879058837890625e+01,8.768923950195312500e+01
5.860374832153320312e+01,8.256224060058593750e+01
5.599822616577148438e+01,8.548298645019531250e+01
5.423553466796875000e+01,7.924162292480468750e+01
4.588837051391601562e+01,7.380056762695312500e+01
5.008770751953125000e+01,8.134428405761718750e+01
5.367420959472656250e+01,7.968641662597656250e+01
7.828694915771484375e+01,1.140262145996093750e+02
4.607226562500000000e+01,7.052551269531250000e+01
5.150456237792968750e+01,8.025106811523437500e+01
4.596845626831054688e+01,7.512229919433593750e+01
4.865857315063476562e+01,7.782373046875000000e+01
4.909791946411132812e+01,8.533569335937500000e+01
7.064124298095703125e+01,1.111988067626953125e+02
5.067403030395507812e+01,7.919868469238281250e+01
6.209843826293945312e+01,8.304901123046875000e+01
4.688370895385742188e+01,7.315248107910156250e+01
6.307489013671875000e+01,8.200378417968750000e+01
6.791561126708984375e+01,9.501571655273437500e+01
5.841680908203125000e+01,8.139842224121093750e+01
6.804737091064453125e+01,8.858412170410156250e+01
6.777318572998046875e+01,8.961011505126953125e+01
7.370598602294921875e+01,9.574079132080078125e+01
7.368245697021484375e+01,9.737266540527343750e+01
6.556188964843750000e+01,8.889672851562500000e+01
8.210132598876953125e+01,1.049590606689453125e+02
7.248792266845703125e+01,9.456600952148437500e+01
7.688721466064453125e+01,9.890475463867187500e+01
6.896254730224609375e+01,9.257550811767578125e+01
5.912620544433593750e+01,8.303965759277343750e+01
6.759259796142578125e+01,9.015119934082031250e+01
7.843276214599609375e+01,1.032237548828125000e+02
6.682776641845703125e+01,8.787478637695312500e+01
5.330356979370117188e+01,8.054485321044921875e+01
5.079527664184570312e+01,7.731230926513671875e+01
5.529301071166992188e+01,8.012391662597656250e+01
6.725604248046875000e+01,9.011096954345703125e+01
4.357760238647460938e+01,7.770820617675781250e+01
6.265848159790039062e+01,8.600098419189453125e+01
6.869179534912109375e+01,9.251164245605468750e+01
9.245964813232421875e+01,1.074340820312500000e+02
7.593951416015625000e+01,1.041751556396484375e+02
6.970109558105468750e+01,9.494422912597656250e+01
6.123207473754882812e+01,8.687495422363281250e+01
6.794292449951171875e+01,9.015017700195312500e+01
5.449148559570312500e+01,8.391801452636718750e+01
7.358342742919921875e+01,9.462674713134765625e+01
5.468462753295898438e+01,8.828521728515625000e+01
8.324292755126953125e+01,9.643797302246093750e+01
7.883627319335937500e+01,9.650030517578125000e+01
5.684149169921875000e+01,9.171052551269531250e+01
8.104109954833984375e+01,1.056524963378906250e+02
7.138697052001953125e+01,9.281790924072265625e+01
8.421393585205078125e+01,1.055430450439453125e+02
7.565084075927734375e+01,9.522042083740234375e+01
5.989914321899414062e+01,8.833422851562500000e+01
7.030120849609375000e+01,9.302961730957031250e+01
6.149031066894531250e+01,8.468544006347656250e+01
6.917807006835937500e+01,9.007768249511718750e+01
6.937023925781250000e+01,8.851564788818359375e+01
6.585684967041015625e+01,8.136809539794921875e+01
5.643054580688476562e+01,8.011460876464843750e+01
5.228394699096679688e+01,7.734762573242187500e+01
5.789292526245117188e+01,8.064736175537109375e+01
6.185105514526367188e+01,8.927217864990234375e+01
7.195571136474609375e+01,9.242901611328125000e+01
5.494808959960937500e+01,8.182687377929687500e+01
7.333803558349609375e+01,9.471963500976562500e+01
6.911684417724609375e+01,9.043550872802734375e+01
7.131295776367187500e+01,9.479544067382812500e+01
6.351134109497070312e+01,8.729222106933593750e+01
7.084964752197265625e+01,9.316504669189453125e+01
7.081812286376953125e+01,9.074191284179687500e+01
5.591778945922851562e+01,8.298223114013671875e+01
6.597885894775390625e+01,8.778930664062500000e+01
7.166832733154296875e+01,9.131699371337890625e+01
8.048041534423828125e+01,1.052400207519531250e+02
8.479293060302734375e+01,1.074225463867187500e+02
9.565426635742187500e+01,1.082336044311523438e+02
9.029681396484375000e+01,1.016807403564453125e+02
7.009475708007812500e+01,1.101283416748046875e+02
7.797108459472656250e+01,9.719694519042968750e+01
6.895458984375000000e+01,9.013371276855468750e+01
6.390488815307617188e+01,8.506597137451171875e+01
8.447269439697265625e+01,1.053182678222656250e+02
6.293591308593750000e+01,8.285772705078125000e+01
7.924230957031250000e+01,9.836703491210937500e+01
7.939765167236328125e+01,1.029714965820312500e+02
7.102024078369140625e+01,9.188677978515625000e+01
6.221885299682617188e+01,8.723530578613281250e+01
8.528683471679687500e+01,1.059423828125000000e+02
1.071526107788085938e+02,1.114951705932617188e+02
9.998921966552734375e+01,1.093311004638671875e+02
1.057520980834960938e+02,1.165917053222656250e+02
6.693737030029296875e+01,8.115719604492187500e+01
7.254435729980468750e+01,9.191119384765625000e+01
5.479996109008789062e+01,7.116963195800781250e+01
7.359145355224609375e+01,9.253126525878906250e+01
6.133241653442382812e+01,7.486262512207031250e+01
4.648315429687500000e+01,6.449591064453125000e+01
5.522485733032226562e+01,7.342675781250000000e+01
6.156893920898437500e+01,7.697886657714843750e+01
4.762702560424804688e+01,7.778412628173828125e+01
7.864432525634765625e+01,8.092367553710937500e+01
7.152524566650390625e+01,8.249729919433593750e+01
3.667164611816406250e+01,8.777276611328125000e+01
3.889749145507812500e+01,9.575109863281250000e+01
6.240191650390625000e+01,8.476721191406250000e+01
4.543880081176757812e+01,8.213566589355468750e+01
4.369506454467773438e+01,8.580924987792968750e+01
3.876742172241210938e+01,7.501463317871093750e+01
5.061700439453125000e+01,9.182046508789062500e+01
4.784785842895507812e+01,7.978547668457031250e+01
3.919758605957031250e+01,8.907767486572265625e+01
4.235699844360351562e+01,1.153711395263671875e+02
3.950525665283203125e+01,7.726869201660156250e+01
5.755613327026367188e+01,8.408992004394531250e+01
4.230031967163085938e+01,8.126593017578125000e+01
4.198154067993164062e+01,8.663539123535156250e+01
3.558646774291992188e+01,7.328485107421875000e+01
4.694549560546875000e+01,9.300399780273437500e+01
4.874971389770507812e+01,9.160585021972656250e+01
4.351454544067382812e+01,7.619816589355468750e+01
4.166505050659179688e+01,9.065891265869140625e+01
3.538792419433593750e+01,6.985932922363281250e+01
3.389221572875976562e+01,8.091345214843750000e+01
3.028781700134277344e+01,6.925486755371093750e+01
4.025594329833984375e+01,8.744134521484375000e+01
3.407116699218750000e+01,7.497681427001953125e+01
4.670501327514648438e+01,9.375251770019531250e+01
4.743185043334960938e+01,9.194022369384765625e+01
4.215777206420898438e+01,7.702061462402343750e+01
3.667749404907226562e+01,8.583932495117187500e+01
7.409604644775390625e+01,9.405676269531250000e+01
6.370599746704101562e+01,8.567513275146484375e+01
5.348460769653320312e+01,8.133583068847656250e+01
5.420360946655273438e+01,7.515708923339843750e+01
5.535394287109375000e+01,8.889797210693359375e+01
4.708149337768554688e+01,9.446333312988281250e+01
5.432121658325195312e+01,8.309533691406250000e+01
3.939006423950195312e+01,6.834997558593750000e+01
4.458696365356445312e+01,8.973537445068359375e+01
3.720463943481445312e+01,9.171346282958984375e+01
5.851490402221679688e+01,8.014823913574218750e+01
4.193006515502929688e+01,7.701519012451171875e+01
3.545245742797851562e+01,7.025167846679687500e+01
3.983969116210937500e+01,7.400959777832031250e+01
4.504989624023437500e+01,7.568322753906250000e+01
3.630583572387695312e+01,8.628102111816406250e+01
4.517379760742187500e+01,1.096507186889648438e+02
3.652270889282226562e+01,1.025548858642578125e+02
4.485636901855468750e+01,1.049530487060546875e+02
3.919676589965820312e+01,1.007049331665039062e+02
3.422251510620117188e+01,8.502024078369140625e+01
5.738822937011718750e+01,8.254113769531250000e+01
4.628821945190429688e+01,8.915005493164062500e+01
5.433866500854492188e+01,7.948598480224609375e+01
3.955831527709960938e+01,7.597854614257812500e+01
3.890581893920898438e+01,8.133192443847656250e+01
4.110275650024414062e+01,7.174363708496093750e+01
3.064022827148437500e+01,7.572853088378906250e+01
5.585187911987304688e+01,8.209037780761718750e+01
3.834510421752929688e+01,7.733183288574218750e+01
4.055175781250000000e+01,7.580932617187500000e+01
3.398567581176757812e+01,8.767666625976562500e+01
3.054422760009765625e+01,7.145982360839843750e+01
3.743095016479492188e+01,7.755513000488281250e+01
3.133926391601562500e+01,7.035122680664062500e+01
3.936185073852539062e+01,7.299433898925781250e+01
3.449554824829101562e+01,8.344869995117187500e+01
6.064234542846679688e+01,8.846865844726562500e+01
3.926014328002929688e+01,7.918900299072265625e+01
4.270314025878906250e+01,8.749967193603515625e+01
6.292697143554687500e+01,8.525228881835937500e+01
6.638802337646484375e+01,8.619377136230468750e+01
5.292517089843750000e+01,8.583532714843750000e+01
7.365328979492187500e+01,9.278585815429687500e+01
7.443444061279296875e+01,1.040324554443359375e+02
8.709836578369140625e+01,9.455944824218750000e+01
7.776339721679687500e+01,1.003832778930664062e+02
6.589208984375000000e+01,8.688066101074218750e+01
7.329798889160156250e+01,9.130231475830078125e+01
4.483934020996093750e+01,8.506098937988281250e+01
7.349773406982421875e+01,9.298775482177734375e+01
7.255547332763671875e+01,9.751577758789062500e+01
6.794266510009765625e+01,8.959841918945312500e+01
6.697396087646484375e+01,9.223655700683593750e+01
5.879248046875000000e+01,8.053897094726562500e+01
7.764335632324218750e+01,9.991617584228515625e+01
6.801053619384765625e+01,8.600291442871093750e+01
5.895885086059570312e+01,8.259137725830078125e+01
5.235099411010742188e+01,8.005318450927734375e+01
5.630305480957031250e+01,7.717966461181640625e+01
6.377076339721679688e+01,9.300066375732421875e+01
7.784688568115234375e+01,1.010663070678710938e+02
6.940534210205078125e+01,8.930003356933593750e+01
8.989989471435546875e+01,1.047603454589843750e+02
8.288259124755859375e+01,9.634072875976562500e+01
6.872232818603515625e+01,9.266204833984375000e+01
6.085971450805664062e+01,8.512132263183593750e+01
6.797820281982421875e+01,9.040382385253906250e+01
7.931320953369140625e+01,1.023812866210937500e+02
6.873659515380859375e+01,8.867967224121093750e+01
5.940760803222656250e+01,8.388822937011718750e+01
5.363393020629882812e+01,8.336683654785156250e+01
7.638384246826171875e+01,9.875621032714843750e+01
7.211815643310546875e+01,8.855126190185546875e+01
7.330838775634765625e+01,9.468849182128906250e+01
6.561353302001953125e+01,8.813912200927734375e+01
7.386974334716796875e+01,9.357499694824218750e+01
5.755975341796875000e+01,1.052428207397460938e+02
5.540740966796875000e+01,8.237517547607421875e+01
7.246306610107421875e+01,9.995867156982421875e+01
6.792395782470703125e+01,9.107077026367187500e+01
5.851816940307617188e+01,8.235896301269531250e+01
6.788512420654296875e+01,8.776651763916015625e+01
6.339721679687500000e+01,7.908992004394531250e+01
6.035284423828125000e+01,9.517401123046875000e+01
5.046023941040039062e+01,7.683333587646484375e+01
5.610345077514648438e+01,7.886418914794921875e+01
5.725495910644531250e+01,8.908578491210937500e+01
6.360685348510742188e+01,8.563925170898437500e+01
6.997866058349609375e+01,9.165197753906250000e+01
5.600262451171875000e+01,9.169664001464843750e+01
6.389216995239257812e+01,9.129014587402343750e+01
8.074466705322265625e+01,9.614131164550781250e+01
6.710079193115234375e+01,9.288642883300781250e+01
6.663223266601562500e+01,9.593542480468750000e+01
5.929777145385742188e+01,8.509182739257812500e+01
6.688666534423828125e+01,9.096185302734375000e+01
7.713131713867187500e+01,1.033216857910156250e+02
6.766181945800781250e+01,8.939263916015625000e+01
6.267428970336914062e+01,8.105773925781250000e+01
8.120935058593750000e+01,1.064449386596679688e+02
7.038718414306640625e+01,9.608459472656250000e+01
6.930750274658203125e+01,8.969471740722656250e+01
5.632803344726562500e+01,8.991021728515625000e+01
7.120713043212890625e+01,9.297357940673828125e+01
5.918124389648437500e+01,8.667428588867187500e+01
6.679267120361328125e+01,8.699118041992187500e+01
5.169462203979492188e+01,1.019613494873046875e+02
6.154319763183593750e+01,8.874877929687500000e+01
5.124490356445312500e+01,9.002238464355468750e+01
6.170320510864257812e+01,9.054023742675781250e+01
6.070344924926757812e+01,9.409788513183593750e+01
5.289700317382812500e+01,8.214904785156250000e+01
6.208311462402343750e+01,8.758905029296875000e+01
5.061661911010742188e+01,7.991458892822265625e+01
5.287086486816406250e+01,8.868401336669921875e+01
4.636953735351562500e+01,7.635016632080078125e+01
5.257033157348632812e+01,7.921776580810546875e+01
5.682458877563476562e+01,8.474670410156250000e+01
6.002830886840820312e+01,8.759471130371093750e+01
5.096932601928710938e+01,8.343650817871093750e+01
7.558985900878906250e+01,9.495665740966796875e+01
6.145601272583007812e+01,9.176652526855468750e+01
3.982972717285156250e+01,8.100954437255859375e+01
6.071519088745117188e+01,9.570225524902343750e+01
5.348770523071289062e+01,8.372987365722656250e+01
7.153345489501953125e+01,1.031211547851562500e+02
6.245549392700195312e+01,8.885756683349609375e+01
4.784167861938476562e+01,8.470440673828125000e+01
5.446653366088867188e+01,9.513270568847656250e+01
6.579953002929687500e+01,9.239628601074218750e+01
5.805097961425781250e+01,8.500451660156250000e+01
5.602455139160156250e+01,8.557958984375000000e+01
6.491772460937500000e+01,9.136388397216796875e+01
8.486742401123046875e+01,8.683670806884765625e+01
7.044406890869140625e+01,8.140077209472656250e+01
7.813208007812500000e+01,8.171669006347656250e+01
8.054673767089843750e+01,8.154315948486328125e+01
9.480965423583984375e+01,9.694599914550781250e+01
8.529180908203125000e+01,8.369377136230468750e+01
6.284809875488281250e+01,8.024031066894531250e+01
6.766132354736328125e+01,1.056053314208984375e+02
6.394964218139648438e+01,1.008193511962890625e+02
6.257903671264648438e+01,8.035858917236328125e+01
7.564916229248046875e+01,7.832160949707031250e+01
8.351885223388671875e+01,8.397622680664062500e+01
7.989952087402343750e+01,8.479144287109375000e+01
7.742035675048828125e+01,8.769862365722656250e+01
6.954944610595703125e+01,7.662857055664062500e+01
7.838682556152343750e+01,7.870285034179687500e+01
7.582307434082031250e+01,7.328979492187500000e+01
5.519635009765625000e+01,7.131198120117187500e+01
6.122036361694335938e+01,6.730862426757812500e+01
6.945018768310546875e+01,6.902194213867187500e+01
7.446390533447265625e+01,7.813640594482421875e+01
7.719616699218750000e+01,8.042870330810546875e+01
8.142602539062500000e+01,8.709849548339843750e+01
7.813346099853515625e+01,8.971606445312500000e+01
7.166141510009765625e+01,7.922831726074218750e+01
7.994084930419921875e+01,8.149339294433593750e+01
5.762577438354492188e+01,7.421774291992187500e+01
8.365056610107421875e+01,8.951051330566406250e+01
7.681173706054687500e+01,8.044149780273437500e+01
6.102395248413085938e+01,7.861218261718750000e+01
7.242720794677734375e+01,7.693501281738281250e+01
5.654572677612304688e+01,7.065683746337890625e+01
6.551396179199218750e+01,6.817105102539062500e+01
8.025516510009765625e+01,8.179390716552734375e+01
6.257816696166992188e+01,6.613638305664062500e+01
6.976735687255859375e+01,8.327967834472656250e+01
7.469142913818359375e+01,9.074729919433593750e+01
6.496005249023437500e+01,7.887945556640625000e+01
4.382895278930664062e+01,8.448680114746093750e+01
4.525078201293945312e+01,9.593365478515625000e+01
4.324073410034179688e+01,8.639035034179687500e+01
5.589976882934570312e+01,9.977755737304687500e+01
5.289689254760742188e+01,9.711221313476562500e+01
5.147813415527343750e+01,8.806529998779296875e+01
4.842838668823242188e+01,9.204051971435546875e+01
5.688803100585937500e+01,9.799975585937500000e+01
5.421299362182617188e+01,8.650373840332031250e+01
4.744907760620117188e+01,8.878620910644531250e+01
4.676077651977539062e+01,1.060190734863281250e+02
5.440539550781250000e+01,9.880718231201171875e+01
4.264479446411132812e+01,8.094770812988281250e+01
7.167294311523437500e+01,1.023417358398437500e+02
4.995103454589843750e+01,8.945076751708984375e+01
4.204810714721679688e+01,8.169004821777343750e+01
5.627972412109375000e+01,9.924422454833984375e+01
5.019266128540039062e+01,8.293782043457031250e+01
5.519004440307617188e+01,9.369357299804687500e+01
5.531921005249023438e+01,9.767520904541015625e+01
5.463684463500976562e+01,9.977955627441406250e+01
4.255994033813476562e+01,9.446511077880859375e+01
3.949209213256835938e+01,8.007207489013671875e+01
6.578156280517578125e+01,9.336486816406250000e+01
5.079867172241210938e+01,9.767956542968750000e+01
4.728825759887695312e+01,8.922526550292968750e+01
4.526121139526367188e+01,9.224432373046875000e+01
4.064152526855468750e+01,8.284085083007812500e+01
4.778189468383789062e+01,8.590518188476562500e+01
5.428527832031250000e+01,9.805291748046875000e+01
4.853610610961914062e+01,8.381420135498046875e+01
4.459268188476562500e+01,8.661868286132812500e+01
5.045317459106445312e+01,8.332609558105468750e+01
5.702114486694335938e+01,9.380209350585937500e+01
6.596443176269531250e+01,1.064769287109375000e+02
5.400613021850585938e+01,9.935189056396484375e+01
4.811665725708007812e+01,9.167114257812500000e+01
8.773123168945312500e+01,1.088750839233398438e+02
7.964434814453125000e+01,9.850936889648437500e+01
6.398997879028320312e+01,9.214704895019531250e+01
5.680377578735351562e+01,9.162844848632812500e+01
5.543237304687500000e+01,1.079466934204101562e+02
5.280643844604492188e+01,9.365248107910156250e+01
6.184193038940429688e+01,8.689439392089843750e+01
6.836875152587890625e+01,8.943913269042968750e+01
6.663721466064453125e+01,9.476107788085937500e+01
7.126522827148437500e+01,9.675544738769531250e+01
7.498663330078125000e+01,9.589407348632812500e+01
7.626653289794921875e+01,1.082194366455078125e+02
7.270423889160156250e+01,1.048548660278320312e+02
6.575982666015625000e+01,9.865828704833984375e+01
5.399918746948242188e+01,9.591685485839843750e+01
6.855022430419921875e+01,1.042302246093750000e+02
6.740586090087890625e+01,9.517678833007812500e+01
7.063245391845703125e+01,1.009268188476562500e+02
6.056547164916992188e+01,9.432361602783203125e+01
6.930526733398437500e+01,1.112411651611328125e+02
7.478735351562500000e+01,1.127366104125976562e+02
9.575095367431640625e+01,1.334858398437500000e+02
7.358487701416015625e+01,1.054079589843750000e+02
6.619940185546875000e+01,1.061201171875000000e+02
8.055166625976562500e+01,1.182347717285156250e+02
6.150397109985351562e+01,9.323501586914062500e+01
6.606933593750000000e+01,9.148376464843750000e+01
6.374415969848632812e+01,9.267573547363281250e+01
6.276143264770507812e+01,9.994976806640625000e+01
6.567021942138671875e+01,9.563349151611328125e+01
5.858781051635742188e+01,9.237535858154296875e+01
6.069625854492187500e+01,9.664559936523437500e+01
5.799635314941406250e+01,9.244901275634765625e+01
5.273955154418945312e+01,8.975480651855468750e+01
6.226719284057617188e+01,9.921778869628906250e+01
6.814571380615234375e+01,9.631375122070312500e+01
7.515707397460937500e+01,1.052948684692382812e+02
4.626432418823242188e+01,7.142196655273437500e+01
4.873347473144531250e+01,7.906719970703125000e+01
7.436045074462890625e+01,9.357414245605468750e+01
6.682523345947265625e+01,9.251321411132812500e+01
7.407125854492187500e+01,9.909324645996093750e+01
1.388375244140625000e+02,1.419943847656250000e+02
1.389135131835937500e+02,1.396794281005859375e+02
1.387480163574218750e+02,1.426823883056640625e+02
1.381331024169921875e+02,1.428293609619140625e+02
5.281468200683593750e+01,1.023203048706054688e+02
5.933873367309570312e+01,9.025010681152343750e+01
6.545749664306640625e+01,9.836302947998046875e+01
5.857323074340820312e+01,8.634759521484375000e+01
5.248385620117187500e+01,9.106365966796875000e+01
6.446069335937500000e+01,9.950121307373046875e+01
7.153869628906250000e+01,1.018935852050781250e+02
6.337056350708007812e+01,9.715197753906250000e+01
7.404520416259765625e+01,1.017759857177734375e+02
8.162995910644531250e+01,1.038009338378906250e+02
6.715560913085937500e+01,1.002335662841796875e+02
6.861927032470703125e+01,9.637187194824218750e+01
6.096797561645507812e+01,9.760770416259765625e+01
6.084278488159179688e+01,8.801177978515625000e+01
9.187100982666015625e+01,9.972007751464843750e+01
5.070177078247070312e+01,8.777946472167968750e+01
6.507598876953125000e+01,8.843405151367187500e+01
7.486417388916015625e+01,9.165815734863281250e+01
5.045000076293945312e+01,8.097351074218750000e+01
6.004118728637695312e+01,8.360795593261718750e+01
4.096166992187500000e+01,7.938939666748046875e+01
6.214656448364257812e+01,9.685574340820312500e+01
5.111712646484375000e+01,8.296075439453125000e+01
5.975532913208007812e+01,8.502754211425781250e+01
4.847982406616210938e+01,8.413925170898437500e+01
5.451008987426757812e+01,8.225551605224609375e+01
6.433911132812500000e+01,9.581898498535156250e+01
7.465032196044921875e+01,1.000662841796875000e+02
5.808933639526367188e+01,8.937123870849609375e+01
6.988121032714843750e+01,9.522378540039062500e+01
6.258370590209960938e+01,9.578456115722656250e+01
4.640074157714843750e+01,8.072332763671875000e+01
7.038751983642578125e+01,9.848655700683593750e+01
6.979647064208984375e+01,9.781527709960937500e+01
8.637524414062500000e+01,1.002545394897460938e+02
6.245199584960937500e+01,8.389160919189453125e+01
6.843060302734375000e+01,9.397541809082031250e+01
6.875725555419921875e+01,8.710243988037109375e+01
5.634729003906250000e+01,8.100810241699218750e+01
6.338888549804687500e+01,9.018238830566406250e+01
5.601813888549804688e+01,8.340249633789062500e+01
8.159008789062500000e+01,9.639877319335937500e+01
6.558798980712890625e+01,9.255677032470703125e+01
7.424535369873046875e+01,8.881532287597656250e+01
4.531872940063476562e+01,8.081475830078125000e+01
6.023791503906250000e+01,8.169749450683593750e+01
6.839994049072265625e+01,9.046939086914062500e+01
5.428009414672851562e+01,7.861628723144531250e+01
6.268034744262695312e+01,8.228325653076171875e+01
4.634717178344726562e+01,6.875896453857421875e+01
1.292256317138671875e+02,1.302778778076171875e+02
1.278593826293945312e+02,1.296440734863281250e+02
1.282949676513671875e+02,1.287873840332031250e+02
1.257482604980468750e+02,1.270829620361328125e+02
1.263027954101562500e+02,1.253753128051757812e+02
1.238847351074218750e+02,1.269001617431640625e+02
1.271990966796875000e+02,1.269865646362304688e+02
1.211784362792968750e+02,1.249119033813476562e+02
1.278844680786132812e+02,1.289084472656250000e+02
1.235863265991210938e+02,1.262904510498046875e+02
1.262519912719726562e+02,1.268697814941406250e+02
2.567035675048828125e+01,6.799917602539062500e+01
2.867476081848144531e+01,4.688737869262695312e+01
2.928319740295410156e+01,4.867121505737304688e+01
5.322911071777343750e+01,6.641392517089843750e+01
4.650232315063476562e+01,6.243722534179687500e+01
3.984459686279296875e+01,6.355792999267578125e+01
4.530543899536132812e+01,6.381420135498046875e+01
5.017132186889648438e+01,6.749597930908203125e+01
3.551479721069335938e+01,5.740976333618164062e+01
4.211292648315429688e+01,6.778192138671875000e+01
4.155664062500000000e+01,6.288651275634765625e+01
5.278624343872070312e+01,5.762562561035156250e+01
3.972707748413085938e+01,5.908930206298828125e+01
4.933141708374023438e+01,7.471541595458984375e+01
4.737406539916992188e+01,6.221515655517578125e+01
5.650398254394531250e+01,6.612702941894531250e+01
3.168801307678222656e+01,5.284489822387695312e+01
3.140860176086425781e+01,5.867858123779296875e+01
3.444781875610351562e+01,5.637298583984375000e+01
3.052983283996582031e+01,5.020510101318359375e+01
3.536450195312500000e+01,6.503408050537109375e+01
3.810987854003906250e+01,6.432610321044921875e+01
3.237617492675781250e+01,4.788163375854492188e+01
3.142280387878417969e+01,5.031805038452148438e+01
3.561523818969726562e+01,5.661194992065429688e+01
3.167693328857421875e+01,4.972618484497070312e+01
3.024214363098144531e+01,5.313735198974609375e+01
4.080931091308593750e+01,6.106358337402343750e+01
5.040240478515625000e+01,6.364825057983398438e+01
4.605751419067382812e+01,4.506971740722656250e+01
4.000083923339843750e+01,5.531414031982421875e+01
4.006097030639648438e+01,5.415374374389648438e+01
3.924834442138671875e+01,6.456289672851562500e+01
1.747421836853027344e+01,8.034759521484375000e+01
1.509366607666015625e+01,1.998542594909667969e+01
8.722385406494140625e+00,7.228239059448242188e+00
4.947417068481445312e+01,1.077435760498046875e+02
1.155476074218750000e+02,1.235820922851562500e+02
1.055157089233398438e+02,1.237547225952148438e+02
1.084860763549804688e+02,1.219270782470703125e+02
1.160570297241210938e+02,1.238106689453125000e+02
7.401171875000000000e+01,1.079528350830078125e+02
7.024847412109375000e+01,8.406227111816406250e+01
5.873822021484375000e+01,8.479960632324218750e+01
6.286768722534179688e+01,8.945032501220703125e+01
7.137829589843750000e+01,9.491497039794921875e+01
6.798503875732421875e+01,7.723805236816406250e+01
5.300941848754882812e+01,7.873600769042968750e+01
5.181617355346679688e+01,7.831434631347656250e+01
4.868531417846679688e+01,7.886355590820312500e+01
4.446740722656250000e+01,7.293737792968750000e+01
6.975714874267578125e+01,8.064329528808593750e+01
5.201089477539062500e+01,1.062655410766601562e+02
8.556745147705078125e+01,1.364653015136718750e+02
8.442102050781250000e+01,1.295146484375000000e+02
7.102944183349609375e+01,1.089698944091796875e+02
2.564914512634277344e+01,6.292614364624023438e+01
2.905559730529785156e+01,6.371553802490234375e+01
3.341492462158203125e+01,6.167626571655273438e+01
2.597936439514160156e+01,6.005809020996093750e+01
3.467543411254882812e+01,5.312679290771484375e+01
4.190788269042968750e+01,6.048208236694335938e+01
3.357933044433593750e+01,5.205980300903320312e+01
3.118053436279296875e+01,5.279509735107421875e+01
1.190995254516601562e+02,1.083523254394531250e+02
4.530648422241210938e+01,7.860690307617187500e+01
2.146088600158691406e+01,8.398620605468750000e+01
8.245394706726074219e+00,2.304352378845214844e+01
2.051626586914062500e+01,5.348157501220703125e+01
2.494884490966796875e+01,2.923199844360351562e+01
3.329684066772460938e+01,4.543741607666015625e+01
3.567640686035156250e+01,1.239497451782226562e+02
5.952334976196289062e+01,8.467214965820312500e+01
1.044868164062500000e+02,1.240352325439453125e+02
1.215419845581054688e+02,1.324014739990234375e+02
1.153700180053710938e+02,1.284483032226562500e+02
1.157601623535156250e+02,1.283524169921875000e+02
1.072566528320312500e+02,1.228551940917968750e+02
1.225343627929687500e+02,1.315422058105468750e+02
1.170195236206054688e+02,1.275670242309570312e+02
1.243920898437500000e+02,1.322761993408203125e+02
1.090996322631835938e+02,1.215884475708007812e+02
1.103786087036132812e+02,1.219244842529296875e+02
1.057756118774414062e+02,1.172740631103515625e+02
1.163412704467773438e+02,1.261601486206054688e+02
1.874420547485351562e+01,3.861326599121093750e+01
4.492683887481689453e+00,6.458228111267089844e+00
2.329154968261718750e+00,3.789376020431518555e+00
1.072370624542236328e+01,7.004970550537109375e+00
3.701315164566040039e+00,4.839128494262695312e+00
2.044419765472412109e+00,2.423268556594848633e+00
4.213387680053710938e+01,7.869914245605468750e+01
5.792249679565429688e+01,8.418141174316406250e+01
5.824934768676757812e+01,8.286027526855468750e+01
8.284283638000488281e+00,9.578034400939941406e+00
1.143627548217773438e+02,1.334516296386718750e+02
1.040949172973632812e+02,1.150902252197265625e+02
6.879589080810546875e+01,8.819206237792968750e+01
1.054636611938476562e+02,1.146571502685546875e+02
6.806543731689453125e+01,8.911376953125000000e+01
6.157920455932617188e+01,8.125460815429687500e+01
7.805899047851562500e+01,9.379967498779296875e+01
9.866083526611328125e+01,1.099943695068359375e+02
4.314085006713867188e+01,6.458909606933593750e+01
4.804393386840820312e+01,6.633473205566406250e+01
5.146879959106445312e+01,7.269508361816406250e+01
5.579314041137695312e+01,7.525447845458984375e+01
7.746213912963867188e+00,4.447060585021972656e+00
3.737879180908203125e+01,5.462226104736328125e+01
6.675271606445312500e+01,1.188087768554687500e+02
6.357011413574218750e+01,1.247792510986328125e+02
5.279948806762695312e+01,7.219366455078125000e+01
5.122479248046875000e+01,7.305033874511718750e+01
7.477459716796875000e+01,9.953538513183593750e+01
1.032794799804687500e+02,1.374686737060546875e+02
2.433392333984375000e+01,4.697032165527343750e+01
2.947523307800292969e+01,5.303866195678710938e+01
2.778656005859375000e+01,4.832013702392578125e+01
3.195583343505859375e+01,5.598871231079101562e+01
3.257637023925781250e+01,5.271195602416992188e+01
7.994031524658203125e+01,9.442965698242187500e+01
8.469348907470703125e+01,9.994233703613281250e+01
8.605297088623046875e+01,9.957316589355468750e+01
7.832021331787109375e+01,9.384742736816406250e+01
2.319515419006347656e+01,4.792893981933593750e+01
3.218323135375976562e+01,1.002961425781250000e+02
1.327133026123046875e+02,1.318709106445312500e+02
2.700069236755371094e+01,6.084882354736328125e+01
2.687937927246093750e+01,7.093434143066406250e+01
4.001614761352539062e+01,7.578999328613281250e+01
1.309605102539062500e+02,1.337771606445312500e+02
1.288601684570312500e+02,1.328081512451171875e+02
1.277261276245117188e+02,1.327992248535156250e+02
1.316098480224609375e+02,1.350844726562500000e+02
1.264580307006835938e+02,1.290659790039062500e+02
1.237951431274414062e+02,1.281719360351562500e+02
1.274876327514648438e+02,1.309077758789062500e+02
1.288088836669921875e+02,1.319784240722656250e+02
1.308326568603515625e+02,1.341929626464843750e+02
1.277708511352539062e+02,1.313841247558593750e+02
1.255107650756835938e+02,1.308916625976562500e+02
1.298137054443359375e+02,1.338471069335937500e+02
1.311472167968750000e+02,1.338599243164062500e+02
1.283616333007812500e+02,1.329515686035156250e+02
1.292227783203125000e+02,1.324228820800781250e+02
1.305977783203125000e+02,1.335971679687500000e+02
1.280330200195312500e+02,1.329436492919921875e+02
1.319628753662109375e+02,1.345466613769531250e+02
1.265687484741210938e+02,1.294790039062500000e+02
1.240019149780273438e+02,1.288839721679687500e+02
1.285496673583984375e+02,1.314202880859375000e+02
1.284341430664062500e+02,1.306414794921875000e+02
1.299570159912109375e+02,1.319366760253906250e+02
1.284438018798828125e+02,1.314860229492187500e+02
1.300734710693359375e+02,1.334630432128906250e+02
1.259212570190429688e+02,1.309732360839843750e+02
1.303834228515625000e+02,1.327054443359375000e+02
1.285115509033203125e+02,1.302870941162109375e+02
1.264072952270507812e+02,1.306927185058593750e+02
1.300080413818359375e+02,1.327240905761718750e+02
1.321018829345703125e+02,1.325500335693359375e+02
1.258510971069335938e+02,1.294011688232421875e+02
1.297634735107421875e+02,1.307045898437500000e+02
1.248562545776367188e+02,1.296035614013671875e+02
1.251182174682617188e+02,1.312457275390625000e+02
1.157509994506835938e+02,1.258874282836914062e+02
1.122826309204101562e+02,1.144309692382812500e+02
7.336919403076171875e+01,8.769202423095703125e+01
6.536469268798828125e+01,7.843950653076171875e+01
3.920119094848632812e+01,5.458035278320312500e+01
4.310203170776367188e+01,5.901296615600585938e+01
3.917942428588867188e+01,5.467860412597656250e+01
6.934893035888671875e+01,8.533741760253906250e+01
4.094675064086914062e+01,5.591725540161132812e+01
7.305738830566406250e+01,1.096141433715820312e+02
6.701680755615234375e+01,9.789891052246093750e+01
7.541056060791015625e+01,1.030263824462890625e+02
8.535330200195312500e+01,1.044032440185546875e+02
9.383603668212890625e+01,1.133303451538085938e+02
1.078286743164062500e+02,1.207232666015625000e+02
9.873968505859375000e+01,1.157824554443359375e+02
9.564302825927734375e+01,1.125709381103515625e+02
9.592966461181640625e+01,1.123812255859375000e+02
9.681580352783203125e+01,1.118063201904296875e+02
7.023260498046875000e+01,9.708460998535156250e+01
8.183068084716796875e+01,1.050015869140625000e+02
8.022756958007812500e+01,1.082196044921875000e+02
6.557685852050781250e+01,9.993899536132812500e+01
9.168556976318359375e+01,1.120666351318359375e+02
8.847951507568359375e+01,1.104138183593750000e+02
6.753410339355468750e+01,9.847767639160156250e+01
9.022045898437500000e+01,1.085504455566406250e+02
1.045440292358398438e+02,1.208610229492187500e+02
8.783319091796875000e+01,1.073593902587890625e+02
9.419586181640625000e+01,1.115394134521484375e+02
9.363173675537109375e+01,1.109592590332031250e+02
1.102425460815429688e+02,1.157474975585937500e+02
1.072102355957031250e+02,1.125099563598632812e+02
1.121683654785156250e+02,1.132704315185546875e+02
1.065579910278320312e+02,1.127374954223632812e+02
1.052135848999023438e+02,1.122269439697265625e+02
1.105153121948242188e+02,1.116732482910156250e+02
1.158509750366210938e+02,1.200480346679687500e+02
1.222690048217773438e+02,1.216346282958984375e+02
1.091001815795898438e+02,1.147798156738281250e+02
9.165124511718750000e+01,1.051599731445312500e+02
9.211972808837890625e+01,1.104725265502929688e+02
9.702265167236328125e+01,1.094985275268554688e+02
1.162406997680664062e+02,1.195354461669921875e+02
6.500108337402343750e+01,1.000504913330078125e+02
9.403340911865234375e+01,1.132469482421875000e+02
6.028129959106445312e+01,1.005934600830078125e+02
4.618098068237304688e+01,9.170938110351562500e+01
6.337083053588867188e+01,9.395449829101562500e+01
6.223910522460937500e+01,9.068624877929687500e+01
4.438234329223632812e+01,7.316149902343750000e+01
7.870976257324218750e+01,9.740246582031250000e+01
5.843718338012695312e+01,1.041704559326171875e+02
7.942609405517578125e+01,1.046965637207031250e+02
5.593552780151367188e+01,9.936327362060546875e+01
5.189577102661132812e+01,9.084869384765625000e+01
4.708748245239257812e+01,8.681983947753906250e+01
5.610786819458007812e+01,9.788323974609375000e+01
5.354716110229492188e+01,9.330505371093750000e+01
6.640480804443359375e+01,9.590664672851562500e+01
5.550630569458007812e+01,9.761460876464843750e+01
4.807908248901367188e+01,8.706585693359375000e+01
7.353197479248046875e+01,1.013853454589843750e+02
6.259782028198242188e+01,9.084509277343750000e+01
6.153263473510742188e+01,9.234138488769531250e+01
7.285042572021484375e+01,1.022619934082031250e+02
7.939826202392578125e+01,1.047143096923828125e+02
7.747029113769531250e+01,1.040498046875000000e+02
4.223418807983398438e+01,8.686978912353515625e+01
4.371503829956054688e+01,9.593785095214843750e+01
1.218647766113281250e+02,1.273947753906250000e+02
1.172747573852539062e+02,1.257269439697265625e+02
1.271047058105468750e+02,1.301911468505859375e+02
1.201048202514648438e+02,1.271941680908203125e+02
1.312624511718750000e+02,1.324698486328125000e+02
1.287923736572265625e+02,1.320894470214843750e+02
1.227322998046875000e+02,1.294053192138671875e+02
1.288598022460937500e+02,1.320579528808593750e+02
1.147400207519531250e+02,1.261543579101562500e+02
1.208178710937500000e+02,1.287639160156250000e+02
1.207987670898437500e+02,1.294164886474609375e+02
1.157824096679687500e+02,1.273554382324218750e+02
1.257692642211914062e+02,1.313921203613281250e+02
1.045210647583007812e+02,1.245948333740234375e+02
1.178611068725585938e+02,1.290306396484375000e+02
1.132219314575195312e+02,1.268849182128906250e+02
1.141509628295898438e+02,1.280220489501953125e+02
1.247152404785156250e+02,1.315040588378906250e+02
1.199026870727539062e+02,1.295068969726562500e+02
1.268336105346679688e+02,1.325633239746093750e+02
1.197518692016601562e+02,1.298539276123046875e+02
1.154370422363281250e+02,1.296025390625000000e+02
1.145409011840820312e+02,1.280879516601562500e+02
1.199834976196289062e+02,1.296835021972656250e+02
1.275747299194335938e+02,1.337106933593750000e+02
1.086386489868164062e+02,1.263774261474609375e+02
1.303629302978515625e+02,1.337902221679687500e+02
1.332870178222656250e+02,1.353561096191406250e+02
1.305668334960937500e+02,1.340922851562500000e+02
1.087221298217773438e+02,1.242358245849609375e+02
3.188216209411621094e+01,8.972357177734375000e+01
2.417985725402832031e+01,7.465187072753906250e+01
8.908138275146484375e+01,1.281366119384765625e+02
1.126673507690429688e+02,1.330743713378906250e+02
1.007678222656250000e+02,1.309121246337890625e+02
8.950069427490234375e+01,1.235196990966796875e+02
1.149640502929687500e+02,1.380575408935546875e+02
7.518241119384765625e+01,1.157047729492187500e+02
8.789752197265625000e+01,1.271420898437500000e+02
8.576583099365234375e+01,1.249469604492187500e+02
9.585875701904296875e+01,1.283215637207031250e+02
9.072707366943359375e+01,1.253578948974609375e+02
9.763137054443359375e+01,1.290621032714843750e+02
1.038127670288085938e+02,1.324895019531250000e+02
9.436713409423828125e+01,1.238402252197265625e+02
9.110916900634765625e+01,1.223529968261718750e+02
9.689176177978515625e+01,1.257950897216796875e+02
8.582534790039062500e+01,1.236331863403320312e+02
7.327403259277343750e+01,1.107170867919921875e+02
1.127285766601562500e+02,1.354872436523437500e+02
9.260361480712890625e+01,1.241157073974609375e+02
8.689833831787109375e+01,1.210034484863281250e+02
1.050447921752929688e+02,1.293799438476562500e+02
1.049458541870117188e+02,1.286729888916015625e+02
8.675907135009765625e+01,1.147734069824218750e+02
8.690438079833984375e+01,1.152253265380859375e+02
9.079305267333984375e+01,1.212650299072265625e+02
1.043766860961914062e+02,1.330921783447265625e+02
1.024922256469726562e+02,1.303728942871093750e+02
1.089728775024414062e+02,1.320660095214843750e+02
1.029953231811523438e+02,1.279720687866210938e+02
1.058100662231445312e+02,1.288007049560546875e+02
1.136988143920898438e+02,1.351115570068359375e+02
1.166227645874023438e+02,1.361341705322265625e+02
1.113008346557617188e+02,1.298688659667968750e+02
1.229221801757812500e+02,1.366090698242187500e+02
8.826052093505859375e+01,1.189919052124023438e+02
9.491074371337890625e+01,1.221925811767578125e+02
1.188227615356445312e+02,1.364387817382812500e+02
1.176147842407226562e+01,1.607492446899414062e+01
2.892811775207519531e+01,5.326776123046875000e+01
3.559230422973632812e+01,5.186419296264648438e+01
2.467157745361328125e+01,2.985776138305664062e+01
3.446430587768554688e+01,1.137275848388671875e+02
8.000902557373046875e+01,1.233483963012695312e+02
8.141632080078125000e+01,1.212613601684570312e+02
4.520432662963867188e+01,1.055981979370117188e+02
5.598637008666992188e+01,1.141395568847656250e+02
3.815998840332031250e+01,1.022205657958984375e+02
5.908220291137695312e+01,1.126993942260742188e+02
7.520246887207031250e+01,1.184859924316406250e+02
6.354047012329101562e+01,1.078805694580078125e+02
3.991526412963867188e+01,9.868054199218750000e+01
6.344588088989257812e+01,1.089064407348632812e+02
5.783563232421875000e+01,1.064518661499023438e+02
6.725117492675781250e+01,1.152615127563476562e+02
8.710903930664062500e+01,1.209313278198242188e+02
6.310483169555664062e+01,1.157720870971679688e+02
9.961687469482421875e+01,1.293236694335937500e+02
5.111227416992187500e+01,1.022578277587890625e+02
9.520166015625000000e+01,1.236204223632812500e+02
9.553482818603515625e+01,1.263320693969726562e+02
7.936293792724609375e+01,1.164999771118164062e+02
6.306623458862304688e+01,1.177085494995117188e+02
6.104760742187500000e+01,1.118317642211914062e+02
5.681961059570312500e+01,1.125549774169921875e+02
5.417108535766601562e+01,1.102336273193359375e+02
3.332860183715820312e+01,1.012620086669921875e+02
3.490164947509765625e+01,9.891577148437500000e+01
5.067110824584960938e+01,1.085204010009765625e+02
6.446491241455078125e+01,1.131408538818359375e+02
6.753050994873046875e+01,1.138405609130859375e+02
7.573265838623046875e+01,1.175441741943359375e+02
6.220340347290039062e+01,1.079364318847656250e+02
6.795214080810546875e+01,1.146537628173828125e+02
7.319426727294921875e+01,1.171940155029296875e+02
1.047882308959960938e+02,1.316744079589843750e+02
8.310004425048828125e+01,1.208359375000000000e+02
1.030468444824218750e+02,1.292796325683593750e+02
9.651803588867187500e+01,1.282743377685546875e+02
9.332143402099609375e+01,1.253998260498046875e+02
6.805242156982421875e+01,1.176362915039062500e+02
6.168933486938476562e+01,1.168189239501953125e+02
6.641942596435546875e+01,1.269764709472656250e+02
7.909306335449218750e+01,1.324968261718750000e+02
2.188402748107910156e+01,3.477758789062500000e+01
1.247991256713867188e+02,1.333463134765625000e+02
1.194240951538085938e+02,1.342924957275390625e+02
1.284406890869140625e+02,1.357373809814453125e+02
1.237795333862304688e+02,1.343194885253906250e+02
1.314760284423828125e+02,1.362262268066406250e+02
1.086711196899414062e+02,1.285328674316406250e+02
1.258144531250000000e+02,1.310192871093750000e+02
1.073901596069335938e+02,1.302561035156250000e+02
1.222083358764648438e+02,1.324474029541015625e+02
1.123297729492187500e+02,1.313801574707031250e+02
1.255085754394531250e+02,1.330340881347656250e+02
1.256874389648437500e+02,1.324475860595703125e+02
1.253006362915039062e+02,1.335343170166015625e+02
1.307243957519531250e+02,1.349648284912109375e+02
1.165727539062500000e+02,1.303300476074218750e+02
1.211598510742187500e+02,1.321364288330078125e+02
1.631929016113281250e+01,3.966597747802734375e+01
1.914196205139160156e+01,3.379915618896484375e+01
2.045396423339843750e+01,8.324542236328125000e+01
2.686097717285156250e+01,9.089372253417968750e+01
2.195236206054687500e+01,8.362435913085937500e+01
2.017735481262207031e+01,8.478543090820312500e+01
2.063656044006347656e+01,8.210374450683593750e+01
3.359057617187500000e+01,8.867917633056640625e+01
2.871915626525878906e+01,8.365921020507812500e+01
2.560000610351562500e+01,8.158946228027343750e+01
3.088581275939941406e+01,8.582777404785156250e+01
2.937008094787597656e+01,8.415901947021484375e+01
3.556522750854492188e+01,8.510169219970703125e+01
2.331853485107421875e+01,8.106837463378906250e+01
4.575877380371093750e+01,9.842146301269531250e+01
4.078956222534179688e+01,9.159162902832031250e+01
2.190247917175292969e+01,8.404292297363281250e+01
1.907510185241699219e+01,8.321240997314453125e+01
2.384557151794433594e+01,8.212747192382812500e+01
3.476291275024414062e+01,8.958738708496093750e+01
2.503197479248046875e+01,8.136772918701171875e+01
3.053960227966308594e+01,8.385427856445312500e+01
3.329418563842773438e+01,8.939813232421875000e+01
1.229722061157226562e+02,1.315402526855468750e+02
1.304056701660156250e+02,1.318579711914062500e+02
1.119554443359375000e+02,1.173536453247070312e+02
1.183540267944335938e+02,1.215202331542968750e+02
2.500893211364746094e+01,7.749645996093750000e+01
1.867177772521972656e+01,5.814807891845703125e+01
1.979379081726074219e+01,3.970752716064453125e+01
2.874110221862792969e+01,4.446795654296875000e+01
9.795893096923828125e+01,1.188175048828125000e+02
1.371107025146484375e+02,1.381738891601562500e+02
1.361609039306640625e+02,1.371183929443359375e+02
1.308098144531250000e+02,1.355298461914062500e+02
1.368391113281250000e+02,1.380614624023437500e+02
1.364204559326171875e+02,1.383654785156250000e+02
1.379467620849609375e+02,1.386981811523437500e+02
4.495286178588867188e+01,7.959556579589843750e+01
4.521777343750000000e+01,8.003057861328125000e+01
4.345109939575195312e+01,7.861689758300781250e+01
4.242210006713867188e+01,8.288505554199218750e+01
4.336329269409179688e+01,8.650346374511718750e+01
5.812196731567382812e+01,1.086177368164062500e+02
7.441904449462890625e+01,1.194898529052734375e+02
4.814121627807617188e+01,7.698543548583984375e+01
8.463217926025390625e+01,1.285884552001953125e+02
4.163000869750976562e+01,1.043078384399414062e+02
5.569393920898437500e+01,1.183197174072265625e+02
8.384913635253906250e+01,1.096514434814453125e+02
9.883057403564453125e+01,1.223242340087890625e+02
9.771004486083984375e+01,1.193614196777343750e+02
1.066402053833007812e+02,1.290033416748046875e+02
1.043700256347656250e+02,1.243642425537109375e+02
1.061485366821289062e+02,1.193978729248046875e+02
1.025304946899414062e+02,1.189334030151367188e+02
1.083987808227539062e+02,1.271863098144531250e+02
9.752027130126953125e+01,1.192299575805664062e+02
1.016027603149414062e+02,1.209804534912109375e+02
1.077556381225585938e+02,1.266754913330078125e+02
1.158988037109375000e+02,1.303574676513671875e+02
1.117532272338867188e+02,1.255025329589843750e+02
1.116705932617187500e+02,1.257459716796875000e+02
7.007714843750000000e+01,1.009386520385742188e+02
6.971496582031250000e+01,9.676306915283203125e+01
7.993494415283203125e+01,1.072315368652343750e+02
7.631383514404296875e+01,1.039284667968750000e+02
1.069396133422851562e+02,1.153275604248046875e+02
1.046709594726562500e+02,1.240829010009765625e+02
1.165023803710937500e+02,1.272610626220703125e+02
7.709790039062500000e+01,1.135054779052734375e+02
8.997891235351562500e+01,1.080662994384765625e+02
8.013913726806640625e+01,1.126455078125000000e+02
1.090352554321289062e+02,1.242912445068359375e+02
1.037805404663085938e+02,1.242834930419921875e+02
9.535622406005859375e+01,1.217015533447265625e+02
9.180918121337890625e+01,1.201088562011718750e+02
8.647141265869140625e+01,1.087597808837890625e+02
9.813363647460937500e+01,1.228651275634765625e+02
9.211746978759765625e+01,1.212577209472656250e+02
9.526047515869140625e+01,1.141224441528320312e+02
1.066526870727539062e+02,1.274562225341796875e+02
1.020919418334960938e+02,1.254282073974609375e+02
9.544266510009765625e+01,1.227904052734375000e+02
9.508633422851562500e+01,1.199250640869140625e+02
9.418585205078125000e+01,1.231623382568359375e+02
9.795217895507812500e+01,1.226365203857421875e+02
1.033408508300781250e+02,1.246285247802734375e+02
9.308345794677734375e+01,1.213751831054687500e+02
9.525656127929687500e+01,1.132454376220703125e+02
8.333970642089843750e+01,1.161846771240234375e+02
8.601031494140625000e+01,1.090848846435546875e+02
9.546752166748046875e+01,1.222189178466796875e+02
8.496912384033203125e+01,1.199719619750976562e+02
9.078573608398437500e+01,1.200854797363281250e+02
5.971412277221679688e+01,1.005503082275390625e+02
6.479795074462890625e+01,1.107322845458984375e+02
6.716320800781250000e+01,1.137418518066406250e+02
6.981505584716796875e+01,1.040176544189453125e+02
7.491869354248046875e+01,1.075666885375976562e+02
7.353124237060546875e+01,1.116499938964843750e+02
7.471566772460937500e+01,1.079676361083984375e+02
5.991151046752929688e+01,1.082680969238281250e+02
7.007515716552734375e+01,1.086230010986328125e+02
4.716679382324218750e+01,9.168730163574218750e+01
7.146424102783203125e+01,1.075539093017578125e+02
7.729782104492187500e+01,1.123097839355468750e+02
6.733191680908203125e+01,1.090879745483398438e+02
8.255498504638671875e+01,1.104677124023437500e+02
7.182912445068359375e+01,1.079447479248046875e+02
7.855419158935546875e+01,1.110887298583984375e+02
6.176124191284179688e+01,1.012859802246093750e+02
5.897268295288085938e+01,1.008760910034179688e+02
9.057156372070312500e+01,1.196296386718750000e+02
8.260501861572265625e+01,1.061100463867187500e+02
7.952283477783203125e+01,1.024474029541015625e+02
9.110225677490234375e+01,1.214508132934570312e+02
8.847991943359375000e+01,1.200814514160156250e+02
8.003659057617187500e+01,1.184808578491210938e+02
5.452831649780273438e+01,1.036111907958984375e+02
6.539240264892578125e+01,1.048070144653320312e+02
5.506332015991210938e+01,1.001003875732421875e+02
6.299174880981445312e+01,9.547439575195312500e+01
4.686487960815429688e+01,8.227877807617187500e+01
5.869292068481445312e+01,9.311074829101562500e+01
4.924510574340820312e+01,8.342382812500000000e+01
4.565110397338867188e+01,8.628506469726562500e+01
5.136728286743164062e+01,8.843701171875000000e+01
6.184651565551757812e+01,9.353176879882812500e+01
5.088113403320312500e+01,7.123237609863281250e+01
4.894924926757812500e+01,7.119018554687500000e+01
3.448069381713867188e+01,6.785101318359375000e+01
4.030964279174804688e+01,7.713639831542968750e+01
3.870376205444335938e+01,7.183953857421875000e+01
3.961640930175781250e+01,6.710341644287109375e+01
4.351138687133789062e+01,6.643374633789062500e+01
3.434612655639648438e+01,5.672325515747070312e+01
4.269601440429687500e+01,6.439947509765625000e+01
3.772904586791992188e+01,6.018694686889648438e+01
5.843350219726562500e+01,7.884699249267578125e+01
4.681962203979492188e+01,7.096885681152343750e+01
5.298344039916992188e+01,7.502609252929687500e+01
4.703630447387695312e+01,7.038754272460937500e+01
4.990655136108398438e+01,7.271154022216796875e+01
4.068051147460937500e+01,6.599050903320312500e+01
4.213877868652343750e+01,6.515081024169921875e+01
4.796570968627929688e+01,6.990074157714843750e+01
5.020231246948242188e+01,7.183570098876953125e+01
4.697615432739257812e+01,6.873569488525390625e+01
5.073281860351562500e+01,7.324005126953125000e+01
5.529423141479492188e+01,7.547396087646484375e+01
4.673305130004882812e+01,7.127552032470703125e+01
5.695769119262695312e+01,7.855532836914062500e+01
3.819028091430664062e+01,6.355082702636718750e+01
4.003162384033203125e+01,6.393425750732421875e+01
4.222111129760742188e+01,6.664788818359375000e+01
5.187643814086914062e+01,7.482337188720703125e+01
4.501445388793945312e+01,6.772954559326171875e+01
5.180604171752929688e+01,7.379286193847656250e+01
5.845348739624023438e+01,8.010338592529296875e+01
4.103578186035156250e+01,6.993622589111328125e+01
4.558163833618164062e+01,6.713395690917968750e+01
3.803846740722656250e+01,6.643827056884765625e+01
4.770025634765625000e+01,6.909808349609375000e+01
6.045147705078125000e+01,8.185488891601562500e+01
5.557117080688476562e+01,8.530076599121093750e+01
5.340676879882812500e+01,8.307460021972656250e+01
4.964059066772460938e+01,7.039991760253906250e+01
6.312842941284179688e+01,8.383279418945312500e+01
6.459625244140625000e+01,7.970993804931640625e+01
4.369711303710937500e+01,6.312346649169921875e+01
3.207908248901367188e+01,7.697293090820312500e+01
3.553067398071289062e+01,6.283304214477539062e+01
4.054172515869140625e+01,6.530941772460937500e+01
4.237973785400390625e+01,6.578673553466796875e+01
3.774789047241210938e+01,6.350022888183593750e+01
4.247995758056640625e+01,6.607091522216796875e+01
4.837455368041992188e+01,7.545272827148437500e+01
4.276618957519531250e+01,8.042416381835937500e+01
3.701042556762695312e+01,6.464703369140625000e+01
4.537171936035156250e+01,6.892451477050781250e+01
4.747297668457031250e+01,7.277751159667968750e+01
4.941673278808593750e+01,7.719671630859375000e+01
7.088765716552734375e+01,8.347189331054687500e+01
5.766734313964843750e+01,7.710713958740234375e+01
6.442826080322265625e+01,8.024720764160156250e+01
6.434387207031250000e+01,9.033239746093750000e+01
5.961899948120117188e+01,7.964048767089843750e+01
5.387769699096679688e+01,7.206575012207031250e+01
5.644649124145507812e+01,7.408631896972656250e+01
4.166736984252929688e+01,7.827544403076171875e+01
4.330043411254882812e+01,6.727725219726562500e+01
5.519229125976562500e+01,7.414653015136718750e+01
4.849967956542968750e+01,6.427017211914062500e+01
5.591267776489257812e+01,7.132269287109375000e+01
6.197028732299804688e+01,7.655305480957031250e+01
5.483163452148437500e+01,7.902829742431640625e+01
5.473532104492187500e+01,7.970779418945312500e+01
5.953454208374023438e+01,7.969333648681640625e+01
5.788833236694335938e+01,7.849114990234375000e+01
6.669182586669921875e+01,8.307293701171875000e+01
6.045255661010742188e+01,8.051341247558593750e+01
5.981466293334960938e+01,7.781071472167968750e+01
4.194263076782226562e+01,7.404879760742187500e+01
4.051460647583007812e+01,7.619754028320312500e+01
5.221207809448242188e+01,8.497457885742187500e+01
4.500395584106445312e+01,7.864941406250000000e+01
4.601649093627929688e+01,7.545846557617187500e+01
4.503861618041992188e+01,7.376452636718750000e+01
4.576465225219726562e+01,7.276816558837890625e+01
4.745638656616210938e+01,7.932192993164062500e+01
4.654771423339843750e+01,7.583767700195312500e+01
4.587184524536132812e+01,7.274712371826171875e+01
4.931164550781250000e+01,7.609101867675781250e+01
5.054498672485351562e+01,7.983082580566406250e+01
7.162938690185546875e+01,8.687773132324218750e+01
6.997290802001953125e+01,8.520002746582031250e+01
6.055551147460937500e+01,8.159667968750000000e+01
6.623999023437500000e+01,8.581454467773437500e+01
4.310319900512695312e+01,7.603787231445312500e+01
3.136460304260253906e+01,7.396119689941406250e+01
2.472706794738769531e+01,9.865979766845703125e+01
2.162167930603027344e+01,1.190032043457031250e+02
2.709398460388183594e+01,1.244744720458984375e+02
2.016775321960449219e+01,1.034469451904296875e+02
2.216362762451171875e+01,1.064997024536132812e+02
2.464517211914062500e+01,1.067500762939453125e+02
2.824103355407714844e+01,1.090718765258789062e+02
2.045169639587402344e+01,9.544306945800781250e+01
2.855634117126464844e+01,1.293960571289062500e+02
2.206203460693359375e+01,8.499266052246093750e+01
2.398254966735839844e+01,8.345440673828125000e+01
2.413561439514160156e+01,7.296679687500000000e+01
2.371551704406738281e+01,8.557931518554687500e+01
1.898533821105957031e+01,6.640464019775390625e+01
2.327351570129394531e+01,6.990691375732421875e+01
5.334541702270507812e+01,8.036355590820312500e+01
5.683650588989257812e+01,9.056240844726562500e+01
5.798108291625976562e+01,8.676744079589843750e+01
5.009315109252929688e+01,8.620934295654296875e+01
2.673036766052246094e+01,7.450807189941406250e+01
4.599574279785156250e+01,8.679652404785156250e+01
4.185738372802734375e+01,8.369190979003906250e+01
5.778284835815429688e+01,1.010175628662109375e+02
2.256981849670410156e+01,8.188887023925781250e+01
3.793922042846679688e+01,8.834114837646484375e+01
3.136942291259765625e+01,8.282855987548828125e+01
2.774230384826660156e+01,7.164201354980468750e+01
6.721319580078125000e+01,9.270512390136718750e+01
6.004298400878906250e+01,8.936923217773437500e+01
3.703573989868164062e+01,7.606630706787109375e+01
4.873386001586914062e+01,9.081707763671875000e+01
5.450854492187500000e+01,9.858728790283203125e+01
6.486757659912109375e+01,9.357787322998046875e+01
5.125767517089843750e+01,9.374208831787109375e+01
4.269318771362304688e+01,9.449330139160156250e+01
2.967121696472167969e+01,7.635818481445312500e+01
1.785110664367675781e+01,7.712127685546875000e+01
4.578294372558593750e+01,7.678546905517578125e+01
2.046124458312988281e+01,6.727601623535156250e+01
3.509220504760742188e+01,7.803583526611328125e+01
3.306928634643554688e+01,7.744948577880859375e+01
2.900156593322753906e+01,8.027658081054687500e+01
3.176927185058593750e+01,6.619006347656250000e+01
3.469840621948242188e+01,6.874698638916015625e+01
4.463934707641601562e+01,7.811190795898437500e+01
3.324045181274414062e+01,8.901559448242187500e+01
3.637968444824218750e+01,7.103936004638671875e+01
3.692486953735351562e+01,7.588148498535156250e+01
2.354518699645996094e+01,5.114241790771484375e+01
2.335633850097656250e+01,5.130919647216796875e+01
1.338688201904296875e+02,1.408599243164062500e+02
1.735872268676757812e+01,3.913227081298828125e+01
1.731396293640136719e+01,3.687226104736328125e+01
1.629326057434082031e+01,3.470115661621093750e+01
1.729551887512207031e+01,3.914958190917968750e+01
1.755145454406738281e+01,3.698786544799804688e+01
1.749195671081542969e+01,4.618607330322265625e+01
1.651692008972167969e+01,4.192592239379882812e+01
1.890553855895996094e+01,4.521916198730468750e+01
1.930776405334472656e+01,4.290518951416015625e+01
1.788798141479492188e+01,3.955567932128906250e+01
1.862879371643066406e+01,4.713716888427734375e+01
1.747523307800292969e+01,4.154039764404296875e+01
1.738045692443847656e+01,4.087967681884765625e+01
1.767714118957519531e+01,3.913272094726562500e+01
1.864545249938964844e+01,4.522831726074218750e+01
1.940075683593750000e+01,4.329267883300781250e+01
1.522191905975341797e+01,3.530047988891601562e+01
1.900463867187500000e+01,4.939758300781250000e+01
2.418978881835937500e+01,5.468402099609375000e+01
8.158637237548828125e+01,9.823867797851562500e+01
5.048118972778320312e+01,7.722219848632812500e+01
6.471582031250000000e+01,8.513444519042968750e+01
5.606058120727539062e+01,8.444026184082031250e+01
9.675711059570312500e+01,1.048328704833984375e+02
3.148487091064453125e+01,7.240386962890625000e+01
2.708018493652343750e+01,7.736003112792968750e+01
2.792564201354980469e+01,5.153121948242187500e+01
3.406127548217773438e+01,7.524574279785156250e+01
2.975403404235839844e+01,7.599921417236328125e+01
3.538179016113281250e+01,8.267826843261718750e+01
3.994435501098632812e+01,9.430734252929687500e+01
3.984294128417968750e+01,9.359043121337890625e+01
3.620096206665039062e+01,7.342706298828125000e+01
4.646709060668945312e+01,9.542738342285156250e+01
3.558646392822265625e+01,8.487413024902343750e+01
3.422795486450195312e+01,7.716812896728515625e+01
3.344441604614257812e+01,8.585047912597656250e+01
3.137469673156738281e+01,8.753222656250000000e+01
2.912022972106933594e+01,7.978576660156250000e+01
3.474954605102539062e+01,8.233356475830078125e+01
3.759998321533203125e+01,8.540111541748046875e+01
3.693802261352539062e+01,9.479840087890625000e+01
3.448619461059570312e+01,8.438901519775390625e+01
3.477192306518554688e+01,7.736473083496093750e+01
3.827643966674804688e+01,8.572388458251953125e+01
4.130167770385742188e+01,9.303639221191406250e+01
2.801422691345214844e+01,6.294374847412109375e+01
2.824062538146972656e+01,6.996583557128906250e+01
3.151900291442871094e+01,5.898322296142578125e+01
2.954827690124511719e+01,5.550895690917968750e+01
3.058678245544433594e+01,6.496690368652343750e+01
3.434595870971679688e+01,5.974191284179687500e+01
3.444272232055664062e+01,8.481803894042968750e+01
3.451980972290039062e+01,9.179415893554687500e+01
3.186536216735839844e+01,9.005255126953125000e+01
4.218286132812500000e+01,7.550297546386718750e+01
4.762669754028320312e+01,8.881436157226562500e+01
3.211598587036132812e+01,6.436468505859375000e+01
4.046054458618164062e+01,7.960803985595703125e+01
3.992517471313476562e+01,7.921225738525390625e+01
3.999064254760742188e+01,8.285021972656250000e+01
3.778628158569335938e+01,7.835760498046875000e+01
3.424808120727539062e+01,7.709043884277343750e+01
3.530709457397460938e+01,8.565055847167968750e+01
3.239724349975585938e+01,8.009059143066406250e+01
3.933161163330078125e+01,8.704648590087890625e+01
4.007735443115234375e+01,8.346064758300781250e+01
3.601430892944335938e+01,8.608609008789062500e+01
4.672781372070312500e+01,8.321220397949218750e+01
4.400172805786132812e+01,8.442680358886718750e+01
4.441441726684570312e+01,8.174429321289062500e+01
3.917434310913085938e+01,8.553042602539062500e+01
4.167465591430664062e+01,8.614489746093750000e+01
6.489168548583984375e+01,9.162646484375000000e+01
6.279420852661132812e+01,9.451681518554687500e+01
3.157846641540527344e+01,5.962365722656250000e+01
2.412771606445312500e+01,5.024674224853515625e+01
2.720455932617187500e+01,5.692652893066406250e+01
3.834995651245117188e+01,6.297776031494140625e+01
3.916196823120117188e+01,8.310682678222656250e+01
3.843350601196289062e+01,9.816857910156250000e+01
4.313009643554687500e+01,1.021595611572265625e+02
5.458829879760742188e+01,1.053881301879882812e+02
2.919386482238769531e+01,8.968254089355468750e+01
2.867283630371093750e+01,9.349073791503906250e+01
3.859659576416015625e+01,9.119302368164062500e+01
3.205513000488281250e+01,9.544296264648437500e+01
4.217549514770507812e+01,9.887014770507812500e+01
3.153977775573730469e+01,9.702040100097656250e+01
2.111267280578613281e+01,7.231239318847656250e+01
2.335547065734863281e+01,7.706154632568359375e+01
4.963731002807617188e+01,8.120410919189453125e+01
1.207380371093750000e+02,1.227168121337890625e+02
1.118639907836914062e+02,1.180600204467773438e+02
1.118576889038085938e+02,1.176557159423828125e+02
1.131376419067382812e+02,1.185241851806640625e+02
1.066050109863281250e+02,1.128612365722656250e+02
1.059378433227539062e+02,1.125838317871093750e+02
1.076997604370117188e+02,1.147332153320312500e+02
1.059885482788085938e+02,1.130551528930664062e+02
1.084692687988281250e+02,1.155488586425781250e+02
9.356479644775390625e+01,1.037811965942382812e+02
1.006857833862304688e+02,1.094971923828125000e+02
1.039926757812500000e+02,1.124793777465820312e+02
1.102404251098632812e+02,1.147034759521484375e+02
1.162114639282226562e+02,1.217230834960937500e+02
1.221115341186523438e+02,1.227980575561523438e+02
1.100766372680664062e+02,1.219494781494140625e+02
1.116005020141601562e+02,1.231567535400390625e+02
1.036069107055664062e+02,1.151166229248046875e+02
1.098597335815429688e+02,1.219909286499023438e+02
1.013920288085937500e+02,1.168415069580078125e+02
1.226430892944335938e+02,1.261211471557617188e+02
1.190875473022460938e+02,1.245369873046875000e+02
1.139185562133789062e+02,1.202633895874023438e+02
1.143679428100585938e+02,1.205458374023437500e+02
1.143093261718750000e+02,1.208545074462890625e+02
1.142509384155273438e+02,1.206666259765625000e+02
1.024405899047851562e+02,1.126509246826171875e+02
1.097877197265625000e+02,1.173821563720703125e+02
1.268432922363281250e+02,1.276036834716796875e+02
5.653748703002929688e+01,1.004058227539062500e+02
1.015974960327148438e+02,1.235872039794921875e+02
5.549188232421875000e+01,1.000157623291015625e+02
9.910049438476562500e+01,1.236711730957031250e+02
9.903098297119140625e+01,1.276718597412109375e+02
7.769585418701171875e+01,1.214980926513671875e+02
5.796596908569335938e+01,1.075897827148437500e+02
6.836337280273437500e+01,1.081584930419921875e+02
6.718590545654296875e+01,1.103651046752929688e+02
8.173179626464843750e+01,1.125986328125000000e+02
5.466135787963867188e+01,9.873516082763671875e+01
7.198220062255859375e+01,1.161700286865234375e+02
7.228494262695312500e+01,1.111219940185546875e+02
9.455524444580078125e+01,1.255719528198242188e+02
8.130001068115234375e+01,1.160711517333984375e+02
9.274605560302734375e+01,1.221236114501953125e+02
9.106616973876953125e+01,1.275308837890625000e+02
5.362359237670898438e+01,1.034791030883789062e+02
7.828362274169921875e+01,1.175289535522460938e+02
8.784755706787109375e+01,1.216376495361328125e+02
5.762559509277343750e+01,1.040409622192382812e+02
9.275997161865234375e+01,1.243835449218750000e+02
7.285985565185546875e+01,1.139626312255859375e+02
1.005257797241210938e+02,1.241023101806640625e+02
1.032749862670898438e+02,1.289400329589843750e+02
4.292813110351562500e+01,9.146948242187500000e+01
6.314558792114257812e+01,8.083909606933593750e+01
5.553709411621093750e+01,7.578297424316406250e+01
7.702965545654296875e+01,9.382209014892578125e+01
4.355599594116210938e+01,6.693183898925781250e+01
7.159647369384765625e+01,1.120229492187500000e+02
8.986377716064453125e+01,1.209381942749023438e+02
7.002382659912109375e+01,1.115753250122070312e+02
6.642881774902343750e+01,1.064709014892578125e+02
7.047132873535156250e+01,1.084871826171875000e+02
9.822674560546875000e+01,1.239856719970703125e+02
8.049115753173828125e+01,1.122119216918945312e+02
9.541114044189453125e+01,1.241270294189453125e+02
6.563201904296875000e+01,1.038127670288085938e+02
7.085961151123046875e+01,1.075821990966796875e+02
8.023692321777343750e+01,1.142782287597656250e+02
8.444428253173828125e+01,1.180713958740234375e+02
1.114014663696289062e+02,1.293932800292968750e+02
8.202726745605468750e+01,1.150300903320312500e+02
9.942071533203125000e+01,1.240282897949218750e+02
8.958718872070312500e+01,1.177136840820312500e+02
7.507366180419921875e+01,1.135724105834960938e+02
8.831545257568359375e+01,1.158253784179687500e+02
1.014418334960937500e+02,1.251902160644531250e+02
8.029753875732421875e+01,1.179638442993164062e+02
7.578014373779296875e+01,1.126537857055664062e+02
7.488717651367187500e+01,1.127402267456054688e+02
1.016320800781250000e+02,1.301601867675781250e+02
9.048465728759765625e+01,1.200410919189453125e+02
1.104595260620117188e+02,1.320517883300781250e+02
8.902874755859375000e+01,1.218187255859375000e+02
8.047991943359375000e+01,1.170614166259765625e+02
9.962542724609375000e+01,1.285304565429687500e+02
7.399962615966796875e+01,1.109332199096679688e+02
9.489929962158203125e+01,1.250215835571289062e+02
9.221694183349609375e+01,1.219881744384765625e+02
1.085136413574218750e+02,1.283456420898437500e+02
1.109113998413085938e+02,1.280364532470703125e+02
1.013733825683593750e+02,1.268477325439453125e+02
9.245404052734375000e+01,1.204247894287109375e+02
1.232376022338867188e+02,1.343670349121093750e+02
1.115269851684570312e+02,1.297772064208984375e+02
9.062585449218750000e+01,1.214757614135742188e+02
8.962099456787109375e+01,1.200971527099609375e+02
1.096123428344726562e+02,1.304898986816406250e+02
8.662518310546875000e+01,1.174685058593750000e+02
1.094313354492187500e+02,1.284574127197265625e+02
1.070281906127929688e+02,1.267135772705078125e+02
1.157717285156250000e+02,1.316581726074218750e+02
1.220929794311523438e+02,1.343447265625000000e+02
1.239748916625976562e+02,1.350108032226562500e+02
1.201432495117187500e+02,1.334431610107421875e+02
1.003319473266601562e+02,1.233745727539062500e+02
1.256745834350585938e+02,1.357229614257812500e+02
1.213640975952148438e+02,1.344793243408203125e+02
1.209761657714843750e+02,1.343009643554687500e+02
1.268610610961914062e+02,1.364451293945312500e+02
1.162197875976562500e+02,1.312762603759765625e+02
1.260445785522460938e+02,1.362320556640625000e+02
1.202468032836914062e+02,1.329424896240234375e+02
1.181905212402343750e+02,1.322689819335937500e+02
1.180696792602539062e+02,1.315823059082031250e+02
1.072502212524414062e+02,1.268420639038085938e+02
1.163262100219726562e+02,1.304089355468750000e+02
1.255706100463867188e+02,1.354304504394531250e+02
1.154313735961914062e+02,1.322018127441406250e+02
1.013871459960937500e+02,1.259163742065429688e+02
1.151848754882812500e+02,1.306162414550781250e+02
1.140840225219726562e+02,1.311272277832031250e+02
1.146126480102539062e+02,1.327058105468750000e+02
1.223212280273437500e+02,1.349432220458984375e+02
1.212689590454101562e+02,1.344227752685546875e+02
1.249322509765625000e+02,1.355368041992187500e+02
1.203498764038085938e+02,1.330059509277343750e+02
1.148761672973632812e+02,1.328870086669921875e+02
1.138634414672851562e+02,1.322236938476562500e+02
1.207189941406250000e+02,1.338970642089843750e+02
1.194620056152343750e+02,1.322482910156250000e+02
1.223634948730468750e+02,1.339407501220703125e+02
6.904502105712890625e+01,1.118561248779296875e+02
8.836462402343750000e+01,1.216833038330078125e+02
9.393762207031250000e+01,1.248099975585937500e+02
4.452326583862304688e+01,6.368691253662109375e+01
4.720326614379882812e+01,6.144088745117187500e+01
3.862507247924804688e+01,6.010636901855468750e+01
3.629232406616210938e+01,5.587980270385742188e+01
3.774771499633789062e+01,5.338006973266601562e+01
4.120330429077148438e+01,5.790077972412109375e+01
4.371792221069335938e+01,5.611668395996093750e+01
3.415179824829101562e+01,7.166407775878906250e+01
2.183392333984375000e+01,7.011895751953125000e+01
2.111902809143066406e+01,7.136010742187500000e+01
2.505802726745605469e+01,6.837753295898437500e+01
2.657958793640136719e+01,7.222711181640625000e+01
2.307114601135253906e+01,6.735379028320312500e+01
2.317509651184082031e+01,7.052613830566406250e+01
3.017095375061035156e+01,6.526364135742187500e+01
2.758218383789062500e+01,6.098072814941406250e+01
2.535647010803222656e+01,5.946156311035156250e+01
2.711548614501953125e+01,5.632813644409179688e+01
4.109125137329101562e+01,7.040495300292968750e+01
3.312912368774414062e+01,6.157477188110351562e+01
3.021162605285644531e+01,5.817938232421875000e+01
2.437236022949218750e+01,7.261248016357421875e+01
2.346842956542968750e+01,6.993118286132812500e+01
2.038734626770019531e+01,6.834783935546875000e+01
2.945965003967285156e+01,6.232527160644531250e+01
4.363763427734375000e+01,7.430055236816406250e+01
3.198186492919921875e+01,5.773786544799804688e+01
3.100330352783203125e+01,5.700996398925781250e+01
6.675431823730468750e+01,8.089387512207031250e+01
5.552907943725585938e+01,7.833175659179687500e+01
7.418295288085937500e+01,7.850929260253906250e+01
6.606661987304687500e+01,7.208598327636718750e+01
6.119727706909179688e+01,8.089480590820312500e+01
5.108118057250976562e+01,6.810798645019531250e+01
2.735611152648925781e+01,6.353424835205078125e+01
3.254629135131835938e+01,6.223893737792968750e+01
3.235287857055664062e+01,6.786459350585937500e+01
3.787649154663085938e+01,6.183950424194335938e+01
3.266016769409179688e+01,5.438067626953125000e+01
3.124384307861328125e+01,5.478704833984375000e+01
4.106885910034179688e+01,6.216044616699218750e+01
3.558158874511718750e+01,5.731036376953125000e+01
3.555785751342773438e+01,5.675409698486328125e+01
3.688259506225585938e+01,5.371055221557617188e+01
3.582907485961914062e+01,5.691013336181640625e+01
3.671150588989257812e+01,6.089567565917968750e+01
3.424251937866210938e+01,6.875462341308593750e+01
3.815977096557617188e+01,7.254143524169921875e+01
4.394296264648437500e+01,6.906248474121093750e+01
3.864992904663085938e+01,6.194699859619140625e+01
4.219898986816406250e+01,6.634550476074218750e+01
7.268835449218750000e+01,1.080444030761718750e+02
8.035073852539062500e+01,1.029165344238281250e+02
8.220751190185546875e+01,1.038693847656250000e+02
4.162076950073242188e+01,6.838800048828125000e+01
3.779508209228515625e+01,5.180892944335937500e+01
3.559367752075195312e+01,4.843373870849609375e+01
4.859251785278320312e+01,6.028839111328125000e+01
1.259951305389404297e+01,4.094477081298828125e+01
1.388606262207031250e+01,4.421784973144531250e+01
1.041264820098876953e+01,3.755014038085937500e+01
1.139766788482666016e+01,3.983444976806640625e+01
1.198189315795898438e+02,1.320238342285156250e+02
1.332819366455078125e+02,1.366104431152343750e+02
1.345124969482421875e+02,1.372569885253906250e+02
1.277384643554687500e+02,1.352851562500000000e+02
1.271229248046875000e+02,1.342142333984375000e+02
1.212383651733398438e+02,1.259485473632812500e+02
1.019533309936523438e+02,1.088194885253906250e+02
1.175512008666992188e+02,1.306778717041015625e+02
1.204342727661132812e+02,1.342541351318359375e+02
1.143711776733398438e+02,1.309066925048828125e+02
9.508248138427734375e+01,1.154414062500000000e+02
1.125661849975585938e+02,1.294411315917968750e+02
1.309103698730468750e+02,1.356687622070312500e+02
1.327619171142578125e+02,1.364467468261718750e+02
1.311693115234375000e+02,1.361338195800781250e+02
1.340167083740234375e+02,1.378395843505859375e+02
1.259679031372070312e+02,1.296302795410156250e+02
1.079390487670898438e+02,1.236143722534179688e+02
1.059396591186523438e+02,1.234367370605468750e+02
7.799878692626953125e+01,1.101764831542968750e+02
8.994509124755859375e+01,1.153125000000000000e+02
1.136998062133789062e+02,1.260201721191406250e+02
1.196575088500976562e+02,1.282461853027343750e+02
1.136109085083007812e+02,1.299700012207031250e+02
1.166197814941406250e+02,1.309046936035156250e+02
5.343217849731445312e+01,7.788133239746093750e+01
7.610022735595703125e+01,1.009636459350585938e+02
8.058115386962890625e+01,1.122614135742187500e+02
1.239211654663085938e+02,1.310218200683593750e+02
1.169012832641601562e+02,1.209377746582031250e+02
1.216407165527343750e+02,1.257964248657226562e+02
1.227874145507812500e+02,1.297728729248046875e+02
4.488617324829101562e+01,8.366517639160156250e+01
1.012218933105468750e+02,1.142360076904296875e+02
9.393112945556640625e+01,1.097196350097656250e+02
1.234021301269531250e+02,1.260544891357421875e+02
1.102842178344726562e+02,1.242086639404296875e+02
1.120013961791992188e+02,1.267596664428710938e+02
1.105054931640625000e+02,1.263117828369140625e+02
9.970993041992187500e+01,1.206554260253906250e+02
7.133338165283203125e+01,9.634326171875000000e+01
1.062472763061523438e+02,1.233106994628906250e+02
1.248965530395507812e+02,1.311591796875000000e+02
1.306711883544921875e+02,1.328040618896484375e+02
1.364975280761718750e+02,1.387663269042968750e+02
1.298029022216796875e+02,1.333587341308593750e+02
1.267554244995117188e+02,1.334290466308593750e+02
1.291539764404296875e+02,1.331540832519531250e+02
1.122416305541992188e+02,1.173992004394531250e+02
1.219383621215820312e+02,1.211439743041992188e+02
1.209450988769531250e+02,1.209161529541015625e+02
1.313245391845703125e+02,1.325867919921875000e+02
1.276266250610351562e+02,1.307554016113281250e+02
7.086652374267578125e+01,8.028363037109375000e+01
9.690149688720703125e+01,1.117512664794921875e+02
9.508892822265625000e+01,9.663897705078125000e+01
9.786407470703125000e+01,9.803953552246093750e+01
4.082983779907226562e+01,7.362190246582031250e+01
4.540936660766601562e+01,8.581274414062500000e+01
5.130262374877929688e+01,8.369096374511718750e+01
3.891806411743164062e+01,7.479632568359375000e+01
2.102015495300292969e+01,5.287223052978515625e+01
3.219255828857421875e+01,5.765543365478515625e+01
4.637280273437500000e+01,7.602983856201171875e+01
1.483599376678466797e+01,4.311877441406250000e+01
1.685173988342285156e+01,5.279559326171875000e+01
1.740666389465332031e+01,4.136636734008789062e+01
1.605552101135253906e+01,4.618561935424804688e+01
5.119386672973632812e+01,7.461146545410156250e+01
4.968893051147460938e+01,7.592036437988281250e+01
4.130543899536132812e+01,6.994200897216796875e+01
4.231385421752929688e+01,7.182478332519531250e+01
5.318601608276367188e+01,7.804223632812500000e+01
4.582822799682617188e+01,7.354418182373046875e+01
4.579083251953125000e+01,7.449958801269531250e+01
5.200776672363281250e+01,7.779142761230468750e+01
5.273481750488281250e+01,7.820378112792968750e+01
5.157492065429687500e+01,7.897145080566406250e+01
6.224018478393554688e+01,8.667424011230468750e+01
6.119047927856445312e+01,8.604584503173828125e+01
6.265939331054687500e+01,8.036927795410156250e+01
7.544596099853515625e+01,8.817794036865234375e+01
5.882811355590820312e+01,7.965647888183593750e+01
6.016261672973632812e+01,8.189933776855468750e+01
6.439557647705078125e+01,8.434097290039062500e+01
7.518019866943359375e+01,9.124661254882812500e+01
7.159262847900390625e+01,9.070861053466796875e+01
7.831217193603515625e+01,9.741569519042968750e+01
8.245251464843750000e+01,9.827391052246093750e+01
6.499310302734375000e+01,8.618580627441406250e+01
8.433050537109375000e+01,9.905953216552734375e+01
8.889685058593750000e+01,1.018194427490234375e+02
3.904064178466796875e+01,7.055738830566406250e+01
3.254030990600585938e+01,6.614100646972656250e+01
6.171598434448242188e+01,8.486299133300781250e+01
2.889852333068847656e+01,6.791322326660156250e+01
2.816639518737792969e+01,6.401773834228515625e+01
2.595439147949218750e+01,6.208254241943359375e+01
2.552883338928222656e+01,7.201669311523437500e+01
2.991127014160156250e+01,7.902842712402343750e+01
3.741123580932617188e+01,8.872532653808593750e+01
3.288045883178710938e+01,8.366181945800781250e+01
3.238809204101562500e+01,7.581702423095703125e+01
3.391351318359375000e+01,8.454249572753906250e+01
3.010797119140625000e+01,7.847616577148437500e+01
3.052652931213378906e+01,8.262837219238281250e+01
3.001076507568359375e+01,7.897618103027343750e+01
3.301118850708007812e+01,8.242953491210937500e+01
2.882073402404785156e+01,7.526524353027343750e+01
4.084692001342773438e+01,9.530464172363281250e+01
3.201243591308593750e+01,8.678681182861328125e+01
3.750585174560546875e+01,9.129699707031250000e+01
3.557191085815429688e+01,8.811157226562500000e+01
3.194526100158691406e+01,8.480647277832031250e+01
3.382735061645507812e+01,8.990113830566406250e+01
3.326264953613281250e+01,8.511625671386718750e+01
2.914089965820312500e+01,7.959036254882812500e+01
2.908337402343750000e+01,8.007701873779296875e+01
3.114010620117187500e+01,7.694328308105468750e+01
3.006950569152832031e+01,7.901020812988281250e+01
2.788564109802246094e+01,7.629497528076171875e+01
3.029520225524902344e+01,7.293769836425781250e+01
1.538277530670166016e+01,5.921444702148437500e+01
3.969440078735351562e+01,6.558552551269531250e+01
3.172300529479980469e+01,5.089709854125976562e+01
4.059622573852539062e+01,6.309685897827148438e+01
2.580715942382812500e+01,5.976203918457031250e+01
2.689105033874511719e+01,4.479372406005859375e+01
3.026868247985839844e+01,4.818402099609375000e+01
3.282394790649414062e+01,7.471488952636718750e+01
4.009021377563476562e+01,6.115758895874023438e+01
6.071897888183593750e+01,8.209107971191406250e+01
3.717399215698242188e+01,6.080982208251953125e+01
2.552504920959472656e+01,4.634210586547851562e+01
6.036911010742187500e+01,7.753949737548828125e+01
3.280281829833984375e+01,5.472216033935546875e+01
3.512358474731445312e+01,5.480529785156250000e+01
3.560467910766601562e+01,5.251278686523437500e+01
3.406010818481445312e+01,6.983232116699218750e+01
2.674365234375000000e+01,8.818406677246093750e+01
2.236639595031738281e+01,7.760536193847656250e+01
1.106028823852539062e+02,1.302267913818359375e+02
2.365776252746582031e+01,8.026351928710937500e+01
2.282467460632324219e+01,7.871798706054687500e+01
1.211084594726562500e+02,1.388398132324218750e+02
1.097713546752929688e+02,1.330104522705078125e+02
1.480504322052001953e+01,6.662773132324218750e+01
1.685682678222656250e+01,5.064134979248046875e+01
1.634739112854003906e+01,5.604547119140625000e+01
1.531807708740234375e+01,5.035785293579101562e+01
1.355487346649169922e+01,6.368651962280273438e+01
1.875477409362792969e+01,5.724494934082031250e+01
1.880128669738769531e+01,5.508555603027343750e+01
1.863180923461914062e+01,6.112997436523437500e+01
2.739927482604980469e+01,6.785775756835937500e+01
1.711340904235839844e+01,5.281609344482421875e+01
3.326651000976562500e+01,7.327375793457031250e+01
5.644840621948242188e+01,9.571229553222656250e+01
8.150945281982421875e+01,1.236771011352539062e+02
7.736031341552734375e+01,1.221802062988281250e+02
8.667871093750000000e+01,9.732701873779296875e+01
9.551265716552734375e+01,1.071951446533203125e+02
6.910684204101562500e+01,8.957830810546875000e+01
8.989757537841796875e+01,1.039632263183593750e+02
1.022390365600585938e+02,1.135402603149414062e+02
1.280863647460937500e+02,1.334563751220703125e+02
1.111723709106445312e+02,1.213504333496093750e+02
1.162577819824218750e+02,1.292060241699218750e+02
1.158480834960937500e+02,1.285169219970703125e+02
1.114818191528320312e+02,1.253631896972656250e+02
9.855251312255859375e+01,1.118222808837890625e+02
1.028559036254882812e+02,1.142880020141601562e+02
1.028406143188476562e+02,1.139349517822265625e+02
9.138826751708984375e+01,1.046697998046875000e+02
3.063899421691894531e+01,8.110032653808593750e+01
1.352505016326904297e+01,8.040409851074218750e+01
2.353716850280761719e+01,1.017278213500976562e+02
2.708249473571777344e+01,9.720422363281250000e+01
1.725767898559570312e+01,8.491152954101562500e+01
3.054163551330566406e+01,8.624157714843750000e+01
2.546610450744628906e+01,9.361660766601562500e+01
4.783620071411132812e+01,1.009177551269531250e+02
2.618220329284667969e+01,9.435980224609375000e+01
4.176347351074218750e+01,8.760153961181640625e+01
3.254801940917968750e+01,9.840040588378906250e+01
1.841369819641113281e+01,7.920271301269531250e+01
2.346002197265625000e+01,9.217518615722656250e+01
1.805323791503906250e+01,8.984770202636718750e+01
2.063923072814941406e+01,9.003213500976562500e+01
3.171446990966796875e+01,8.629780578613281250e+01
2.765476417541503906e+01,1.007749786376953125e+02
1.968619728088378906e+01,9.002833557128906250e+01
3.380337905883789062e+01,8.927064514160156250e+01
2.910298347473144531e+01,1.022987976074218750e+02
3.137912559509277344e+01,1.121681365966796875e+02
2.978516578674316406e+01,9.092691040039062500e+01
4.100791549682617188e+01,9.354754638671875000e+01
3.067458534240722656e+01,9.732632446289062500e+01
4.518676757812500000e+01,8.945123291015625000e+01
3.720408248901367188e+01,1.045060882568359375e+02
2.910163307189941406e+01,9.793273925781250000e+01
3.996765518188476562e+01,1.100581665039062500e+02
2.692970085144042969e+01,8.520202636718750000e+01
3.072153663635253906e+01,8.236334228515625000e+01
2.377492713928222656e+01,9.551644897460937500e+01
3.471532058715820312e+01,9.428401184082031250e+01
5.101035690307617188e+01,8.819802856445312500e+01
4.748199462890625000e+01,1.004367828369140625e+02
5.472746658325195312e+01,1.004872436523437500e+02
3.654441452026367188e+01,9.691371917724609375e+01
1.945881843566894531e+01,3.404723358154296875e+01
2.546298217773437500e+01,4.105370330810546875e+01
2.820684242248535156e+01,4.544632720947265625e+01
1.776338195800781250e+01,3.480500793457031250e+01
2.327773857116699219e+01,4.320520019531250000e+01
1.576180553436279297e+01,5.006579971313476562e+01
2.577712440490722656e+01,4.612279510498046875e+01
1.010837020874023438e+02,1.015055694580078125e+02
9.276360321044921875e+01,9.493837738037109375e+01
9.131041717529296875e+01,9.785556030273437500e+01
1.016869125366210938e+02,1.057127990722656250e+02
8.864559173583984375e+01,9.056744384765625000e+01
8.703008270263671875e+01,9.472940063476562500e+01
1.131264343261718750e+02,1.062651138305664062e+02
1.072653732299804688e+02,1.007496795654296875e+02
9.794803619384765625e+01,9.911627960205078125e+01
8.601839447021484375e+01,8.716539001464843750e+01
1.072116088867187500e+02,1.102749481201171875e+02
9.246478271484375000e+01,9.216638183593750000e+01
8.701557159423828125e+01,9.264712524414062500e+01
1.054221801757812500e+02,1.017204132080078125e+02
1.122138137817382812e+02,1.094026947021484375e+02
9.870953369140625000e+01,1.018275146484375000e+02
1.162356033325195312e+02,1.096134185791015625e+02
1.077597885131835938e+02,1.028739547729492188e+02
3.841678619384765625e+01,7.195274353027343750e+01
8.371796607971191406e+00,6.302276992797851562e+01
1.256357192993164062e+01,1.094964141845703125e+02
1.373608398437500000e+01,9.383178710937500000e+01
1.047746810913085938e+02,1.073476257324218750e+02
1.026285400390625000e+02,9.563551330566406250e+01
8.206529235839843750e+01,8.445368194580078125e+01
9.347798919677734375e+01,9.259620666503906250e+01
7.765120697021484375e+01,8.176313018798828125e+01
1.029371719360351562e+02,9.471502685546875000e+01
6.331450939178466797e+00,3.484848022460937500e+01
3.942315673828125000e+01,1.107134017944335938e+02
3.082613563537597656e+01,8.576264953613281250e+01
9.631919097900390625e+01,1.253333587646484375e+02
3.167065429687500000e+01,5.773519134521484375e+01
3.146225547790527344e+01,5.527096557617187500e+01
3.250275802612304688e+01,6.718648529052734375e+01
4.982864761352539062e+01,7.612868499755859375e+01
3.755675125122070312e+01,7.601560974121093750e+01
2.885690498352050781e+01,5.500248718261718750e+01
2.884340476989746094e+01,5.358950805664062500e+01
3.255571365356445312e+01,5.777470397949218750e+01
2.356496429443359375e+01,4.879416656494140625e+01
3.047344970703125000e+01,5.380496215820312500e+01
3.405521774291992188e+01,5.849594497680664062e+01
3.230836105346679688e+01,5.583539199829101562e+01
4.066210556030273438e+01,8.557584381103515625e+01
3.155706024169921875e+01,6.688948822021484375e+01
2.000875854492187500e+01,4.175045394897460938e+01
6.427971649169921875e+01,1.064321289062500000e+02
6.687067413330078125e+01,1.111090240478515625e+02
7.066666412353515625e+01,1.159427032470703125e+02
8.902160644531250000e+01,1.069028396606445312e+02
8.249385070800781250e+01,9.720602416992187500e+01
6.266944503784179688e+01,9.366508483886718750e+01
1.010323257446289062e+02,1.175217285156250000e+02
9.526867675781250000e+01,1.118428039550781250e+02
9.810869598388671875e+01,1.153160629272460938e+02
8.832302856445312500e+01,1.073368530273437500e+02
6.019194412231445312e+01,9.103804779052734375e+01
9.035754394531250000e+01,1.088564910888671875e+02
1.010994567871093750e+02,1.106186218261718750e+02
1.118351440429687500e+02,1.177774658203125000e+02
6.694470977783203125e+01,9.638989257812500000e+01
1.003298950195312500e+02,1.135043182373046875e+02
4.579447937011718750e+01,7.258345031738281250e+01
6.878215789794921875e+01,8.028613281250000000e+01
5.319732666015625000e+01,8.097163391113281250e+01
5.352893066406250000e+01,7.350738525390625000e+01
6.082619094848632812e+01,8.028889465332031250e+01
7.377968597412109375e+01,9.371051025390625000e+01
2.857608985900878906e+01,5.683455657958984375e+01
6.256471633911132812e+01,8.211534118652343750e+01
1.962007713317871094e+01,4.308541870117187500e+01
6.133798217773437500e+01,8.083819580078125000e+01
6.357920455932617188e+01,8.194565582275390625e+01
6.308093261718750000e+01,8.414106750488281250e+01
1.973403930664062500e+01,4.293649291992187500e+01
2.964600181579589844e+01,1.200584106445312500e+02
1.882210922241210938e+01,9.293946075439453125e+01
5.436662673950195312e+01,7.659279632568359375e+01
3.449321365356445312e+01,8.771264648437500000e+01
5.583901882171630859e+00,4.542712402343750000e+01
7.491614532470703125e+01,1.298141784667968750e+02
2.348107910156250000e+01,1.001492462158203125e+02
1.688023567199707031e+01,7.784150695800781250e+01
2.159933662414550781e+01,4.047996139526367188e+01
1.804793357849121094e+01,8.136434936523437500e+01
1.499633026123046875e+01,7.062199401855468750e+01
1.885679054260253906e+01,7.253668212890625000e+01
1.386334133148193359e+01,7.060766601562500000e+01
1.913593864440917969e+01,7.218132781982421875e+01
1.541433048248291016e+01,6.803244781494140625e+01
1.597523975372314453e+01,6.864103698730468750e+01
2.179017639160156250e+01,7.214124298095703125e+01
2.073991775512695312e+01,7.147531127929687500e+01
1.567368984222412109e+01,7.191133117675781250e+01
2.262835121154785156e+01,8.275403594970703125e+01
1.667178344726562500e+01,7.062936401367187500e+01
1.753915596008300781e+01,7.057176208496093750e+01
2.851398277282714844e+01,7.867790222167968750e+01
2.257124519348144531e+01,7.049353027343750000e+01
2.124252891540527344e+01,7.517152404785156250e+01
1.446921539306640625e+01,7.058782958984375000e+01
2.149211692810058594e+01,7.314695739746093750e+01
2.106491279602050781e+01,7.443705749511718750e+01
1.789552116394042969e+01,7.561442565917968750e+01
1.486822032928466797e+01,7.511829376220703125e+01
1.465887928009033203e+01,7.643690490722656250e+01
2.893754577636718750e+01,7.999694061279296875e+01
3.022822570800781250e+01,8.052479553222656250e+01
3.098393821716308594e+01,8.216630554199218750e+01
1.740910148620605469e+01,7.342771911621093750e+01
1.799520111083984375e+01,7.438398742675781250e+01
1.690705108642578125e+01,7.423745727539062500e+01
2.501791191101074219e+01,7.338533020019531250e+01
2.722715568542480469e+01,8.076791381835937500e+01
1.607356834411621094e+01,7.576147460937500000e+01
1.403869724273681641e+01,7.411585998535156250e+01
1.174045562744140625e+01,6.170200729370117188e+01
8.434538841247558594e+00,3.512330627441406250e+01
2.358445739746093750e+01,7.238502502441406250e+01
2.275565528869628906e+01,7.089146423339843750e+01
2.623377037048339844e+01,7.589377593994140625e+01
1.615707778930664062e+01,5.783021926879882812e+01
1.401770305633544922e+01,5.031524658203125000e+01
2.752188682556152344e+01,7.794274902343750000e+01
2.402169799804687500e+01,7.085283660888671875e+01
2.615641212463378906e+01,8.354093933105468750e+01
4.551300048828125000e+01,9.473500061035156250e+01
3.994990158081054688e+01,8.662731933593750000e+01
6.596378326416015625e+01,1.006578674316406250e+02
3.891458511352539062e+01,8.479120635986328125e+01
3.445570373535156250e+01,7.836297607421875000e+01
1.815878295898437500e+01,4.830468750000000000e+01
2.893111228942871094e+01,6.297883605957031250e+01
1.760727882385253906e+01,4.833231735229492188e+01
2.771405601501464844e+01,5.864870834350585938e+01
2.457262229919433594e+01,6.001223754882812500e+01
3.411600112915039062e+01,6.945892333984375000e+01
3.981814956665039062e+01,8.106087493896484375e+01
2.080924797058105469e+01,5.695823287963867188e+01
2.667548370361328125e+01,6.202928161621093750e+01
2.002958488464355469e+01,5.141012573242187500e+01
4.697662353515625000e+01,8.838636016845703125e+01
2.658611488342285156e+01,6.566645812988281250e+01
3.309914016723632812e+01,6.789213562011718750e+01
1.496882724761962891e+01,4.415286254882812500e+01
1.840645980834960938e+01,4.694639968872070312e+01
2.472347068786621094e+01,5.814106750488281250e+01
1.835714721679687500e+01,4.715413665771484375e+01
2.488492012023925781e+01,5.639678955078125000e+01
1.839657211303710938e+01,4.793687820434570312e+01
1.858933258056640625e+01,4.823380661010742188e+01
2.205377197265625000e+01,5.100259399414062500e+01
2.090395927429199219e+01,5.106393051147460938e+01
2.081808662414550781e+01,4.870137023925781250e+01
1.559546661376953125e+01,4.028617858886718750e+01
1.613074684143066406e+01,4.056893157958984375e+01
1.558480358123779297e+01,4.172853088378906250e+01
2.246089363098144531e+01,4.612382125854492188e+01
3.635398483276367188e+01,6.842443847656250000e+01
2.502172279357910156e+01,5.805107116699218750e+01
2.975620460510253906e+01,6.153971862792968750e+01
3.062381744384765625e+01,6.492354583740234375e+01
2.932132530212402344e+01,5.830235290527343750e+01
4.745437240600585938e+01,8.181411743164062500e+01
2.498642539978027344e+01,6.219311523437500000e+01
1.821009254455566406e+01,4.960598373413085938e+01
1.918180084228515625e+01,4.660128021240234375e+01
1.852117156982421875e+01,4.387291717529296875e+01
1.787377357482910156e+01,4.531681060791015625e+01
2.789147186279296875e+01,5.527300643920898438e+01
2.820353507995605469e+01,5.910337829589843750e+01
3.192555046081542969e+01,6.422364807128906250e+01
3.501520156860351562e+01,6.653668212890625000e+01
1.881549644470214844e+01,4.961787414550781250e+01
2.551549339294433594e+01,5.730261230468750000e+01
3.596151733398437500e+01,7.196087646484375000e+01
3.763452148437500000e+01,7.458999633789062500e+01
4.001065063476562500e+01,8.016542053222656250e+01
7.263974761962890625e+01,1.017169036865234375e+02
2.615172386169433594e+01,6.131671142578125000e+01
2.090894317626953125e+01,5.841817855834960938e+01
2.553110313415527344e+01,5.949919128417968750e+01
4.024966812133789062e+01,7.535227203369140625e+01
4.298361206054687500e+01,7.341953277587890625e+01
5.580818176269531250e+01,8.416333007812500000e+01
6.404753875732421875e+01,9.355079650878906250e+01
6.196107864379882812e+01,9.251561737060546875e+01
3.831642532348632812e+01,7.803986358642578125e+01
2.760331153869628906e+01,5.849695587158203125e+01
4.447648239135742188e+01,7.830300903320312500e+01
4.807764816284179688e+01,8.577804565429687500e+01
4.426594161987304688e+01,8.316041564941406250e+01
1.830660057067871094e+01,6.723018646240234375e+01
2.777019691467285156e+01,8.441606140136718750e+01
2.328769493103027344e+01,7.210987854003906250e+01
2.981713867187500000e+01,8.103901672363281250e+01
5.247443771362304688e+01,8.622078704833984375e+01
3.506089401245117188e+01,8.617716979980468750e+01
2.356613922119140625e+01,5.259023284912109375e+01
9.665955543518066406e+00,1.664137840270996094e+01
1.656693458557128906e+01,4.319859313964843750e+01
2.112466239929199219e+01,8.041371154785156250e+01
1.634746742248535156e+01,5.435542297363281250e+01
6.569380187988281250e+01,8.560289001464843750e+01
3.324735641479492188e+01,7.413879394531250000e+01
3.506870651245117188e+01,7.460227203369140625e+01
3.031441688537597656e+01,7.237406921386718750e+01
3.749372863769531250e+01,7.329281616210937500e+01
3.517356872558593750e+01,7.409378051757812500e+01
2.985708045959472656e+01,6.913481903076171875e+01
6.954061889648437500e+01,8.493537902832031250e+01
4.641850662231445312e+01,7.667097473144531250e+01
4.090105438232421875e+01,7.384272766113281250e+01
7.917562866210937500e+01,9.293582153320312500e+01
5.413955688476562500e+01,7.597687530517578125e+01
3.287332153320312500e+01,7.274182128906250000e+01
4.512797927856445312e+01,6.717774963378906250e+01
1.181962490081787109e+01,8.766092681884765625e+01
1.019420433044433594e+01,7.956971740722656250e+01
1.709195518493652344e+01,1.199616699218750000e+02
9.653483390808105469e+00,7.679549407958984375e+01
1.480309295654296875e+01,1.136415557861328125e+02
9.611334800720214844e+00,7.259179687500000000e+01
1.970721244812011719e+01,5.561491394042968750e+01
2.929952049255371094e+01,8.156817626953125000e+01
9.024628448486328125e+01,1.199783477783203125e+02
1.052014160156250000e+02,1.209668426513671875e+02
7.408625030517578125e+01,9.812741851806640625e+01
9.411174774169921875e+01,1.160682983398437500e+02
8.924253082275390625e+01,1.165668487548828125e+02
8.316872406005859375e+01,1.135778961181640625e+02
7.984899139404296875e+01,1.097804870605468750e+02
9.379482269287109375e+01,1.127900390625000000e+02
8.542378997802734375e+01,1.100097351074218750e+02
8.967263793945312500e+01,1.145559692382812500e+02
7.991562652587890625e+01,1.109441223144531250e+02
8.238125610351562500e+01,9.744310760498046875e+01
7.855760955810546875e+01,9.796757507324218750e+01
7.948221588134765625e+01,1.062356872558593750e+02
6.942960357666015625e+01,1.033812026977539062e+02
8.672268676757812500e+01,1.127295989990234375e+02
7.975241851806640625e+01,1.103259582519531250e+02
8.121233367919921875e+01,1.083964080810546875e+02
7.007775115966796875e+01,1.089588088989257812e+02
8.806810760498046875e+01,1.145972137451171875e+02
9.282416534423828125e+01,1.143020782470703125e+02
8.318176269531250000e+01,1.108460998535156250e+02
1.056536788940429688e+02,1.154406051635742188e+02
9.572805023193359375e+01,1.060364227294921875e+02
8.487523651123046875e+01,9.077919769287109375e+01
7.776815795898437500e+01,9.097639465332031250e+01
8.568841552734375000e+01,9.636286926269531250e+01
9.514992523193359375e+01,1.117762680053710938e+02
9.140389251708984375e+01,1.140314025878906250e+02
1.293653564453125000e+02,1.304060974121093750e+02
9.049927520751953125e+01,1.020822525024414062e+02
1.131500244140625000e+02,1.183521575927734375e+02
8.883977508544921875e+01,9.570462036132812500e+01
1.103342895507812500e+02,1.212239990234375000e+02
8.503432464599609375e+01,9.810929870605468750e+01
1.063704147338867188e+02,1.022460174560546875e+02
9.455401611328125000e+01,9.723861694335937500e+01
1.234381790161132812e+02,1.243202362060546875e+02
1.031784057617187500e+02,1.075736694335937500e+02
1.051023178100585938e+02,1.003867797851562500e+02
8.736267089843750000e+01,9.318055725097656250e+01
1.087555007934570312e+02,1.177463836669921875e+02
8.166910552978515625e+01,9.131562805175781250e+01
1.058151016235351562e+02,1.010008697509765625e+02
7.903575134277343750e+01,1.021133575439453125e+02
7.449423980712890625e+01,8.654833984375000000e+01
7.231993103027343750e+01,8.713327026367187500e+01
8.708522796630859375e+01,9.970645141601562500e+01
8.731002807617187500e+01,1.039918060302734375e+02
1.269631576538085938e+02,1.223806686401367188e+02
8.315761566162109375e+01,9.689867401123046875e+01
9.413238525390625000e+01,1.092248687744140625e+02
8.467964935302734375e+01,9.733656311035156250e+01
9.828566741943359375e+01,1.034727325439453125e+02
9.513449096679687500e+01,1.053893203735351562e+02
9.950127410888671875e+01,1.050159912109375000e+02
9.718417358398437500e+01,1.118477783203125000e+02
1.177881469726562500e+02,1.256573867797851562e+02
9.683551025390625000e+01,1.072048034667968750e+02
1.157603149414062500e+02,1.276460647583007812e+02
9.485449981689453125e+01,1.106320953369140625e+02
1.027439193725585938e+02,1.179989395141601562e+02
9.624912261962890625e+01,1.056529464721679688e+02
1.111217041015625000e+02,1.114668579101562500e+02
8.728638458251953125e+01,1.027231445312500000e+02
9.834931182861328125e+01,1.055842742919921875e+02
1.227024765014648438e+02,1.158668060302734375e+02
1.076117553710937500e+02,1.108645782470703125e+02
9.643227386474609375e+01,1.080149841308593750e+02
8.665375518798828125e+01,9.869912719726562500e+01
8.348079681396484375e+01,9.072155761718750000e+01
8.140515136718750000e+01,9.463497924804687500e+01
1.027425537109375000e+02,9.728699493408203125e+01
9.018999481201171875e+01,9.208717346191406250e+01
9.887322998046875000e+01,1.030752716064453125e+02
1.293606719970703125e+02,1.218369750976562500e+02
1.060839157104492188e+02,1.012965087890625000e+02
1.012095947265625000e+02,9.546481323242187500e+01
1.166406936645507812e+02,1.172230529785156250e+02
9.238625335693359375e+01,9.693151855468750000e+01
8.307544708251953125e+01,9.091062164306640625e+01
8.066316986083984375e+01,8.701837158203125000e+01
7.592082214355468750e+01,8.608456420898437500e+01
1.004659042358398438e+02,9.481933593750000000e+01
1.010053939819335938e+02,9.634967041015625000e+01
1.248597793579101562e+02,1.169724807739257812e+02
9.959232330322265625e+01,9.341841888427734375e+01
8.780660247802734375e+01,8.977349853515625000e+01
7.754216766357421875e+01,9.757589721679687500e+01
7.522196960449218750e+01,9.908953094482421875e+01
8.517095184326171875e+01,1.001939392089843750e+02
9.842787933349609375e+01,1.047920837402343750e+02
8.979119873046875000e+01,1.018597106933593750e+02
8.486472320556640625e+01,8.699897766113281250e+01
9.417540740966796875e+01,8.781106567382812500e+01
9.932082366943359375e+01,9.623780059814453125e+01
9.299361419677734375e+01,9.888920593261718750e+01
9.593700408935546875e+01,8.979860687255859375e+01
8.759182739257812500e+01,9.065315246582031250e+01
8.524731445312500000e+01,9.740388488769531250e+01
1.010230484008789062e+02,9.922753906250000000e+01
9.504116058349609375e+01,1.035289154052734375e+02
8.196355438232421875e+01,9.315866088867187500e+01
8.129973602294921875e+01,9.515911102294921875e+01
9.732381439208984375e+01,1.040618591308593750e+02
9.921175384521484375e+01,9.712277984619140625e+01
9.125652313232421875e+01,9.710327911376953125e+01
8.971988677978515625e+01,1.070785140991210938e+02
9.174074554443359375e+01,9.595793914794921875e+01
1.077488632202148438e+02,1.014360961914062500e+02
9.325399017333984375e+01,1.038228149414062500e+02
9.269342041015625000e+01,1.092145233154296875e+02
1.070938339233398438e+02,1.075382843017578125e+02
1.006304092407226562e+02,1.099296264648437500e+02
9.173046875000000000e+01,1.010586318969726562e+02
8.923491668701171875e+01,1.025978698730468750e+02
1.070449523925781250e+02,1.078926239013671875e+02
1.058491439819335938e+02,1.054407653808593750e+02
9.871884155273437500e+01,1.047104492187500000e+02
1.043167343139648438e+02,1.105719146728515625e+02
1.209300537109375000e+02,1.114138641357421875e+02
1.081413574218750000e+02,1.078605575561523438e+02
1.069227600097656250e+02,1.025041503906250000e+02
1.156008300781250000e+02,1.216471862792968750e+02
1.036462402343750000e+02,9.986785888671875000e+01
1.022460708618164062e+02,9.785183715820312500e+01
9.165539550781250000e+01,9.440216064453125000e+01
7.219362640380859375e+01,1.066611557006835938e+02
8.042749786376953125e+01,1.090827636718750000e+02
5.323214721679687500e+01,1.021441497802734375e+02
6.039185714721679688e+01,9.662348937988281250e+01
7.260454559326171875e+01,1.026149368286132812e+02
1.484999179840087891e+01,1.175280303955078125e+02
2.712643432617187500e+01,5.594663238525390625e+01
2.709346771240234375e+01,5.578569412231445312e+01
1.164557170867919922e+01,1.920649528503417969e+01
1.020390510559082031e+01,1.481854438781738281e+01
6.458921051025390625e+01,1.243447647094726562e+02
6.633795166015625000e+01,1.184375305175781250e+02
2.988356781005859375e+01,5.787204742431640625e+01
2.593807983398437500e+01,5.373810577392578125e+01
3.079164695739746094e+01,5.876242065429687500e+01
1.990193939208984375e+01,4.658921051025390625e+01
2.312108039855957031e+01,5.192075347900390625e+01
3.178141784667968750e+01,5.993318176269531250e+01
1.416392993927001953e+01,3.314884185791015625e+01
1.646819114685058594e+01,3.682285308837890625e+01
1.802610015869140625e+01,5.240823745727539062e+01
6.135737228393554688e+01,1.206776428222656250e+02
6.254865646362304688e+01,1.161490783691406250e+02
6.827559661865234375e+01,1.180934753417968750e+02
6.467173767089843750e+01,1.184780883789062500e+02
5.541809082031250000e+01,1.136341552734375000e+02
6.175262832641601562e+01,1.166272277832031250e+02
6.802941131591796875e+01,1.190415191650390625e+02
7.530831909179687500e+01,1.285907440185546875e+02
9.495088958740234375e+01,1.348426818847656250e+02
8.018611907958984375e+01,1.243332061767578125e+02
6.268710327148437500e+01,1.094395141601562500e+02
9.175801849365234375e+01,1.286712493896484375e+02
9.167352294921875000e+01,1.326616210937500000e+02
9.715695953369140625e+01,1.326197204589843750e+02
7.577161407470703125e+01,1.287622680664062500e+02
8.093518066406250000e+01,1.285188446044921875e+02
8.641007232666015625e+01,1.304789886474609375e+02
5.539030456542968750e+01,1.135300292968750000e+02
5.312406921386718750e+01,9.309729003906250000e+01
4.689328384399414062e+01,9.296164703369140625e+01
8.709116363525390625e+01,1.263510284423828125e+02
6.765640258789062500e+01,1.189729156494140625e+02
1.104506835937500000e+02,1.330125274658203125e+02
1.011780090332031250e+02,1.323796386718750000e+02
8.011370086669921875e+01,1.249194335937500000e+02
1.001012573242187500e+02,1.320112304687500000e+02
7.860897064208984375e+01,1.288272094726562500e+02
7.999622344970703125e+01,1.251989135742187500e+02
8.647198486328125000e+01,1.261351470947265625e+02
8.921002960205078125e+01,1.288541259765625000e+02
7.124314117431640625e+01,1.233240203857421875e+02
6.943259429931640625e+01,1.216898651123046875e+02
6.700006866455078125e+01,1.203302307128906250e+02
1.154685363769531250e+02,1.363206481933593750e+02
9.615295410156250000e+01,1.290370178222656250e+02
1.013685073852539062e+02,1.342404785156250000e+02
9.546935272216796875e+01,1.344656066894531250e+02
7.950207519531250000e+01,1.261231613159179688e+02
8.517070770263671875e+01,1.276348114013671875e+02
1.011363906860351562e+02,1.336140594482421875e+02
8.088234710693359375e+01,1.261931915283203125e+02
8.868650054931640625e+01,1.285570983886718750e+02
6.153544235229492188e+01,1.022988204956054688e+02
6.551387786865234375e+01,1.041512451171875000e+02
8.396958160400390625e+01,1.217075347900390625e+02
5.133370971679687500e+01,9.886018371582031250e+01
5.899253845214843750e+01,1.032254180908203125e+02
6.000466537475585938e+01,1.034329376220703125e+02
8.535491943359375000e+01,1.121802978515625000e+02
1.024374694824218750e+02,1.247724151611328125e+02
1.114996261596679688e+02,1.284200592041015625e+02
1.165174484252929688e+02,1.360149230957031250e+02
8.737540435791015625e+01,1.153603973388671875e+02
7.897090911865234375e+01,1.074492187500000000e+02
1.098636169433593750e+02,1.296476745605468750e+02
9.723850250244140625e+01,1.188664550781250000e+02
1.011314468383789062e+02,1.210282821655273438e+02
1.102823791503906250e+02,1.279234161376953125e+02
9.870420074462890625e+01,1.188179550170898438e+02
5.201901245117187500e+01,8.780048370361328125e+01
3.588799285888671875e+01,9.140933227539062500e+01
5.263544845581054688e+01,1.012818756103515625e+02
4.884259414672851562e+01,9.759497833251953125e+01
4.630526733398437500e+01,1.006830368041992188e+02
4.537424850463867188e+01,1.005021286010742188e+02
4.925549316406250000e+01,1.083128967285156250e+02
4.982741165161132812e+01,1.014322509765625000e+02
4.742997360229492188e+01,1.028503875732421875e+02
3.842953109741210938e+01,9.484867858886718750e+01
4.671856689453125000e+01,1.013205108642578125e+02
3.837053298950195312e+01,9.064854431152343750e+01
6.180261230468750000e+01,1.081714401245117188e+02
5.399730300903320312e+01,1.062279815673828125e+02
3.788595581054687500e+01,9.714946746826171875e+01
4.713385009765625000e+01,1.057945251464843750e+02
5.851301193237304688e+01,1.106830139160156250e+02
4.985664749145507812e+01,9.789772796630859375e+01
3.061200904846191406e+01,8.664369201660156250e+01
3.480194473266601562e+01,9.015333557128906250e+01
4.277551269531250000e+01,9.334947204589843750e+01
4.389202499389648438e+01,9.936763000488281250e+01
5.549792480468750000e+01,1.058350677490234375e+02
4.007192611694335938e+01,9.783869171142578125e+01
5.743109130859375000e+01,1.055840454101562500e+02
6.620327758789062500e+01,1.082033081054687500e+02
4.997147750854492188e+01,1.033774795532226562e+02
4.191860580444335938e+01,9.932396697998046875e+01
3.834856414794921875e+01,9.908334350585937500e+01
4.752275085449218750e+01,1.065688323974609375e+02
6.759236145019531250e+01,1.059927520751953125e+02
3.443728256225585938e+01,9.167440795898437500e+01
6.443872833251953125e+01,1.120959625244140625e+02
4.352792739868164062e+01,9.964761352539062500e+01
7.412699127197265625e+01,1.120302276611328125e+02
3.769990158081054688e+01,9.499183654785156250e+01
5.659344482421875000e+01,1.062845916748046875e+02
4.929019546508789062e+01,1.034946212768554688e+02
4.281715393066406250e+01,1.007315368652343750e+02
4.654991531372070312e+01,7.300539398193359375e+01
3.747628021240234375e+01,6.151242065429687500e+01
2.554839324951171875e+01,6.088134002685546875e+01
2.654776000976562500e+01,5.661756896972656250e+01
4.541946411132812500e+01,7.989019775390625000e+01
4.094514846801757812e+01,7.212120819091796875e+01
4.014333724975585938e+01,7.364536285400390625e+01
2.658939552307128906e+01,6.650274658203125000e+01
3.239349365234375000e+01,6.310417175292968750e+01
1.305844402313232422e+01,4.859873199462890625e+01
1.380633258819580078e+01,4.844720077514648438e+01
1.747879219055175781e+01,6.045004272460937500e+01
5.383332824707031250e+01,8.731946563720703125e+01
5.381804275512695312e+01,8.499891662597656250e+01
6.347610855102539062e+01,9.527252197265625000e+01
5.989060592651367188e+01,9.507441711425781250e+01
5.379185485839843750e+01,8.858970642089843750e+01
5.938458633422851562e+01,9.142358398437500000e+01
6.672698211669921875e+01,9.407218933105468750e+01
6.142675781250000000e+01,9.471559143066406250e+01
4.596742630004882812e+01,8.182830047607421875e+01
5.510100936889648438e+01,8.782939910888671875e+01
6.279338455200195312e+01,9.552450561523437500e+01
6.663620758056640625e+01,9.531289672851562500e+01
5.708901977539062500e+01,9.865776062011718750e+01
5.127424240112304688e+01,9.165077209472656250e+01
6.128541564941406250e+01,9.753343963623046875e+01
7.002813720703125000e+01,1.025742950439453125e+02
6.252470779418945312e+01,9.393613433837890625e+01
7.181591796875000000e+01,1.020846252441406250e+02
7.525551605224609375e+01,1.016934661865234375e+02
3.930364608764648438e+01,6.820204162597656250e+01
2.751639366149902344e+01,6.817971038818359375e+01
3.383032608032226562e+01,6.668987274169921875e+01
4.488377761840820312e+01,7.136964416503906250e+01
3.385174179077148438e+01,6.533868408203125000e+01
2.950330162048339844e+01,5.871237945556640625e+01
2.331688880920410156e+01,5.738990783691406250e+01
2.984798240661621094e+01,6.696330261230468750e+01
3.407658004760742188e+01,6.613459014892578125e+01
3.384632492065429688e+01,5.983998107910156250e+01
5.246084976196289062e+01,9.353790283203125000e+01
3.005324554443359375e+01,7.161975097656250000e+01
3.340641784667968750e+01,7.058702087402343750e+01
3.094683837890625000e+01,7.012455749511718750e+01
5.279555892944335938e+01,6.666715240478515625e+01
3.683353805541992188e+01,7.050694274902343750e+01
4.781010818481445312e+01,8.359199523925781250e+01
3.210854339599609375e+01,6.677063751220703125e+01
4.291465759277343750e+01,7.656756591796875000e+01
4.339738845825195312e+01,6.801646423339843750e+01
5.902714157104492188e+01,9.038844299316406250e+01
7.456427001953125000e+01,9.663337707519531250e+01
7.518676757812500000e+01,8.911247253417968750e+01
4.304222488403320312e+01,6.500499725341796875e+01
4.106831359863281250e+01,7.434220886230468750e+01
4.425114440917968750e+01,8.134416198730468750e+01
7.002799987792968750e+01,1.014327316284179688e+02
3.892017745971679688e+01,6.895822906494140625e+01
2.922483062744140625e+01,5.209278869628906250e+01
7.525083160400390625e+01,1.035400848388671875e+02
3.919656372070312500e+01,7.151051330566406250e+01
5.945872116088867188e+01,8.522818756103515625e+01
5.884422683715820312e+01,7.256736755371093750e+01
4.655048751831054688e+01,7.718742370605468750e+01
4.751954269409179688e+01,8.068622589111328125e+01
3.176273345947265625e+01,5.417547988891601562e+01
2.351134300231933594e+01,4.298001098632812500e+01
3.270888137817382812e+01,6.999603271484375000e+01
1.734967041015625000e+01,5.813536071777343750e+01
1.408012008666992188e+01,5.231682586669921875e+01
4.410205078125000000e+01,6.986282348632812500e+01
4.489165115356445312e+01,7.353103637695312500e+01
1.232242813110351562e+02,1.317740173339843750e+02
1.152974243164062500e+02,1.262053375244140625e+02
1.230340652465820312e+02,1.303745269775390625e+02
1.204116821289062500e+02,1.297964324951171875e+02
1.127603073120117188e+02,1.221518936157226562e+02
1.117432022094726562e+02,1.221052093505859375e+02
1.115725708007812500e+02,1.226922912597656250e+02
1.088021011352539062e+02,1.210762176513671875e+02
1.101650085449218750e+02,1.214687347412109375e+02
1.041720962524414062e+02,1.171918640136718750e+02
1.200354690551757812e+02,1.285896759033203125e+02
9.934011840820312500e+01,1.028498840332031250e+02
1.224220504760742188e+02,1.288071289062500000e+02
1.273693237304687500e+02,1.306513061523437500e+02
1.142484130859375000e+02,1.251122436523437500e+02
1.098681945800781250e+02,1.236796951293945312e+02
1.058403320312500000e+02,1.186460723876953125e+02
1.048676757812500000e+02,1.175914840698242188e+02
1.007360763549804688e+02,1.160302047729492188e+02
1.025382308959960938e+02,1.158526458740234375e+02
1.216594467163085938e+02,1.271903839111328125e+02
1.191127090454101562e+02,1.261880798339843750e+02
1.231965560913085938e+02,1.281708068847656250e+02
1.091319580078125000e+02,1.217090988159179688e+02
3.462948989868164062e+01,8.172702789306640625e+01
5.600466537475585938e+01,8.791270446777343750e+01
3.868043899536132812e+01,6.423455047607421875e+01
5.459127426147460938e+01,8.762886047363281250e+01
5.406864929199218750e+01,9.054222106933593750e+01
6.217713928222656250e+01,9.100489807128906250e+01
4.567817306518554688e+01,7.240087127685546875e+01
7.119257354736328125e+01,9.843580627441406250e+01
3.329639816284179688e+01,6.092123031616210938e+01
9.815386962890625000e+01,1.246996231079101562e+02
1.065948181152343750e+02,1.220536346435546875e+02
9.584751129150390625e+01,1.099001159667968750e+02
8.707671356201171875e+01,1.087281951904296875e+02
8.879660797119140625e+01,1.056890106201171875e+02
1.067395629882812500e+02,1.270734100341796875e+02
1.156330032348632812e+02,1.293114929199218750e+02
8.811971282958984375e+01,1.052966918945312500e+02
8.620806121826171875e+01,1.072922592163085938e+02
9.407323455810546875e+01,1.082784423828125000e+02
8.831661224365234375e+01,1.095142669677734375e+02
9.873618316650390625e+01,1.230046234130859375e+02
1.175971679687500000e+02,1.321583251953125000e+02
1.014776229858398438e+02,1.233655853271484375e+02
9.631628417968750000e+01,1.112386627197265625e+02
1.011105346679687500e+02,1.141149139404296875e+02
9.663834381103515625e+01,1.170238113403320312e+02
8.909979248046875000e+01,1.084388275146484375e+02
1.147465744018554688e+02,1.250165634155273438e+02
9.272585296630859375e+01,1.010316390991210938e+02
1.118136596679687500e+02,1.278114089965820312e+02
1.007035751342773438e+02,1.228255081176757812e+02
1.188844375610351562e+02,1.336094512939453125e+02
1.092807540893554688e+02,1.283955078125000000e+02
1.194522399902343750e+02,1.326950073242187500e+02
8.481377410888671875e+01,1.069158630371093750e+02
9.413121795654296875e+01,1.154991760253906250e+02
1.014829483032226562e+02,1.153239746093750000e+02
9.424554443359375000e+01,1.118752746582031250e+02
9.880527496337890625e+01,1.184290618896484375e+02
1.022069702148437500e+02,1.169687881469726562e+02
9.838934326171875000e+01,1.130507354736328125e+02
8.941056060791015625e+01,1.069178314208984375e+02
9.190222167968750000e+01,1.068605041503906250e+02
7.500691223144531250e+01,1.001740951538085938e+02
1.062623519897460938e+02,1.181291809082031250e+02
1.105924987792968750e+02,1.205132751464843750e+02
1.070312728881835938e+02,1.239715270996093750e+02
6.279673385620117188e+01,9.133533477783203125e+01
6.364549255371093750e+01,9.077458190917968750e+01
7.368076324462890625e+01,9.921876525878906250e+01
7.847663879394531250e+01,1.028041076660156250e+02
1.035891113281250000e+02,1.236660385131835938e+02
4.523476791381835938e+01,9.856863403320312500e+01
4.452555465698242188e+01,8.626900482177734375e+01
6.716579437255859375e+01,1.012645111083984375e+02
7.497621154785156250e+01,1.127277984619140625e+02
9.652111816406250000e+01,1.163932495117187500e+02
4.525628662109375000e+01,9.425862121582031250e+01
7.073310852050781250e+01,1.102026977539062500e+02
2.090113830566406250e+01,6.365709304809570312e+01
2.705338478088378906e+01,5.620917510986328125e+01
2.585768127441406250e+01,5.572872924804687500e+01
2.106221961975097656e+01,7.285723876953125000e+01
2.151778602600097656e+01,5.298085021972656250e+01
2.402396202087402344e+01,5.684918975830078125e+01
2.467328834533691406e+01,5.634510803222656250e+01
1.685521507263183594e+01,6.080654144287109375e+01
2.142729759216308594e+01,5.022961425781250000e+01
2.432187461853027344e+01,5.444408416748046875e+01
2.723343849182128906e+01,5.805987548828125000e+01
4.916595458984375000e+01,9.445308685302734375e+01
5.961004257202148438e+01,1.019494476318359375e+02
6.453810882568359375e+01,1.043785705566406250e+02
5.975106811523437500e+01,1.085639801025390625e+02
5.897791671752929688e+01,1.042806167602539062e+02
4.529669189453125000e+01,9.148186492919921875e+01
4.042209243774414062e+01,8.590066528320312500e+01
3.561639022827148438e+01,7.796565246582031250e+01
8.728757476806640625e+01,1.143514099121093750e+02
3.801083374023437500e+01,9.472270202636718750e+01
4.028373718261718750e+01,8.105180358886718750e+01
4.007657241821289062e+01,8.816333007812500000e+01
7.979456329345703125e+01,1.100166015625000000e+02
5.996569824218750000e+01,1.016439285278320312e+02
5.508799362182617188e+01,9.046809387207031250e+01
7.260805511474609375e+01,1.074476242065429688e+02
1.038150253295898438e+02,1.243676605224609375e+02
6.522401428222656250e+01,1.055352783203125000e+02
1.006491470336914062e+02,1.225346603393554688e+02
4.452359008789062500e+01,8.033741760253906250e+01
6.480646514892578125e+01,9.355558776855468750e+01
5.616801452636718750e+01,8.759262847900390625e+01
6.341934204101562500e+01,9.237380981445312500e+01
5.930993270874023438e+01,9.024192810058593750e+01
6.571416473388671875e+01,8.674313354492187500e+01
7.848203277587890625e+01,9.860099792480468750e+01
7.764087677001953125e+01,9.619088745117187500e+01
6.977154541015625000e+01,9.581027221679687500e+01
6.163307571411132812e+01,9.709171295166015625e+01
6.814327239990234375e+01,9.539378356933593750e+01
6.236011886596679688e+01,9.305876159667968750e+01
6.010848999023437500e+01,9.047731018066406250e+01
8.411705017089843750e+01,1.035155639648437500e+02
4.753865051269531250e+01,7.859493255615234375e+01
5.425645446777343750e+01,8.659146118164062500e+01
5.186369323730468750e+01,8.324026489257812500e+01
5.218992233276367188e+01,8.245076751708984375e+01
6.949836730957031250e+01,9.582411193847656250e+01
8.463921356201171875e+01,1.077305297851562500e+02
8.431754302978515625e+01,1.072535705566406250e+02
7.516053009033203125e+01,1.021057128906250000e+02
7.124460601806640625e+01,9.900106048583984375e+01
7.721823883056640625e+01,1.002250976562500000e+02
7.189348602294921875e+01,9.708149719238281250e+01
1.286557674407958984e+01,6.978729248046875000e+01
2.793952941894531250e+01,7.038854217529296875e+01
2.863931465148925781e+01,7.007699584960937500e+01
4.816119003295898438e+01,1.045896072387695312e+02
2.188133239746093750e+01,6.663890075683593750e+01
3.241947555541992188e+01,6.312462615966796875e+01
2.248594856262207031e+01,4.699110412597656250e+01
1.429681396484375000e+01,6.303876876831054688e+01
3.915827560424804688e+01,9.518394470214843750e+01
5.807836532592773438e+01,1.119139251708984375e+02
5.111117553710937500e+01,1.116572723388671875e+02
1.346667003631591797e+01,3.595620727539062500e+01
9.116059303283691406e+00,3.568609237670898438e+01
8.424332618713378906e+00,1.184975814819335938e+01
4.273488235473632812e+01,9.616902160644531250e+01
4.755778503417968750e+01,9.105778503417968750e+01
3.964840698242187500e+01,7.631930541992187500e+01
4.872765731811523438e+01,9.536703491210937500e+01
3.014011573791503906e+01,8.469306945800781250e+01
5.068930053710937500e+01,8.683573913574218750e+01
4.723551559448242188e+01,9.453161621093750000e+01
3.085797119140625000e+01,6.582450866699218750e+01
5.766120529174804688e+01,9.286382293701171875e+01
5.171282958984375000e+01,8.584577941894531250e+01
3.398141860961914062e+01,7.175305938720703125e+01
4.671139144897460938e+01,9.513914489746093750e+01
5.869639587402343750e+01,9.387649536132812500e+01
5.313480758666992188e+01,9.320026397705078125e+01
5.217817687988281250e+01,8.938320922851562500e+01
5.304832077026367188e+01,8.893791961669921875e+01
4.931991577148437500e+01,8.320724487304687500e+01
4.473977661132812500e+01,8.981348419189453125e+01
5.784389877319335938e+01,9.218025207519531250e+01
5.076026916503906250e+01,8.544577026367187500e+01
3.485995864868164062e+01,6.887609863281250000e+01
5.197073745727539062e+01,9.672180175781250000e+01
4.197439956665039062e+01,7.710521697998046875e+01
1.845161628723144531e+01,5.911738586425781250e+01
1.960199737548828125e+01,6.004137802124023438e+01
2.348896217346191406e+01,6.553920745849609375e+01
2.256827354431152344e+01,6.040589141845703125e+01
2.006978416442871094e+01,5.550473785400390625e+01
2.072361564636230469e+01,6.067430114746093750e+01
2.305857849121093750e+01,6.635784912109375000e+01
3.038324928283691406e+01,7.552087402343750000e+01
2.298677253723144531e+01,6.049438858032226562e+01
3.925515747070312500e+01,9.366902160644531250e+01
4.641374206542968750e+01,9.921114349365234375e+01
4.352854537963867188e+01,9.799177551269531250e+01
6.486574554443359375e+01,1.134360504150390625e+02
6.527516937255859375e+01,1.074771957397460938e+02
4.532368469238281250e+01,9.254624938964843750e+01
7.406635284423828125e+01,1.112510375976562500e+02
5.021641540527343750e+01,9.302286529541015625e+01
5.090965270996093750e+01,9.597148132324218750e+01
5.395039749145507812e+01,9.521871185302734375e+01
6.830454254150390625e+01,1.056172485351562500e+02
6.749652862548828125e+01,1.061695709228515625e+02
2.290297126770019531e+01,5.575012969970703125e+01
1.573569488525390625e+01,5.413975524902343750e+01
1.447317981719970703e+01,5.110277557373046875e+01
1.425155353546142578e+01,5.065320205688476562e+01
2.463321876525878906e+01,6.053152847290039062e+01
2.534695625305175781e+01,6.228295135498046875e+01
2.198144531250000000e+01,5.839395523071289062e+01
2.218675041198730469e+01,5.906624603271484375e+01
6.013048171997070312e+01,9.224052429199218750e+01
3.994508361816406250e+01,7.018899536132812500e+01
5.999592971801757812e+01,8.902668762207031250e+01
1.743932533264160156e+01,5.402691650390625000e+01
1.719169044494628906e+01,5.296959686279296875e+01
3.135484886169433594e+01,6.578327941894531250e+01
7.009159088134765625e+01,9.862030792236328125e+01
7.411454010009765625e+01,1.030453338623046875e+02
4.465881347656250000e+01,7.588079833984375000e+01
4.536733627319335938e+01,7.441777038574218750e+01
4.791220092773437500e+01,7.723307037353515625e+01
8.195368194580078125e+01,1.051634674072265625e+02
6.228129196166992188e+01,9.275266265869140625e+01
7.829483032226562500e+01,9.530456542968750000e+01
8.028130340576171875e+01,9.705705261230468750e+01
7.374507904052734375e+01,9.363849639892578125e+01
6.970831298828125000e+01,9.205895996093750000e+01
7.119626617431640625e+01,9.345994567871093750e+01
5.485651779174804688e+01,8.653747558593750000e+01
7.150200653076171875e+01,9.265460205078125000e+01
4.608293151855468750e+01,7.761356353759765625e+01
5.070923233032226562e+01,7.000885009765625000e+01
6.874969482421875000e+01,9.217514038085937500e+01
7.396218109130859375e+01,9.561672973632812500e+01
4.903643798828125000e+01,8.145767211914062500e+01
5.443236160278320312e+01,7.433702087402343750e+01
5.293467330932617188e+01,7.233372497558593750e+01
6.711549377441406250e+01,9.172231292724609375e+01
6.597121429443359375e+01,9.135209655761718750e+01
4.037149429321289062e+01,6.602168273925781250e+01
6.935974121093750000e+01,9.421820068359375000e+01
7.427873992919921875e+01,1.015438385009765625e+02
6.877909088134765625e+01,9.584834289550781250e+01
2.610031127929687500e+01,5.089015960693359375e+01
6.721792602539062500e+01,9.443052673339843750e+01
3.753764343261718750e+01,7.301092529296875000e+01
4.427799606323242188e+01,6.923989868164062500e+01
4.180597305297851562e+01,6.812495422363281250e+01
2.977844810485839844e+01,1.017316436767578125e+02
8.805938720703125000e+01,1.044694137573242188e+02
8.577176666259765625e+01,1.033823776245117188e+02
8.408794403076171875e+01,1.058270568847656250e+02
9.305640411376953125e+01,1.112175750732421875e+02
8.998857879638671875e+01,1.090937805175781250e+02
9.304223632812500000e+01,1.113394165039062500e+02
8.294574737548828125e+01,9.878757476806640625e+01
9.598315429687500000e+01,1.081006774902343750e+02
8.328163146972656250e+01,9.939341735839843750e+01
9.492889404296875000e+01,1.156776580810546875e+02
8.736452484130859375e+01,1.128938903808593750e+02
9.088962554931640625e+01,1.126654434204101562e+02
9.488849639892578125e+01,1.172394104003906250e+02
5.366334152221679688e+01,7.944577026367187500e+01
4.061148071289062500e+01,6.769477081298828125e+01
5.567050170898437500e+01,8.758802795410156250e+01
5.244909286499023438e+01,8.682627868652343750e+01
3.204881668090820312e+01,6.622080993652343750e+01
5.405072021484375000e+01,9.075511169433593750e+01
4.305266189575195312e+01,8.152393341064453125e+01
2.557340431213378906e+01,6.248173522949218750e+01
2.944848823547363281e+01,6.860800170898437500e+01
3.266229629516601562e+01,6.759551239013671875e+01
3.397505187988281250e+01,7.488053894042968750e+01
3.075615501403808594e+01,6.766778564453125000e+01
5.008842849731445312e+01,8.708692932128906250e+01
4.038170242309570312e+01,8.151503753662109375e+01
2.614684295654296875e+01,6.519960021972656250e+01
2.435169792175292969e+01,6.161240768432617188e+01
3.889253616333007812e+01,7.761560058593750000e+01
4.978508377075195312e+01,8.498295593261718750e+01
8.201634979248046875e+01,1.106761169433593750e+02
4.013360977172851562e+01,8.125965881347656250e+01
4.995473861694335938e+01,8.592582702636718750e+01
7.864775848388671875e+01,1.073829269409179688e+02
4.284097290039062500e+01,8.284161376953125000e+01
4.513599777221679688e+01,8.085646057128906250e+01
1.998076438903808594e+01,5.101455688476562500e+01
3.342206954956054688e+01,7.256838989257812500e+01
2.733802223205566406e+01,6.870886230468750000e+01
9.968282318115234375e+01,1.173326568603515625e+02
9.332879638671875000e+01,1.124617309570312500e+02
4.021533584594726562e+01,7.458895874023437500e+01
4.066613769531250000e+01,7.536074829101562500e+01
6.117880249023437500e+01,8.716029357910156250e+01
4.746848678588867188e+01,9.163821411132812500e+01
6.149699401855468750e+01,9.607632446289062500e+01
5.405189895629882812e+01,8.501403808593750000e+01
4.327478027343750000e+01,7.311546325683593750e+01
4.595188522338867188e+01,8.025920104980468750e+01
7.509100341796875000e+01,1.035931243896484375e+02
4.332157897949218750e+01,7.374991607666015625e+01
4.564039993286132812e+01,7.508699035644531250e+01
6.223024368286132812e+01,8.897686004638671875e+01
4.695429992675781250e+01,7.744087219238281250e+01
4.745038986206054688e+01,7.909519958496093750e+01
5.056291198730468750e+01,7.956108093261718750e+01
5.107001876831054688e+01,8.227601623535156250e+01
8.009367370605468750e+01,1.061552886962890625e+02
4.699351882934570312e+01,7.673638153076171875e+01
5.351370620727539062e+01,8.288764953613281250e+01
5.603160476684570312e+01,8.355639648437500000e+01
7.588192749023437500e+01,1.023107757568359375e+02
5.400338363647460938e+01,8.036114501953125000e+01
8.692958831787109375e+01,1.093821105957031250e+02
7.916539764404296875e+01,1.053854675292968750e+02
6.286822509765625000e+01,9.246167755126953125e+01
6.963428497314453125e+01,9.714598083496093750e+01
7.894947052001953125e+01,1.051611175537109375e+02
8.379869842529296875e+01,1.116535339355468750e+02
8.148807525634765625e+01,1.063488845825195312e+02
5.578457260131835938e+01,8.864517211914062500e+01
6.994292449951171875e+01,9.794743347167968750e+01
7.563609313964843750e+01,1.022191162109375000e+02
6.971503448486328125e+01,9.191300201416015625e+01
7.069248199462890625e+01,9.363990783691406250e+01
7.707810974121093750e+01,1.019825439453125000e+02
7.562042999267578125e+01,1.016193313598632812e+02
8.174600982666015625e+01,1.057331237792968750e+02
9.027964019775390625e+01,1.124353942871093750e+02
7.794113159179687500e+01,9.889974212646484375e+01
7.073709869384765625e+01,9.601692962646484375e+01
9.941202545166015625e+01,1.148084564208984375e+02
9.885329437255859375e+01,1.170782012939453125e+02
9.524834442138671875e+01,1.140008316040039062e+02
5.285057067871093750e+01,8.914509582519531250e+01
1.056674499511718750e+02,1.208986358642578125e+02
7.870431518554687500e+01,1.015836486816406250e+02
9.715085601806640625e+01,1.165996704101562500e+02
1.171170043945312500e+02,1.314204101562500000e+02
1.147379379272460938e+02,1.288159179687500000e+02
1.233973617553710938e+02,1.287586059570312500e+02
1.050161209106445312e+02,1.229598236083984375e+02
6.266708755493164062e+01,9.739207458496093750e+01
5.530001831054687500e+01,7.852389526367187500e+01
5.869363403320312500e+01,8.359591674804687500e+01
6.639813232421875000e+01,8.804959106445312500e+01
4.362128829956054688e+01,6.456100463867187500e+01
5.718651962280273438e+01,8.177166748046875000e+01
6.077783584594726562e+01,8.796987152099609375e+01
5.268879318237304688e+01,7.849169921875000000e+01
7.602791595458984375e+01,9.489790344238281250e+01
7.962939453125000000e+01,9.821784973144531250e+01
6.299336624145507812e+01,8.369567871093750000e+01
5.855261611938476562e+01,8.117872619628906250e+01
8.957977294921875000e+01,1.104301910400390625e+02
7.989188385009765625e+01,9.822999572753906250e+01
5.339153671264648438e+01,7.828123474121093750e+01
4.385853576660156250e+01,7.519861602783203125e+01
5.118561935424804688e+01,8.265902709960937500e+01
6.848854827880859375e+01,9.094837951660156250e+01
7.345378875732421875e+01,9.747748565673828125e+01
8.038924407958984375e+01,9.960496520996093750e+01
6.025529861450195312e+01,9.019215393066406250e+01
7.168117523193359375e+01,9.550572204589843750e+01
8.094890594482421875e+01,1.008256683349609375e+02
7.166030883789062500e+01,9.692404174804687500e+01
7.794460296630859375e+01,9.727777099609375000e+01
8.233993530273437500e+01,1.030030059814453125e+02
7.770672607421875000e+01,1.031318206787109375e+02
2.033054351806640625e+01,7.841287231445312500e+01
4.591976928710937500e+01,8.212501525878906250e+01
3.756072616577148438e+01,8.401262664794921875e+01
6.852076721191406250e+01,9.791452026367187500e+01
4.694177627563476562e+01,9.098175811767578125e+01
4.372943115234375000e+01,8.677868652343750000e+01
4.229442977905273438e+01,8.489609527587890625e+01
4.447546386718750000e+01,9.056927490234375000e+01
4.847110366821289062e+01,9.104147338867187500e+01
4.862991333007812500e+01,9.289972686767578125e+01
4.334520339965820312e+01,8.771255493164062500e+01
4.956804275512695312e+01,8.737057495117187500e+01
6.813576507568359375e+01,9.253974151611328125e+01
6.187080001831054688e+01,9.430370330810546875e+01
4.095639419555664062e+01,8.688806915283203125e+01
3.871038436889648438e+01,8.237075805664062500e+01
4.553239822387695312e+01,8.653996276855468750e+01
4.179158782958984375e+01,8.314952087402343750e+01
3.717360305786132812e+01,8.111154174804687500e+01
6.433046722412109375e+01,1.002428817749023438e+02
3.948280715942382812e+01,8.697233581542968750e+01
3.893640136718750000e+01,8.702400207519531250e+01
3.899225234985351562e+01,8.389142608642578125e+01
3.825734329223632812e+01,8.377369689941406250e+01
2.258543586730957031e+01,3.908874893188476562e+01
1.106472682952880859e+01,1.824324226379394531e+01
1.951737022399902344e+01,3.039743423461914062e+01
3.679948425292968750e+01,8.225775146484375000e+01
4.305317306518554688e+01,8.510704040527343750e+01
1.588874816894531250e+01,8.981835937500000000e+01
3.456421279907226562e+01,7.390899658203125000e+01
3.940891647338867188e+01,8.228057861328125000e+01
4.722220993041992188e+01,7.674111938476562500e+01
3.475649642944335938e+01,5.993644714355468750e+01
5.692457199096679688e+01,8.102113342285156250e+01
8.142183685302734375e+01,9.443803405761718750e+01
1.177989959716796875e+01,4.910862731933593750e+01
3.679338455200195312e+01,8.523691558837890625e+01
3.537567520141601562e+01,7.943225097656250000e+01
5.112739944458007812e+01,1.040791778564453125e+02
4.227586746215820312e+01,8.783955383300781250e+01
3.805042266845703125e+01,8.703304290771484375e+01
4.081628036499023438e+01,9.890957641601562500e+01
1.807626914978027344e+01,4.501058959960937500e+01
4.896756362915039062e+01,8.207195281982421875e+01
5.255245971679687500e+01,8.169805908203125000e+01
9.268150329589843750e+00,6.958769226074218750e+01
1.534300899505615234e+01,6.701860809326171875e+01
1.655501365661621094e+01,7.742950439453125000e+01
1.643137931823730469e+01,7.872984313964843750e+01
1.571293735504150391e+01,8.129002380371093750e+01
1.801361274719238281e+01,7.680583190917968750e+01
1.716194915771484375e+01,8.113542175292968750e+01
1.992459678649902344e+01,7.733697509765625000e+01
1.372707366943359375e+01,6.529250335693359375e+01
1.027349376678466797e+01,6.711567687988281250e+01
1.537646770477294922e+01,6.663745117187500000e+01
1.405057907104492188e+01,6.879541778564453125e+01
1.688081550598144531e+01,6.670075225830078125e+01
1.835906219482421875e+01,7.100402832031250000e+01
1.131798458099365234e+01,6.987322998046875000e+01
2.508020973205566406e+01,7.125502014160156250e+01
2.758254814147949219e+01,9.036131286621093750e+01
1.974342346191406250e+01,7.435205078125000000e+01
1.672963523864746094e+01,8.846372985839843750e+01
1.837569618225097656e+01,9.271656799316406250e+01
2.068855667114257812e+01,8.724157714843750000e+01
1.372179412841796875e+01,7.754125976562500000e+01
1.767947959899902344e+01,7.714714050292968750e+01
2.551202201843261719e+01,7.678146362304687500e+01
1.717758750915527344e+01,6.948483276367187500e+01
2.876561546325683594e+01,8.823892974853515625e+01
1.498682880401611328e+01,5.951534652709960938e+01
1.990052032470703125e+01,6.567960357666015625e+01
1.285308074951171875e+01,4.511615753173828125e+01
1.280319976806640625e+01,5.279505157470703125e+01
1.264894580841064453e+01,5.046881484985351562e+01
1.854900360107421875e+01,5.564868927001953125e+01
1.508502483367919922e+01,5.223704528808593750e+01
1.570814990997314453e+01,4.262842559814453125e+01
1.538729858398437500e+01,5.799559783935546875e+01
1.355433368682861328e+01,4.616776275634765625e+01
8.013752937316894531e+00,2.057483673095703125e+01
2.018471717834472656e+01,7.242453002929687500e+01
1.901675987243652344e+01,5.365823745727539062e+01
2.119375228881835938e+01,5.615122222900390625e+01
1.609825706481933594e+01,4.490531921386718750e+01
2.004116249084472656e+01,5.230622863769531250e+01
1.997863769531250000e+01,5.210928344726562500e+01
2.074800872802734375e+01,5.602688598632812500e+01
5.863167285919189453e+00,2.397434616088867188e+01
7.579136371612548828e+00,3.745967102050781250e+01
1.205081558227539062e+01,5.766665649414062500e+01
9.408226966857910156e+00,4.178282928466796875e+01
9.072175025939941406e+00,3.661285400390625000e+01
1.300441741943359375e+01,6.858840942382812500e+01
1.455646991729736328e+01,6.152153778076171875e+01
1.664567375183105469e+01,6.297799682617187500e+01
1.805847740173339844e+01,6.266680526733398438e+01
1.193646717071533203e+01,5.328778839111328125e+01
1.480708980560302734e+01,7.490518188476562500e+01
1.128234004974365234e+01,6.311888885498046875e+01
1.636058807373046875e+01,7.449478912353515625e+01
1.899127006530761719e+01,7.827250671386718750e+01
1.615237998962402344e+01,7.317004394531250000e+01
1.712224960327148438e+01,7.675341033935546875e+01
1.768939399719238281e+01,7.237269592285156250e+01
2.019762039184570312e+01,7.539271545410156250e+01
1.820130157470703125e+01,7.157492065429687500e+01
1.767170524597167969e+01,7.402839660644531250e+01
2.680152702331542969e+01,7.299219512939453125e+01
1.221384048461914062e+01,6.295767974853515625e+01
1.398374843597412109e+01,6.379924774169921875e+01
1.367611789703369141e+01,6.287899780273437500e+01
1.454304599761962891e+01,6.657223510742187500e+01
1.512218379974365234e+01,6.258243942260742188e+01
2.243665885925292969e+01,6.461022949218750000e+01
1.291683292388916016e+01,6.359796905517578125e+01
1.811579322814941406e+01,6.597969055175781250e+01
1.594430255889892578e+01,6.894123840332031250e+01
1.505645656585693359e+01,6.137009429931640625e+01
1.424968814849853516e+01,6.531743621826171875e+01
1.196522426605224609e+01,6.745684051513671875e+01
1.202524852752685547e+01,5.217009735107421875e+01
1.566287231445312500e+01,7.814898681640625000e+01
1.177676868438720703e+01,8.124144744873046875e+01
1.639539527893066406e+01,7.076866149902343750e+01
1.746106147766113281e+01,7.542517089843750000e+01
1.325728130340576172e+01,7.347587585449218750e+01
1.854794692993164062e+01,7.206517791748046875e+01
1.305836009979248047e+01,7.744510650634765625e+01
1.168500518798828125e+01,6.046549987792968750e+01
1.237937068939208984e+01,6.567779541015625000e+01
8.587553977966308594e+00,6.621464538574218750e+01
1.517012882232666016e+01,6.881565856933593750e+01
1.422006988525390625e+01,6.394820785522460938e+01
1.620814514160156250e+01,6.972740173339843750e+01
1.007576465606689453e+01,6.021846771240234375e+01
9.501737594604492188e+00,6.644235229492187500e+01
1.530266475677490234e+01,6.014984130859375000e+01
1.703405570983886719e+01,6.440667724609375000e+01
8.850019454956054688e+00,6.744732666015625000e+01
9.476401329040527344e+00,6.291680145263671875e+01
9.024170875549316406e+00,6.888496398925781250e+01
9.077114105224609375e+00,6.248670196533203125e+01
1.578288745880126953e+01,6.285550308227539062e+01
1.438441181182861328e+01,6.337789916992187500e+01
1.561616134643554688e+01,6.189362335205078125e+01
1.472848129272460938e+01,5.707130432128906250e+01
1.431848144531250000e+01,6.035555648803710938e+01
1.849907493591308594e+01,6.658457946777343750e+01
1.656199455261230469e+01,6.560350799560546875e+01
1.656648635864257812e+01,6.823345947265625000e+01
1.556634902954101562e+01,6.088784027099609375e+01
1.505574893951416016e+01,6.335427474975585938e+01
1.625008773803710938e+01,6.806163024902343750e+01
1.476102447509765625e+01,6.664666748046875000e+01
1.415966129302978516e+01,6.657315063476562500e+01
1.571731281280517578e+01,7.271501922607421875e+01
1.530361461639404297e+01,6.925860595703125000e+01
1.658665466308593750e+01,6.317524337768554688e+01
1.643773078918457031e+01,6.571759033203125000e+01
1.210849285125732422e+01,5.820375823974609375e+01
1.320015716552734375e+01,5.558148956298828125e+01
1.328405380249023438e+01,5.486193847656250000e+01
1.289531230926513672e+01,5.653962326049804688e+01
1.376289653778076172e+01,6.683087158203125000e+01
1.186587810516357422e+01,5.877795410156250000e+01
1.476106929779052734e+01,5.574604415893554688e+01
1.511001586914062500e+01,5.524938201904296875e+01
1.680334281921386719e+01,6.589022827148437500e+01
1.557578563690185547e+01,5.471312713623046875e+01
1.866615867614746094e+01,5.655448150634765625e+01
2.221951866149902344e+01,7.445112609863281250e+01
3.484973526000976562e+01,7.233255004882812500e+01
1.887440299987792969e+01,5.869841766357421875e+01
2.007609367370605469e+01,6.148554992675781250e+01
1.882362556457519531e+01,8.393754577636718750e+01
2.008846473693847656e+01,6.166247558593750000e+01
4.326795578002929688e+01,6.348299407958984375e+01
2.698443031311035156e+01,8.607716369628906250e+01
4.165584564208984375e+01,5.981223678588867188e+01
1.943712234497070312e+01,6.632505798339843750e+01
4.431352233886718750e+01,1.043164062500000000e+02
3.668508529663085938e+01,6.053414916992187500e+01
3.963214874267578125e+01,6.643864440917968750e+01
2.606115150451660156e+01,6.213605499267578125e+01
3.782453918457031250e+01,6.381288528442382812e+01
2.681719017028808594e+01,6.720989990234375000e+01
2.652309226989746094e+01,6.266404342651367188e+01
3.999165344238281250e+01,6.614415740966796875e+01
3.188781166076660156e+01,6.194298171997070312e+01
3.878176879882812500e+01,6.285820007324218750e+01
3.300104141235351562e+01,6.531544494628906250e+01
2.701919555664062500e+01,6.473672485351562500e+01
3.419442367553710938e+01,6.301658630371093750e+01
3.778571701049804688e+01,6.420073699951171875e+01
2.931067657470703125e+01,6.720072174072265625e+01
4.619732284545898438e+01,7.308343505859375000e+01
5.018394470214843750e+01,7.871220397949218750e+01
6.819765472412109375e+01,1.035613403320312500e+02
7.691321563720703125e+01,1.096287384033203125e+02
9.007745361328125000e+01,1.075859298706054688e+02
2.517035484313964844e+01,6.403125000000000000e+01
2.758240318298339844e+01,7.124697875976562500e+01
1.183098068237304688e+02,1.304794921875000000e+02
1.071927566528320312e+02,1.224580841064453125e+02
1.258141250610351562e+02,1.308121337890625000e+02
1.212454147338867188e+02,1.301165466308593750e+02
1.101995468139648438e+02,1.254963378906250000e+02
1.272876586914062500e+02,1.329786376953125000e+02
1.016789016723632812e+02,1.247001953125000000e+02
3.175616264343261719e+01,1.014271011352539062e+02
3.075302124023437500e+01,1.006288452148437500e+02
1.069904174804687500e+02,1.206956710815429688e+02
1.202837753295898438e+02,1.299336853027343750e+02
1.060625991821289062e+02,1.186975860595703125e+02
1.089254531860351562e+02,1.220456085205078125e+02
1.081080322265625000e+02,1.204192276000976562e+02
1.108738784790039062e+02,1.242143249511718750e+02
1.204745559692382812e+02,1.254196243286132812e+02
1.050514526367187500e+02,1.178575286865234375e+02
1.076315689086914062e+02,1.208326187133789062e+02
1.058648300170898438e+02,1.188707656860351562e+02
1.085340805053710938e+02,1.211018676757812500e+02
1.130981063842773438e+02,1.235305480957031250e+02
1.073407821655273438e+02,1.197184448242187500e+02
1.105817489624023438e+02,1.235223999023437500e+02
1.085730667114257812e+02,1.213567047119140625e+02
1.123321762084960938e+02,1.247227172851562500e+02
1.111840209960937500e+02,1.227354660034179688e+02
1.033694076538085938e+02,1.156616973876953125e+02
1.061633529663085938e+02,1.184596099853515625e+02
1.099810714721679688e+02,1.225976028442382812e+02
3.089711761474609375e+01,7.586189270019531250e+01
3.440811538696289062e+01,7.720257568359375000e+01
3.377846145629882812e+01,8.203271484375000000e+01
1.040070190429687500e+02,1.200456771850585938e+02
2.715255737304687500e+01,7.477537536621093750e+01
5.617667770385742188e+01,9.568871307373046875e+01
3.371348953247070312e+01,7.339056396484375000e+01
3.961541366577148438e+01,7.931149291992187500e+01
4.114071655273437500e+01,8.159831237792968750e+01
2.209746551513671875e+01,6.371051788330078125e+01
1.973721504211425781e+01,6.233511352539062500e+01
2.276783180236816406e+01,6.342554855346679688e+01
2.083581924438476562e+01,6.261959838867187500e+01
2.158092308044433594e+01,6.410211944580078125e+01
2.652917289733886719e+01,6.604885864257812500e+01
2.127408409118652344e+01,6.094259643554687500e+01
2.196473884582519531e+01,6.194458770751953125e+01
2.517046165466308594e+01,6.775390625000000000e+01
2.303322792053222656e+01,6.696291351318359375e+01
2.276531982421875000e+01,6.654466247558593750e+01
2.606207275390625000e+01,6.689039611816406250e+01
3.926736068725585938e+01,8.231935119628906250e+01
6.624970245361328125e+01,1.059565887451171875e+02
9.271419525146484375e+01,1.238653793334960938e+02
7.959963989257812500e+01,1.147952194213867188e+02
7.963605499267578125e+01,1.176099395751953125e+02
7.040287017822265625e+01,7.512567138671875000e+01
8.469712066650390625e+01,8.926187133789062500e+01
7.332303619384765625e+01,8.453486633300781250e+01
5.833895874023437500e+01,6.909851837158203125e+01
6.613980102539062500e+01,8.027241516113281250e+01
8.834180450439453125e+01,9.369445800781250000e+01
9.128411865234375000e+01,9.926606750488281250e+01
9.255773162841796875e+01,9.761938476562500000e+01
7.926396179199218750e+01,8.395216369628906250e+01
6.847632598876953125e+01,8.197409057617187500e+01
6.695581054687500000e+01,7.922225952148437500e+01
8.793495941162109375e+01,9.376574707031250000e+01
9.068957519531250000e+01,9.816284942626953125e+01
5.889955139160156250e+01,6.778109741210937500e+01
5.050947952270507812e+01,6.378720855712890625e+01
5.461692428588867188e+01,7.008846282958984375e+01
8.090514373779296875e+01,8.595884704589843750e+01
6.209426498413085938e+01,6.967961120605468750e+01
9.140454864501953125e+01,9.809866333007812500e+01
6.904477691650390625e+01,7.849353027343750000e+01
6.804361724853515625e+01,7.567816925048828125e+01
8.088144683837890625e+01,8.655814361572265625e+01
7.295231628417968750e+01,8.470875549316406250e+01
6.883554077148437500e+01,9.204513549804687500e+01
6.989443206787109375e+01,8.243537902832031250e+01
7.740210723876953125e+01,9.058187866210937500e+01
7.003876495361328125e+01,8.171081542968750000e+01
9.170391845703125000e+01,1.057091827392578125e+02
8.489574432373046875e+01,9.499822235107421875e+01
9.365702056884765625e+01,9.832473754882812500e+01
1.427573852539062500e+02,1.435568847656250000e+02
1.418138275146484375e+02,1.430382690429687500e+02
3.175369071960449219e+01,7.147817993164062500e+01
2.869122886657714844e+01,7.136798858642578125e+01
3.330385589599609375e+01,7.477318572998046875e+01
3.017433738708496094e+01,7.118785858154296875e+01
3.071297645568847656e+01,7.208029174804687500e+01
2.839645385742187500e+01,7.202720642089843750e+01
3.141601371765136719e+01,7.536903381347656250e+01
2.302722930908203125e+01,6.633432769775390625e+01
3.751535034179687500e+01,7.672603607177734375e+01
3.546493911743164062e+01,7.704676818847656250e+01
4.130959701538085938e+01,7.770671081542968750e+01
2.280376243591308594e+01,7.023135375976562500e+01
2.233930015563964844e+01,7.062201690673828125e+01
1.152720031738281250e+02,1.436275329589843750e+02
1.055813217163085938e+02,1.353180694580078125e+02
1.084070358276367188e+02,1.349436187744140625e+02
9.848574066162109375e+01,1.319185485839843750e+02
1.068208389282226562e+02,1.353283538818359375e+02
1.175905761718750000e+02,1.361668395996093750e+02
1.004629440307617188e+02,1.321119995117187500e+02
1.082145996093750000e+02,1.341518859863281250e+02
1.083316040039062500e+02,1.351228332519531250e+02
1.167332534790039062e+02,1.379894409179687500e+02
9.444974517822265625e+01,1.324547119140625000e+02
1.022160263061523438e+02,1.353236083984375000e+02
9.914453125000000000e+01,1.310341491699218750e+02
1.069518814086914062e+02,1.315562286376953125e+02
1.266076583862304688e+02,1.378979797363281250e+02
1.070761337280273438e+02,1.340662994384765625e+02
1.016265182495117188e+02,1.314231262207031250e+02
9.621643829345703125e+01,1.321077117919921875e+02
9.638283538818359375e+01,1.312191772460937500e+02
1.200030746459960938e+02,1.374867553710937500e+02
1.037894515991210938e+02,1.338237609863281250e+02
1.174616928100585938e+02,1.367793884277343750e+02
9.278731536865234375e+01,1.294454040527343750e+02
9.484043121337890625e+01,1.288960418701171875e+02
1.019878921508789062e+02,1.308736419677734375e+02
9.640656280517578125e+01,1.304698181152343750e+02
1.028992691040039062e+02,1.327806701660156250e+02
1.115992202758789062e+02,1.363604888916015625e+02
1.092669677734375000e+02,1.362669067382812500e+02
1.342062530517578125e+02,1.389465026855468750e+02
1.124520950317382812e+02,1.294034881591796875e+02
1.048973007202148438e+02,1.268332443237304688e+02
1.122938308715820312e+02,1.312946929931640625e+02
1.328799743652343750e+02,1.361387329101562500e+02
1.328771209716796875e+02,1.378730316162109375e+02
1.072289657592773438e+02,1.250235290527343750e+02
1.095935974121093750e+02,1.253970184326171875e+02
1.214390335083007812e+02,1.311835632324218750e+02
1.092268295288085938e+02,1.288316040039062500e+02
1.215530929565429688e+02,1.327497558593750000e+02
1.233373336791992188e+02,1.359440917968750000e+02
1.226889648437500000e+02,1.354985351562500000e+02
9.860507965087890625e+01,1.238127441406250000e+02
1.207173995971679688e+02,1.324998474121093750e+02
1.096416320800781250e+02,1.267350006103515625e+02
1.221626205444335938e+02,1.329506835937500000e+02
1.297790985107421875e+02,1.371682281494140625e+02
1.227857360839843750e+02,1.327352294921875000e+02
1.342942047119140625e+02,1.384821624755859375e+02
1.120185852050781250e+02,1.289731750488281250e+02
1.038248367309570312e+02,1.233024978637695312e+02
1.066588058471679688e+02,1.232399749755859375e+02
9.362349700927734375e+01,1.191228790283203125e+02
1.358641815185546875e+02,1.393533325195312500e+02
1.320028533935546875e+02,1.370745391845703125e+02
1.042819519042968750e+02,1.227814407348632812e+02
1.195394973754882812e+02,1.304998474121093750e+02
1.330121459960937500e+02,1.373569946289062500e+02
1.068856430053710938e+02,1.229972915649414062e+02
1.186957626342773438e+02,1.289221496582031250e+02
1.326862640380859375e+02,1.374922485351562500e+02
1.076444931030273438e+02,1.253887634277343750e+02
1.313191070556640625e+02,1.378872375488281250e+02
1.220318603515625000e+02,1.330686645507812500e+02
1.144363021850585938e+02,1.314357757568359375e+02
1.313864593505859375e+02,1.373724365234375000e+02
1.324753112792968750e+02,1.373946380615234375e+02
1.082772445678710938e+02,1.250185546875000000e+02
1.187469711303710938e+02,1.295431518554687500e+02
1.212229843139648438e+02,1.336081237792968750e+02
9.682761383056640625e+01,1.209923248291015625e+02
1.083519515991210938e+02,1.240259933471679688e+02
1.223322143554687500e+02,1.357072753906250000e+02
1.313409118652343750e+02,1.381492614746093750e+02
1.042954101562500000e+02,1.229080657958984375e+02
1.161234130859375000e+02,1.316369323730468750e+02
1.173625106811523438e+02,1.333731536865234375e+02
1.287429809570312500e+02,1.347783813476562500e+02
1.229692687988281250e+02,1.352851867675781250e+02
1.224867324829101562e+02,1.343106689453125000e+02
1.233184890747070312e+02,1.349450073242187500e+02
7.326726531982421875e+01,7.587570190429687500e+01
4.036581039428710938e+01,5.510321426391601562e+01
4.535462570190429688e+01,5.595557785034179688e+01
6.427706909179687500e+01,6.565419769287109375e+01
6.683741760253906250e+01,6.805805969238281250e+01
1.284975738525390625e+02,1.177763824462890625e+02
1.194782409667968750e+02,1.068987426757812500e+02
3.440553665161132812e+01,7.726704406738281250e+01
3.525424575805664062e+01,7.638281250000000000e+01
3.482011795043945312e+01,7.434248352050781250e+01
3.572732925415039062e+01,6.269037628173828125e+01
2.849268150329589844e+01,7.587265777587890625e+01
3.701565551757812500e+01,7.976519775390625000e+01
3.986738967895507812e+01,5.685768890380859375e+01
4.454646682739257812e+01,6.204697036743164062e+01
4.526855087280273438e+01,6.240710830688476562e+01
3.741076660156250000e+01,5.667160034179687500e+01
2.448937988281250000e+01,3.580308532714843750e+01
2.784176635742187500e+01,4.330370330810546875e+01
4.061832427978515625e+01,6.010426330566406250e+01
2.769686889648437500e+01,4.150295639038085938e+01
2.219993019104003906e+01,3.233578872680664062e+01
2.370211791992187500e+01,3.596179962158203125e+01
4.264112472534179688e+01,5.814596557617187500e+01
4.263577270507812500e+01,5.879158401489257812e+01
2.125002861022949219e+01,3.096430969238281250e+01
2.651537895202636719e+01,3.760255813598632812e+01
2.614820671081542969e+01,3.972560882568359375e+01
2.615725135803222656e+01,3.772139739990234375e+01
2.576577186584472656e+01,3.748147964477539062e+01
4.090864181518554688e+01,6.809159088134765625e+01
4.627372360229492188e+01,7.473763275146484375e+01
4.030964279174804688e+01,6.730736541748046875e+01
4.094765090942382812e+01,6.868382263183593750e+01
4.579891586303710938e+01,7.314295959472656250e+01
4.597465896606445312e+01,7.484724426269531250e+01
1.048619995117187500e+02,1.305447082519531250e+02
1.160193252563476562e+02,1.317029418945312500e+02
1.275031433105468750e+02,1.348501892089843750e+02
1.252893371582031250e+02,1.348956909179687500e+02
1.298013763427734375e+02,1.362905883789062500e+02
1.056439743041992188e+02,1.130268478393554688e+02
1.056533813476562500e+02,1.245133056640625000e+02
1.178420028686523438e+02,1.354846496582031250e+02
1.271606826782226562e+02,1.365548858642578125e+02
1.222889709472656250e+02,1.353368225097656250e+02
1.311151733398437500e+02,1.368587341308593750e+02
1.188735046386718750e+02,1.331266784667968750e+02
1.186980972290039062e+02,1.327598571777343750e+02
1.179893722534179688e+02,1.347932739257812500e+02
1.270804672241210938e+02,1.363951721191406250e+02
1.213624649047851562e+02,1.340397338867187500e+02
1.311094970703125000e+02,1.364388732910156250e+02
8.766829681396484375e+01,1.250968017578125000e+02
8.605755615234375000e+01,1.256377258300781250e+02
4.805342483520507812e+01,8.864192962646484375e+01
4.699225234985351562e+01,9.061090850830078125e+01
3.988699722290039062e+01,8.577714538574218750e+01
5.740687942504882812e+01,9.877577209472656250e+01
4.564027786254882812e+01,8.560738372802734375e+01
5.125187683105468750e+01,8.625567626953125000e+01
4.815039062500000000e+01,8.815025329589843750e+01
3.292794418334960938e+01,6.968556213378906250e+01
4.097227096557617188e+01,8.502686309814453125e+01
6.015434265136718750e+01,1.009347381591796875e+02
5.156088256835937500e+01,9.488104248046875000e+01
4.459753417968750000e+01,8.694204711914062500e+01
6.732532501220703125e+01,1.050052032470703125e+02
1.046770248413085938e+02,1.309527893066406250e+02
1.190094223022460938e+02,1.332729797363281250e+02
1.111141586303710938e+02,1.320009765625000000e+02
1.246857986450195312e+02,1.347857971191406250e+02
1.015518722534179688e+02,1.253374328613281250e+02
1.129687423706054688e+02,1.303522338867187500e+02
1.045857772827148438e+02,1.303223419189453125e+02
1.187787780761718750e+02,1.331572265625000000e+02
1.105771255493164062e+02,1.305875396728515625e+02
1.247105331420898438e+02,1.341490783691406250e+02
1.160543212890625000e+02,1.302900085449218750e+02
1.148743972778320312e+02,1.329939880371093750e+02
1.261846618652343750e+02,1.345753479003906250e+02
1.189140853881835938e+02,1.332220153808593750e+02
1.099202804565429688e+02,1.325669097900390625e+02
1.187900772094726562e+02,1.318366394042968750e+02
1.027459945678710938e+02,1.223847732543945312e+02
1.132589721679687500e+02,1.311907043457031250e+02
9.981746673583984375e+01,1.233926086425781250e+02
1.028566513061523438e+02,1.230219345092773438e+02
6.774649810791015625e+01,1.176547622680664062e+02
7.784355926513671875e+01,1.126374359130859375e+02
1.017768554687500000e+02,1.251812286376953125e+02
1.045090408325195312e+02,1.275493850708007812e+02
1.001258544921875000e+02,1.238951873779296875e+02
7.377010345458984375e+01,1.021420669555664062e+02
1.009636230468750000e+02,1.290164184570312500e+02
1.114479141235351562e+02,1.278304367065429688e+02
1.171826171875000000e+02,1.258469467163085938e+02
9.129599761962890625e+01,1.136834259033203125e+02
1.010309829711914062e+02,1.181186065673828125e+02
1.140284347534179688e+02,1.226526947021484375e+02
9.332119750976562500e+01,1.151342926025390625e+02
8.731624603271484375e+01,1.105370330810546875e+02
9.727378082275390625e+01,1.155166320800781250e+02
9.998575592041015625e+01,1.181066436767578125e+02
1.066940689086914062e+02,1.289788665771484375e+02
8.933769989013671875e+01,1.184021606445312500e+02
9.917342376708984375e+01,1.232663421630859375e+02
9.709142303466796875e+01,1.167300567626953125e+02
9.968595123291015625e+01,1.181523742675781250e+02
9.501431274414062500e+01,1.143148345947265625e+02
1.089051589965820312e+02,1.212710571289062500e+02
3.160575675964355469e+01,6.864126586914062500e+01
3.970829391479492188e+01,7.963858795166015625e+01
4.318269729614257812e+01,8.533268737792968750e+01
5.149594497680664062e+01,9.028259277343750000e+01
5.712662887573242188e+01,1.011626739501953125e+02
7.999578094482421875e+01,1.090312194824218750e+02
3.946766662597656250e+01,7.361242675781250000e+01
5.000403976440429688e+01,8.244567871093750000e+01
5.661960220336914062e+01,9.126922607421875000e+01
5.844267654418945312e+01,9.077455902099609375e+01
6.512825775146484375e+01,9.665626525878906250e+01
7.216681671142578125e+01,9.666981506347656250e+01
7.178129577636718750e+01,9.648002624511718750e+01
7.895480346679687500e+01,1.007236175537109375e+02
8.904034423828125000e+01,1.027436904907226562e+02
1.212187805175781250e+02,1.353377685546875000e+02
1.191971054077148438e+02,1.353464813232421875e+02
1.282393341064453125e+02,1.371879577636718750e+02
1.236189804077148438e+02,1.359229736328125000e+02
1.318457641601562500e+02,1.375217590332031250e+02
1.197251358032226562e+02,1.350742950439453125e+02
1.230889282226562500e+02,1.349236145019531250e+02
1.251125488281250000e+02,1.355375061035156250e+02
8.544017791748046875e+01,1.248089294433593750e+02
9.425461578369140625e+01,1.255000457763671875e+02
1.378987426757812500e+02,1.374789123535156250e+02
1.299897308349609375e+02,1.343515014648437500e+02
1.319862823486328125e+02,1.364317016601562500e+02
1.337523040771484375e+02,1.374548339843750000e+02
1.354766998291015625e+02,1.372595977783203125e+02
1.349857788085937500e+02,1.337462615966796875e+02
1.302338867187500000e+02,1.367644653320312500e+02
1.323580322265625000e+02,1.353045654296875000e+02
1.302749023437500000e+02,1.372920837402343750e+02
1.327579498291015625e+02,1.367978515625000000e+02
1.335971069335937500e+02,1.370729675292968750e+02
1.310844268798828125e+02,1.367519226074218750e+02
1.313534698486328125e+02,1.367693176269531250e+02
1.344695281982421875e+02,1.375659484863281250e+02
1.293135375976562500e+02,1.372445678710937500e+02
1.316295471191406250e+02,1.373095703125000000e+02
1.301490325927734375e+02,1.363779754638671875e+02
1.223337402343750000e+02,1.314910888671875000e+02
1.286228332519531250e+02,1.367561340332031250e+02
1.317593078613281250e+02,1.369925537109375000e+02
1.294601745605468750e+02,1.367346649169921875e+02
1.317572174072265625e+02,1.369089202880859375e+02
1.369319610595703125e+02,1.398803558349609375e+02
1.329324493408203125e+02,1.376026458740234375e+02
1.352899932861328125e+02,1.383270263671875000e+02
1.332114715576171875e+02,1.377649993896484375e+02
1.330151062011718750e+02,1.378562927246093750e+02
1.354584503173828125e+02,1.384079895019531250e+02
1.317005157470703125e+02,1.374258728027343750e+02
1.337798156738281250e+02,1.383889465332031250e+02
1.297138519287109375e+02,1.366815795898437500e+02
1.319445800781250000e+02,1.368706970214843750e+02
1.325056152343750000e+02,1.371445465087890625e+02
1.335390930175781250e+02,1.364863281250000000e+02
1.310692596435546875e+02,1.349513244628906250e+02
1.332353820800781250e+02,1.374622650146484375e+02
1.316052246093750000e+02,1.374281463623046875e+02
1.347984466552734375e+02,1.382197570800781250e+02
1.366376647949218750e+02,1.395696868896484375e+02
1.344359741210937500e+02,1.350590209960937500e+02
1.335412292480468750e+02,1.377361755371093750e+02
1.348706512451171875e+02,1.381458740234375000e+02
1.315303955078125000e+02,1.374621429443359375e+02
1.324469909667968750e+02,1.379757995605468750e+02
1.352465820312500000e+02,1.381169281005859375e+02
1.354188385009765625e+02,1.365988311767578125e+02
1.345053253173828125e+02,1.390161895751953125e+02
1.389121551513671875e+02,1.409140777587890625e+02
1.340644073486328125e+02,1.378162536621093750e+02
1.333773345947265625e+02,1.372234497070312500e+02
1.145027389526367188e+02,1.253578109741210938e+02
1.104104995727539062e+02,1.254492797851562500e+02
1.128905258178710938e+02,1.274857635498046875e+02
1.056552505493164062e+02,1.133139419555664062e+02
1.067256088256835938e+02,1.179447631835937500e+02
1.064657669067382812e+02,1.165534515380859375e+02
1.090591430664062500e+02,1.161081466674804688e+02
1.183235244750976562e+02,1.233624496459960938e+02
9.356597137451171875e+01,1.113799285888671875e+02
1.099025650024414062e+02,1.148701324462890625e+02
1.143101577758789062e+02,1.195702819824218750e+02
1.011369323730468750e+02,1.162287445068359375e+02
1.062779159545898438e+02,1.136435317993164062e+02
9.199965667724609375e+01,1.101216278076171875e+02
1.089114761352539062e+02,1.136636199951171875e+02
1.156707382202148438e+02,1.193757324218750000e+02
1.104260635375976562e+02,1.144102706909179688e+02
1.121111679077148438e+02,1.160856475830078125e+02
1.032074203491210938e+02,1.138437805175781250e+02
1.167473449707031250e+02,1.171853027343750000e+02
6.597458648681640625e+01,1.117344360351562500e+02
7.044312286376953125e+01,1.167950744628906250e+02
6.970076751708984375e+01,1.096205749511718750e+02
1.013499984741210938e+02,1.256604537963867188e+02
7.441592407226562500e+01,1.153400421142578125e+02
4.626439285278320312e+01,8.898297119140625000e+01
7.657949066162109375e+01,1.090779495239257812e+02
5.116035842895507812e+01,9.457661437988281250e+01
6.355368423461914062e+01,1.107392120361328125e+02
6.623868560791015625e+01,1.054293060302734375e+02
8.845499420166015625e+01,9.717617797851562500e+01
4.939965820312500000e+01,6.868626403808593750e+01
5.268678665161132812e+01,7.162263488769531250e+01
5.132119750976562500e+01,7.090452575683593750e+01
4.773371505737304688e+01,6.762506103515625000e+01
4.705166625976562500e+01,6.663119506835937500e+01
4.560474777221679688e+01,6.244474792480468750e+01
4.614358901977539062e+01,6.420016479492187500e+01
4.756349563598632812e+01,6.429267120361328125e+01
5.804571533203125000e+01,7.052169036865234375e+01
4.783443832397460938e+01,6.572152709960937500e+01
5.687838745117187500e+01,7.169958496093750000e+01
4.316012954711914062e+01,6.143066787719726562e+01
1.010072860717773438e+02,1.285084228515625000e+02
1.024725112915039062e+02,1.301439514160156250e+02
7.530949401855468750e+01,9.261054229736328125e+01
7.543791961669921875e+01,9.251361083984375000e+01
6.969496154785156250e+01,8.805947875976562500e+01
4.811764526367187500e+01,8.891419982910156250e+01
4.632888793945312500e+01,8.593766784667968750e+01
1.264406814575195312e+02,1.377629547119140625e+02
1.469114303588867188e+01,1.736356353759765625e+01
4.514741516113281250e+01,9.053900146484375000e+01
2.585926055908203125e+01,8.456290435791015625e+01
2.120334053039550781e+01,6.675218200683593750e+01
2.168798255920410156e+01,6.917475128173828125e+01
2.866866874694824219e+01,7.779103088378906250e+01
2.726211738586425781e+01,7.531558227539062500e+01
2.082030296325683594e+01,6.409083557128906250e+01
3.350418472290039062e+01,7.715174865722656250e+01
1.776697731018066406e+01,7.447190856933593750e+01
2.539778137207031250e+01,8.082286071777343750e+01
1.956557273864746094e+01,6.934655761718750000e+01
2.603691673278808594e+01,7.810031127929687500e+01
2.795108985900878906e+01,7.544049835205078125e+01
2.061620712280273438e+01,6.908282470703125000e+01
2.099528884887695312e+01,6.522276306152343750e+01
2.173983955383300781e+01,5.983576202392578125e+01
1.966268539428710938e+01,7.147787475585937500e+01
1.892149925231933594e+01,6.385708618164062500e+01
2.450312232971191406e+01,7.419152832031250000e+01
1.536416339874267578e+01,4.795265197753906250e+01
1.947486305236816406e+01,7.611665344238281250e+01
2.799912834167480469e+01,7.878324127197265625e+01
3.006831359863281250e+01,7.236911010742187500e+01
2.853994178771972656e+01,7.431538391113281250e+01
3.202402114868164062e+01,7.512463378906250000e+01
3.436754226684570312e+01,8.050727844238281250e+01
3.685736465454101562e+01,6.804265594482421875e+01
2.644307708740234375e+01,7.761765289306640625e+01
2.803454017639160156e+01,8.087263488769531250e+01
2.758544349670410156e+01,8.045376586914062500e+01
3.100576591491699219e+01,7.765870666503906250e+01
2.136934471130371094e+01,7.261202239990234375e+01
3.935074996948242188e+01,7.855291748046875000e+01
9.423077392578125000e+01,1.132181396484375000e+02
1.905561637878417969e+01,6.978890991210937500e+01
6.135046386718750000e+01,8.835676574707031250e+01
1.171493759155273438e+02,1.239959793090820312e+02
1.261450500488281250e+02,1.290953674316406250e+02
1.251540603637695312e+02,1.279476928710937500e+02
6.734815216064453125e+01,8.560980987548828125e+01
7.225131988525390625e+01,9.269708251953125000e+01
2.338963317871093750e+01,8.536387634277343750e+01
2.014877128601074219e+01,5.436085510253906250e+01
2.029281806945800781e+01,5.853237152099609375e+01
2.200994300842285156e+01,8.095516967773437500e+01
2.052014732360839844e+01,8.023760986328125000e+01
1.804615783691406250e+01,7.254829406738281250e+01
2.329191017150878906e+01,7.672730255126953125e+01
2.092206573486328125e+01,6.955173492431640625e+01
3.353956222534179688e+01,9.753309631347656250e+01
2.308410453796386719e+01,8.325948333740234375e+01
2.693070793151855469e+01,8.356226348876953125e+01
2.138976478576660156e+01,7.296098327636718750e+01
1.270107421875000000e+02,1.331450805664062500e+02
1.166250915527343750e+02,1.254288330078125000e+02
1.243402481079101562e+02,1.314806518554687500e+02
1.254358825683593750e+02,1.316993408203125000e+02
1.212357406616210938e+02,1.300366973876953125e+02
1.336828155517578125e+02,1.383605957031250000e+02
1.230545959472656250e+02,1.298972320556640625e+02
1.251487655639648438e+02,1.324934082031250000e+02
7.585333251953125000e+01,1.016668090820312500e+02
1.243634948730468750e+02,1.313735961914062500e+02
1.346543731689453125e+02,1.378344726562500000e+02
1.287548217773437500e+02,1.339609222412109375e+02
1.206737670898437500e+02,1.337378387451171875e+02
1.213222045898437500e+02,1.295559234619140625e+02
1.233486938476562500e+02,1.295325012207031250e+02
1.255444030761718750e+02,1.321427307128906250e+02
1.275882186889648438e+02,1.322883300781250000e+02
1.246678695678710938e+02,1.309447021484375000e+02
1.252557373046875000e+02,1.310375671386718750e+02
6.437329101562500000e+01,8.423793029785156250e+01
1.247235488891601562e+02,1.316962890625000000e+02
1.281471557617187500e+02,1.328332824707031250e+02
1.271523437500000000e+02,1.322000427246093750e+02
1.240627136230468750e+02,1.308789367675781250e+02
1.272261734008789062e+02,1.325903625488281250e+02
1.274589462280273438e+02,1.329029235839843750e+02
1.587378215789794922e+01,4.325274658203125000e+01
2.754506683349609375e+01,8.062516784667968750e+01
3.391930389404296875e+01,7.694821929931640625e+01
3.743933486938476562e+01,6.167818832397460938e+01
3.022411346435546875e+01,6.827906036376953125e+01
2.736856079101562500e+01,6.564131164550781250e+01
2.723371315002441406e+01,6.254507446289062500e+01
5.163143539428710938e+01,7.872475433349609375e+01
6.129899597167968750e+01,9.031506347656250000e+01
4.315073776245117188e+01,7.173565673828125000e+01
4.768730545043945312e+01,7.389292907714843750e+01
5.372083663940429688e+01,7.656053161621093750e+01
4.653864669799804688e+01,6.725016784667968750e+01
5.667533493041992188e+01,8.460752868652343750e+01
6.786444854736328125e+01,9.095098876953125000e+01
6.441665649414062500e+01,9.037348937988281250e+01
6.048149108886718750e+01,8.181155395507812500e+01
7.293213653564453125e+01,9.301466369628906250e+01
8.136106109619140625e+01,9.619929504394531250e+01
5.743736267089843750e+01,8.273098754882812500e+01
6.642063140869140625e+01,8.681129455566406250e+01
6.353546142578125000e+01,8.569067382812500000e+01
7.258733367919921875e+01,8.915651702880859375e+01
6.734014129638671875e+01,8.753138732910156250e+01
7.570113372802734375e+01,8.777168273925781250e+01
5.367267990112304688e+01,7.315197753906250000e+01
6.197009277343750000e+01,7.537281799316406250e+01
5.987569046020507812e+01,7.588838958740234375e+01
6.543351745605468750e+01,8.009541320800781250e+01
9.333744049072265625e+01,1.059841461181640625e+02
8.660221099853515625e+01,1.003034439086914062e+02
8.915570831298828125e+01,1.037127838134765625e+02
9.523451995849609375e+01,1.067630462646484375e+02
6.716440582275390625e+01,8.730858612060546875e+01
9.152564239501953125e+01,1.059962463378906250e+02
8.926096343994140625e+01,1.039228820800781250e+02
8.549570465087890625e+01,1.003331298828125000e+02
9.453125762939453125e+01,1.078618316650390625e+02
9.904572296142578125e+01,1.105939941406250000e+02
8.431198120117187500e+01,9.896327209472656250e+01
7.620989227294921875e+01,9.247854614257812500e+01
8.837545013427734375e+01,1.016808471679687500e+02
9.503855133056640625e+01,1.056589736938476562e+02
7.701869964599609375e+01,8.226670837402343750e+01
8.755843353271484375e+01,9.600605773925781250e+01
9.116938018798828125e+01,9.687869262695312500e+01
8.923538970947265625e+01,9.660508728027343750e+01
9.212100982666015625e+01,9.328828430175781250e+01
7.187487792968750000e+01,9.284452819824218750e+01
7.485121917724609375e+01,9.396312713623046875e+01
6.181935119628906250e+01,8.676231384277343750e+01
7.309626007080078125e+01,9.442175292968750000e+01
7.582390594482421875e+01,9.589891052246093750e+01
7.916595458984375000e+01,9.809341430664062500e+01
6.598828887939453125e+01,8.635330963134765625e+01
6.459799957275390625e+01,8.462804412841796875e+01
7.078112030029296875e+01,8.963891601562500000e+01
6.472381591796875000e+01,8.661157226562500000e+01
6.974260711669921875e+01,8.895729827880859375e+01
6.959423828125000000e+01,9.022425842285156250e+01
7.924847412109375000e+01,8.965115356445312500e+01
7.443422698974609375e+01,8.713130187988281250e+01
6.450541687011718750e+01,8.092797088623046875e+01
7.089412689208984375e+01,8.662057495117187500e+01
6.424593353271484375e+01,7.876883697509765625e+01
7.408425140380859375e+01,8.827891540527343750e+01
8.279149627685546875e+01,1.025687713623046875e+02
8.737581634521484375e+01,1.069000854492187500e+02
8.267919158935546875e+01,1.041362075805664062e+02
8.114647674560546875e+01,1.019197540283203125e+02
8.199163818359375000e+01,1.049751129150390625e+02
7.027116394042968750e+01,8.839945983886718750e+01
8.023172760009765625e+01,9.455958557128906250e+01
6.658905792236328125e+01,8.666497802734375000e+01
7.338197326660156250e+01,9.121307373046875000e+01
6.727338409423828125e+01,8.811369323730468750e+01
7.510522460937500000e+01,9.144822692871093750e+01
8.504582977294921875e+01,9.758718872070312500e+01
6.188487243652343750e+01,8.050845336914062500e+01
7.157378387451171875e+01,8.538938903808593750e+01
5.798374557495117188e+01,7.790307617187500000e+01
6.671132659912109375e+01,8.336289978027343750e+01
6.923639678955078125e+01,8.646553802490234375e+01
6.421648406982421875e+01,7.841972351074218750e+01
7.584600067138671875e+01,8.278575897216796875e+01
6.978618621826171875e+01,8.149304199218750000e+01
6.132063674926757812e+01,7.384733581542968750e+01
5.891070175170898438e+01,8.150366210937500000e+01
4.471093750000000000e+01,6.913589477539062500e+01
4.829121017456054688e+01,7.076765441894531250e+01
4.821438598632812500e+01,6.856206512451171875e+01
4.518286132812500000e+01,6.481600952148437500e+01
5.494923400878906250e+01,7.948078918457031250e+01
6.245916748046875000e+01,8.589076232910156250e+01
5.880559158325195312e+01,8.319785308837890625e+01
5.708230972290039062e+01,8.258087158203125000e+01
5.013646316528320312e+01,7.577446746826171875e+01
5.735485839843750000e+01,8.056140136718750000e+01
6.219657897949218750e+01,8.413620758056640625e+01
5.767030715942382812e+01,6.944479370117187500e+01
4.839027023315429688e+01,7.162936401367187500e+01
5.631412887573242188e+01,7.279815673828125000e+01
1.006561050415039062e+02,1.041554260253906250e+02
9.306324005126953125e+01,1.005179748535156250e+02
8.815264892578125000e+01,9.800523376464843750e+01
8.754912567138671875e+01,9.953288269042968750e+01
9.113199615478515625e+01,1.012796783447265625e+02
6.625634002685546875e+01,7.642886352539062500e+01
5.355516433715820312e+01,6.467301940917968750e+01
6.601626586914062500e+01,8.220379638671875000e+01
8.680893707275390625e+01,1.002001266479492188e+02
5.084190368652343750e+01,7.963423156738281250e+01
6.125920486450195312e+01,8.875187683105468750e+01
6.984918975830078125e+01,8.914816284179687500e+01
6.350774002075195312e+01,8.335162353515625000e+01
4.907236862182617188e+01,7.326665496826171875e+01
1.003005599975585938e+02,1.057765655517578125e+02
1.066115951538085938e+02,1.097226409912109375e+02
1.252195205688476562e+02,1.265562896728515625e+02
1.235247802734375000e+02,1.260222778320312500e+02
9.083251953125000000e+01,1.053357849121093750e+02
5.366592788696289062e+01,7.631205749511718750e+01
1.059213256835937500e+02,1.141004486083984375e+02
1.179264221191406250e+02,1.213585510253906250e+02
4.675170898437500000e+01,6.967784118652343750e+01
2.159034156799316406e+01,3.029571914672851562e+01
4.000719070434570312e+01,6.056296539306640625e+01
4.060027313232421875e+01,6.773628234863281250e+01
3.116757011413574219e+01,5.867187500000000000e+01
1.358425617218017578e+01,2.334830665588378906e+01
1.486627292633056641e+01,3.164499282836914062e+01
2.594658851623535156e+01,8.456912231445312500e+01
1.542268371582031250e+01,7.203192901611328125e+01
2.428646278381347656e+01,3.907826232910156250e+01
7.279854583740234375e+01,1.041554870605468750e+02
6.034541702270507812e+01,8.613987731933593750e+01
5.662873458862304688e+01,8.347248840332031250e+01
5.283082199096679688e+01,7.761477661132812500e+01
5.963624954223632812e+01,8.915403747558593750e+01
4.930076980590820312e+01,7.505499267578125000e+01
7.448484802246093750e+01,9.335694122314453125e+01
7.364388275146484375e+01,9.748518371582031250e+01
6.459879302978515625e+01,8.510018920898437500e+01
4.788573074340820312e+01,7.337887573242187500e+01
6.527728271484375000e+01,9.520333862304687500e+01
9.178104400634765625e+01,1.154026794433593750e+02
7.938147735595703125e+01,1.080832214355468750e+02
8.021962738037109375e+01,1.037774581909179688e+02
6.444934844970703125e+01,8.893933105468750000e+01
6.772818756103515625e+01,1.008962783813476562e+02
5.479215621948242188e+01,8.045774841308593750e+01
5.560694503784179688e+01,8.085977935791015625e+01
5.447217941284179688e+01,8.239585876464843750e+01
6.203924560546875000e+01,8.666195678710937500e+01
4.641925430297851562e+01,7.394299316406250000e+01
5.380470657348632812e+01,8.077989196777343750e+01
7.804057312011718750e+01,9.550863647460937500e+01
7.068222808837890625e+01,9.076171875000000000e+01
7.263156127929687500e+01,9.743640899658203125e+01
5.605593872070312500e+01,7.998890686035156250e+01
6.266501998901367188e+01,8.526612854003906250e+01
7.658547973632812500e+01,9.142804718017578125e+01
8.059627532958984375e+01,1.046025238037109375e+02
7.720027923583984375e+01,9.404163360595703125e+01
9.428385162353515625e+01,1.146076049804687500e+02
8.359661102294921875e+01,1.092079467773437500e+02
8.064024353027343750e+01,1.018956680297851562e+02
7.013607025146484375e+01,8.877964782714843750e+01
7.324275970458984375e+01,9.326335144042968750e+01
6.973722076416015625e+01,1.026074371337890625e+02
6.972183990478515625e+01,1.019608001708984375e+02
3.731860351562500000e+01,7.427696228027343750e+01
5.144517135620117188e+01,8.177301025390625000e+01
4.314073562622070312e+01,7.671258544921875000e+01
3.907770156860351562e+01,6.958221435546875000e+01
5.653768920898437500e+01,8.432289886474609375e+01
2.868158149719238281e+01,6.541522216796875000e+01
3.514500427246093750e+01,6.908389282226562500e+01
3.650743865966796875e+01,7.550326538085937500e+01
8.064730072021484375e+01,1.090481643676757812e+02
8.572564697265625000e+01,1.108933334350585938e+02
3.561854171752929688e+01,7.615301513671875000e+01
5.396575546264648438e+01,8.509533691406250000e+01
3.749143600463867188e+01,7.347464752197265625e+01
5.312353515625000000e+01,7.611618041992187500e+01
3.725087356567382812e+01,6.693284606933593750e+01
7.280577850341796875e+01,1.026527481079101562e+02
5.805773925781250000e+01,8.317914581298828125e+01
4.968785095214843750e+01,7.780476379394531250e+01
6.317721939086914062e+01,9.552969360351562500e+01
3.948815917968750000e+01,7.247204589843750000e+01
4.809513473510742188e+01,7.151473999023437500e+01
4.953824996948242188e+01,7.668600463867187500e+01
4.379435348510742188e+01,6.790997314453125000e+01
4.800891113281250000e+01,6.826550292968750000e+01
6.466446685791015625e+01,9.703909301757812500e+01
3.750762557983398438e+01,7.269851684570312500e+01
4.428993225097656250e+01,6.806607055664062500e+01
7.491959381103515625e+01,1.004665145874023438e+02
4.145229721069335938e+01,7.439739990234375000e+01
7.116425323486328125e+01,1.076679077148437500e+02
4.027763748168945312e+01,8.445132446289062500e+01
5.531531906127929688e+01,9.055901336669921875e+01
5.337022018432617188e+01,9.648526000976562500e+01
3.143688774108886719e+01,7.454844665527343750e+01
6.574007415771484375e+01,1.046748962402343750e+02
6.539347076416015625e+01,1.019122772216796875e+02
6.561463928222656250e+01,1.013773117065429688e+02
4.003026199340820312e+01,8.158249664306640625e+01
4.357250976562500000e+01,7.768026733398437500e+01
1.257242813110351562e+02,1.321359252929687500e+02
1.233299942016601562e+02,1.285817413330078125e+02
1.224905776977539062e+02,1.278412094116210938e+02
1.226621017456054688e+02,1.271631317138671875e+02
1.233018188476562500e+02,1.287052612304687500e+02
1.235526962280273438e+02,1.279176940917968750e+02
1.231676330566406250e+02,1.285107421875000000e+02
1.258128433227539062e+02,1.318918914794921875e+02
1.257077407836914062e+02,1.297758026123046875e+02
1.240592880249023438e+02,1.278750534057617188e+02
3.937407684326171875e+01,1.124012756347656250e+02
1.734234428405761719e+01,1.120665645599365234e+01
4.438351440429687500e+01,8.477403259277343750e+01
4.883683395385742188e+01,5.055980682373046875e+01
1.023012313842773438e+02,8.480734252929687500e+01
1.080085220336914062e+02,1.234721832275390625e+02
1.100386123657226562e+02,1.237736129760742188e+02
1.183869705200195312e+02,1.290318298339843750e+02
1.217864151000976562e+02,1.294088134765625000e+02
1.184999389648437500e+02,1.295049285888671875e+02
1.219179916381835938e+02,1.320068664550781250e+02
1.153290176391601562e+02,1.269731140136718750e+02
1.055641784667968750e+02,1.216305389404296875e+02
1.198055114746093750e+02,1.298876190185546875e+02
1.233382644653320312e+02,1.314850921630859375e+02
1.192080993652343750e+02,1.295049743652343750e+02
1.296692199707031250e+02,1.346856384277343750e+02
1.185145797729492188e+02,1.284801940917968750e+02
5.795181274414062500e+01,1.013058166503906250e+02
4.160881423950195312e+01,7.860826110839843750e+01
4.524691772460937500e+01,8.496830749511718750e+01
2.319502449035644531e+01,6.702460479736328125e+01
2.144931030273437500e+01,1.745530509948730469e+01
6.107848739624023438e+01,5.350294494628906250e+01
7.709017944335937500e+01,9.281746673583984375e+01
6.813621520996093750e+01,7.720787048339843750e+01
2.996666717529296875e+01,1.499271202087402344e+01
8.146021270751953125e+01,1.299406433105468750e+02
7.433736419677734375e+01,1.225238342285156250e+02
9.120566558837890625e+01,1.229733276367187500e+02
8.689772796630859375e+01,1.245003662109375000e+02
8.108838653564453125e+01,1.174883728027343750e+02
7.506450653076171875e+01,1.235052185058593750e+02
9.326102447509765625e+01,1.209164428710937500e+02
8.175933074951171875e+01,1.253706817626953125e+02
9.172412109375000000e+01,1.309986572265625000e+02
8.429871368408203125e+01,1.206312408447265625e+02
9.111283111572265625e+01,1.250957794189453125e+02
8.416368484497070312e+00,5.247522354125976562e+01
2.203553199768066406e+01,7.334825134277343750e+01
8.627144622802734375e+01,1.116446533203125000e+02
3.701802444458007812e+01,8.551261901855468750e+01
3.163996315002441406e+01,6.746508026123046875e+01
5.300392150878906250e+01,8.567968750000000000e+01
8.344330596923828125e+01,1.151435394287109375e+02
1.017511825561523438e+02,1.235358810424804688e+02
1.028364257812500000e+02,1.268809051513671875e+02
1.351116180419921875e+02,1.362836151123046875e+02
1.264133605957031250e+02,1.302311706542968750e+02
1.323839263916015625e+02,1.360097656250000000e+02
1.075940246582031250e+02,1.159824218750000000e+02
1.128619613647460938e+02,1.202548904418945312e+02
1.186081771850585938e+02,1.241076354980468750e+02
1.139735107421875000e+02,1.230119628906250000e+02
1.154800109863281250e+02,1.265085906982421875e+02
1.054844970703125000e+02,1.252133178710937500e+02
2.598027801513671875e+01,6.536356353759765625e+01
2.575710487365722656e+01,6.275526809692382812e+01
7.781087493896484375e+01,7.255087280273437500e+01
4.553915786743164062e+01,5.554371261596679688e+01
8.027635955810546875e+01,7.363014984130859375e+01
9.205887603759765625e+01,9.868533325195312500e+01
6.829206085205078125e+01,6.981800079345703125e+01
7.988522338867187500e+01,7.545735168457031250e+01
8.576509857177734375e+01,7.509380340576171875e+01
7.335844421386718750e+01,7.112538146972656250e+01
6.923175811767578125e+01,8.557342529296875000e+01
4.650368881225585938e+01,5.692966461181640625e+01
7.350499725341796875e+01,7.960293579101562500e+01
5.504936218261718750e+01,5.850361251831054688e+01
5.916789627075195312e+01,5.983561706542968750e+01
7.119311523437500000e+01,8.343373107910156250e+01
4.767799758911132812e+01,5.605540466308593750e+01
6.332938766479492188e+01,6.273556518554687500e+01
8.350514984130859375e+01,7.443424987792968750e+01
5.261700057983398438e+01,5.869239807128906250e+01
6.570386505126953125e+01,6.379938888549804688e+01
5.543854141235351562e+01,5.896964263916015625e+01
1.457113361358642578e+01,4.426623535156250000e+01
3.263572311401367188e+01,6.924148559570312500e+01
4.634265136718750000e+01,7.847024536132812500e+01
5.725416946411132812e+01,1.131714019775390625e+02
6.155584335327148438e+01,1.117682723999023438e+02
6.021919631958007812e+01,1.115157012939453125e+02
6.210864257812500000e+01,1.097769165039062500e+02
5.014109420776367188e+01,1.001081542968750000e+02
6.229398727416992188e+01,1.117911529541015625e+02
9.230373382568359375e+01,1.251897888183593750e+02
7.891704559326171875e+01,1.209329376220703125e+02
6.990663146972656250e+01,1.138220367431640625e+02
7.772538757324218750e+01,1.184941024780273438e+02
8.058018493652343750e+01,1.217585144042968750e+02
6.701272583007812500e+01,1.108905029296875000e+02
4.338618087768554688e+01,1.010224151611328125e+02
7.766172027587890625e+01,1.191989974975585938e+02
4.379827880859375000e+01,8.629901123046875000e+01
2.099665832519531250e+01,9.458938598632812500e+01
2.785565757751464844e+01,1.050286407470703125e+02
2.462222862243652344e+01,1.005753784179687500e+02
2.593585395812988281e+01,1.070787200927734375e+02
3.071961212158203125e+01,1.051023406982421875e+02
1.981811714172363281e+01,9.214519500732421875e+01
3.045960044860839844e+01,8.419113922119140625e+01
2.598605918884277344e+01,7.765922546386718750e+01
3.072678947448730469e+01,8.280760192871093750e+01
2.867092895507812500e+01,8.186205291748046875e+01
3.012780952453613281e+01,7.545684051513671875e+01
3.565698623657226562e+01,7.770927429199218750e+01
3.421259689331054688e+01,8.342527770996093750e+01
3.710448837280273438e+01,7.996858215332031250e+01
3.365850067138671875e+01,7.477213287353515625e+01
3.519064331054687500e+01,7.852510070800781250e+01
3.292975234985351562e+01,7.305186462402343750e+01
4.612134933471679688e+01,7.888916015625000000e+01
2.411266899108886719e+01,6.971423339843750000e+01
2.829761505126953125e+01,7.097219848632812500e+01
3.217326736450195312e+01,7.237314605712890625e+01
2.575048255920410156e+01,7.052172851562500000e+01
3.433417892456054688e+01,7.975392150878906250e+01
3.060433006286621094e+01,8.529016113281250000e+01
3.187859153747558594e+01,7.552267456054687500e+01
3.350056076049804688e+01,7.716300964355468750e+01
2.675965881347656250e+01,7.263493347167968750e+01
3.031529235839843750e+01,7.784269714355468750e+01
3.330089950561523438e+01,7.694538116455078125e+01
3.147569465637207031e+01,8.273312377929687500e+01
3.402368545532226562e+01,8.039750671386718750e+01
3.071970558166503906e+01,7.446722412109375000e+01
3.200845336914062500e+01,7.529074096679687500e+01
3.107585906982421875e+01,7.939727020263671875e+01
3.545163345336914062e+01,8.074362182617187500e+01
3.287273025512695312e+01,7.934375000000000000e+01
3.817620468139648438e+01,7.637432861328125000e+01
2.581395912170410156e+01,6.979556274414062500e+01
2.280513763427734375e+01,6.815373229980468750e+01
2.886373901367187500e+01,7.056906127929687500e+01
2.688521766662597656e+01,7.517813873291015625e+01
2.965725517272949219e+01,7.563722229003906250e+01
2.487313079833984375e+01,7.749849700927734375e+01
2.810678672790527344e+01,7.929745483398437500e+01
2.673530578613281250e+01,7.636235809326171875e+01
2.799798011779785156e+01,7.981182861328125000e+01
2.461745452880859375e+01,7.285949707031250000e+01
2.737650108337402344e+01,7.814456176757812500e+01
2.674257850646972656e+01,7.529476928710937500e+01
2.550448608398437500e+01,7.860799407958984375e+01
3.075229835510253906e+01,8.140788269042968750e+01
2.284156608581542969e+01,7.063653564453125000e+01
2.783390235900878906e+01,7.681877136230468750e+01
2.619598388671875000e+01,7.704294586181640625e+01
3.184456825256347656e+01,8.394580841064453125e+01
2.883692932128906250e+01,7.717361450195312500e+01
2.275463294982910156e+01,7.360029602050781250e+01
2.499342346191406250e+01,7.911183929443359375e+01
3.664294052124023438e+01,6.469886779785156250e+01
4.055029678344726562e+01,6.854788208007812500e+01
4.177405548095703125e+01,7.337528991699218750e+01
3.966408157348632812e+01,6.614332580566406250e+01
4.813515090942382812e+01,7.586421203613281250e+01
3.955106353759765625e+01,7.019157409667968750e+01
3.799905014038085938e+01,7.012779235839843750e+01
4.317826461791992188e+01,7.204679870605468750e+01
4.950370407104492188e+01,7.493424224853515625e+01
4.336721420288085938e+01,7.601567077636718750e+01
4.738457107543945312e+01,7.144538879394531250e+01
4.212377548217773438e+01,6.625932312011718750e+01
4.521611404418945312e+01,6.680146789550781250e+01
4.133195114135742188e+01,7.394194030761718750e+01
4.662034988403320312e+01,6.606618499755859375e+01
3.747027969360351562e+01,6.485183715820312500e+01
3.269742965698242188e+01,6.624836730957031250e+01
4.101241683959960938e+01,7.162867736816406250e+01
4.852973937988281250e+01,7.925279235839843750e+01
1.175399551391601562e+02,1.294936218261718750e+02
1.223593368530273438e+02,1.326847229003906250e+02
1.248718032836914062e+02,1.354936828613281250e+02
1.294922332763671875e+02,1.333832244873046875e+02
1.329035339355468750e+02,1.356085815429687500e+02
1.132374267578125000e+02,1.312422027587890625e+02
1.179046630859375000e+02,1.275481872558593750e+02
1.187899551391601562e+02,1.279353332519531250e+02
1.249540634155273438e+02,1.308556823730468750e+02
1.290895233154296875e+02,1.313486480712890625e+02
1.252325057983398438e+02,1.327877349853515625e+02
1.240430297851562500e+02,1.311973876953125000e+02
1.258855209350585938e+02,1.359097290039062500e+02
1.247478256225585938e+02,1.319989318847656250e+02
1.252711105346679688e+02,1.321966857910156250e+02
1.183418807983398438e+02,1.247918243408203125e+02
1.251061935424804688e+02,1.265406875610351562e+02
1.300949859619140625e+02,1.361340637207031250e+02
2.906458473205566406e+01,6.804214477539062500e+01
2.027495956420898438e+01,5.670948791503906250e+01
1.279855823516845703e+01,4.790021514892578125e+01
9.825042724609375000e+00,5.001419067382812500e+01
8.912622451782226562e+00,4.742221069335937500e+01
9.203276634216308594e+00,4.881612777709960938e+01
8.694899559020996094e+00,4.240804290771484375e+01
7.694406509399414062e+00,4.572170257568359375e+01
8.677666664123535156e+00,4.721923065185546875e+01
1.082676696777343750e+02,1.224417114257812500e+02
1.081566162109375000e+02,1.230474548339843750e+02
1.066430053710937500e+02,1.235507507324218750e+02
1.071627426147460938e+02,1.191738739013671875e+02
1.160325317382812500e+02,1.250358352661132812e+02
7.755935668945312500e+01,1.306879272460937500e+02
7.467932128906250000e+01,1.279088134765625000e+02
9.552425384521484375e+01,1.326840820312500000e+02
9.882962036132812500e+01,1.319405059814453125e+02
7.735213470458984375e+01,1.284144897460937500e+02
5.988019943237304688e+01,1.202908401489257812e+02
6.618645477294921875e+01,1.258506469726562500e+02
1.026826400756835938e+02,1.314988403320312500e+02
9.460626220703125000e+01,1.303874511718750000e+02
9.397751617431640625e+01,1.303632202148437500e+02
9.677078247070312500e+01,1.340047912597656250e+02
8.958760833740234375e+01,1.354236297607421875e+02
9.805895996093750000e+01,1.335294189453125000e+02
9.120951080322265625e+01,1.104349365234375000e+02
1.029445877075195312e+02,1.155945739746093750e+02
1.104061889648437500e+02,1.241588363647460938e+02
9.894124603271484375e+01,1.057653808593750000e+02
1.135537185668945312e+02,1.193234252929687500e+02
1.051594848632812500e+02,1.086702575683593750e+02
1.029862747192382812e+02,1.065864868164062500e+02
9.836440277099609375e+01,1.047807769775390625e+02
1.135230941772460938e+02,1.230896453857421875e+02
1.093193740844726562e+02,1.124588241577148438e+02
1.212999038696289062e+02,1.243983001708984375e+02
1.130568847656250000e+02,1.147496337890625000e+02
5.222190475463867188e+01,7.801307678222656250e+01
3.940242385864257812e+01,6.497903442382812500e+01
1.097208862304687500e+02,1.154619293212890625e+02
5.411317062377929688e+01,9.630184173583984375e+01
4.269088363647460938e+01,8.659704589843750000e+01
6.218620300292968750e+01,9.748780822753906250e+01
3.747019958496093750e+01,7.723889160156250000e+01
7.185767364501953125e+01,1.016393585205078125e+02
4.849315261840820312e+01,8.021144866943359375e+01
8.182041168212890625e+01,1.131517333984375000e+02
6.017955398559570312e+01,9.959170532226562500e+01
7.182384490966796875e+01,1.072530593872070312e+02
7.688339996337890625e+01,1.048735198974609375e+02
7.510388946533203125e+01,1.042666549682617188e+02
6.710025024414062500e+01,9.911407470703125000e+01
8.816412353515625000e+01,1.036568603515625000e+02
7.036968994140625000e+01,8.885707092285156250e+01
5.311289596557617188e+01,7.910926818847656250e+01
6.922409057617187500e+01,9.275663757324218750e+01
7.427814483642578125e+01,9.910523986816406250e+01
5.089255142211914062e+01,8.093339538574218750e+01
6.519646453857421875e+01,9.119979858398437500e+01
5.814106369018554688e+01,8.310491180419921875e+01
5.279263687133789062e+01,8.288195800781250000e+01
4.796558761596679688e+01,7.616952514648437500e+01
5.631074905395507812e+01,8.815567016601562500e+01
4.270280456542968750e+01,7.078314971923828125e+01
4.658343505859375000e+01,7.791265869140625000e+01
3.139189147949218750e+01,5.813776397705078125e+01
6.198384475708007812e+01,7.848675537109375000e+01
6.962863922119140625e+01,9.111585998535156250e+01
6.636043548583984375e+01,9.273327636718750000e+01
8.233477020263671875e+01,9.649731445312500000e+01
7.628686523437500000e+01,9.930905151367187500e+01
5.350114822387695312e+01,7.737586975097656250e+01
6.784030914306640625e+01,8.856552886962890625e+01
6.670108795166015625e+01,8.599440002441406250e+01
6.938004302978515625e+01,9.107913208007812500e+01
7.260226440429687500e+01,8.907086181640625000e+01
5.264232254028320312e+01,7.081033325195312500e+01
5.963468551635742188e+01,8.289967346191406250e+01
8.481074523925781250e+01,1.035848083496093750e+02
3.034358406066894531e+01,7.334835815429687500e+01
2.554563331604003906e+01,6.733064270019531250e+01
5.504397964477539062e+01,9.071690368652343750e+01
3.604830169677734375e+01,6.775842285156250000e+01
5.183746337890625000e+01,8.116098022460937500e+01
4.518727111816406250e+01,5.455638885498046875e+01
4.085795211791992188e+01,5.319078063964843750e+01
4.076930618286132812e+01,5.441784667968750000e+01
3.994749069213867188e+01,6.865637969970703125e+01
3.883409881591796875e+01,5.731302642822265625e+01
3.790763473510742188e+01,5.933472824096679688e+01
3.890000152587890625e+01,6.670880126953125000e+01
3.690324401855468750e+01,5.563534927368164062e+01
3.426446914672851562e+01,5.782319641113281250e+01
5.201484298706054688e+01,7.496348571777343750e+01
3.671239852905273438e+01,5.892831039428710938e+01
3.459771347045898438e+01,5.335462951660156250e+01
3.573989486694335938e+01,5.845361328125000000e+01
3.344026565551757812e+01,5.293415451049804688e+01
4.426168823242187500e+01,6.243706512451171875e+01
4.134316253662109375e+01,1.003913726806640625e+02
3.586517715454101562e+01,1.007307434082031250e+02
4.577851486206054688e+01,8.520475769042968750e+01
5.467659378051757812e+01,8.679716491699218750e+01
7.126542663574218750e+01,9.601933288574218750e+01
4.269581222534179688e+01,8.356980895996093750e+01
4.552836608886718750e+01,8.784526062011718750e+01
4.253957748413085938e+01,8.487624359130859375e+01
4.393895339965820312e+01,8.600395965576171875e+01
3.803807449340820312e+01,8.015570068359375000e+01
5.064200973510742188e+01,8.473205566406250000e+01
4.898366165161132812e+01,9.234129333496093750e+01
6.124945068359375000e+01,9.122051239013671875e+01
5.198444747924804688e+01,8.569335937500000000e+01
5.921973800659179688e+01,8.463357543945312500e+01
5.931815719604492188e+01,9.226595306396484375e+01
4.251914596557617188e+01,8.228739929199218750e+01
4.078786849975585938e+01,8.035949707031250000e+01
4.691685104370117188e+01,7.985308837890625000e+01
4.650462722778320312e+01,8.857388305664062500e+01
4.866555786132812500e+01,8.011175537109375000e+01
4.268688964843750000e+01,7.597784423828125000e+01
6.497408294677734375e+01,9.273866271972656250e+01
5.324186706542968750e+01,8.648916625976562500e+01
4.562398147583007812e+01,8.781875610351562500e+01
4.108952331542968750e+01,8.311053466796875000e+01
5.246927261352539062e+01,9.647767639160156250e+01
6.223579025268554688e+01,9.665431213378906250e+01
6.114569473266601562e+01,8.356098937988281250e+01
3.706582260131835938e+01,7.235902404785156250e+01
2.995739936828613281e+01,6.575682830810546875e+01
3.647880172729492188e+01,6.606335449218750000e+01
1.913242340087890625e+01,1.258460807800292969e+01
2.231818962097167969e+01,1.295849514007568359e+01
2.155940246582031250e+01,1.209521102905273438e+01
9.774251556396484375e+01,7.702351379394531250e+01
8.794427490234375000e+01,1.124662780761718750e+02
1.939274597167968750e+01,9.060605621337890625e+01
2.369315147399902344e+01,9.865429687500000000e+01
1.480833339691162109e+01,8.604942321777343750e+01
9.827034759521484375e+01,1.037541732788085938e+02
6.585946655273437500e+01,8.508917236328125000e+01
7.726734161376953125e+01,8.871615600585937500e+01
6.397053146362304688e+01,7.522105407714843750e+01
6.136968612670898438e+01,7.778846740722656250e+01
6.433521270751953125e+01,7.634467315673828125e+01
8.447811889648437500e+01,8.950200653076171875e+01
9.259698486328125000e+01,9.960380554199218750e+01
9.035984039306640625e+01,9.716099548339843750e+01
8.747597503662109375e+01,9.921327209472656250e+01
9.858385467529296875e+01,1.096533966064453125e+02
9.857162475585937500e+01,1.092146530151367188e+02
6.612391662597656250e+01,7.582148742675781250e+01
7.782064819335937500e+01,8.373657226562500000e+01
7.531299591064453125e+01,8.618632507324218750e+01
9.683579254150390625e+01,9.887864685058593750e+01
8.780120849609375000e+01,9.060701751708984375e+01
9.460288238525390625e+01,1.006658935546875000e+02
9.003957366943359375e+01,9.608805084228515625e+01
1.077301025390625000e+02,1.319294433593750000e+02
1.129967651367187500e+02,1.379354248046875000e+02
1.156981430053710938e+02,1.368769073486328125e+02
2.779398918151855469e+01,6.451763153076171875e+01
1.199689712524414062e+02,1.309439697265625000e+02
8.181876373291015625e+01,9.597811126708984375e+01
8.016367340087890625e+01,9.706333923339843750e+01
6.404928588867187500e+01,9.286055755615234375e+01
8.342076873779296875e+01,9.596667480468750000e+01
7.643980407714843750e+01,9.775021362304687500e+01
7.125682830810546875e+01,9.206352233886718750e+01
8.100869750976562500e+01,9.736908721923828125e+01
7.857577514648437500e+01,9.739395141601562500e+01
6.428249359130859375e+01,9.007466888427734375e+01
7.350795745849609375e+01,9.255722045898437500e+01
5.762080764770507812e+01,8.641030883789062500e+01
7.435424804687500000e+01,8.988665771484375000e+01
8.503250122070312500e+01,1.023908691406250000e+02
7.817527008056640625e+01,9.728312683105468750e+01
6.298785400390625000e+01,9.143664550781250000e+01
7.528936004638671875e+01,9.413336181640625000e+01
7.704479980468750000e+01,9.701860809326171875e+01
7.363457489013671875e+01,9.315298461914062500e+01
7.220836639404296875e+01,9.069425964355468750e+01
7.585444641113281250e+01,9.323636627197265625e+01
8.260552978515625000e+01,9.699081420898437500e+01
7.920777893066406250e+01,9.343135070800781250e+01
8.008605194091796875e+01,9.753646850585937500e+01
7.431909179687500000e+01,9.428573608398437500e+01
8.318968963623046875e+01,1.019739990234375000e+02
8.102511596679687500e+01,1.142743606567382812e+02
7.552426910400390625e+01,8.959271240234375000e+01
8.141469573974609375e+01,9.201999664306640625e+01
7.998836517333984375e+01,9.459088134765625000e+01
7.459206390380859375e+01,9.262281799316406250e+01
7.829656982421875000e+01,9.395358276367187500e+01
7.556008148193359375e+01,8.993105316162109375e+01
8.308755493164062500e+01,9.626319122314453125e+01
9.444698333740234375e+01,1.104586029052734375e+02
8.724785614013671875e+01,1.059795379638671875e+02
1.243201217651367188e+02,1.329258117675781250e+02
1.037141494750976562e+02,1.203996124267578125e+02
1.030478286743164062e+02,1.199264068603515625e+02
1.032524414062500000e+02,1.207946166992187500e+02
9.756997680664062500e+01,1.160483703613281250e+02
9.688843536376953125e+01,1.157986297607421875e+02
1.087444992065429688e+02,1.223912582397460938e+02
1.088847656250000000e+02,1.237761917114257812e+02
1.083925781250000000e+02,1.249383544921875000e+02
9.864351654052734375e+01,1.134164123535156250e+02
9.873744964599609375e+01,1.130696258544921875e+02
1.102934570312500000e+02,1.252521896362304688e+02
1.030706787109375000e+02,1.194241790771484375e+02
9.862390136718750000e+01,1.149014587402343750e+02
7.625041961669921875e+01,1.022008132934570312e+02
1.018970718383789062e+02,1.190719146728515625e+02
9.724037933349609375e+01,1.141621093750000000e+02
1.012399826049804688e+02,1.167855682373046875e+02
9.594246673583984375e+01,1.115435333251953125e+02
9.873293304443359375e+01,1.142604827880859375e+02
9.967578125000000000e+01,1.118369445800781250e+02
9.818536376953125000e+01,1.129136199951171875e+02
9.562270355224609375e+01,1.091913299560546875e+02
7.989877319335937500e+01,9.433308410644531250e+01
6.148234558105468750e+01,8.876585388183593750e+01
7.452050018310546875e+01,9.329434204101562500e+01
7.734542846679687500e+01,9.400030517578125000e+01
5.306526565551757812e+01,7.916281127929687500e+01
7.273870849609375000e+01,9.270011138916015625e+01
1.085429458618164062e+02,1.195747985839843750e+02
8.070590972900390625e+01,9.819417572021484375e+01
8.495174407958984375e+01,1.001768798828125000e+02
7.869692993164062500e+01,9.849447631835937500e+01
8.373922729492187500e+01,9.991883850097656250e+01
7.558483123779296875e+01,9.467429351806640625e+01
7.664664459228515625e+01,9.776544189453125000e+01
8.165866088867187500e+01,9.928876495361328125e+01
7.743703460693359375e+01,9.443643188476562500e+01
7.533301544189453125e+01,9.425165557861328125e+01
7.413800811767578125e+01,9.414482116699218750e+01
8.942238616943359375e+01,1.166704559326171875e+02
9.880998992919921875e+01,1.159314270019531250e+02
9.364009857177734375e+01,1.179414215087890625e+02
1.083771438598632812e+02,1.182982788085937500e+02
7.654900360107421875e+01,9.310061645507812500e+01
9.412445831298828125e+01,1.165014343261718750e+02
7.382808685302734375e+01,1.062992630004882812e+02
7.487355804443359375e+01,1.088240203857421875e+02
8.037107086181640625e+01,1.132229232788085938e+02
7.932915496826171875e+01,1.126958618164062500e+02
8.611462402343750000e+01,1.154511795043945312e+02
7.571517944335937500e+01,1.069718475341796875e+02
9.041845703125000000e+01,1.160793838500976562e+02
8.198191833496093750e+01,1.123794479370117188e+02
9.274283599853515625e+01,1.172101440429687500e+02
9.316837310791015625e+01,1.183934173583984375e+02
9.935540008544921875e+01,1.216928710937500000e+02
1.002429809570312500e+02,1.212430419921875000e+02
1.167412643432617188e+02,1.285040588378906250e+02
1.009693832397460938e+02,1.219268188476562500e+02
6.974895477294921875e+01,1.059360046386718750e+02
6.626090240478515625e+01,1.033534545898437500e+02
7.737774658203125000e+01,1.105589141845703125e+02
9.634395599365234375e+01,1.167151184082031250e+02
8.770980072021484375e+01,1.140647277832031250e+02
9.739369964599609375e+01,1.206927947998046875e+02
8.607175445556640625e+01,1.143948898315429688e+02
1.068999633789062500e+02,1.229930191040039062e+02
7.978784942626953125e+01,1.115801544189453125e+02
9.116922760009765625e+01,1.168811874389648438e+02
9.766304779052734375e+01,1.198884658813476562e+02
9.785530853271484375e+01,1.203282089233398438e+02
7.691788482666015625e+01,1.098362579345703125e+02
5.591364669799804688e+01,9.602380371093750000e+01
5.657936477661132812e+01,1.076154098510742188e+02
6.447074127197265625e+01,1.031914367675781250e+02
6.413021087646484375e+01,1.151848907470703125e+02
7.056202697753906250e+01,1.038533477783203125e+02
7.165662384033203125e+01,1.135266189575195312e+02
6.782177734375000000e+01,1.013910064697265625e+02
6.762554168701171875e+01,1.062507171630859375e+02
5.853359603881835938e+01,9.758300781250000000e+01
6.728952026367187500e+01,1.038375701904296875e+02
7.010449981689453125e+01,1.023873138427734375e+02
6.464541625976562500e+01,9.831198120117187500e+01
5.467370605468750000e+01,9.540884399414062500e+01
6.422733306884765625e+01,9.815666198730468750e+01
6.983869934082031250e+01,1.069132537841796875e+02
6.706281280517578125e+01,1.026574783325195312e+02
6.538034820556640625e+01,1.080951385498046875e+02
6.444219970703125000e+01,1.051297760009765625e+02
5.771949768066406250e+01,1.006132965087890625e+02
6.578803253173828125e+01,1.054732818603515625e+02
6.757798004150390625e+01,1.045735168457031250e+02
6.510804748535156250e+01,9.615567016601562500e+01
7.068672943115234375e+01,1.018716659545898438e+02
7.908797454833984375e+01,1.051913757324218750e+02
6.300234985351562500e+01,1.010225830078125000e+02
6.899861907958984375e+01,1.047697753906250000e+02
7.158669281005859375e+01,1.039528808593750000e+02
8.480381011962890625e+01,1.101862182617187500e+02
8.659778594970703125e+01,1.113229751586914062e+02
4.417340087890625000e+01,7.772437286376953125e+01
4.037814331054687500e+01,7.039802551269531250e+01
4.165925979614257812e+01,8.894779968261718750e+01
3.280891799926757812e+01,6.213546752929687500e+01
3.447341918945312500e+01,6.449464416503906250e+01
3.477979660034179688e+01,6.765476989746093750e+01
3.335251998901367188e+01,6.638614654541015625e+01
3.408040618896484375e+01,6.781767272949218750e+01
3.625320053100585938e+01,6.947696685791015625e+01
3.373727798461914062e+01,6.642631530761718750e+01
1.145921325683593750e+02,1.345342254638671875e+02
1.262411270141601562e+02,1.376888427734375000e+02
1.231787948608398438e+02,1.375085754394531250e+02
1.275401992797851562e+02,1.378863220214843750e+02
1.099699325561523438e+02,1.340599670410156250e+02
1.227151412963867188e+02,1.387586059570312500e+02
1.333483276367187500e+02,1.430353546142578125e+02
1.253110961914062500e+02,1.418803863525390625e+02
1.332941284179687500e+02,1.432917480468750000e+02
1.311181945800781250e+02,1.421756591796875000e+02
3.424708938598632812e+01,7.917581176757812500e+01
7.395444488525390625e+01,1.054375762939453125e+02
8.444679260253906250e+01,1.167199554443359375e+02
4.563941574096679688e+01,9.082872009277343750e+01
7.580081176757812500e+01,1.055633239746093750e+02
6.874568939208984375e+01,1.043849182128906250e+02
6.210419845581054688e+01,1.102739868164062500e+02
4.997268295288085938e+01,9.232405090332031250e+01
5.949991989135742188e+01,1.015332260131835938e+02
4.255348587036132812e+01,8.352203369140625000e+01
6.274415206909179688e+01,1.061807098388671875e+02
5.896733474731445312e+01,1.047047042846679688e+02
5.701208496093750000e+01,8.909403228759765625e+01
3.244322586059570312e+01,6.992038726806640625e+01
5.766807937622070312e+01,9.306628417968750000e+01
5.474715042114257812e+01,9.788607788085937500e+01
7.008893585205078125e+01,1.051239929199218750e+02
8.222124481201171875e+01,1.173426132202148438e+02
6.597142791748046875e+01,1.154342346191406250e+02
6.979808044433593750e+01,1.057423553466796875e+02
4.861318969726562500e+01,9.869171142578125000e+01
6.629575347900390625e+01,9.402021789550781250e+01
3.565022659301757812e+01,7.273158264160156250e+01
5.526546096801757812e+01,9.077869415283203125e+01
4.130705261230468750e+01,8.631958770751953125e+01
5.742868041992187500e+01,9.106113433837890625e+01
6.807254791259765625e+01,1.090584869384765625e+02
4.014820480346679688e+01,8.894685363769531250e+01
5.490600204467773438e+01,1.071965866088867188e+02
7.665579223632812500e+01,1.124486465454101562e+02
7.333751678466796875e+01,1.111499786376953125e+02
5.869876480102539062e+01,9.686670684814453125e+01
2.748004913330078125e+01,6.805876159667968750e+01
6.689502716064453125e+01,1.070599822998046875e+02
3.024468421936035156e+01,7.280184936523437500e+01
6.383978271484375000e+01,1.145771713256835938e+02
3.320114517211914062e+01,6.723947143554687500e+01
3.946574401855468750e+01,8.717165374755859375e+01
6.546878051757812500e+01,9.355612945556640625e+01
3.747320556640625000e+01,8.266552734375000000e+01
3.331081771850585938e+01,6.501930236816406250e+01
5.581008911132812500e+01,9.231414031982421875e+01
5.377511978149414062e+01,8.860192108154296875e+01
3.627643203735351562e+01,6.390489578247070312e+01
6.520839691162109375e+01,1.007667541503906250e+02
4.629769897460937500e+01,8.151492309570312500e+01
3.198789215087890625e+01,6.663630676269531250e+01
3.127004051208496094e+01,6.822380065917968750e+01
5.214465332031250000e+01,9.446331787109375000e+01
8.706835937500000000e+01,1.156327667236328125e+02
5.283060073852539062e+01,9.299685668945312500e+01
8.886544036865234375e+01,1.154972763061523438e+02
5.053839111328125000e+01,9.505751037597656250e+01
7.689861297607421875e+01,1.058874206542968750e+02
6.066114425659179688e+01,8.821507263183593750e+01
5.717247390747070312e+01,9.219304656982421875e+01
7.148539733886718750e+01,1.058709716796875000e+02
5.619865798950195312e+01,1.013713455200195312e+02
3.924449157714843750e+01,8.226602172851562500e+01
5.903853225708007812e+01,9.463195800781250000e+01
5.908261108398437500e+01,1.027384414672851562e+02
4.258362960815429688e+01,8.371466064453125000e+01
7.647898864746093750e+01,1.091010513305664062e+02
5.650986862182617188e+01,1.039008636474609375e+02
3.793441772460937500e+01,8.279303741455078125e+01
7.161209106445312500e+01,1.064093399047851562e+02
2.389214324951171875e+01,6.709570312500000000e+01
6.239956283569335938e+01,1.000915069580078125e+02
5.037486648559570312e+01,9.051339721679687500e+01
6.366843795776367188e+01,8.676963806152343750e+01
6.342251586914062500e+01,8.651982879638671875e+01
6.001986312866210938e+01,8.522290039062500000e+01
5.894334793090820312e+01,9.353041076660156250e+01
3.353170776367187500e+01,6.267745971679687500e+01
3.173531150817871094e+01,6.659529113769531250e+01
7.267441558837890625e+01,1.047736434936523438e+02
3.842574691772460938e+01,8.184164428710937500e+01
3.815253067016601562e+01,7.861973571777343750e+01
3.914355468750000000e+01,7.540908050537109375e+01
5.316260910034179688e+01,9.114927673339843750e+01
6.064160537719726562e+01,9.676203155517578125e+01
2.795180702209472656e+01,6.711227416992187500e+01
4.375030517578125000e+01,7.519966888427734375e+01
4.114270782470703125e+01,7.593373107910156250e+01
3.625011062622070312e+01,7.051744079589843750e+01
3.501409149169921875e+01,6.947712707519531250e+01
7.292227172851562500e+01,1.046181640625000000e+02
4.793308639526367188e+01,9.592213439941406250e+01
3.378413772583007812e+01,6.913160705566406250e+01
7.130149078369140625e+01,1.045549926757812500e+02
5.639293289184570312e+01,9.504592132568359375e+01
5.337781906127929688e+01,1.028436737060546875e+02
5.361940383911132812e+01,8.865197753906250000e+01
2.772791481018066406e+01,7.109544372558593750e+01
7.263859558105468750e+01,1.020420227050781250e+02
5.905578994750976562e+01,8.763278198242187500e+01
5.602488327026367188e+01,9.292044067382812500e+01
8.100820159912109375e+01,1.090034484863281250e+02
6.059859085083007812e+01,1.014997482299804688e+02
9.725612640380859375e+01,1.110298233032226562e+02
1.310883941650390625e+02,1.380505065917968750e+02
1.317878265380859375e+02,1.364298706054687500e+02
1.267252883911132812e+02,1.345104675292968750e+02
1.281811676025390625e+02,1.353038787841796875e+02
1.354419708251953125e+02,1.375009460449218750e+02
1.404850921630859375e+02,1.391515808105468750e+02
1.281960601806640625e+02,1.336307983398437500e+02
1.261894302368164062e+02,1.348318481445312500e+02
1.335129089355468750e+02,1.363047637939453125e+02
1.319909362792968750e+02,1.364248962402343750e+02
1.347149963378906250e+02,1.369239196777343750e+02
1.308872528076171875e+02,1.358034973144531250e+02
1.282593383789062500e+02,1.356705780029296875e+02
1.321481781005859375e+02,1.370190277099609375e+02
1.356976318359375000e+02,1.378023071289062500e+02
1.334251556396484375e+02,1.363247985839843750e+02
1.251993179321289062e+02,1.334766387939453125e+02
1.334957580566406250e+02,1.372855682373046875e+02
1.301721954345703125e+02,1.357470703125000000e+02
1.314083404541015625e+02,1.365372314453125000e+02
1.311827392578125000e+02,1.363764038085937500e+02
1.343132934570312500e+02,1.373316650390625000e+02
1.363882141113281250e+02,1.371494445800781250e+02
1.344783172607421875e+02,1.369685211181640625e+02
1.344156951904296875e+02,1.369515686035156250e+02
1.321068115234375000e+02,1.367901000976562500e+02
1.370532073974609375e+02,1.373499755859375000e+02
1.289573364257812500e+02,1.362214050292968750e+02
1.327929229736328125e+02,1.363138427734375000e+02
1.384593048095703125e+02,1.383692626953125000e+02
1.377729492187500000e+02,1.371547241210937500e+02
1.373364868164062500e+02,1.381446990966796875e+02
1.379842376708984375e+02,1.373782043457031250e+02
1.359421844482421875e+02,1.374834747314453125e+02
1.367966156005859375e+02,1.382017211914062500e+02
1.365450592041015625e+02,1.381868896484375000e+02
1.385700988769531250e+02,1.384748229980468750e+02
1.336116638183593750e+02,1.371550903320312500e+02
1.312385101318359375e+02,1.354488525390625000e+02
1.329834594726562500e+02,1.362238769531250000e+02
1.375514373779296875e+02,1.377799224853515625e+02
1.283421783447265625e+02,1.403435668945312500e+02
1.089965438842773438e+02,1.259166412353515625e+02
1.211823120117187500e+02,1.334647064208984375e+02
1.178723526000976562e+02,1.328813781738281250e+02
1.292676544189453125e+02,1.382460632324218750e+02
1.236730728149414062e+02,1.360603027343750000e+02
1.177452392578125000e+02,1.329823303222656250e+02
1.235192031860351562e+02,1.352969360351562500e+02
1.169098892211914062e+02,1.310434722900390625e+02
1.197119064331054688e+02,1.316714019775390625e+02
1.266835250854492188e+02,1.368200988769531250e+02
1.296712341308593750e+02,1.385738830566406250e+02
1.240109024047851562e+02,1.366392517089843750e+02
1.178187789916992188e+02,1.338913879394531250e+02
1.263854751586914062e+02,1.378690032958984375e+02
1.235496292114257812e+02,1.359401245117187500e+02
1.234584579467773438e+02,1.354880371093750000e+02
1.169398803710937500e+02,1.323374176025390625e+02
1.267497787475585938e+02,1.374558105468750000e+02
1.294076538085937500e+02,1.388961334228515625e+02
1.040618515014648438e+02,1.267827606201171875e+02
1.095589294433593750e+02,1.335677032470703125e+02
1.022933731079101562e+02,1.266248474121093750e+02
1.283139495849609375e+02,1.388174743652343750e+02
1.216868667602539062e+02,1.369606170654296875e+02
1.314083099365234375e+02,1.406171875000000000e+02
1.312747650146484375e+02,1.411252136230468750e+02
1.295736389160156250e+02,1.393596191406250000e+02
1.259143676757812500e+02,1.370522766113281250e+02
1.193868789672851562e+02,1.353535766601562500e+02
1.266030273437500000e+02,1.370580902099609375e+02
1.250890426635742188e+02,1.381135559082031250e+02
1.306439819335937500e+02,1.399341125488281250e+02
1.285228729248046875e+02,1.395938568115234375e+02
1.262396316528320312e+02,1.400369873046875000e+02
1.251581192016601562e+02,1.381488647460937500e+02
1.231654052734375000e+02,1.358448486328125000e+02
1.390686492919921875e+02,1.435148925781250000e+02
1.235332641601562500e+02,1.379598693847656250e+02
1.308432159423828125e+02,1.404911804199218750e+02
1.301898345947265625e+02,1.405932617187500000e+02
1.341689605712890625e+02,1.399750976562500000e+02
5.487080764770507812e+01,8.234144592285156250e+01
4.600114440917968750e+01,7.470027160644531250e+01
6.211500167846679688e+01,9.095774078369140625e+01
5.224847030639648438e+01,8.150686645507812500e+01
3.905364608764648438e+01,8.705991363525390625e+01
4.839637374877929688e+01,7.645791625976562500e+01
5.074945068359375000e+01,8.203838348388671875e+01
6.362981033325195312e+01,9.248551940917968750e+01
5.173632431030273438e+01,8.139068603515625000e+01
4.622360229492187500e+01,8.816725158691406250e+01
5.755439376831054688e+01,8.970915222167968750e+01
4.845256423950195312e+01,7.907347869873046875e+01
4.152479934692382812e+01,7.125283813476562500e+01
4.778628921508789062e+01,7.863848876953125000e+01
5.942184066772460938e+01,8.997401428222656250e+01
4.762623596191406250e+01,7.620287322998046875e+01
3.752933883666992188e+01,8.487324523925781250e+01
4.292518997192382812e+01,7.602104187011718750e+01
5.960037612915039062e+01,9.219149780273437500e+01
4.772618484497070312e+01,7.873497009277343750e+01
7.535158538818359375e+01,9.468389892578125000e+01
6.560640716552734375e+01,8.561776733398437500e+01
5.783362960815429688e+01,9.048707580566406250e+01
4.999199295043945312e+01,8.238336944580078125e+01
4.228666687011718750e+01,7.193144989013671875e+01
4.383772659301757812e+01,7.399774169921875000e+01
6.116549301147460938e+01,9.183892059326171875e+01
4.956247329711914062e+01,7.920099639892578125e+01
4.643283462524414062e+01,7.473509216308593750e+01
5.839195632934570312e+01,8.837388610839843750e+01
5.128914260864257812e+01,7.994996643066406250e+01
4.586030197143554688e+01,7.347023010253906250e+01
4.934840774536132812e+01,7.681976318359375000e+01
3.729922485351562500e+01,8.518725585937500000e+01
7.035547637939453125e+01,9.332213592529296875e+01
5.503967285156250000e+01,7.889746093750000000e+01
6.922818756103515625e+01,8.897679138183593750e+01
5.037794876098632812e+01,8.635430145263671875e+01
4.460949707031250000e+01,7.478195190429687500e+01
3.333319473266601562e+01,7.823860168457031250e+01
3.854034423828125000e+01,6.850044250488281250e+01
3.960251235961914062e+01,6.825951385498046875e+01
4.140159988403320312e+01,6.572119140625000000e+01
1.385644226074218750e+02,1.378537292480468750e+02
1.372069396972656250e+02,1.392530059814453125e+02
1.394655151367187500e+02,1.386289215087890625e+02
1.345242156982421875e+02,1.365583953857421875e+02
1.367658843994140625e+02,1.374923095703125000e+02
1.354250640869140625e+02,1.374160156250000000e+02
1.392059326171875000e+02,1.383681335449218750e+02
1.343820648193359375e+02,1.371786651611328125e+02
1.345622100830078125e+02,1.359781494140625000e+02
1.329912872314453125e+02,1.352021179199218750e+02
1.331734008789062500e+02,1.354206237792968750e+02
1.384438934326171875e+02,1.388760375976562500e+02
1.345670318603515625e+02,1.377153930664062500e+02
1.340704193115234375e+02,1.388561096191406250e+02
1.321100921630859375e+02,1.363720397949218750e+02
1.342374877929687500e+02,1.359446563720703125e+02
1.329925384521484375e+02,1.369002685546875000e+02
1.321633605957031250e+02,1.372093505859375000e+02
1.328142547607421875e+02,1.383256683349609375e+02
1.317399291992187500e+02,1.378094024658203125e+02
1.376396179199218750e+02,1.393527221679687500e+02
1.357680969238281250e+02,1.388393249511718750e+02
1.345963592529296875e+02,1.385462951660156250e+02
1.361752929687500000e+02,1.402640686035156250e+02
1.372456512451171875e+02,1.396673889160156250e+02
1.354740753173828125e+02,1.397545471191406250e+02
1.394815216064453125e+02,1.392334594726562500e+02
1.365129547119140625e+02,1.391127471923828125e+02
1.378412933349609375e+02,1.395583038330078125e+02
1.378890838623046875e+02,1.392411499023437500e+02
1.360337982177734375e+02,1.372454223632812500e+02
1.379025268554687500e+02,1.392445831298828125e+02
1.384154815673828125e+02,1.399884490966796875e+02
1.345699005126953125e+02,1.379729003906250000e+02
1.343441162109375000e+02,1.378479309082031250e+02
1.368144073486328125e+02,1.384177093505859375e+02
1.363748168945312500e+02,1.392135925292968750e+02
1.361485443115234375e+02,1.383286132812500000e+02
1.358518218994140625e+02,1.347799987792968750e+02
3.097010040283203125e+01,6.240742492675781250e+01
9.529929351806640625e+01,1.146012725830078125e+02
7.528948211669921875e+01,1.069984741210937500e+02
7.841008758544921875e+01,1.110464019775390625e+02
1.003763656616210938e+02,1.056007232666015625e+02
9.741265869140625000e+01,1.031748809814453125e+02
1.069516525268554688e+02,1.243420944213867188e+02
1.206679077148437500e+02,1.306265258789062500e+02
1.186797714233398438e+02,1.306634063720703125e+02
1.193190307617187500e+02,1.292964782714843750e+02
1.168836288452148438e+02,1.296024322509765625e+02
1.193497314453125000e+02,1.318341674804687500e+02
1.252116394042968750e+02,1.340406799316406250e+02
1.169358139038085938e+02,1.298343048095703125e+02
1.130509033203125000e+02,1.168935852050781250e+02
1.137468566894531250e+02,1.229554748535156250e+02
1.159285964965820312e+02,1.288149108886718750e+02
1.247769165039062500e+02,1.352984924316406250e+02
1.186427001953125000e+02,1.318230590820312500e+02
1.123389892578125000e+02,1.271008682250976562e+02
1.260593643188476562e+02,1.331226348876953125e+02
1.251322937011718750e+02,1.337101745605468750e+02
1.157603149414062500e+02,1.293876190185546875e+02
8.301622772216796875e+01,1.013295593261718750e+02
8.983862304687500000e+01,1.231224517822265625e+02
9.551682281494140625e+01,1.156104049682617188e+02
1.010484619140625000e+02,1.258431777954101562e+02
9.619595336914062500e+01,1.219955062866210938e+02
1.078653564453125000e+02,1.125640106201171875e+02
8.525466156005859375e+01,1.101660614013671875e+02
1.038825988769531250e+02,1.248852844238281250e+02
1.020610885620117188e+02,1.200583496093750000e+02
9.688205718994140625e+01,1.226244201660156250e+02
1.111844787597656250e+02,1.248977279663085938e+02
9.996305084228515625e+01,1.209725341796875000e+02
9.428183746337890625e+01,1.177474594116210938e+02
1.049210205078125000e+02,1.130447387695312500e+02
8.814011383056640625e+01,1.056914215087890625e+02
9.757772064208984375e+01,1.170182037353515625e+02
1.209605407714843750e+02,1.228029937744140625e+02
1.150827560424804688e+02,1.288113250732421875e+02
1.083866348266601562e+02,1.184422607421875000e+02
1.079941177368164062e+02,1.210154418945312500e+02
1.170096969604492188e+02,1.313645935058593750e+02
1.144151687622070312e+02,1.290791778564453125e+02
1.068333969116210938e+02,1.199199371337890625e+02
1.164021530151367188e+02,1.313230590820312500e+02
1.135984115600585938e+02,1.289019622802734375e+02
1.082914047241210938e+02,1.205870132446289062e+02
1.043823013305664062e+02,1.220973052978515625e+02
1.057604293823242188e+02,1.181570281982421875e+02
9.412970733642578125e+01,1.190623168945312500e+02
5.163159561157226562e+01,6.963084411621093750e+01
7.294953155517578125e+01,8.337812805175781250e+01
7.201507568359375000e+01,8.473768615722656250e+01
7.650368499755859375e+01,8.373771667480468750e+01
7.292121887207031250e+01,8.493540954589843750e+01
8.164286804199218750e+01,1.030118865966796875e+02
7.925870513916015625e+01,9.644212341308593750e+01
7.982284545898437500e+01,8.373193359375000000e+01
9.156124877929687500e+01,1.036752166748046875e+02
7.791342926025390625e+01,9.789673614501953125e+01
9.620760345458984375e+01,1.077631683349609375e+02
6.933655548095703125e+01,9.020290374755859375e+01
6.411047363281250000e+01,7.450360107421875000e+01
6.249177932739257812e+01,7.613610839843750000e+01
7.926086425781250000e+01,8.534600830078125000e+01
5.338199234008789062e+01,6.327190017700195312e+01
8.142282867431640625e+01,9.773833465576171875e+01
6.592057800292968750e+01,7.646826934814453125e+01
6.192452621459960938e+01,7.546598052978515625e+01
6.085126876831054688e+01,7.705436706542968750e+01
7.861923217773437500e+01,8.602920532226562500e+01
8.025643157958984375e+01,8.458755493164062500e+01
6.426630401611328125e+01,7.788110351562500000e+01
6.828424835205078125e+01,7.769956970214843750e+01
7.967893981933593750e+01,8.759404754638671875e+01
5.707994461059570312e+01,7.061131286621093750e+01
6.648860931396484375e+01,1.064234771728515625e+02
7.652090454101562500e+01,1.113981704711914062e+02
9.940442657470703125e+01,1.181316528320312500e+02
6.646004486083984375e+01,1.032743301391601562e+02
9.414255523681640625e+01,1.143258895874023438e+02
7.220573425292968750e+01,1.063547210693359375e+02
9.199758148193359375e+01,1.132618713378906250e+02
8.627069854736328125e+01,1.097752685546875000e+02
8.611907958984375000e+01,1.111022491455078125e+02
1.120060729980468750e+02,1.204220199584960938e+02
9.321309661865234375e+01,1.113546752929687500e+02
1.122022323608398438e+02,1.188682098388671875e+02
7.913957977294921875e+01,1.058362731933593750e+02
8.148906707763671875e+01,1.073884582519531250e+02
8.808701324462890625e+01,1.089741973876953125e+02
8.689477539062500000e+01,1.097922058105468750e+02
1.037793960571289062e+02,1.152017822265625000e+02
8.309731292724609375e+01,1.112087097167968750e+02
8.386762237548828125e+01,1.119279251098632812e+02
9.792481231689453125e+01,1.166858062744140625e+02
8.913610076904296875e+01,1.098653717041015625e+02
7.842324829101562500e+01,1.034420928955078125e+02
9.329286956787109375e+01,1.118282623291015625e+02
8.400701904296875000e+01,1.066560668945312500e+02
7.062392425537109375e+01,1.018056030273437500e+02
9.437887573242187500e+01,1.105926895141601562e+02
9.272737884521484375e+01,1.107805404663085938e+02
9.310930633544921875e+01,1.106825027465820312e+02
9.480893707275390625e+01,1.106263122558593750e+02
9.472812652587890625e+01,1.135223388671875000e+02
8.810214996337890625e+01,1.085101165771484375e+02
1.139814224243164062e+02,1.195826416015625000e+02
6.776532745361328125e+01,1.052675933837890625e+02
8.764984893798828125e+01,1.102319641113281250e+02
1.128763961791992188e+02,1.194578857421875000e+02
8.317803955078125000e+01,1.103363723754882812e+02
7.755982208251953125e+01,1.160798492431640625e+02
8.825778961181640625e+01,1.167260894775390625e+02
1.061591415405273438e+02,1.199792098999023438e+02
6.656252288818359375e+01,1.072329406738281250e+02
8.281457519531250000e+01,1.112808074951171875e+02
8.547245025634765625e+01,1.151128845214843750e+02
2.937406349182128906e+01,5.046776580810546875e+01
3.201486206054687500e+01,5.122928619384765625e+01
3.191401100158691406e+01,4.969924926757812500e+01
3.498237609863281250e+01,5.010141754150390625e+01
2.522484779357910156e+01,5.012696838378906250e+01
2.477140045166015625e+01,4.820343017578125000e+01
2.804506111145019531e+01,5.112332916259765625e+01
2.107095909118652344e+01,4.655356979370117188e+01
2.291435241699218750e+01,4.751829528808593750e+01
1.810080146789550781e+01,4.806197357177734375e+01
2.819571876525878906e+01,5.064692687988281250e+01
3.095819664001464844e+01,5.122282409667968750e+01
2.069874763488769531e+01,4.804259490966796875e+01
3.027295112609863281e+01,5.165946960449218750e+01
3.181219482421875000e+01,5.122551345825195312e+01
3.449460220336914062e+01,5.062360382080078125e+01
2.123639106750488281e+01,4.831278228759765625e+01
2.827053070068359375e+01,5.171470260620117188e+01
3.101895141601562500e+01,5.195816802978515625e+01
2.103920364379882812e+01,4.968476104736328125e+01
3.522492599487304688e+01,4.749786376953125000e+01
2.879664039611816406e+01,3.997890472412109375e+01
2.679578590393066406e+01,4.113882446289062500e+01
3.793920898437500000e+01,4.528724670410156250e+01
3.305136489868164062e+01,4.076251983642578125e+01
8.244428253173828125e+01,8.336640930175781250e+01
7.456445312500000000e+01,7.586369323730468750e+01
8.701013183593750000e+01,8.289167785644531250e+01
9.079477691650390625e+01,9.219801330566406250e+01
8.627267456054687500e+01,8.643775939941406250e+01
7.691247558593750000e+01,7.942369079589843750e+01
9.325836181640625000e+01,9.391180419921875000e+01
8.095232391357421875e+01,8.417550659179687500e+01
5.442647171020507812e+01,8.053057861328125000e+01
6.464517211914062500e+01,9.900804138183593750e+01
7.188513946533203125e+01,9.719801330566406250e+01
8.255438995361328125e+01,8.421138000488281250e+01
7.703440093994140625e+01,7.914221191406250000e+01
8.539443206787109375e+01,8.890234375000000000e+01
7.824422454833984375e+01,8.185705566406250000e+01
6.915245819091796875e+01,7.362992858886718750e+01
8.799259185791015625e+01,9.091481781005859375e+01
7.485192108154296875e+01,7.842675781250000000e+01
7.044686126708984375e+01,7.671862792968750000e+01
6.214503860473632812e+01,7.022114562988281250e+01
6.064199447631835938e+01,6.772708129882812500e+01
7.804019927978515625e+01,8.718659973144531250e+01
7.301317596435546875e+01,8.905575561523437500e+01
6.816567230224609375e+01,8.282171630859375000e+01
8.920652008056640625e+01,9.239599609375000000e+01
6.488758087158203125e+01,8.915087890625000000e+01
5.920443725585937500e+01,8.294999694824218750e+01
7.844989013671875000e+01,8.641508483886718750e+01
8.377988433837890625e+01,8.366610717773437500e+01
8.597011566162109375e+01,9.117562866210937500e+01
8.106272125244140625e+01,8.432563781738281250e+01
8.867362213134765625e+01,9.295060729980468750e+01
7.689257049560546875e+01,8.090554046630859375e+01
5.732075881958007812e+01,7.762159729003906250e+01
5.191520309448242188e+01,7.577900695800781250e+01
7.125763702392578125e+01,7.730030822753906250e+01
8.176146697998046875e+01,8.408119201660156250e+01
9.079458618164062500e+01,9.245987701416015625e+01
9.193808746337890625e+01,9.227615356445312500e+01
6.859823608398437500e+01,7.674571228027343750e+01
1.155707778930664062e+02,1.316977081298828125e+02
5.706547546386718750e+01,8.308213043212890625e+01
1.028471374511718750e+02,1.081024627685546875e+02
1.172224426269531250e+02,1.240135650634765625e+02
5.924689865112304688e+01,7.146530914306640625e+01
9.926782989501953125e+01,1.050621566772460938e+02
1.121463012695312500e+02,1.233227844238281250e+02
1.132149353027343750e+02,1.276865158081054688e+02
1.058584594726562500e+02,1.173561859130859375e+02
1.176661453247070312e+02,1.235354461669921875e+02
1.137149276733398438e+02,1.258276977539062500e+02
1.041540756225585938e+02,1.208577880859375000e+02
1.066010742187500000e+02,1.118465805053710938e+02
1.131972274780273438e+02,1.275161437988281250e+02
1.062299575805664062e+02,1.231612472534179688e+02
1.097491683959960938e+02,1.223677673339843750e+02
1.161424560546875000e+02,1.237022781372070312e+02
1.064489135742187500e+02,1.192583084106445312e+02
1.136741104125976562e+02,1.257411804199218750e+02
1.027053222656250000e+02,1.196457138061523438e+02
1.171395645141601562e+02,1.271527786254882812e+02
1.159007949829101562e+02,1.262006912231445312e+02
1.167519454956054688e+02,1.247984542846679688e+02
1.074422607421875000e+02,1.207291870117187500e+02
1.141136856079101562e+02,1.262777557373046875e+02
1.122031631469726562e+02,1.157671051025390625e+02
1.106340255737304688e+02,1.130002059936523438e+02
9.497795867919921875e+01,1.070264129638671875e+02
1.168197937011718750e+02,1.267990570068359375e+02
9.853926849365234375e+01,1.229064331054687500e+02
1.155040969848632812e+02,1.257596435546875000e+02
1.162421188354492188e+02,1.245516357421875000e+02
1.020619430541992188e+02,1.198300933837890625e+02
1.011701889038085938e+02,1.120525817871093750e+02
1.070948410034179688e+02,1.251951065063476562e+02
9.517877960205078125e+01,1.063442001342773438e+02
6.626921081542968750e+01,1.046470184326171875e+02
7.325302886962890625e+01,8.306316375732421875e+01
6.882455444335937500e+01,7.578531646728515625e+01
7.295877838134765625e+01,8.086889648437500000e+01
7.412989044189453125e+01,8.541108703613281250e+01
8.061805725097656250e+01,1.133530731201171875e+02
8.662252044677734375e+01,1.104713973999023438e+02
7.371835327148437500e+01,1.003094787597656250e+02
6.947208404541015625e+01,1.009427642822265625e+02
7.665097808837890625e+01,1.057509460449218750e+02
7.568028259277343750e+01,8.705672454833984375e+01
7.065367889404296875e+01,9.053630828857421875e+01
7.108240509033203125e+01,9.847851562500000000e+01
6.736193084716796875e+01,1.008622741699218750e+02
7.500527191162109375e+01,1.060312271118164062e+02
6.497119140625000000e+01,8.737866210937500000e+01
6.934161376953125000e+01,9.024250030517578125e+01
7.255675506591796875e+01,1.001080322265625000e+02
6.806505584716796875e+01,1.004021987915039062e+02
7.575042724609375000e+01,1.056122665405273438e+02
7.332996368408203125e+01,8.647038269042968750e+01
6.585842132568359375e+01,8.006260681152343750e+01
7.502310943603515625e+01,1.074469757080078125e+02
7.095732879638671875e+01,9.948084259033203125e+01
6.798847198486328125e+01,8.851000976562500000e+01
5.522396469116210938e+01,7.798944091796875000e+01
9.767202758789062500e+01,1.153419952392578125e+02
8.295271301269531250e+01,9.507262420654296875e+01
8.873901367187500000e+01,9.960076904296875000e+01
4.714602661132812500e+01,8.672329711914062500e+01
6.855419158935546875e+01,9.300221252441406250e+01
6.183813858032226562e+01,9.264225769042968750e+01
6.754473114013671875e+01,9.216810607910156250e+01
6.379115295410156250e+01,8.455946350097656250e+01
6.596280670166015625e+01,9.205394744873046875e+01
6.173268508911132812e+01,9.267478942871093750e+01
5.474671554565429688e+01,7.565283203125000000e+01
1.169330825805664062e+02,1.289144744873046875e+02
3.954560470581054688e+01,9.829605102539062500e+01
2.264697265625000000e+01,1.200811004638671875e+02
2.816344261169433594e+01,1.014880981445312500e+02
2.534456825256347656e+01,1.171874008178710938e+02
3.415625381469726562e+01,1.015668792724609375e+02
4.018969345092773438e+01,8.287649536132812500e+01
1.272391223907470703e+01,4.215953445434570312e+01
1.614753723144531250e+01,5.756593704223632812e+01
1.650753211975097656e+01,3.927980041503906250e+01
1.680686378479003906e+01,4.112328720092773438e+01
1.309743499755859375e+01,4.033623504638671875e+01
2.601696205139160156e+01,4.721027374267578125e+01
3.829009246826171875e+01,5.682423019409179688e+01
4.002076339721679688e+01,5.924969482421875000e+01
3.845924758911132812e+01,5.669904708862304688e+01
1.650347137451171875e+01,3.682066345214843750e+01
1.153061199188232422e+01,4.104751586914062500e+01
9.493218421936035156e+00,4.010334777832031250e+01
3.293660354614257812e+01,5.290029907226562500e+01
5.617663574218750000e+01,7.847712707519531250e+01
4.703372192382812500e+01,7.510556030273437500e+01
3.151452064514160156e+01,5.261149597167968750e+01
5.971054077148437500e+01,8.361093139648437500e+01
6.561731719970703125e+01,9.174317932128906250e+01
4.812424087524414062e+01,6.376802062988281250e+01
4.263972854614257812e+01,6.151344680786132812e+01
4.856958007812500000e+01,7.583150482177734375e+01
3.206022262573242188e+01,5.207167816162109375e+01
3.572278976440429688e+01,5.459565734863281250e+01
3.438234710693359375e+01,5.386845397949218750e+01
5.843823242187500000e+01,8.119152832031250000e+01
5.356847000122070312e+01,7.918107604980468750e+01
3.534791183471679688e+01,5.490304183959960938e+01
5.495471572875976562e+01,8.088466644287109375e+01
3.239831542968750000e+01,5.558766174316406250e+01
3.448243331909179688e+01,5.640103149414062500e+01
6.256611251831054688e+01,8.422750091552734375e+01
4.326206970214843750e+01,5.945402526855468750e+01
4.268904113769531250e+01,5.878041839599609375e+01
4.796596908569335938e+01,6.375923156738281250e+01
6.104151535034179688e+01,8.042910766601562500e+01
7.556774902343750000e+01,9.684407043457031250e+01
5.444246292114257812e+01,7.087915802001953125e+01
5.712932205200195312e+01,7.288227081298828125e+01
8.923862457275390625e+01,1.021578369140625000e+02
8.832181549072265625e+01,1.036188583374023438e+02
7.551285552978515625e+01,8.374633789062500000e+01
7.495432281494140625e+01,8.085429382324218750e+01
6.892955017089843750e+01,7.557588195800781250e+01
7.644452667236328125e+01,8.326744079589843750e+01
7.673654937744140625e+01,8.299303436279296875e+01
9.186702728271484375e+01,8.694927978515625000e+01
8.726287078857421875e+01,8.774479675292968750e+01
7.708519744873046875e+01,8.023971557617187500e+01
9.761690521240234375e+01,9.509458923339843750e+01
1.000122451782226562e+02,9.206520080566406250e+01
9.341470336914062500e+01,9.188449096679687500e+01
8.592798614501953125e+01,8.761790466308593750e+01
8.809558105468750000e+01,8.759279632568359375e+01
8.464804840087890625e+01,8.631297302246093750e+01
8.886745452880859375e+01,8.762984466552734375e+01
8.308262634277343750e+01,8.477580261230468750e+01
8.656520843505859375e+01,8.579476928710937500e+01
9.008953857421875000e+01,8.944691467285156250e+01
7.954021453857421875e+01,8.360418701171875000e+01
1.028176956176757812e+02,9.715118408203125000e+01
1.154761886596679688e+02,1.121136169433593750e+02
9.635561370849609375e+01,9.265150451660156250e+01
9.873476409912109375e+01,9.443060302734375000e+01
9.170666503906250000e+01,9.169712829589843750e+01
8.419073486328125000e+01,8.823754882812500000e+01
8.837668609619140625e+01,8.943168640136718750e+01
7.175217437744140625e+01,7.395079040527343750e+01
7.641394042968750000e+01,7.641026306152343750e+01
9.515511322021484375e+01,8.995574951171875000e+01
9.273513031005859375e+01,8.857273864746093750e+01
8.798490142822265625e+01,8.436431884765625000e+01
9.854830169677734375e+01,9.257447814941406250e+01
9.464871978759765625e+01,9.532772827148437500e+01
9.876578521728515625e+01,9.734440612792968750e+01
9.133829498291015625e+01,9.408193206787109375e+01
1.064743270874023438e+02,1.026637191772460938e+02
1.100468063354492188e+02,1.052978439331054688e+02
7.965055084228515625e+01,7.920109558105468750e+01
1.083974990844726562e+02,1.079754028320312500e+02
1.101983108520507812e+02,1.133326644897460938e+02
9.074478912353515625e+01,9.431369018554687500e+01
9.758032226562500000e+01,9.879200744628906250e+01
8.337100982666015625e+01,9.205583190917968750e+01
9.239630126953125000e+01,8.752896118164062500e+01
8.281799316406250000e+01,8.023007965087890625e+01
9.111869049072265625e+01,8.794325256347656250e+01
9.358270263671875000e+01,8.862335205078125000e+01
8.977734375000000000e+01,8.532003784179687500e+01
1.039808959960937500e+02,9.846099853515625000e+01
8.328284454345703125e+01,8.768687438964843750e+01
1.017677688598632812e+02,9.807971191406250000e+01
1.000935363769531250e+02,9.858276367187500000e+01
1.054347610473632812e+02,1.019200439453125000e+02
6.658911132812500000e+01,7.919094848632812500e+01
8.899483489990234375e+01,1.050880355834960938e+02
5.896808242797851562e+01,6.872406768798828125e+01
6.645424652099609375e+01,7.003214263916015625e+01
5.920842361450195312e+01,7.175846862792968750e+01
6.941277313232421875e+01,7.492222595214843750e+01
6.944915008544921875e+01,7.552961730957031250e+01
6.903926849365234375e+01,7.826983642578125000e+01
6.819544219970703125e+01,7.451910400390625000e+01
9.659877777099609375e+01,9.431207275390625000e+01
6.603733062744140625e+01,7.479739379882812500e+01
7.731909942626953125e+01,8.427233123779296875e+01
9.737122344970703125e+01,9.263999938964843750e+01
6.978934478759765625e+01,7.847724914550781250e+01
8.574501800537109375e+01,8.807981872558593750e+01
8.055892944335937500e+01,8.298619079589843750e+01
9.822780609130859375e+01,9.808581542968750000e+01
1.143879013061523438e+02,1.155869216918945312e+02
6.622195434570312500e+01,7.442578125000000000e+01
9.747235107421875000e+01,9.733574676513671875e+01
1.046811141967773438e+02,1.259828262329101562e+02
8.337864685058593750e+01,1.285890502929687500e+02
3.236126708984375000e+01,6.588128662109375000e+01
3.860956192016601562e+01,6.885459899902343750e+01
3.533242416381835938e+01,6.387026977539062500e+01
3.816293716430664062e+01,6.913281250000000000e+01
3.986833572387695312e+01,6.926475524902343750e+01
6.918287658691406250e+01,1.017013473510742188e+02
6.057864379882812500e+01,8.813209533691406250e+01
6.160156631469726562e+01,8.910177612304687500e+01
3.368268203735351562e+01,6.509442901611328125e+01
3.651121520996093750e+01,6.900416564941406250e+01
3.376341247558593750e+01,6.443638610839843750e+01
3.615243911743164062e+01,6.865767669677734375e+01
3.863116073608398438e+01,6.966039276123046875e+01
3.750614929199218750e+01,6.834449005126953125e+01
4.070141983032226562e+01,7.023274230957031250e+01
3.505610275268554688e+01,8.142359924316406250e+01
4.121618652343750000e+01,8.491128540039062500e+01
5.335061645507812500e+01,8.900228881835937500e+01
4.877392959594726562e+01,8.812605285644531250e+01
3.969892501831054688e+01,8.121260070800781250e+01
3.793329238891601562e+01,8.215731811523437500e+01
3.960738754272460938e+01,7.892268371582031250e+01
3.604707717895507812e+01,8.015155792236328125e+01
3.680414199829101562e+01,8.256753540039062500e+01
4.723078536987304688e+01,8.592102813720703125e+01
3.661691284179687500e+01,8.152312469482421875e+01
3.929458618164062500e+01,8.345719909667968750e+01
3.786943435668945312e+01,8.309155273437500000e+01
5.365202331542968750e+01,8.631729125976562500e+01
5.664635086059570312e+01,9.025427246093750000e+01
4.328361892700195312e+01,8.154374694824218750e+01
4.734098434448242188e+01,7.349859619140625000e+01
3.970461273193359375e+01,8.237483215332031250e+01
3.870297241210937500e+01,8.422423553466796875e+01
2.381672859191894531e+01,5.588228607177734375e+01
3.075103759765625000e+01,5.949293518066406250e+01
2.508269309997558594e+01,5.728507232666015625e+01
3.044296836853027344e+01,5.801167678833007812e+01
3.038549232482910156e+01,5.802355575561523438e+01
2.480756950378417969e+01,5.633209609985351562e+01
2.275920677185058594e+01,5.478910827636718750e+01
3.084610939025878906e+01,5.974821853637695312e+01
2.992946815490722656e+01,5.941532897949218750e+01
5.233005142211914062e+01,8.976420593261718750e+01
2.634631347656250000e+01,5.811830139160156250e+01
2.631360816955566406e+01,5.604085540771484375e+01
2.579822731018066406e+01,5.579822158813476562e+01
2.610983276367187500e+01,5.475031661987304688e+01
3.291969299316406250e+01,5.839924240112304688e+01
2.598537635803222656e+01,5.617453765869140625e+01
3.302400970458984375e+01,6.004133605957031250e+01
2.960372924804687500e+01,5.672847366333007812e+01
3.460167312622070312e+01,6.120930099487304688e+01
2.456838989257812500e+01,5.462429046630859375e+01
3.226768875122070312e+01,5.852877807617187500e+01
2.586608314514160156e+01,5.636141204833984375e+01
2.826036071777343750e+01,5.810591506958007812e+01
6.214714431762695312e+01,9.432968139648437500e+01
2.787473869323730469e+01,5.823439025878906250e+01
2.563506507873535156e+01,6.936761474609375000e+01
3.141361808776855469e+01,7.539060211181640625e+01
4.116088485717773438e+01,7.785324096679687500e+01
3.471104431152343750e+01,8.004148101806640625e+01
4.447761154174804688e+01,8.203643798828125000e+01
1.380772857666015625e+02,1.347316131591796875e+02
2.008254814147949219e+01,4.968321228027343750e+01
4.312174987792968750e+01,9.074378967285156250e+01
1.238954849243164062e+02,1.350208129882812500e+02
1.267372741699218750e+02,1.354175720214843750e+02
1.316356658935546875e+02,1.375050964355468750e+02
1.289929351806640625e+02,1.343561248779296875e+02
1.344858856201171875e+02,1.349180145263671875e+02
1.373486175537109375e+02,1.373853607177734375e+02
1.352252197265625000e+02,1.369280700683593750e+02
1.363372955322265625e+02,1.362392730712890625e+02
1.270944519042968750e+02,1.339133605957031250e+02
1.352131500244140625e+02,1.359045715332031250e+02
1.290216674804687500e+02,1.336200561523437500e+02
1.294617767333984375e+02,1.335738983154296875e+02
1.295976867675781250e+02,1.336264953613281250e+02
1.336764221191406250e+02,1.356985168457031250e+02
1.313183746337890625e+02,1.349093017578125000e+02
1.360468597412109375e+02,1.368690032958984375e+02
1.370235443115234375e+02,1.366093139648437500e+02
1.375442352294921875e+02,1.368256835937500000e+02
1.368882598876953125e+02,1.365330505371093750e+02
1.338707122802734375e+02,1.360773620605468750e+02
1.339708099365234375e+02,1.354784240722656250e+02
1.328341522216796875e+02,1.349037475585937500e+02
1.329180145263671875e+02,1.362598571777343750e+02
5.244901657104492188e+01,6.684020233154296875e+01
7.626621246337890625e+01,9.403635406494140625e+01
8.226863861083984375e+01,9.798615264892578125e+01
6.036949539184570312e+01,7.522949218750000000e+01
6.475609588623046875e+01,7.785609436035156250e+01
8.846327972412109375e+01,1.003162307739257812e+02
6.289539718627929688e+01,7.490734100341796875e+01
6.321929931640625000e+01,7.499888610839843750e+01
6.723954010009765625e+01,7.774382019042968750e+01
8.767417144775390625e+01,9.553215789794921875e+01
5.705274581909179688e+01,6.934698486328125000e+01
7.176494598388671875e+01,7.284725952148437500e+01
7.761026763916015625e+01,8.270316314697265625e+01
8.078221130371093750e+01,9.622731781005859375e+01
5.893926620483398438e+01,7.369226074218750000e+01
6.156062316894531250e+01,7.935591125488281250e+01
6.346746826171875000e+01,7.672717285156250000e+01
8.418856811523437500e+01,9.574990844726562500e+01
6.239753341674804688e+01,7.387474060058593750e+01
6.671328735351562500e+01,7.703843688964843750e+01
1.232218627929687500e+02,1.235127716064453125e+02
1.243567886352539062e+02,1.244798507690429688e+02
1.360787353515625000e+02,1.342495269775390625e+02
1.269728622436523438e+02,1.271423034667968750e+02
1.362366943359375000e+02,1.351097717285156250e+02
1.207770919799804688e+02,1.267679443359375000e+02
1.171879959106445312e+02,1.220216369628906250e+02
1.184661026000976562e+02,1.229297943115234375e+02
1.266574325561523438e+02,1.314164428710937500e+02
1.233626632690429688e+02,1.219094696044921875e+02
1.235696182250976562e+02,1.232041168212890625e+02
1.209908142089843750e+02,1.217420654296875000e+02
1.255347518920898438e+02,1.239595947265625000e+02
1.262008438110351562e+02,1.249026794433593750e+02
1.267324752807617188e+02,1.258175048828125000e+02
1.270536193847656250e+02,1.266289291381835938e+02
1.274672622680664062e+02,1.298046264648437500e+02
1.212527465820312500e+02,1.242104492187500000e+02
1.201402282714843750e+02,1.237351837158203125e+02
1.283522644042968750e+02,1.305935211181640625e+02
1.245393295288085938e+02,1.253199462890625000e+02
1.232550277709960938e+02,1.258074264526367188e+02
1.206637649536132812e+02,1.239012374877929688e+02
1.171987533569335938e+02,1.215270080566406250e+02
1.181010742187500000e+02,1.244924468994140625e+02
1.190774307250976562e+02,1.236662597656250000e+02
1.300777740478515625e+02,1.329985198974609375e+02
1.341240234375000000e+02,1.311959381103515625e+02
1.140362777709960938e+02,1.245233154296875000e+02
1.307630920410156250e+02,1.333950347900390625e+02
1.296094207763671875e+02,1.322137756347656250e+02
1.159537582397460938e+02,1.267177886962890625e+02
1.279631576538085938e+02,1.314793395996093750e+02
1.212732162475585938e+02,1.237038803100585938e+02
1.318246307373046875e+02,1.314313354492187500e+02
1.266281204223632812e+02,1.320401306152343750e+02
1.216344375610351562e+02,1.287910156250000000e+02
1.305181121826171875e+02,1.331186218261718750e+02
1.351776885986328125e+02,1.343497009277343750e+02
1.229481811523437500e+02,1.274185638427734375e+02
1.303685150146484375e+02,1.330510864257812500e+02
9.905279541015625000e+01,1.278923645019531250e+02
1.081864318847656250e+02,1.312450103759765625e+02
1.134699401855468750e+02,1.323605194091796875e+02
1.203510818481445312e+02,1.354878387451171875e+02
1.184526672363281250e+02,1.348396911621093750e+02
1.134786453247070312e+02,1.307339782714843750e+02
1.146816787719726562e+02,1.336463012695312500e+02
1.282760467529296875e+02,1.377158508300781250e+02
1.217630615234375000e+02,1.351181335449218750e+02
1.132907333374023438e+02,1.312492675781250000e+02
9.921093750000000000e+01,1.258551788330078125e+02
4.618794250488281250e+01,7.997212219238281250e+01
5.014384078979492188e+01,8.398883056640625000e+01
4.431541061401367188e+01,7.733120727539062500e+01
5.708810043334960938e+01,9.281683349609375000e+01
5.132287216186523438e+01,8.439103698730468750e+01
4.057729721069335938e+01,9.282539367675781250e+01
4.710103225708007812e+01,1.020987548828125000e+02
4.843093872070312500e+01,1.003250350952148438e+02
4.846238708496093750e+01,1.049145507812500000e+02
5.879673385620117188e+01,9.429087066650390625e+01
4.677299118041992188e+01,8.065549468994140625e+01
5.130003738403320312e+01,8.546281433105468750e+01
5.862703323364257812e+01,8.465911865234375000e+01
4.742673110961914062e+01,8.195861816406250000e+01
3.981889343261718750e+01,7.325573730468750000e+01
5.524337387084960938e+01,9.121407318115234375e+01
4.679960250854492188e+01,7.885927581787109375e+01
3.888171768188476562e+01,8.782063293457031250e+01
3.518954849243164062e+01,6.958554077148437500e+01
4.025263595581054688e+01,7.369325256347656250e+01
4.770692443847656250e+01,8.335104370117187500e+01
4.921587753295898438e+01,9.448107910156250000e+01
6.087775039672851562e+01,8.735594177246093750e+01
4.628813171386718750e+01,8.411504364013671875e+01
4.726596450805664062e+01,8.353604125976562500e+01
4.074815368652343750e+01,7.581419372558593750e+01
4.659777450561523438e+01,8.259739685058593750e+01
5.537753295898437500e+01,9.299810791015625000e+01
4.696812820434570312e+01,8.085500335693359375e+01
4.470975112915039062e+01,7.608520507812500000e+01
5.610873794555664062e+01,9.195621490478515625e+01
4.382623291015625000e+01,9.298324584960937500e+01
5.666720199584960938e+01,8.058386230468750000e+01
3.636051940917968750e+01,8.415322875976562500e+01
4.579636764526367188e+01,7.441419982910156250e+01
3.938554000854492188e+01,7.199401092529296875e+01
4.124979019165039062e+01,7.191014099121093750e+01
4.753067016601562500e+01,8.250810241699218750e+01
8.432697296142578125e+01,1.133430633544921875e+02
5.866640853881835938e+01,1.010589675903320312e+02
7.172362518310546875e+01,1.139969406127929688e+02
1.164085159301757812e+02,1.282550506591796875e+02
1.093533554077148438e+02,1.264730987548828125e+02
3.350772094726562500e+01,8.377286529541015625e+01
2.502496528625488281e+01,8.446501159667968750e+01
2.793796730041503906e+01,9.731123352050781250e+01
2.691909217834472656e+01,9.291126251220703125e+01
1.975838661193847656e+01,8.225176239013671875e+01
2.281645202636718750e+01,9.136996459960937500e+01
2.557368659973144531e+01,9.320256042480468750e+01
2.748703956604003906e+01,8.338613128662109375e+01
2.889842796325683594e+01,7.951412963867187500e+01
2.745648002624511719e+01,8.157781982421875000e+01
2.420112800598144531e+01,7.727012634277343750e+01
3.592247772216796875e+01,1.021416168212890625e+02
3.017224121093750000e+01,9.746924591064453125e+01
2.915807342529296875e+01,9.208493041992187500e+01
2.909340858459472656e+01,8.914396667480468750e+01
3.304745864868164062e+01,7.724879455566406250e+01
4.184257125854492188e+01,1.091093139648437500e+02
4.747979354858398438e+01,1.088290634155273438e+02
4.842167282104492188e+01,9.125267791748046875e+01
4.398056411743164062e+01,9.792090606689453125e+01
5.476486587524414062e+01,1.016505126953125000e+02
4.421069717407226562e+01,9.625644683837890625e+01
2.597273826599121094e+01,7.468095397949218750e+01
2.167832946777343750e+01,7.213470458984375000e+01
3.281541824340820312e+01,9.433673858642578125e+01
3.197203826904296875e+01,9.492033386230468750e+01
2.486692047119140625e+01,9.176608276367187500e+01
2.660402488708496094e+01,8.666448211669921875e+01
6.969005584716796875e+01,1.228403320312500000e+02
3.518259811401367188e+01,9.553356170654296875e+01
3.100234413146972656e+01,9.257902526855468750e+01
3.866643142700195312e+01,8.527574157714843750e+01
4.287979125976562500e+01,8.277613067626953125e+01
5.791090774536132812e+01,1.061892089843750000e+02
5.453216171264648438e+01,1.152874603271484375e+02
5.485693359375000000e+01,1.133497467041015625e+02
4.747990036010742188e+01,1.129549255371093750e+02
4.412611007690429688e+01,1.057381820678710938e+02
5.489796066284179688e+01,1.089925613403320312e+02
4.001694107055664062e+01,9.904187011718750000e+01
2.438210487365722656e+01,8.318907165527343750e+01
1.056016616821289062e+02,1.271960601806640625e+02
1.161106948852539062e+02,1.325337524414062500e+02
1.128789291381835938e+02,1.333138122558593750e+02
1.148443222045898438e+02,1.346374511718750000e+02
1.123122787475585938e+02,1.338828735351562500e+02
1.125976791381835938e+02,1.344184875488281250e+02
1.063487014770507812e+02,1.292673950195312500e+02
1.165475463867187500e+02,1.349405517578125000e+02
1.255657348632812500e+02,1.393520050048828125e+02
1.269929809570312500e+02,1.385746917724609375e+02
1.269523696899414062e+02,1.381173858642578125e+02
1.259538345336914062e+02,1.399040985107421875e+02
1.134079589843750000e+02,1.331990356445312500e+02
1.192993164062500000e+02,1.356826019287109375e+02
1.219060287475585938e+02,1.350758666992187500e+02
1.185327148437500000e+02,1.353049621582031250e+02
1.220090255737304688e+02,1.359372253417968750e+02
1.218107833862304688e+02,1.372086791992187500e+02
1.139961166381835938e+02,1.316405944824218750e+02
1.167521286010742188e+02,1.332445373535156250e+02
1.263701477050781250e+02,1.346989746093750000e+02
1.174118728637695312e+02,1.333226013183593750e+02
1.187163696289062500e+02,1.325492858886718750e+02
1.237846374511718750e+02,1.366487426757812500e+02
8.779183959960937500e+01,1.195376739501953125e+02
6.223364257812500000e+01,9.916883850097656250e+01
1.054061584472656250e+02,1.314776916503906250e+02
1.053895568847656250e+02,1.257596206665039062e+02
1.229611206054687500e+02,1.353248443603515625e+02
1.181025619506835938e+02,1.346020812988281250e+02
1.176943588256835938e+02,1.373932647705078125e+02
1.189526138305664062e+02,1.293197631835937500e+02
1.339595794677734375e+02,1.382456359863281250e+02
1.281123199462890625e+02,1.378738861083984375e+02
1.302500457763671875e+02,1.380865783691406250e+02
1.247405776977539062e+02,1.344172668457031250e+02
1.318609924316406250e+02,1.380316467285156250e+02
1.314104461669921875e+02,1.378537902832031250e+02
1.128412246704101562e+02,1.301168823242187500e+02
1.189064712524414062e+02,1.333788757324218750e+02
1.171036605834960938e+02,1.325692749023437500e+02
1.142873535156250000e+02,1.300707092285156250e+02
1.005183486938476562e+02,1.254462203979492188e+02
1.203600463867187500e+02,1.367068481445312500e+02
1.238498458862304688e+02,1.375321350097656250e+02
1.215546188354492188e+02,1.365467834472656250e+02
1.204189758300781250e+02,1.350748901367187500e+02
1.205177917480468750e+02,1.338764343261718750e+02
1.126705017089843750e+02,1.297053222656250000e+02
1.216245498657226562e+02,1.347716674804687500e+02
6.122487258911132812e+01,9.850118255615234375e+01
3.784747695922851562e+01,8.191046142578125000e+01
4.661343002319335938e+01,9.142276763916015625e+01
4.271567153930664062e+01,8.861483764648437500e+01
5.222579956054687500e+01,9.396237182617187500e+01
6.634918212890625000e+01,1.024704132080078125e+02
6.243643188476562500e+01,9.976484680175781250e+01
7.338204956054687500e+01,1.058694305419921875e+02
3.470619583129882812e+01,8.276016235351562500e+01
3.157804870605468750e+01,8.015293121337890625e+01
2.712145233154296875e+01,7.292285156250000000e+01
3.780011367797851562e+01,8.590338134765625000e+01
3.711465835571289062e+01,8.401747131347656250e+01
2.855800056457519531e+01,7.389434051513671875e+01
4.021097183227539062e+01,8.699792480468750000e+01
1.036197204589843750e+02,1.214392623901367188e+02
5.368296432495117188e+01,9.612587738037109375e+01
5.606992721557617188e+01,7.764987182617187500e+01
4.950434494018554688e+01,6.695373535156250000e+01
5.442815780639648438e+01,7.538275909423828125e+01
5.608597946166992188e+01,7.410440063476562500e+01
4.824002075195312500e+01,7.181330871582031250e+01
6.264352035522460938e+01,8.295120239257812500e+01
6.506966400146484375e+01,8.252243041992187500e+01
7.606468963623046875e+01,8.775778198242187500e+01
6.298799514770507812e+01,7.809580230712890625e+01
6.257011413574218750e+01,7.898340606689453125e+01
7.353994750976562500e+01,8.517073822021484375e+01
6.052555465698242188e+01,7.845741271972656250e+01
5.819750976562500000e+01,7.801699829101562500e+01
5.961367797851562500e+01,8.013938903808593750e+01
7.569968414306640625e+01,8.824633789062500000e+01
7.063080596923828125e+01,8.759796905517578125e+01
5.041943359375000000e+01,6.961569213867187500e+01
3.179414939880371094e+01,9.139547729492187500e+01
2.915337371826171875e+01,8.709321594238281250e+01
2.754215240478515625e+01,9.120252990722656250e+01
3.392628097534179688e+01,9.446218872070312500e+01
1.677387046813964844e+01,5.955479812622070312e+01
1.534830474853515625e+01,6.902352142333984375e+01
1.479117107391357422e+01,6.615070343017578125e+01
2.134936523437500000e+01,6.620517730712890625e+01
1.918484687805175781e+01,6.093263244628906250e+01
1.793850708007812500e+01,7.194767761230468750e+01
1.511988925933837891e+01,6.558720397949218750e+01
1.968012046813964844e+01,6.207746505737304688e+01
2.309281921386718750e+01,6.621558380126953125e+01
1.590577411651611328e+01,6.864630889892578125e+01
2.057776832580566406e+01,6.696165466308593750e+01
1.587944030761718750e+01,7.067910766601562500e+01
2.097952461242675781e+01,8.043713378906250000e+01
2.433792686462402344e+01,8.559609985351562500e+01
2.071824645996093750e+01,7.998025512695312500e+01
2.394170570373535156e+01,7.917901611328125000e+01
2.514602470397949219e+01,7.840336608886718750e+01
1.903166198730468750e+01,8.894761657714843750e+01
1.928886032104492188e+01,9.177490234375000000e+01
1.883118438720703125e+01,9.540603637695312500e+01
1.808160400390625000e+01,6.016399383544921875e+01
1.455117321014404297e+01,6.626353454589843750e+01
2.177478790283203125e+01,9.131780242919921875e+01
3.757638168334960938e+01,1.003402862548828125e+02
4.305619430541992188e+01,1.072215576171875000e+02
1.958585357666015625e+01,8.769628906250000000e+01
3.302261734008789062e+01,9.816775512695312500e+01
2.870485115051269531e+01,1.047514343261718750e+02
4.854339599609375000e+01,1.110698089599609375e+02
3.340890884399414062e+01,1.071117401123046875e+02
3.510161972045898438e+01,1.003869171142578125e+02
5.712498855590820312e+01,1.096976928710937500e+02
3.072229957580566406e+01,9.549479675292968750e+01
2.962526130676269531e+01,9.498912811279296875e+01
4.825616073608398438e+01,1.045754776000976562e+02
2.903719329833984375e+01,9.562780761718750000e+01
5.057708740234375000e+01,9.305520629882812500e+01
8.309283447265625000e+01,1.123376235961914062e+02
3.116551208496093750e+01,9.330088043212890625e+01
4.585023880004882812e+01,1.094156799316406250e+02
1.219893360137939453e+01,7.272920227050781250e+01
1.450431823730468750e+01,7.378394317626953125e+01
1.230879878997802734e+01,7.302719116210937500e+01
1.390323162078857422e+01,8.204256439208984375e+01
1.217425918579101562e+01,7.476773071289062500e+01
1.537779521942138672e+01,8.085564422607421875e+01
9.826490402221679688e+00,6.619081115722656250e+01
1.287221145629882812e+01,7.271839904785156250e+01
1.519719982147216797e+01,7.277091979980468750e+01
1.600051689147949219e+01,8.337187957763671875e+01
1.072176361083984375e+01,6.338948059082031250e+01
1.434046936035156250e+01,6.945742797851562500e+01
1.768007469177246094e+01,9.619506835937500000e+01
1.729367065429687500e+01,8.974290466308593750e+01
1.344012546539306641e+01,8.092041778564453125e+01
1.520253753662109375e+01,8.844664001464843750e+01
1.262972354888916016e+01,8.111026763916015625e+01
1.562702465057373047e+01,7.929093170166015625e+01
1.294175434112548828e+01,8.230542755126953125e+01
3.843846511840820312e+01,1.093097686767578125e+02
1.334780216217041016e+01,8.823625946044921875e+01
1.925420951843261719e+01,1.029730148315429688e+02
1.971531105041503906e+01,9.340515136718750000e+01
1.532776641845703125e+01,8.107630920410156250e+01
1.881453323364257812e+01,8.548104858398437500e+01
2.126136207580566406e+01,9.213189697265625000e+01
1.538583850860595703e+01,7.813308715820312500e+01
1.906165122985839844e+01,9.290777587890625000e+01
2.336449432373046875e+01,9.270719146728515625e+01
1.886289787292480469e+01,9.563150024414062500e+01
7.331488037109375000e+01,1.100441284179687500e+02
8.162380218505859375e+01,1.176385498046875000e+02
8.464916992187500000e+01,1.147788391113281250e+02
8.230050659179687500e+01,1.169956054687500000e+02
3.251255035400390625e+01,8.216173553466796875e+01
3.555469131469726562e+01,8.617418670654296875e+01
5.260095214843750000e+01,9.350756072998046875e+01
5.606661605834960938e+01,9.554096984863281250e+01
4.757029342651367188e+01,9.123695373535156250e+01
5.233998107910156250e+01,9.263574981689453125e+01
3.435937118530273438e+01,8.660163879394531250e+01
5.073932266235351562e+01,9.462344360351562500e+01
5.475119018554687500e+01,9.631045532226562500e+01
4.870424270629882812e+01,9.252694702148437500e+01
6.518369293212890625e+01,1.106511001586914062e+02
8.319351959228515625e+01,1.076600952148437500e+02
8.693469238281250000e+01,1.082959594726562500e+02
7.963302612304687500e+01,1.057461547851562500e+02
7.430146026611328125e+01,1.032539062500000000e+02
8.043013763427734375e+01,1.035540466308593750e+02
7.099618530273437500e+01,1.006256866455078125e+02
4.192343139648437500e+01,9.709491729736328125e+01
4.824539566040039062e+01,9.414653015136718750e+01
5.329731369018554688e+01,9.576349639892578125e+01
4.594006347656250000e+01,9.131956481933593750e+01
6.188883590698242188e+01,1.079221801757812500e+02
4.623368835449218750e+01,9.272834777832031250e+01
5.930235290527343750e+01,9.744393920898437500e+01
6.707727813720703125e+01,9.613137817382812500e+01
4.443442916870117188e+01,8.789772033691406250e+01
4.390980529785156250e+01,8.608398437500000000e+01
2.853063201904296875e+01,8.862859344482421875e+01
2.852354431152343750e+01,9.281524658203125000e+01
3.301675796508789062e+01,9.226286315917968750e+01
3.506963348388671875e+01,9.506904602050781250e+01
3.071506500244140625e+01,8.889582061767578125e+01
2.899421119689941406e+01,9.381591033935546875e+01
3.398339462280273438e+01,9.486656188964843750e+01
3.122226905822753906e+01,9.339865112304687500e+01
3.925596618652343750e+01,1.044161834716796875e+02
3.117445945739746094e+01,9.233293151855468750e+01
2.639853477478027344e+01,7.961247253417968750e+01
2.825601196289062500e+01,8.360240173339843750e+01
1.830123901367187500e+01,7.499848937988281250e+01
1.695030212402343750e+01,7.182453918457031250e+01
1.850975608825683594e+01,7.601541137695312500e+01
2.155887794494628906e+01,7.561888885498046875e+01
2.421954345703125000e+01,7.613946533203125000e+01
1.893467140197753906e+01,7.869056701660156250e+01
2.005545997619628906e+01,7.268394470214843750e+01
2.164640235900878906e+01,7.664317321777343750e+01
2.048279762268066406e+01,7.256146240234375000e+01
3.015611267089843750e+01,8.102552795410156250e+01
2.194844627380371094e+01,7.757445526123046875e+01
2.069231033325195312e+01,7.319220733642578125e+01
2.164670372009277344e+01,7.743026733398437500e+01
2.030019950866699219e+01,7.314994812011718750e+01
2.835564231872558594e+01,8.315839385986328125e+01
3.369607925415039062e+01,9.009852600097656250e+01
3.428406143188476562e+01,8.961869812011718750e+01
1.923827552795410156e+01,6.598110961914062500e+01
1.143307209014892578e+01,5.935981369018554688e+01
9.357476806640625000e+01,1.207973022460937500e+02
2.248158836364746094e+01,8.619529724121093750e+01
6.305945968627929688e+01,1.072881317138671875e+02
5.682622146606445312e+01,1.045118408203125000e+02
4.648653030395507812e+01,9.458645629882812500e+01
3.867050170898437500e+01,8.466136169433593750e+01
4.706579208374023438e+01,9.444821166992187500e+01
3.825418472290039062e+01,8.681590270996093750e+01
6.581133270263671875e+01,9.875663757324218750e+01
6.386206054687500000e+01,1.007550582885742188e+02
8.299200439453125000e+01,1.370691528320312500e+02
8.811547851562500000e+01,1.186170349121093750e+02
1.369905853271484375e+02,1.390862121582031250e+02
1.324494171142578125e+02,1.393977661132812500e+02
1.364122924804687500e+02,1.373998107910156250e+02
1.403562164306640625e+02,1.404515075683593750e+02
1.424151916503906250e+02,1.405750122070312500e+02
1.368309783935546875e+02,1.399418640136718750e+02
1.336023406982421875e+02,1.402955932617187500e+02
1.412716369628906250e+02,1.380854797363281250e+02
1.266258316040039062e+02,1.334057769775390625e+02
1.217442550659179688e+02,1.308029174804687500e+02
1.412381439208984375e+02,1.387563171386718750e+02
1.408158416748046875e+02,1.391098022460937500e+02
1.288038024902343750e+02,1.351576538085937500e+02
1.250031509399414062e+02,1.354895629882812500e+02
1.150767822265625000e+02,1.230192413330078125e+02
1.423661346435546875e+02,1.382541503906250000e+02
1.413740844726562500e+02,1.388608093261718750e+02
1.419449310302734375e+02,1.374591979980468750e+02
1.034094009399414062e+02,1.232654190063476562e+02
1.315499572753906250e+02,1.365170288085937500e+02
1.260153579711914062e+02,1.366884307861328125e+02
1.023825454711914062e+02,1.250931396484375000e+02
1.349341888427734375e+02,1.353266906738281250e+02
1.364608612060546875e+02,1.369974670410156250e+02
1.336319122314453125e+02,1.368311157226562500e+02
1.410158843994140625e+02,1.397257080078125000e+02
1.337050476074218750e+02,1.379279479980468750e+02
1.411228179931640625e+02,1.388343353271484375e+02
1.405257720947265625e+02,1.384725341796875000e+02
1.088281021118164062e+02,1.272323913574218750e+02
1.335988616943359375e+02,1.385080261230468750e+02
1.142683486938476562e+02,1.269804077148437500e+02
1.293799285888671875e+02,1.386415100097656250e+02
1.083542861938476562e+02,1.286121520996093750e+02
1.350972442626953125e+02,1.392502288818359375e+02
1.360340118408203125e+02,1.374993591308593750e+02
1.298002471923828125e+02,1.364240417480468750e+02
1.417651214599609375e+02,1.408305053710937500e+02
1.145648574829101562e+02,1.190098266601562500e+02
1.078777236938476562e+02,1.076400299072265625e+02
1.320323638916015625e+02,1.327787170410156250e+02
1.329877166748046875e+02,1.335986938476562500e+02
1.313868560791015625e+02,1.319161682128906250e+02
1.329089355468750000e+02,1.340638122558593750e+02
1.285314483642578125e+02,1.303883514404296875e+02
1.311495819091796875e+02,1.322545471191406250e+02
1.320415649414062500e+02,1.320890197753906250e+02
1.303065643310546875e+02,1.303483886718750000e+02
1.191970214843750000e+02,1.163957366943359375e+02
1.241075668334960938e+02,1.284569091796875000e+02
1.207583618164062500e+02,1.262871704101562500e+02
1.198641891479492188e+02,1.244820098876953125e+02
1.247574844360351562e+02,1.291903381347656250e+02
1.228620834350585938e+02,1.275680923461914062e+02
1.209580688476562500e+02,1.254164428710937500e+02
1.160442504882812500e+02,1.229978942871093750e+02
1.320452728271484375e+02,1.355459136962890625e+02
1.312291564941406250e+02,1.329787597656250000e+02
1.304163970947265625e+02,1.340760345458984375e+02
1.342528686523437500e+02,1.363057861328125000e+02
1.225903549194335938e+02,1.208369216918945312e+02
1.317235260009765625e+02,1.342347106933593750e+02
1.293194122314453125e+02,1.322033691406250000e+02
1.256931762695312500e+02,1.299521636962890625e+02
1.310792694091796875e+02,1.328769836425781250e+02
1.298246459960937500e+02,1.314844055175781250e+02
1.288909454345703125e+02,1.330367889404296875e+02
1.180055007934570312e+02,1.194549713134765625e+02
1.256806640625000000e+02,1.306418457031250000e+02
1.234590377807617188e+02,1.322026367187500000e+02
1.184023437500000000e+02,1.278686676025390625e+02
1.242541732788085938e+02,1.298988342285156250e+02
1.134678878784179688e+02,1.257061843872070312e+02
1.206577072143554688e+02,1.284573974609375000e+02
1.253793334960937500e+02,1.339426879882812500e+02
1.068379745483398438e+02,1.184534072875976562e+02
1.252846908569335938e+02,1.398896026611328125e+02
6.671125030517578125e+01,1.193725280761718750e+02
1.155271244049072266e+01,4.076658630371093750e+01
3.751751708984375000e+01,7.894709777832031250e+01
1.619233322143554688e+01,6.052928924560546875e+01
1.614692497253417969e+01,6.691490173339843750e+01
1.507984542846679688e+01,6.508058166503906250e+01
1.661052894592285156e+01,7.086286163330078125e+01
1.667762756347656250e+01,5.064556884765625000e+01
1.770747566223144531e+01,6.363674163818359375e+01
1.775559425354003906e+01,6.664490509033203125e+01
1.665727424621582031e+01,6.119517517089843750e+01
1.665386772155761719e+01,6.334260177612304688e+01
1.891316413879394531e+01,6.348031616210937500e+01
1.819155883789062500e+01,5.439509963989257812e+01
1.792771720886230469e+01,5.887055206298828125e+01
1.745279884338378906e+01,5.623298263549804688e+01
1.823523521423339844e+01,6.216286468505859375e+01
1.625832748413085938e+01,5.805355453491210938e+01
1.621393775939941406e+01,6.248743438720703125e+01
1.611155128479003906e+01,4.930574417114257812e+01
1.589291000366210938e+01,5.468984222412109375e+01
1.567691326141357422e+01,4.651180648803710938e+01
1.651437568664550781e+01,5.813660430908203125e+01
1.711691093444824219e+01,6.246890640258789062e+01
5.107214736938476562e+01,9.917970275878906250e+01
5.914696884155273438e+01,1.024057769775390625e+02
4.048381042480468750e+01,8.956988525390625000e+01
6.548442840576171875e+01,1.048213882446289062e+02
1.365243434906005859e+01,5.130959320068359375e+01
1.334167098999023438e+01,5.603701400756835938e+01
1.333955860137939453e+01,6.054499435424804688e+01
1.439812755584716797e+01,5.277115631103515625e+01
1.394394397735595703e+01,5.673940277099609375e+01
1.314401531219482422e+01,5.045073699951171875e+01
1.421326160430908203e+01,5.129784011840820312e+01
1.508992290496826172e+01,5.772441864013671875e+01
1.324621486663818359e+01,5.088573455810546875e+01
1.385595798492431641e+01,5.198965454101562500e+01
1.321442413330078125e+01,5.519842529296875000e+01
1.301070880889892578e+01,4.984525680541992188e+01
1.421466064453125000e+01,5.609114837646484375e+01
1.312197494506835938e+01,5.097521209716796875e+01
1.507957458496093750e+01,5.984172439575195312e+01
1.425451946258544922e+01,5.800856018066406250e+01
1.884681129455566406e+01,7.137919616699218750e+01
1.860089302062988281e+01,6.507781982421875000e+01
1.084650516510009766e+01,4.432680892944335938e+01
1.560177993774414062e+01,5.113120269775390625e+01
1.236656665802001953e+01,4.313169860839843750e+01
1.254819488525390625e+01,4.707318115234375000e+01
1.357976055145263672e+01,4.944787597656250000e+01
1.274760055541992188e+01,4.280661773681640625e+01
1.181835174560546875e+01,4.263452911376953125e+01
1.172783946990966797e+01,4.561142730712890625e+01
1.356431293487548828e+01,5.001455307006835938e+01
1.826011657714843750e+01,6.317264938354492188e+01
1.016562175750732422e+01,4.020438766479492188e+01
1.224757862091064453e+01,4.332961273193359375e+01
1.125507831573486328e+01,4.659894561767578125e+01
1.215951442718505859e+01,5.220633697509765625e+01
1.052030086517333984e+01,4.417277526855468750e+01
7.746732234954833984e+00,3.587670135498046875e+01
9.553554534912109375e+00,3.760639953613281250e+01
9.504652023315429688e+00,4.397470855712890625e+01
1.513871765136718750e+01,4.842458724975585938e+01
1.528123760223388672e+01,4.643040466308593750e+01
1.915172004699707031e+01,5.679882049560546875e+01
1.255741500854492188e+01,4.527177429199218750e+01
1.889167976379394531e+01,5.861747741699218750e+01
1.244794845581054688e+01,4.432988357543945312e+01
2.234003257751464844e+01,5.375480651855468750e+01
8.090602874755859375e+00,5.704833602905273438e+01
1.333747768402099609e+01,5.389489746093750000e+01
1.016932201385498047e+01,4.919136047363281250e+01
8.476032257080078125e+00,5.553410339355468750e+01
1.148875427246093750e+01,6.859973144531250000e+01
7.737789630889892578e+00,3.412178421020507812e+01
1.376461315155029297e+01,6.954500579833984375e+01
9.610949516296386719e+00,3.586787414550781250e+01
7.972469329833984375e+00,3.280120849609375000e+01
9.885149955749511719e+00,5.930445098876953125e+01
9.510396003723144531e+00,4.203838348388671875e+01
1.424733734130859375e+01,5.353723144531250000e+01
1.603826904296875000e+01,4.610883712768554688e+01
1.474588012695312500e+01,6.330358505249023438e+01
1.526196956634521484e+01,4.633301544189453125e+01
1.170326519012451172e+01,4.182270050048828125e+01
1.502439403533935547e+01,5.194528198242187500e+01
1.415441131591796875e+01,6.399137115478515625e+01
1.386944675445556641e+01,4.420268249511718750e+01
1.852924346923828125e+01,5.507172393798828125e+01
2.169551658630371094e+01,5.023094940185546875e+01
1.561543560028076172e+01,5.400790786743164062e+01
6.931671905517578125e+01,1.129955291748046875e+02
3.741284561157226562e+01,8.105020141601562500e+01
4.365006637573242188e+01,8.559757232666015625e+01
4.487731933593750000e+01,9.640425109863281250e+01
4.299092483520507812e+01,9.474876403808593750e+01
4.174968338012695312e+01,9.421739959716796875e+01
5.282279586791992188e+01,1.067858581542968750e+02
5.490283203125000000e+01,1.030522766113281250e+02
6.518576049804687500e+01,1.111877670288085938e+02
5.921793746948242188e+01,8.526678466796875000e+01
5.829646682739257812e+01,8.842460632324218750e+01
3.537779235839843750e+01,5.914074707031250000e+01
6.216886520385742188e+01,8.498041534423828125e+01
2.595622444152832031e+01,5.690821075439453125e+01
3.663351440429687500e+01,6.107161331176757812e+01
2.275201988220214844e+01,6.964590454101562500e+01
1.844083404541015625e+01,7.196186828613281250e+01
2.224453735351562500e+01,6.532984924316406250e+01
2.548744392395019531e+01,7.959490966796875000e+01
2.085311698913574219e+01,6.195038604736328125e+01
3.441378021240234375e+01,6.681813049316406250e+01
3.690079116821289062e+01,7.329592895507812500e+01
2.046540451049804688e+01,7.247671508789062500e+01
2.432262611389160156e+01,6.530830383300781250e+01
3.573360824584960938e+01,7.086495971679687500e+01
2.906654930114746094e+01,6.432238769531250000e+01
2.381597709655761719e+01,6.024514389038085938e+01
2.297003936767578125e+01,6.124351501464843750e+01
3.658048629760742188e+01,6.949119567871093750e+01
3.586388778686523438e+01,7.279212951660156250e+01
3.905821228027343750e+01,7.789648437500000000e+01
2.133082962036132812e+01,6.447280120849609375e+01
2.820657348632812500e+01,6.459744262695312500e+01
2.241654396057128906e+01,5.848587417602539062e+01
3.860426712036132812e+01,6.751621246337890625e+01
3.643553543090820312e+01,7.085966491699218750e+01
2.433364295959472656e+01,6.439100646972656250e+01
3.719447708129882812e+01,7.614292907714843750e+01
2.756430625915527344e+01,6.429005432128906250e+01
2.548062896728515625e+01,6.312590026855468750e+01
2.583668518066406250e+01,6.423362731933593750e+01
3.973865890502929688e+01,7.671077728271484375e+01
3.953705215454101562e+01,7.446208190917968750e+01
2.923621559143066406e+01,6.655269622802734375e+01
3.382113265991210938e+01,8.422013092041015625e+01
2.139638328552246094e+01,6.072277832031250000e+01
3.539091110229492188e+01,6.767585754394531250e+01
3.459901809692382812e+01,7.129439544677734375e+01
3.537547683715820312e+01,6.890949249267578125e+01
2.230587005615234375e+01,6.452639007568359375e+01
3.468115615844726562e+01,7.446749877929687500e+01
2.976021766662597656e+01,6.632752990722656250e+01
2.320061492919921875e+01,6.369614410400390625e+01
3.671749496459960938e+01,7.440377044677734375e+01
2.972087669372558594e+01,8.575843048095703125e+01
4.502196884155273438e+01,9.031674957275390625e+01
1.797749137878417969e+01,5.957341003417968750e+01
2.713593482971191406e+01,6.833111572265625000e+01
2.087526512145996094e+01,6.087654113769531250e+01
1.933659744262695312e+01,6.234808349609375000e+01
2.715115356445312500e+01,7.051659393310546875e+01
2.052231597900390625e+01,5.306916809082031250e+01
1.841957092285156250e+01,6.185124206542968750e+01
2.660294151306152344e+01,7.083243560791015625e+01
2.121754646301269531e+01,6.451158142089843750e+01
2.790881919860839844e+01,7.352929687500000000e+01
2.057728004455566406e+01,5.508563232421875000e+01
1.915732002258300781e+01,6.798973083496093750e+01
2.044862556457519531e+01,6.231541061401367188e+01
2.963750267028808594e+01,6.464235687255859375e+01
2.270161247253417969e+01,5.801977157592773438e+01
4.171075820922851562e+01,6.175812530517578125e+01
3.075530433654785156e+01,6.802510070800781250e+01
2.109960556030273438e+01,5.582364654541015625e+01
3.790710067749023438e+01,6.211903762817382812e+01
2.260514831542968750e+01,6.036045837402343750e+01
3.539370727539062500e+01,6.989237976074218750e+01
2.014410018920898438e+01,5.912454986572265625e+01
3.038431739807128906e+01,6.770014190673828125e+01
2.441108703613281250e+01,6.525593566894531250e+01
3.729159927368164062e+01,7.678529357910156250e+01
4.143633651733398438e+01,6.642240905761718750e+01
4.147052383422851562e+01,7.217271423339843750e+01
6.605284881591796875e+01,8.770623016357421875e+01
3.666852188110351562e+01,7.128702545166015625e+01
2.210988616943359375e+01,6.043017578125000000e+01
3.725534820556640625e+01,7.335454559326171875e+01
4.012794876098632812e+01,7.843312072753906250e+01
2.847940826416015625e+01,5.373712158203125000e+01
4.005757904052734375e+01,6.892219543457031250e+01
2.544786834716796875e+01,6.494048309326171875e+01
4.065351486206054688e+01,7.654290771484375000e+01
2.092675209045410156e+01,5.862916183471679688e+01
3.677740859985351562e+01,7.156492614746093750e+01
2.498196411132812500e+01,6.425863647460937500e+01
3.888700485229492188e+01,7.495645904541015625e+01
3.077608299255371094e+01,6.645159912109375000e+01
2.840883445739746094e+01,6.921925354003906250e+01
2.032335662841796875e+01,6.211462020874023438e+01
2.827167320251464844e+01,7.147468566894531250e+01
2.939702415466308594e+01,7.352506256103515625e+01
1.649664497375488281e+01,6.862539672851562500e+01
1.614664649963378906e+01,6.524810791015625000e+01
1.984099197387695312e+01,6.181518173217773438e+01
2.262615394592285156e+01,6.412703704833984375e+01
2.877136421203613281e+01,7.476414489746093750e+01
2.199912452697753906e+01,5.722476196289062500e+01
3.105646324157714844e+01,6.943685913085937500e+01
3.290225601196289062e+01,5.823724746704101562e+01
2.512441062927246094e+01,6.592057037353515625e+01
3.248727035522460938e+01,5.732785034179687500e+01
4.618675231933593750e+01,8.821051788330078125e+01
4.087572097778320312e+01,7.241288757324218750e+01
4.114004898071289062e+01,7.393899536132812500e+01
4.874234008789062500e+01,7.910667419433593750e+01
6.212578964233398438e+01,8.016393280029296875e+01
5.312227249145507812e+01,7.188039398193359375e+01
4.449357986450195312e+01,9.356213378906250000e+01
3.185389709472656250e+01,9.630294036865234375e+01
1.970136451721191406e+01,7.537486267089843750e+01
1.129870700836181641e+01,4.484629821777343750e+01
1.333732509613037109e+01,3.947117996215820312e+01
1.078055572509765625e+01,3.777499389648437500e+01
3.953747558593750000e+01,9.907936096191406250e+01
3.839770889282226562e+01,8.604743957519531250e+01
4.176037216186523438e+01,9.382415771484375000e+01
3.314783096313476562e+01,8.544414520263671875e+01
3.854899597167968750e+01,8.544380187988281250e+01
2.655383110046386719e+01,9.287982177734375000e+01
2.277970886230468750e+01,6.856481933593750000e+01
4.005995559692382812e+01,9.680929565429687500e+01
3.792505264282226562e+01,7.960268402099609375e+01
2.687757873535156250e+01,7.718188476562500000e+01
2.615969657897949219e+01,7.501074981689453125e+01
2.947383689880371094e+01,7.158223724365234375e+01
3.606589126586914062e+01,7.809629821777343750e+01
4.100711441040039062e+01,7.449412536621093750e+01
2.486134529113769531e+01,6.027089691162109375e+01
2.916375160217285156e+01,7.276678466796875000e+01
4.349856185913085938e+01,6.651595306396484375e+01
4.616024398803710938e+01,6.885322570800781250e+01
3.718748855590820312e+01,5.970880126953125000e+01
3.390989303588867188e+01,4.221269989013671875e+01
6.301065063476562500e+01,1.046001586914062500e+02
4.650061035156250000e+01,9.069667053222656250e+01
6.050213623046875000e+01,1.006922073364257812e+02
4.633895874023437500e+01,9.005694580078125000e+01
4.749688720703125000e+01,9.366203308105468750e+01
6.522560119628906250e+01,1.053334808349609375e+02
5.285134887695312500e+01,9.761236572265625000e+01
3.904408645629882812e+01,8.588899230957031250e+01
4.678258132934570312e+01,9.101177978515625000e+01
5.615385055541992188e+01,1.014942626953125000e+02
5.266207504272460938e+01,9.709956359863281250e+01
3.914038848876953125e+01,8.548594665527343750e+01
3.969718933105468750e+01,9.002493286132812500e+01
4.631613159179687500e+01,9.053179931640625000e+01
5.787194824218750000e+01,1.006281433105468750e+02
4.279336929321289062e+01,8.973562622070312500e+01
6.194343185424804688e+01,1.060017242431640625e+02
4.601428222656250000e+01,9.633876037597656250e+01
4.593568038940429688e+01,9.540072631835937500e+01
6.177542114257812500e+01,1.054878845214843750e+02
6.455442047119140625e+01,1.061569213867187500e+02
6.582250976562500000e+01,1.049931945800781250e+02
4.906236648559570312e+01,9.622449493408203125e+01
5.258604049682617188e+01,9.591608428955078125e+01
6.481594085693359375e+01,1.040862731933593750e+02
7.193264007568359375e+01,1.096507110595703125e+02
4.944864273071289062e+01,9.449493408203125000e+01
5.650941848754882812e+01,9.870718383789062500e+01
3.993787002563476562e+01,8.491232299804687500e+01
3.520315933227539062e+01,7.541380310058593750e+01
4.632244873046875000e+01,8.575875091552734375e+01
9.174233245849609375e+01,1.273917312622070312e+02
6.274313354492187500e+01,1.129286346435546875e+02
5.814891433715820312e+01,1.180450744628906250e+02
2.776185035705566406e+01,9.623553466796875000e+01
2.616291236877441406e+01,1.005072555541992188e+02
1.837436103820800781e+01,8.867407989501953125e+01
3.071329498291015625e+01,8.402302551269531250e+01
1.593071746826171875e+01,6.486473083496093750e+01
1.769908332824707031e+01,6.653308868408203125e+01
3.790271377563476562e+01,6.873117065429687500e+01
4.109441375732421875e+01,6.996341705322265625e+01
3.348835372924804688e+01,5.824190902709960938e+01
4.995620346069335938e+01,9.990087890625000000e+01
3.328678131103515625e+01,9.013544464111328125e+01
3.715960311889648438e+01,9.639059448242187500e+01
3.572577667236328125e+01,9.568846130371093750e+01
3.748510360717773438e+01,9.490815734863281250e+01
2.324959564208984375e+01,8.586052703857421875e+01
2.470980262756347656e+01,8.760238647460937500e+01
3.032753753662109375e+01,8.755667114257812500e+01
4.175389480590820312e+01,9.590647888183593750e+01
4.153158187866210938e+01,1.001495666503906250e+02
3.011661338806152344e+01,9.053744506835937500e+01
3.777653503417968750e+01,9.628184509277343750e+01
3.921751022338867188e+01,1.021922836303710938e+02
2.883477592468261719e+01,8.769427490234375000e+01
2.978480529785156250e+01,8.747944641113281250e+01
2.242252540588378906e+01,8.533903503417968750e+01
3.154162406921386719e+01,9.111309814453125000e+01
2.314929389953613281e+01,8.542387390136718750e+01
4.396412277221679688e+01,1.013755645751953125e+02
2.162224769592285156e+01,8.467424011230468750e+01
2.173471069335937500e+01,8.871731567382812500e+01
2.661006164550781250e+01,8.491300964355468750e+01
2.978691101074218750e+01,8.697026062011718750e+01
2.722525978088378906e+01,9.290603637695312500e+01
2.401720428466796875e+01,8.704661560058593750e+01
3.652518844604492188e+01,9.383361816406250000e+01
3.399197006225585938e+01,1.012645416259765625e+02
3.047094154357910156e+01,8.593937683105468750e+01
1.693202209472656250e+01,8.377504730224609375e+01
5.039157104492187500e+01,1.053096313476562500e+02
1.991715240478515625e+01,8.071329498291015625e+01
1.953141784667968750e+01,8.080635070800781250e+01
2.080002403259277344e+01,8.653712463378906250e+01
1.840971565246582031e+01,8.058125305175781250e+01
2.673979187011718750e+01,8.417948913574218750e+01
3.172050666809082031e+01,9.037455749511718750e+01
1.881408500671386719e+01,8.136427307128906250e+01
2.317400169372558594e+01,8.145073699951171875e+01
2.211404418945312500e+01,7.758492279052734375e+01
2.932694053649902344e+01,9.065318298339843750e+01
2.685259437561035156e+01,9.079008483886718750e+01
3.767320632934570312e+01,1.072440338134765625e+02
4.122635269165039062e+01,1.102825012207031250e+02
5.144833374023437500e+01,1.209627380371093750e+02
4.661622238159179688e+01,1.129129409790039062e+02
5.207047653198242188e+01,1.192638320922851562e+02
4.556695938110351562e+01,1.117782287597656250e+02
5.600465393066406250e+01,1.223887329101562500e+02
3.510696792602539062e+01,1.044603118896484375e+02
4.422144699096679688e+01,1.110395050048828125e+02
4.819869613647460938e+01,1.128720397949218750e+02
3.554219436645507812e+01,1.046335449218750000e+02
5.340188217163085938e+01,1.182421493530273438e+02
7.234843444824218750e+01,1.277581787109375000e+02
6.461715698242187500e+01,1.221122894287109375e+02
1.195649185180664062e+02,1.441853942871093750e+02
1.060607833862304688e+02,1.437811431884765625e+02
9.630371093750000000e+01,1.114951477050781250e+02
1.165173645019531250e+02,1.197137374877929688e+02
1.233046875000000000e+02,1.227310333251953125e+02
1.216049575805664062e+02,1.221290206909179688e+02
1.151385192871093750e+02,1.184976577758789062e+02
1.231282119750976562e+02,1.230039672851562500e+02
8.284716796875000000e+01,1.010369110107421875e+02
1.084861221313476562e+02,1.164479522705078125e+02
1.106896438598632812e+02,1.185935745239257812e+02
1.013346557617187500e+02,1.144670104980468750e+02
9.553991699218750000e+01,1.069999084472656250e+02
1.047234420776367188e+02,1.138507843017578125e+02
1.061752090454101562e+02,1.127850036621093750e+02
9.324736785888671875e+01,1.076319198608398438e+02
9.849465942382812500e+01,1.082587661743164062e+02
1.220874938964843750e+02,1.227602081298828125e+02
7.287764739990234375e+01,1.086119537353515625e+02
7.120644378662109375e+01,1.203291473388671875e+02
3.505533218383789062e+01,8.372523498535156250e+01
8.715509033203125000e+01,1.420159912109375000e+02
2.981580162048339844e+01,5.979065704345703125e+01
3.093168640136718750e+01,6.599556732177734375e+01
2.640675163269042969e+01,5.844568634033203125e+01
3.069521141052246094e+01,5.494685363769531250e+01
2.425134086608886719e+01,5.100432586669921875e+01
2.266893959045410156e+01,8.379876708984375000e+01
1.849271774291992188e+01,6.500953674316406250e+01
1.899199104309082031e+01,6.418875885009765625e+01
2.291036987304687500e+01,6.046336746215820312e+01
2.546404075622558594e+01,5.981880569458007812e+01
2.300710296630859375e+01,6.095601272583007812e+01
3.290272903442382812e+01,7.786368560791015625e+01
3.107969856262207031e+01,7.575796508789062500e+01
3.278247451782226562e+01,8.344252014160156250e+01
2.411903953552246094e+01,8.483248901367187500e+01
3.037106132507324219e+01,8.280310821533203125e+01
2.150064086914062500e+01,5.620652008056640625e+01
2.901325225830078125e+01,6.596952819824218750e+01
2.326339912414550781e+01,5.612121200561523438e+01
2.255021667480468750e+01,5.602438735961914062e+01
2.246002197265625000e+01,5.648010635375976562e+01
2.417724609375000000e+01,5.616437911987304688e+01
2.113338470458984375e+01,5.624649047851562500e+01
2.038880348205566406e+01,5.904932022094726562e+01
2.044702339172363281e+01,5.662597656250000000e+01
3.825550460815429688e+01,9.842402648925781250e+01
6.176696777343750000e+00,4.242438507080078125e+01
8.298571014404296875e+01,1.040177764892578125e+02
5.262088012695312500e+01,8.430677795410156250e+01
4.633070755004882812e+01,8.102416992187500000e+01
5.055847167968750000e+01,8.487084960937500000e+01
6.765338134765625000e+01,9.263865661621093750e+01
7.809948730468750000e+01,1.049181823730468750e+02
3.155017852783203125e+01,6.807622528076171875e+01
4.782323837280273438e+01,8.224567413330078125e+01
7.234457397460937500e+01,9.983129119873046875e+01
5.384925460815429688e+01,8.339909362792968750e+01
4.386706542968750000e+01,8.392568969726562500e+01
3.586956024169921875e+01,7.539989471435546875e+01
3.741720581054687500e+01,7.528900909423828125e+01
5.016547775268554688e+01,8.494796752929687500e+01
5.957693481445312500e+01,9.462839508056640625e+01
6.039939880371093750e+01,1.008568344116210938e+02
6.287685012817382812e+01,1.076693725585937500e+02
7.090918731689453125e+01,1.099356689453125000e+02
5.966423416137695312e+01,1.088041610717773438e+02
6.356924819946289062e+01,1.143221206665039062e+02
5.085830307006835938e+01,9.353114318847656250e+01
5.344080734252929688e+01,9.852410888671875000e+01
5.696292114257812500e+01,1.073917083740234375e+02
4.956409835815429688e+01,9.875233459472656250e+01
1.063904113769531250e+02,1.217660217285156250e+02
1.022225875854492188e+02,1.204246063232421875e+02
1.198926773071289062e+02,1.312693786621093750e+02
1.121857223510742188e+02,1.258208007812500000e+02
1.184023437500000000e+02,1.369475708007812500e+02
4.573516464233398438e+01,7.799026489257812500e+01
4.877273178100585938e+01,8.097297668457031250e+01
2.862428283691406250e+01,6.030138397216796875e+01
4.509094238281250000e+01,7.963845825195312500e+01
2.463747596740722656e+01,7.585839843750000000e+01
2.562891960144042969e+01,7.637532043457031250e+01
1.918618774414062500e+01,6.343028259277343750e+01
9.627095222473144531e+00,5.085346984863281250e+01
3.649199295043945312e+01,5.719487380981445312e+01
5.026562500000000000e+01,1.120537872314453125e+02
3.285932540893554688e+01,7.844221496582031250e+01
3.411454391479492188e+01,7.754602813720703125e+01
5.062658309936523438e+01,1.037676467895507812e+02
5.515626525878906250e+01,9.745700836181640625e+01
5.121261596679687500e+01,9.018981933593750000e+01
4.347565841674804688e+01,8.434939575195312500e+01
4.750056076049804688e+01,9.090855407714843750e+01
3.954956054687500000e+01,9.619572448730468750e+01
3.759062576293945312e+01,7.945668792724609375e+01
3.797338485717773438e+01,7.584109497070312500e+01
8.333174896240234375e+01,1.057939147949218750e+02
4.802592849731445312e+01,8.340754699707031250e+01
5.360377883911132812e+01,8.554649353027343750e+01
4.175441360473632812e+01,7.866267395019531250e+01
1.107576217651367188e+02,1.206872253417968750e+02
6.018119430541992188e+01,9.663056182861328125e+01
6.375139999389648438e+01,9.666200256347656250e+01
1.007090454101562500e+02,1.200801544189453125e+02
6.703925323486328125e+01,9.641316223144531250e+01
6.136810302734375000e+01,1.043820648193359375e+02
9.510410308837890625e+01,1.220079803466796875e+02
7.841172790527343750e+01,1.026640777587890625e+02
1.082595748901367188e+02,1.220863265991210938e+02
7.999247741699218750e+01,1.021208877563476562e+02
9.663088226318359375e+01,1.198102874755859375e+02
6.391354370117187500e+01,9.693318176269531250e+01
8.639578247070312500e+01,1.096082916259765625e+02
1.204812698364257812e+02,1.293170166015625000e+02
9.082019042968750000e+01,1.100336685180664062e+02
1.183504104614257812e+02,1.319639739990234375e+02
8.993094635009765625e+01,1.150516815185546875e+02
9.740732574462890625e+01,1.125268096923828125e+02
1.195619583129882812e+02,1.297161712646484375e+02
6.624095916748046875e+01,9.839955139160156250e+01
4.179567337036132812e+01,7.576118469238281250e+01
1.079710693359375000e+02,1.160069427490234375e+02
4.807184219360351562e+01,8.601316833496093750e+01
8.913864898681640625e+01,1.130669479370117188e+02
5.165932846069335938e+01,8.523510742187500000e+01
4.309857559204101562e+01,9.420138549804687500e+01
4.661128234863281250e+01,9.151777648925781250e+01
6.345108032226562500e+01,9.256994628906250000e+01
9.666304779052734375e+01,1.139905929565429688e+02
6.494659423828125000e+01,9.070630645751953125e+01
7.823312377929687500e+01,1.018859939575195312e+02
8.698415374755859375e+01,1.058835449218750000e+02
8.681697845458984375e+01,1.180306015014648438e+02
9.501605224609375000e+01,1.142986297607421875e+02
3.381725692749023438e+01,9.213800811767578125e+01
2.100108337402343750e+01,7.591922760009765625e+01
3.624901962280273438e+01,9.323046875000000000e+01
2.448074340820312500e+01,7.873730468750000000e+01
1.737143707275390625e+01,6.600809478759765625e+01
4.825315475463867188e+01,9.023003387451171875e+01
3.143379974365234375e+01,7.737754821777343750e+01
5.190324783325195312e+01,9.411488342285156250e+01
3.945161437988281250e+01,8.215842437744140625e+01
4.579660415649414062e+01,9.064459228515625000e+01
4.144228363037109375e+01,8.447644042968750000e+01
3.398472595214843750e+01,9.477931213378906250e+01
3.125418853759765625e+01,9.369573974609375000e+01
4.396475601196289062e+01,1.093715820312500000e+02
4.566630935668945312e+01,1.094061813354492188e+02
4.192750167846679688e+01,1.054706573486328125e+02
4.141711807250976562e+01,8.940754699707031250e+01
3.763899230957031250e+01,8.160393524169921875e+01
3.143456459045410156e+01,7.411319732666015625e+01
4.335995101928710938e+01,8.927872467041015625e+01
3.799630355834960938e+01,8.098281860351562500e+01
4.146686172485351562e+01,8.459268188476562500e+01
3.010410499572753906e+01,9.017082214355468750e+01
3.133545875549316406e+01,7.619313049316406250e+01
4.231608200073242188e+01,8.996853637695312500e+01
3.891755676269531250e+01,8.880693817138671875e+01
4.010938644409179688e+01,8.323115539550781250e+01
5.645502853393554688e+01,9.397459411621093750e+01
3.668938446044921875e+01,8.574749755859375000e+01
3.766506195068359375e+01,8.241572570800781250e+01
3.201043319702148438e+01,7.595907592773437500e+01
4.432974243164062500e+01,9.132751464843750000e+01
3.849462509155273438e+01,8.250874328613281250e+01
4.194604110717773438e+01,8.627526855468750000e+01
3.417667007446289062e+01,9.272788238525390625e+01
3.992425918579101562e+01,8.109036254882812500e+01
5.284309387207031250e+01,9.092453002929687500e+01
4.845097351074218750e+01,8.434610748291015625e+01
6.070216751098632812e+01,9.635331726074218750e+01
6.066528320312500000e+01,9.366020202636718750e+01
1.280395507812500000e+01,3.688925552368164062e+01
3.592663574218750000e+01,7.108355712890625000e+01
3.630090713500976562e+01,8.357263183593750000e+01
1.693072700500488281e+01,8.083882141113281250e+01
1.797722053527832031e+01,8.271648406982421875e+01
7.271758270263671875e+01,1.093300476074218750e+02
7.803507232666015625e+01,1.100768814086914062e+02
7.253750610351562500e+01,1.079994964599609375e+02
2.166148376464843750e+01,1.018152084350585938e+02
2.150542259216308594e+01,1.108701629638671875e+02
1.512474346160888672e+01,7.524572753906250000e+01
2.369407081604003906e+01,7.136567687988281250e+01
1.874049949645996094e+01,6.539441680908203125e+01
2.646007728576660156e+01,7.088679504394531250e+01
3.090722465515136719e+01,7.694308471679687500e+01
1.983017539978027344e+01,9.363201904296875000e+01
3.625994873046875000e+01,7.779940032958984375e+01
6.691893005371093750e+01,1.114236907958984375e+02
6.636647796630859375e+01,1.030303497314453125e+02
7.777368164062500000e+01,1.159677429199218750e+02
7.797873687744140625e+01,1.060965881347656250e+02
2.116182708740234375e+01,6.522704315185546875e+01
2.422554206848144531e+01,6.400540161132812500e+01
2.095246696472167969e+01,5.961228561401367188e+01
2.718390464782714844e+01,7.405245208740234375e+01
2.441896247863769531e+01,6.514695739746093750e+01
8.428810119628906250e+00,7.249294281005859375e+01
2.195065879821777344e+01,1.021618118286132812e+02
1.598997783660888672e+01,9.838697814941406250e+01
1.078734302520751953e+01,4.394580078125000000e+01
1.759030151367187500e+01,5.462366485595703125e+01
1.799497413635253906e+01,5.457412719726562500e+01
1.323798274993896484e+01,5.562598419189453125e+01
1.814335823059082031e+01,5.713934707641601562e+01
1.693903160095214844e+01,5.432836914062500000e+01
1.837471961975097656e+01,5.688989257812500000e+01
2.742053794860839844e+01,8.109732818603515625e+01
3.096543312072753906e+01,8.990876770019531250e+01
2.222432518005371094e+01,7.895381164550781250e+01
2.117577171325683594e+01,6.531017303466796875e+01
2.122605133056640625e+01,6.633886718750000000e+01
2.336616706848144531e+01,6.826623535156250000e+01
2.180899047851562500e+01,6.672883605957031250e+01
2.422478485107421875e+01,7.197117614746093750e+01
2.367568397521972656e+01,6.800349426269531250e+01
2.213445472717285156e+01,6.658926391601562500e+01
2.526194000244140625e+01,6.871672058105468750e+01
2.314291381835937500e+01,6.749025726318359375e+01
1.706904029846191406e+01,6.595774841308593750e+01
1.656519317626953125e+01,6.553684997558593750e+01
1.715598678588867188e+01,6.544692230224609375e+01
1.211840057373046875e+01,5.011341094970703125e+01
1.289746952056884766e+01,5.551312255859375000e+01
1.192976284027099609e+01,4.975145721435546875e+01
1.248745727539062500e+01,5.419766616821289062e+01
1.203513336181640625e+01,5.064844512939453125e+01
1.166000270843505859e+01,4.957520675659179688e+01
1.205053710937500000e+01,5.039397430419921875e+01
1.159079360961914062e+01,4.944246292114257812e+01
1.236113262176513672e+01,5.046814727783203125e+01
1.164774990081787109e+01,4.910636138916015625e+01
1.320312023162841797e+01,5.054360961914062500e+01
1.002780723571777344e+01,4.821408843994140625e+01
1.449912548065185547e+01,5.032581329345703125e+01
1.854451942443847656e+01,4.814772415161132812e+01
3.104389762878417969e+01,8.111828613281250000e+01
2.583729743957519531e+01,6.787901306152343750e+01
2.390834045410156250e+01,7.153897094726562500e+01
2.701987648010253906e+01,6.303870010375976562e+01
2.229103088378906250e+01,5.801854705810546875e+01
2.863381958007812500e+01,6.841606140136718750e+01
4.459391403198242188e+01,1.202397155761718750e+02
9.943322753906250000e+01,1.323570404052734375e+02
1.156668395996093750e+02,1.334320068359375000e+02
7.529602813720703125e+01,1.124530944824218750e+02
2.886035728454589844e+01,8.728765869140625000e+01
4.682963943481445312e+01,1.051665954589843750e+02
1.879644584655761719e+01,6.209396362304687500e+01
4.123242568969726562e+01,9.296961975097656250e+01
5.834078979492187500e+01,1.035570449829101562e+02
4.107339477539062500e+01,8.871090698242187500e+01
2.345692443847656250e+01,1.031421966552734375e+02
2.061580848693847656e+01,5.716003417968750000e+01
1.774194335937500000e+01,5.510717773437500000e+01
4.757913208007812500e+01,1.045543670654296875e+02
3.663791275024414062e+01,8.760505676269531250e+01
1.736464118957519531e+01,6.925682830810546875e+01
1.643303108215332031e+01,7.421034240722656250e+01
7.962348175048828125e+01,1.108027343750000000e+02
4.769745254516601562e+01,8.138710021972656250e+01
3.202128601074218750e+01,7.177310180664062500e+01
4.869026565551757812e+01,8.480271911621093750e+01
3.492181777954101562e+01,7.767776489257812500e+01
5.768112182617187500e+01,8.792561340332031250e+01
4.833683395385742188e+01,8.244869995117187500e+01
3.308891296386718750e+01,7.371245574951171875e+01
3.258402252197265625e+01,7.803144073486328125e+01
4.862124252319335938e+01,8.549703979492187500e+01
7.026249694824218750e+01,9.828154754638671875e+01
7.583547973632812500e+01,9.164225769042968750e+01
4.542572021484375000e+01,7.536497497558593750e+01
6.015092086791992188e+01,9.073367309570312500e+01
7.475612640380859375e+01,9.020483398437500000e+01
5.060342025756835938e+01,8.371618652343750000e+01
3.542797851562500000e+01,7.570435333251953125e+01
7.059677124023437500e+01,9.200939941406250000e+01
6.224993515014648438e+01,8.766310882568359375e+01
7.622621154785156250e+01,9.275002288818359375e+01
4.638872146606445312e+01,7.705024719238281250e+01
3.310529708862304688e+01,7.743684387207031250e+01
4.933251953125000000e+01,8.647006988525390625e+01
4.471091842651367188e+01,8.607707214355468750e+01
3.530320739746093750e+01,7.634394073486328125e+01
3.398458862304687500e+01,7.929914093017578125e+01
7.562852478027343750e+01,9.449028015136718750e+01
4.624369430541992188e+01,7.892384338378906250e+01
5.226534652709960938e+01,8.593667602539062500e+01
3.752074432373046875e+01,7.899702453613281250e+01
7.467244720458984375e+01,9.537426757812500000e+01
2.910630035400390625e+01,7.329454803466796875e+01
3.435078430175781250e+01,7.543927001953125000e+01
4.748159408569335938e+01,7.560596466064453125e+01
3.729576492309570312e+01,7.706179809570312500e+01
3.148092079162597656e+01,7.289864349365234375e+01
3.135754966735839844e+01,7.258757019042968750e+01
2.995244026184082031e+01,7.501429748535156250e+01
6.696501922607421875e+01,9.584835815429687500e+01
3.628149414062500000e+01,7.478557586669921875e+01
7.369327545166015625e+01,9.072399139404296875e+01
4.548882675170898438e+01,7.547186279296875000e+01
7.240949249267578125e+01,8.884556579589843750e+01
4.911871719360351562e+01,8.395471954345703125e+01
3.366322708129882812e+01,7.480421447753906250e+01
7.494900512695312500e+01,9.262672424316406250e+01
7.391635131835937500e+01,9.152490234375000000e+01
4.641679763793945312e+01,7.689806365966796875e+01
3.605368041992187500e+01,7.444847106933593750e+01
4.691133499145507812e+01,8.433203125000000000e+01
7.436914825439453125e+01,1.004103088378906250e+02
5.343478393554687500e+01,8.236251831054687500e+01
4.949087905883789062e+01,7.704240417480468750e+01
5.511361694335937500e+01,8.531877136230468750e+01
3.856599807739257812e+01,7.731611633300781250e+01
7.217899322509765625e+01,9.348813629150390625e+01
6.387318801879882812e+01,8.889508819580078125e+01
7.788137817382812500e+01,9.405073547363281250e+01
4.178439331054687500e+01,7.714398956298828125e+01
4.708410263061523438e+01,7.984078216552734375e+01
9.656119537353515625e+01,1.289527587890625000e+02
9.106298065185546875e+01,1.172860717773437500e+02
4.995270919799804688e+01,1.169032135009765625e+02
6.306788253784179688e+01,1.269958801269531250e+02
7.110932159423828125e+01,1.259378890991210938e+02
9.571425628662109375e+01,1.383171844482421875e+02
3.889857101440429688e+01,1.001407318115234375e+02
6.052018356323242188e+01,1.157593841552734375e+02
5.158597183227539062e+01,1.068309173583984375e+02
5.023455429077148438e+01,1.114435729980468750e+02
6.764443206787109375e+01,1.215441284179687500e+02
4.585779953002929688e+01,1.127016677856445312e+02
7.887174224853515625e+01,1.281331787109375000e+02
9.461191558837890625e+01,1.293388061523437500e+02
7.734191131591796875e+01,1.237630615234375000e+02
8.610791778564453125e+01,1.284526672363281250e+02
6.270139694213867188e+01,1.156630935668945312e+02
6.852353668212890625e+01,1.196566314697265625e+02
7.834520721435546875e+01,1.353524780273437500e+02
6.351728439331054688e+01,1.278317871093750000e+02
8.434256744384765625e+01,1.381036071777343750e+02
1.034070129394531250e+02,1.330805053710937500e+02
1.084162673950195312e+02,1.374664001464843750e+02
9.478632354736328125e+01,1.314379425048828125e+02
1.164856948852539062e+02,1.347310180664062500e+02
1.179596023559570312e+02,1.342089691162109375e+02
8.888271331787109375e+01,1.253309555053710938e+02
9.835353851318359375e+01,1.351412811279296875e+02
9.108234405517578125e+01,1.272518615722656250e+02
9.536179351806640625e+01,1.280839843750000000e+02
1.015007705688476562e+02,1.337278900146484375e+02
8.482718658447265625e+01,1.241183929443359375e+02
9.348743438720703125e+01,1.293228149414062500e+02
1.007902755737304688e+02,1.302084808349609375e+02
9.390869903564453125e+01,1.313738708496093750e+02
1.000390014648437500e+02,1.359927673339843750e+02
1.045507812500000000e+02,1.331959838867187500e+02
2.230861854553222656e+01,5.391172790527343750e+01
1.653353118896484375e+01,6.088019943237304688e+01
1.937236976623535156e+01,7.253564453125000000e+01
1.896458053588867188e+01,5.391757583618164062e+01
1.792180442810058594e+01,5.715170288085937500e+01
1.912176322937011719e+01,7.562117004394531250e+01
1.936022377014160156e+01,7.531440734863281250e+01
1.794407463073730469e+01,6.305105590820312500e+01
2.003162956237792969e+01,7.472227478027343750e+01
1.873616790771484375e+01,6.232604217529296875e+01
1.931931495666503906e+01,7.187496948242187500e+01
2.662730407714843750e+01,7.868476867675781250e+01
1.980153465270996094e+01,8.225408935546875000e+01
1.592590618133544922e+01,7.222151184082031250e+01
3.105746459960937500e+01,6.939672851562500000e+01
1.983608818054199219e+01,8.008318328857421875e+01
2.034700012207031250e+01,6.248469543457031250e+01
2.193355751037597656e+01,6.948568725585937500e+01
1.849673461914062500e+01,6.819940185546875000e+01
2.149596405029296875e+01,7.653508758544921875e+01
2.027115058898925781e+01,8.119120788574218750e+01
2.093506622314453125e+01,8.127162170410156250e+01
1.644199562072753906e+01,7.201237487792968750e+01
1.844535827636718750e+01,7.959010314941406250e+01
1.751198768615722656e+01,7.177981567382812500e+01
2.073368644714355469e+01,7.277972412109375000e+01
1.853260612487792969e+01,7.122323608398437500e+01
2.077560615539550781e+01,8.426919555664062500e+01
1.680385971069335938e+01,7.532876586914062500e+01
1.073006362915039062e+02,1.372310791015625000e+02
6.746759796142578125e+01,9.039962768554687500e+01
5.697699356079101562e+01,9.209314727783203125e+01
4.479825973510742188e+01,7.576499176025390625e+01
4.546066665649414062e+01,7.720809936523437500e+01
1.631756210327148438e+01,4.931809234619140625e+01
6.092008590698242188e+01,8.828228759765625000e+01
4.705253219604492188e+01,8.122214508056640625e+01
4.841749954223632812e+01,8.298803710937500000e+01
1.168358325958251953e+01,3.771746063232421875e+01
1.737642860412597656e+01,4.393839263916015625e+01
1.802728843688964844e+01,5.513426208496093750e+01
9.056380462646484375e+01,1.400793457031250000e+02
7.821981048583984375e+01,1.385216064453125000e+02
1.280605621337890625e+02,1.314596557617187500e+02
5.617451095581054688e+01,9.414869689941406250e+01
7.564078521728515625e+01,1.174903564453125000e+02
7.497130584716796875e+01,1.162041168212890625e+02
6.454916381835937500e+01,1.110598526000976562e+02
5.743461990356445312e+01,1.043328704833984375e+02
6.423438262939453125e+01,1.110194396972656250e+02
8.166954803466796875e+01,1.214531402587890625e+02
4.223550033569335938e+01,9.991812896728515625e+01
5.225092697143554688e+01,1.004039916992187500e+02
5.041695022583007812e+01,1.074448776245117188e+02
5.216346359252929688e+01,1.075082397460937500e+02
3.784384536743164062e+01,8.808549499511718750e+01
3.661807632446289062e+01,8.649382019042968750e+01
5.453667068481445312e+01,1.024468536376953125e+02
5.374402236938476562e+01,1.018785095214843750e+02
6.794483947753906250e+01,1.110879287719726562e+02
5.405590820312500000e+01,1.016247406005859375e+02
4.824385070800781250e+01,9.689646911621093750e+01
5.691437911987304688e+01,1.034382629394531250e+02
5.439469528198242188e+01,1.024058532714843750e+02
8.319909667968750000e+01,1.231496887207031250e+02
8.862021636962890625e+01,1.308567352294921875e+02
7.607430267333984375e+01,1.108481140136718750e+02
8.060614776611328125e+01,1.250660400390625000e+02
9.818308258056640625e+01,1.327376403808593750e+02
8.096582031250000000e+01,1.164461059570312500e+02
7.131746673583984375e+01,1.160202484130859375e+02
7.524777984619140625e+01,1.098809967041015625e+02
7.690422821044921875e+01,1.142778778076171875e+02
9.888793945312500000e+01,1.221309280395507812e+02
9.831182861328125000e+01,1.271371841430664062e+02
9.750875091552734375e+01,1.268412246704101562e+02
1.115939559936523438e+02,1.357122192382812500e+02
8.743404388427734375e+01,1.167362289428710938e+02
1.046841430664062500e+02,1.308714904785156250e+02
1.080286865234375000e+02,1.324436187744140625e+02
9.287148284912109375e+01,1.176667022705078125e+02
8.860147094726562500e+01,1.215700302124023438e+02
9.768167877197265625e+01,1.277754440307617188e+02
1.035566787719726562e+02,1.300462188720703125e+02
9.829290771484375000e+01,1.267726364135742188e+02
6.312460327148437500e+01,1.012311325073242188e+02
9.882599639892578125e+01,1.279749145507812500e+02
9.069539642333984375e+01,1.217892150878906250e+02
5.743135452270507812e+01,9.063090515136718750e+01
8.100535583496093750e+01,1.130986709594726562e+02
6.803450775146484375e+01,9.493133544921875000e+01
8.034924316406250000e+01,1.198475494384765625e+02
7.701278686523437500e+01,1.151860809326171875e+02
6.064996337890625000e+01,1.094004058837890625e+02
6.468856048583984375e+01,1.114534301757812500e+02
1.053109054565429688e+02,1.274464721679687500e+02
9.690087890625000000e+01,1.261688156127929688e+02
9.395977783203125000e+01,1.238618316650390625e+02
1.018628234863281250e+02,1.260297317504882812e+02
8.877349090576171875e+01,1.189222412109375000e+02
7.007161712646484375e+01,1.083330841064453125e+02
7.212515258789062500e+01,1.116115570068359375e+02
7.560913848876953125e+01,1.125454406738281250e+02
1.002860336303710938e+02,1.259057464599609375e+02
5.794247436523437500e+01,9.673027801513671875e+01
8.811349487304687500e+01,1.235536651611328125e+02
7.825434112548828125e+01,1.173852844238281250e+02
8.082646942138671875e+01,1.286105651855468750e+02
4.517618942260742188e+01,1.091466674804687500e+02
4.866526794433593750e+01,1.082850189208984375e+02
4.689127731323242188e+01,1.067991714477539062e+02
4.139746856689453125e+01,1.068534088134765625e+02
4.071652603149414062e+01,9.690834045410156250e+01
5.612003707885742188e+01,1.108598251342773438e+02
8.400611114501953125e+01,1.236573638916015625e+02
8.731978607177734375e+01,1.218112106323242188e+02
6.783591461181640625e+01,1.118292465209960938e+02
6.986920928955078125e+01,1.122567291259765625e+02
6.758821868896484375e+01,1.103689422607421875e+02
8.120081329345703125e+01,1.182805938720703125e+02
8.930651855468750000e+01,1.275005493164062500e+02
5.456285476684570312e+01,1.068697509765625000e+02
6.680195617675781250e+01,1.140376281738281250e+02
8.522603607177734375e+01,1.237731170654296875e+02
7.816220092773437500e+01,1.202522964477539062e+02
6.849079132080078125e+01,1.141521911621093750e+02
4.696469116210937500e+01,9.801316833496093750e+01
6.428656768798828125e+01,1.093439788818359375e+02
4.538122558593750000e+01,9.685913085937500000e+01
7.952534484863281250e+01,1.241412048339843750e+02
5.315443420410156250e+01,1.072421875000000000e+02
5.431296920776367188e+01,1.078732986450195312e+02
6.952542877197265625e+01,1.131392364501953125e+02
8.261753082275390625e+01,1.208975067138671875e+02
6.700122833251953125e+01,1.138828277587890625e+02
8.152698516845703125e+01,1.200477142333984375e+02
1.100328750610351562e+02,1.345801696777343750e+02
1.049100952148437500e+02,1.329865112304687500e+02
1.017305297851562500e+02,1.252438888549804688e+02
1.006061019897460938e+02,1.312582550048828125e+02
3.615954971313476562e+01,9.444578552246093750e+01
4.802483749389648438e+01,9.991404724121093750e+01
4.052507400512695312e+01,9.865080261230468750e+01
4.681745529174804688e+01,1.020960083007812500e+02
4.031518173217773438e+01,9.263589477539062500e+01
3.844694137573242188e+01,9.448725128173828125e+01
4.463451766967773438e+01,9.938682556152343750e+01
4.683129501342773438e+01,9.430690002441406250e+01
4.849710464477539062e+01,1.033842697143554688e+02
5.254858398437500000e+01,1.061814117431640625e+02
5.707555770874023438e+01,1.039453887939453125e+02
4.838427734375000000e+01,1.019176025390625000e+02
5.589352416992187500e+01,1.071245651245117188e+02
4.724268722534179688e+01,1.039201889038085938e+02
2.320096778869628906e+01,7.421746826171875000e+01
3.892899703979492188e+01,8.642291259765625000e+01
2.651548957824707031e+01,7.661908721923828125e+01
4.124900436401367188e+01,8.214962768554687500e+01
2.262506103515625000e+01,7.010266113281250000e+01
2.163354492187500000e+01,7.490881347656250000e+01
3.848686981201171875e+01,9.173756408691406250e+01
4.063188171386718750e+01,9.370097351074218750e+01
2.822498893737792969e+01,7.361295318603515625e+01
3.061046600341796875e+01,7.776532745361328125e+01
2.929415702819824219e+01,6.850028991699218750e+01
4.758311843872070312e+01,9.234748840332031250e+01
4.673549270629882812e+01,8.917103576660156250e+01
3.284289932250976562e+01,7.837823486328125000e+01
2.130695343017578125e+01,6.603231048583984375e+01
2.753583335876464844e+01,8.257868957519531250e+01
1.258576431274414062e+02,1.328510437011718750e+02
2.698828125000000000e+01,6.546677398681640625e+01
2.441581916809082031e+01,6.798587036132812500e+01
3.016878318786621094e+01,7.489732360839843750e+01
3.004933166503906250e+01,7.142518615722656250e+01
3.385282516479492188e+01,7.147883605957031250e+01
2.664100074768066406e+01,6.686866760253906250e+01
2.268811988830566406e+01,6.273505783081054688e+01
2.823412132263183594e+01,6.849248504638671875e+01
2.872423744201660156e+01,8.326599121093750000e+01
2.834098815917968750e+01,7.937332153320312500e+01
2.711216545104980469e+01,7.824022674560546875e+01
2.515985870361328125e+01,7.411552429199218750e+01
4.814758682250976562e+01,8.887335968017578125e+01
4.530746459960937500e+01,9.430459594726562500e+01
3.807699203491210938e+01,8.999427032470703125e+01
3.149930381774902344e+01,8.357422637939453125e+01
3.882527542114257812e+01,8.763829803466796875e+01
3.131180572509765625e+01,8.279669189453125000e+01
3.603867721557617188e+01,8.612847900390625000e+01
3.666029739379882812e+01,8.996372985839843750e+01
3.496236801147460938e+01,8.489927673339843750e+01
4.652370071411132812e+01,9.370453643798828125e+01
4.334199523925781250e+01,9.018623352050781250e+01
3.561925888061523438e+01,8.709523010253906250e+01
3.871757507324218750e+01,8.605284118652343750e+01
3.217930984497070312e+01,7.913303375244140625e+01
3.471070480346679688e+01,7.967735290527343750e+01
4.523981094360351562e+01,8.693185424804687500e+01
3.162410926818847656e+01,8.381484985351562500e+01
3.256719589233398438e+01,8.743846130371093750e+01
3.255487442016601562e+01,8.633056640625000000e+01
3.521181869506835938e+01,8.451205444335937500e+01
3.253722000122070312e+01,8.092310333251953125e+01
2.895644378662109375e+01,8.084335327148437500e+01
3.497814941406250000e+01,8.791550445556640625e+01
3.282224273681640625e+01,8.321093750000000000e+01
3.000528526306152344e+01,8.513685607910156250e+01
4.191916656494140625e+01,9.005841064453125000e+01
3.265736007690429688e+01,8.485778808593750000e+01
4.155218124389648438e+01,9.350686645507812500e+01
3.338335037231445312e+01,7.821186065673828125e+01
3.133595085144042969e+01,7.495828247070312500e+01
3.163197326660156250e+01,7.687001037597656250e+01
3.516019821166992188e+01,8.818049621582031250e+01
5.265469741821289062e+01,9.731637573242187500e+01
5.826086044311523438e+01,1.006950378417968750e+02
6.318020248413085938e+01,1.054675140380859375e+02
6.634169006347656250e+01,9.575864410400390625e+01
3.975121688842773438e+01,7.678701782226562500e+01
6.523012542724609375e+01,1.053842468261718750e+02
5.558621215820312500e+01,1.103854370117187500e+02
5.594025802612304688e+01,1.107590408325195312e+02
5.793078613281250000e+01,1.098501129150390625e+02
8.167013549804687500e+01,1.189594726562500000e+02
6.674044799804687500e+01,1.113889770507812500e+02
6.744976043701171875e+01,1.117003250122070312e+02
6.760764312744140625e+01,1.114712219238281250e+02
6.803498077392578125e+01,1.083890533447265625e+02
6.961454010009765625e+01,1.132735977172851562e+02
6.181807327270507812e+01,1.101971817016601562e+02
5.744126892089843750e+01,1.108680267333984375e+02
5.840956497192382812e+01,1.108121490478515625e+02
5.953530883789062500e+01,1.119945526123046875e+02
8.211318206787109375e+01,1.163516387939453125e+02
7.259331512451171875e+01,1.138756027221679688e+02
9.709558868408203125e+01,1.220230407714843750e+02
7.144321441650390625e+01,1.137259063720703125e+02
7.312561798095703125e+01,1.138774414062500000e+02
7.352296447753906250e+01,1.151636962890625000e+02
7.202494049072265625e+01,1.118170928955078125e+02
6.346511840820312500e+01,1.110570526123046875e+02
7.711634826660156250e+01,1.133871154785156250e+02
9.255798339843750000e+01,1.208943786621093750e+02
2.093527412414550781e+01,7.171722412109375000e+01
4.626969528198242188e+01,1.051758117675781250e+02
2.377127647399902344e+01,8.611485290527343750e+01
3.735054397583007812e+01,9.744232177734375000e+01
3.742895889282226562e+01,1.044987030029296875e+02
2.045705032348632812e+01,7.334362792968750000e+01
1.716555976867675781e+01,7.995309448242187500e+01
3.540812301635742188e+01,7.905989074707031250e+01
5.173524475097656250e+01,9.991876220703125000e+01
3.458823013305664062e+01,8.993539428710937500e+01
4.721952819824218750e+01,1.034337768554687500e+02
3.229668807983398438e+01,7.202503967285156250e+01
3.736893844604492188e+01,9.477934265136718750e+01
5.866731643676757812e+01,1.113755798339843750e+02
2.146413612365722656e+01,7.060491943359375000e+01
2.728648567199707031e+01,7.290570831298828125e+01
3.234814071655273438e+01,8.188714599609375000e+01
1.808136558532714844e+01,7.650323486328125000e+01
2.271925354003906250e+01,6.623683166503906250e+01
2.796637535095214844e+01,6.641259002685546875e+01
5.014633178710937500e+01,1.115876464843750000e+02
2.595878410339355469e+01,7.292545318603515625e+01
2.453425598144531250e+01,8.113045501708984375e+01
1.996811294555664062e+01,7.223777770996093750e+01
2.010262870788574219e+01,7.154725646972656250e+01
2.231206321716308594e+01,7.038769531250000000e+01
1.764715003967285156e+01,7.131274414062500000e+01
2.708163261413574219e+01,7.400839233398437500e+01
1.615339851379394531e+01,7.650408935546875000e+01
2.088354110717773438e+01,7.410690307617187500e+01
2.863350677490234375e+01,7.266175842285156250e+01
3.716442489624023438e+01,7.888456726074218750e+01
5.625584030151367188e+01,9.187329101562500000e+01
2.115929985046386719e+01,7.055239105224609375e+01
5.218865585327148438e+01,9.851151275634765625e+01
5.816897583007812500e+01,1.052705917358398438e+02
2.791187858581542969e+01,7.323805236816406250e+01
2.183204078674316406e+01,7.166748046875000000e+01
4.824782180786132812e+01,8.615782928466796875e+01
1.999976158142089844e+01,7.056999206542968750e+01
2.530875968933105469e+01,7.234530639648437500e+01
4.584179687500000000e+01,8.827695465087890625e+01
5.047102737426757812e+01,9.479934692382812500e+01
2.862215614318847656e+01,7.422536468505859375e+01
2.256545448303222656e+01,7.380300140380859375e+01
5.959730529785156250e+01,9.391547393798828125e+01
1.940517997741699219e+01,7.368002319335937500e+01
3.109737586975097656e+01,7.464091491699218750e+01
6.172384643554687500e+01,1.025827865600585938e+02
8.550744628906250000e+01,1.121525268554687500e+02
3.730188751220703125e+01,7.967646789550781250e+01
3.100009155273437500e+01,7.879856872558593750e+01
3.854140090942382812e+01,7.842286682128906250e+01
3.388519287109375000e+01,7.759800720214843750e+01
7.860016632080078125e+01,1.245823822021484375e+02
8.066619110107421875e+01,9.519381713867187500e+01
9.860630035400390625e+01,1.097703399658203125e+02
9.141980743408203125e+01,1.099143524169921875e+02
7.115023803710937500e+01,9.937779998779296875e+01
3.067320823669433594e+01,8.747218322753906250e+01
2.420912933349609375e+01,9.993562316894531250e+01
1.699670982360839844e+01,9.754695129394531250e+01
2.646226501464843750e+01,1.102861938476562500e+02
2.767047691345214844e+01,1.097060470581054688e+02
2.691272735595703125e+01,1.102263870239257812e+02
2.615227508544921875e+01,1.054363784790039062e+02
2.529118156433105469e+01,1.008757553100585938e+02
2.300515747070312500e+01,9.205522155761718750e+01
1.010638656616210938e+02,1.240926895141601562e+02
2.350069236755371094e+01,7.251875305175781250e+01
2.245986747741699219e+01,6.910881042480468750e+01
2.582670783996582031e+01,8.509426116943359375e+01
7.047571563720703125e+01,9.306506347656250000e+01
6.899115753173828125e+01,9.302766418457031250e+01
7.855606842041015625e+01,7.842794799804687500e+01
1.277336597442626953e+01,9.267794799804687500e+01
9.310990333557128906e+00,9.669330596923828125e+01
9.685709953308105469e+00,9.243065643310546875e+01
1.515897846221923828e+01,9.245758056640625000e+01
2.701918029785156250e+01,9.800709533691406250e+01
3.873768234252929688e+01,8.553861236572265625e+01
3.759384536743164062e+01,8.477859497070312500e+01
5.081760787963867188e+01,9.562533569335937500e+01
3.438003921508789062e+01,8.514205932617187500e+01
4.445305252075195312e+01,9.337806701660156250e+01
3.248532485961914062e+01,8.413095092773437500e+01
5.172776412963867188e+01,9.832974243164062500e+01
4.566668701171875000e+01,9.382418823242187500e+01
4.556079101562500000e+01,9.490217590332031250e+01
2.744923400878906250e+01,8.177251434326171875e+01
3.172033882141113281e+01,7.854986572265625000e+01
3.531193542480468750e+01,7.985941314697265625e+01
4.091304779052734375e+01,6.157211685180664062e+01
6.275425720214843750e+01,6.196794891357421875e+01
7.368148040771484375e+01,1.193552856445312500e+02
6.623606872558593750e+01,1.123885650634765625e+02
7.472033691406250000e+01,1.201349639892578125e+02
4.727183914184570312e+01,9.150669860839843750e+01
4.124706649780273438e+01,9.110546875000000000e+01
4.608302688598632812e+01,9.551167297363281250e+01
5.493519210815429688e+01,9.575001525878906250e+01
4.597370529174804688e+01,8.337571716308593750e+01
4.365339279174804688e+01,8.676772308349609375e+01
3.428760910034179688e+01,7.419926452636718750e+01
3.583366775512695312e+01,7.997729492187500000e+01
3.118973731994628906e+01,6.603772735595703125e+01
3.035308647155761719e+01,7.086763000488281250e+01
3.516622543334960938e+01,7.280526733398437500e+01
3.298363113403320312e+01,6.865584564208984375e+01
2.612436866760253906e+01,6.573835754394531250e+01
4.080541992187500000e+01,7.283355712890625000e+01
1.757869529724121094e+01,1.119757690429687500e+02
1.810826301574707031e+01,1.132632446289062500e+02
1.235450744628906250e+01,1.065240325927734375e+02
2.053077697753906250e+01,8.469596099853515625e+01
2.365789794921875000e+01,1.104943084716796875e+02
1.380776596069335938e+01,1.068870239257812500e+02
1.781514549255371094e+01,1.002410125732421875e+02
1.648031806945800781e+01,9.927186584472656250e+01
1.178797531127929688e+01,9.872998046875000000e+01
1.240168857574462891e+01,9.838506317138671875e+01
1.126264476776123047e+01,9.149547576904296875e+01
1.211821842193603516e+01,1.014556503295898438e+02
1.343103408813476562e+01,9.139913177490234375e+01
1.325186443328857422e+01,8.508636474609375000e+01
9.563372611999511719e+00,1.116319656372070312e+02
9.362711906433105469e+00,1.092936096191406250e+02
8.976834297180175781e+00,1.042981872558593750e+02
9.737554550170898438e+00,1.144265594482421875e+02
1.149852275848388672e+01,1.098809356689453125e+02
1.128631114959716797e+01,1.020430221557617188e+02
1.673487854003906250e+01,8.945084381103515625e+01
1.127886867523193359e+01,8.818129730224609375e+01
1.466386413574218750e+01,9.118870544433593750e+01
1.866179084777832031e+01,1.185466308593750000e+02
1.957328414916992188e+01,9.860446166992187500e+01
1.645015907287597656e+01,9.785804748535156250e+01
3.990556335449218750e+01,1.065873107910156250e+02
7.348329162597656250e+01,9.110859680175781250e+01
3.080362892150878906e+01,1.090518875122070312e+02
1.384479427337646484e+01,5.257072448730468750e+01
1.485705566406250000e+01,5.059185791015625000e+01
1.579955577850341797e+01,5.976458358764648438e+01
1.756048202514648438e+01,6.148849487304687500e+01
1.692706871032714844e+01,4.867552947998046875e+01
1.680904579162597656e+01,5.960444641113281250e+01
3.551253509521484375e+01,7.920162963867187500e+01
2.840156364440917969e+01,6.994496917724609375e+01
2.810023498535156250e+01,6.841001892089843750e+01
3.200296783447265625e+01,7.190908813476562500e+01
3.347454833984375000e+01,7.224862670898437500e+01
2.309699058532714844e+01,6.416442871093750000e+01
3.310967636108398438e+01,6.748402404785156250e+01
3.187922859191894531e+01,6.472952270507812500e+01
3.191226768493652344e+01,6.565912628173828125e+01
3.077242851257324219e+01,6.223381423950195312e+01
2.951174736022949219e+01,5.876620864868164062e+01
3.095676612854003906e+01,6.250018310546875000e+01
2.530797767639160156e+01,5.547221374511718750e+01
2.744787025451660156e+01,6.412467193603515625e+01
2.567278099060058594e+01,6.230793380737304688e+01
2.476342010498046875e+01,5.736671447753906250e+01
2.544412803649902344e+01,5.561227035522460938e+01
2.664299964904785156e+01,6.266416931152343750e+01
2.339261054992675781e+01,5.606103897094726562e+01
3.080904197692871094e+01,7.096045684814453125e+01
2.117395591735839844e+01,1.172977600097656250e+02
1.522573375701904297e+01,1.014350051879882812e+02
1.520059585571289062e+01,9.697283935546875000e+01
2.239590454101562500e+01,5.678537750244140625e+01
2.275425529479980469e+01,5.755773544311523438e+01
2.342872619628906250e+01,5.362209701538085938e+01
2.229208564758300781e+01,5.415493774414062500e+01
2.573381042480468750e+01,4.936095428466796875e+01
2.456044769287109375e+01,5.205229187011718750e+01
2.473547554016113281e+01,4.844825744628906250e+01
2.367431831359863281e+01,5.656359481811523438e+01
1.571080017089843750e+01,5.417742156982421875e+01
1.544127750396728516e+01,5.063047027587890625e+01
1.924155044555664062e+01,6.234659194946289062e+01
1.721791267395019531e+01,5.882317352294921875e+01
1.951902770996093750e+01,5.762592315673828125e+01
2.017933654785156250e+01,6.014456939697265625e+01
2.384492492675781250e+01,5.784695816040039062e+01
2.046058082580566406e+01,5.485124969482421875e+01
2.167646598815917969e+01,5.899780273437500000e+01
1.954669761657714844e+01,5.539226531982421875e+01
2.027868080139160156e+01,5.406584167480468750e+01
2.456256294250488281e+01,5.672296905517578125e+01
2.306441497802734375e+01,5.435274505615234375e+01
6.762111663818359375e+01,1.006867675781250000e+02
6.861984252929687500e+01,9.237576293945312500e+01
6.511566162109375000e+01,8.554145812988281250e+01
6.624781036376953125e+01,8.717783355712890625e+01
5.769511413574218750e+01,8.407084655761718750e+01
5.701185989379882812e+01,8.341935729980468750e+01
7.093898773193359375e+01,9.170714569091796875e+01
6.703604125976562500e+01,9.366802978515625000e+01
7.263650512695312500e+01,9.413482666015625000e+01
3.709327697753906250e+01,6.460009765625000000e+01
4.617169189453125000e+01,7.696276092529296875e+01
3.665076446533203125e+01,6.570126342773437500e+01
4.438460159301757812e+01,7.124605560302734375e+01
4.864822006225585938e+01,7.330529785156250000e+01
5.103621292114257812e+01,7.520956420898437500e+01
3.643365478515625000e+01,6.342785644531250000e+01
4.750694274902343750e+01,7.249475097656250000e+01
5.052050781250000000e+01,7.371117401123046875e+01
3.746866607666015625e+01,6.582963562011718750e+01
3.808644866943359375e+01,6.745582580566406250e+01
4.916726684570312500e+01,7.392118835449218750e+01
5.516160964965820312e+01,7.853879547119140625e+01
3.888813018798828125e+01,6.725812530517578125e+01
3.893363571166992188e+01,6.954464721679687500e+01
5.134890365600585938e+01,7.651522064208984375e+01
5.471308517456054688e+01,7.925628662109375000e+01
3.999396133422851562e+01,6.928016662597656250e+01
5.250279617309570312e+01,7.763967895507812500e+01
4.900837326049804688e+01,7.801861572265625000e+01
5.372195053100585938e+01,8.432015991210937500e+01
5.342643356323242188e+01,7.925247192382812500e+01
6.119990158081054688e+01,8.437100219726562500e+01
6.346172714233398438e+01,8.251922607421875000e+01
1.604999732971191406e+01,6.525990295410156250e+01
2.698198699951171875e+01,7.432156372070312500e+01
3.341331481933593750e+01,8.226194000244140625e+01
2.964615440368652344e+01,7.537887573242187500e+01
1.724100303649902344e+01,6.873928833007812500e+01
1.648046684265136719e+01,6.834997558593750000e+01
1.261996746063232422e+01,5.594266510009765625e+01
1.925847434997558594e+01,7.167144775390625000e+01
1.723657417297363281e+01,7.344212341308593750e+01
1.130963039398193359e+01,7.149254608154296875e+01
2.198687744140625000e+01,7.753430175781250000e+01
4.749465942382812500e+01,9.526592254638671875e+01
1.639965629577636719e+01,7.342358398437500000e+01
1.718125915527343750e+01,6.853399658203125000e+01
1.280460834503173828e+01,5.804808807373046875e+01
1.918936538696289062e+01,7.629928588867187500e+01
4.068597793579101562e+01,9.208966064453125000e+01
2.337848854064941406e+01,7.044407653808593750e+01
7.433243560791015625e+01,7.334288024902343750e+01
4.661244583129882812e+01,1.041935195922851562e+02
4.037128829956054688e+01,9.639845275878906250e+01
4.732529067993164062e+01,1.047514343261718750e+02
5.788122940063476562e+01,1.064003753662109375e+02
6.302062988281250000e+01,1.095535430908203125e+02
6.841535949707031250e+01,1.175357513427734375e+02
4.648580932617187500e+01,9.864170837402343750e+01
4.955107498168945312e+01,1.005444793701171875e+02
7.753292846679687500e+01,1.208735351562500000e+02
3.840353775024414062e+01,9.243489837646484375e+01
5.527949905395507812e+01,1.065984344482421875e+02
5.773336791992187500e+01,1.085768585205078125e+02
3.313904190063476562e+01,8.641156005859375000e+01
3.644804763793945312e+01,8.804612731933593750e+01
5.545915603637695312e+01,1.049754180908203125e+02
6.043969726562500000e+01,1.082733306884765625e+02
6.331561279296875000e+01,1.099172897338867188e+02
4.509541702270507812e+01,9.702078247070312500e+01
4.674917602539062500e+01,9.854276275634765625e+01
5.904383468627929688e+01,1.080333251953125000e+02
5.993369674682617188e+01,1.078671875000000000e+02
6.898705291748046875e+01,1.116173629760742188e+02
5.337119674682617188e+01,1.071687622070312500e+02
3.182078742980957031e+01,8.516013336181640625e+01
5.080607986450195312e+01,1.075075225830078125e+02
4.486492538452148438e+01,9.797232055664062500e+01
5.237887191772460938e+01,1.048860778808593750e+02
3.195131683349609375e+01,8.708798217773437500e+01
5.706455993652343750e+01,1.054934082031250000e+02
5.873914718627929688e+01,1.070778503417968750e+02
4.250011062622070312e+01,9.597042083740234375e+01
4.403629684448242188e+01,9.708055114746093750e+01
6.255868148803710938e+01,1.159227523803710938e+02
3.038697814941406250e+01,8.619747924804687500e+01
4.833113479614257812e+01,9.313776397705078125e+01
1.674054527282714844e+01,4.695968627929687500e+01
1.735989761352539062e+01,4.878244018554687500e+01
1.768687248229980469e+01,4.630902099609375000e+01
1.646610069274902344e+01,4.537468719482421875e+01
1.608979797363281250e+01,4.414259338378906250e+01
1.850572013854980469e+01,4.870087432861328125e+01
1.472524261474609375e+01,4.449954223632812500e+01
1.770537376403808594e+01,5.064221954345703125e+01
2.436489868164062500e+01,5.592913055419921875e+01
2.044132423400878906e+01,5.110470581054687500e+01
2.003622817993164062e+01,5.316693115234375000e+01
2.247802925109863281e+01,5.116418457031250000e+01
2.038959121704101562e+01,4.867873382568359375e+01
2.220621299743652344e+01,5.391046905517578125e+01
1.857637786865234375e+01,4.901677322387695312e+01
6.301968765258789062e+01,1.208098907470703125e+02
6.091553878784179688e+01,1.248085327148437500e+02
6.474600982666015625e+01,1.248063964843750000e+02
2.069041442871093750e+01,7.522378540039062500e+01
6.487705230712890625e+01,8.164567565917968750e+01
2.658338928222656250e+01,1.089198760986328125e+02
3.703511428833007812e+01,1.109193649291992188e+02
2.382149505615234375e+01,6.106039810180664062e+01
2.776904869079589844e+01,7.586179351806640625e+01
3.109223937988281250e+01,8.305595397949218750e+01
1.620031166076660156e+01,5.529380416870117188e+01
6.866316986083984375e+01,5.607788085937500000e+01
5.987150573730468750e+01,5.082341766357421875e+01
1.754002952575683594e+01,3.858709335327148438e+01
1.689308547973632812e+01,4.093172454833984375e+01
1.767802047729492188e+01,4.509012603759765625e+01
1.784907531738281250e+01,4.138170242309570312e+01
1.722192955017089844e+01,4.164665222167968750e+01
1.759777259826660156e+01,3.985144805908203125e+01
1.630872535705566406e+01,4.249131393432617188e+01
1.874508476257324219e+01,4.424539947509765625e+01
1.854845237731933594e+01,4.049781036376953125e+01
1.547656250000000000e+01,4.021091461181640625e+01
1.477826976776123047e+01,4.345425415039062500e+01
1.398127460479736328e+01,3.849267578125000000e+01
1.638551902770996094e+01,3.955183410644531250e+01
1.569646549224853516e+01,3.881836318969726562e+01
1.669661903381347656e+01,3.808467102050781250e+01
6.527835845947265625e+01,8.250878143310546875e+01
2.065173530578613281e+01,7.900285339355468750e+01
2.946710777282714844e+01,8.870783233642578125e+01
6.155565261840820312e+01,6.067166137695312500e+01
6.745874023437500000e+01,8.445565032958984375e+01
9.111047363281250000e+01,8.580477905273437500e+01
3.675529479980468750e+01,8.016885375976562500e+01
5.095373535156250000e+01,1.003776702880859375e+02
1.512722873687744141e+01,5.207987213134765625e+01
4.907807540893554688e+01,5.826801300048828125e+01
5.280105590820312500e+01,8.194989013671875000e+01
4.257234573364257812e+01,5.939391708374023438e+01
5.264648437500000000e+01,8.025918579101562500e+01
7.291437530517578125e+01,9.833055114746093750e+01
5.553099060058593750e+01,8.742187500000000000e+01
6.111306381225585938e+01,9.108573913574218750e+01
5.656503295898437500e+01,8.895877075195312500e+01
6.347567749023437500e+01,9.067044830322265625e+01
6.172883987426757812e+01,9.006503295898437500e+01
7.044654083251953125e+01,9.629991149902343750e+01
4.852661132812500000e+01,7.861893463134765625e+01
5.515208816528320312e+01,8.196542358398437500e+01
4.585929489135742188e+01,7.355107116699218750e+01
5.546368408203125000e+01,8.183036041259765625e+01
3.967286300659179688e+01,7.031608581542968750e+01
5.383556747436523438e+01,8.201753234863281250e+01
4.801616287231445312e+01,7.913642883300781250e+01
5.633134841918945312e+01,8.441784667968750000e+01
5.459041976928710938e+01,8.238154602050781250e+01
4.247320938110351562e+01,7.988960266113281250e+01
6.255770874023437500e+01,8.894432067871093750e+01
6.121540832519531250e+01,8.736013793945312500e+01
6.679735565185546875e+01,9.056355285644531250e+01
4.202574539184570312e+01,7.589778900146484375e+01
5.310804367065429688e+01,8.254841613769531250e+01
5.181868362426757812e+01,8.419686889648437500e+01
6.254340744018554688e+01,9.211253356933593750e+01
4.614068603515625000e+01,7.753131103515625000e+01
5.447587203979492188e+01,8.307600402832031250e+01
1.055686721801757812e+02,1.301667480468750000e+02
6.243231201171875000e+01,1.149392776489257812e+02
5.275709915161132812e+01,9.747491455078125000e+01
4.859077453613281250e+01,8.802687072753906250e+01
5.333588027954101562e+01,9.356787109375000000e+01
6.340987014770507812e+01,1.058477935791015625e+02
7.023428344726562500e+01,1.093656387329101562e+02
4.596510696411132812e+01,9.184086608886718750e+01
4.564992904663085938e+01,9.899949645996093750e+01
4.494187545776367188e+01,9.105039978027343750e+01
5.105760574340820312e+01,9.745806884765625000e+01
5.367137527465820312e+01,9.373661804199218750e+01
5.260748291015625000e+01,9.108038330078125000e+01
3.617401504516601562e+01,8.725065612792968750e+01
4.496925735473632812e+01,1.060569915771484375e+02
3.955337905883789062e+01,9.521819305419921875e+01
4.617947769165039062e+01,9.134859466552734375e+01
5.010120773315429688e+01,9.566027832031250000e+01
2.407671165466308594e+01,6.908325958251953125e+01
3.101659393310546875e+01,7.926609802246093750e+01
3.597578048706054688e+01,8.969606781005859375e+01
2.588275718688964844e+01,8.160182189941406250e+01
3.123225212097167969e+01,7.208102416992187500e+01
4.533559036254882812e+01,9.181867980957031250e+01
2.528483772277832031e+01,6.996789550781250000e+01
2.465772056579589844e+01,6.857522583007812500e+01
3.180729103088378906e+01,7.890660095214843750e+01
2.709805870056152344e+01,7.920593261718750000e+01
2.925876808166503906e+01,6.737705993652343750e+01
4.121015930175781250e+01,9.144581604003906250e+01
6.824728393554687500e+01,1.084909667968750000e+02
4.957444381713867188e+01,9.461805725097656250e+01
6.136497116088867188e+01,9.777780914306640625e+01
4.347707748413085938e+01,8.741770935058593750e+01
5.186009597778320312e+01,9.509815979003906250e+01
2.755286598205566406e+01,6.603443908691406250e+01
3.988482284545898438e+01,7.956423950195312500e+01
3.012178230285644531e+01,7.793331909179687500e+01
3.637979507446289062e+01,7.592272949218750000e+01
8.424760437011718750e+01,1.172538909912109375e+02
8.785774993896484375e+01,1.170938644409179688e+02
5.546407699584960938e+01,9.700833129882812500e+01
5.225204467773437500e+01,9.864179229736328125e+01
6.069880676269531250e+01,9.787409973144531250e+01
4.657288742065429688e+01,9.138825988769531250e+01
2.635408973693847656e+01,8.638809967041015625e+01
3.248533630371093750e+01,8.184681701660156250e+01
2.030018043518066406e+01,6.963825225830078125e+01
3.314584350585937500e+01,8.198818206787109375e+01
2.696411705017089844e+01,6.821678924560546875e+01
4.822773361206054688e+01,8.748603820800781250e+01
1.808495521545410156e+01,6.729888916015625000e+01
1.636722183227539062e+01,7.263262939453125000e+01
1.630288887023925781e+01,7.094941711425781250e+01
1.943030738830566406e+01,6.048220825195312500e+01
2.024616241455078125e+01,6.496604919433593750e+01
1.679690742492675781e+01,7.080968475341796875e+01
1.767218399047851562e+01,7.049833679199218750e+01
1.691083717346191406e+01,7.071659088134765625e+01
1.968846130371093750e+01,5.785817718505859375e+01
1.831001091003417969e+01,5.890840148925781250e+01
1.558356952667236328e+01,6.905361938476562500e+01
1.729315376281738281e+01,5.875385665893554688e+01
1.739399337768554688e+01,7.430823516845703125e+01
1.758636283874511719e+01,7.347875976562500000e+01
1.776973533630371094e+01,7.296234130859375000e+01
1.862810134887695312e+01,7.492390441894531250e+01
2.465398216247558594e+01,7.821339416503906250e+01
1.826276397705078125e+01,7.212144470214843750e+01
1.845412254333496094e+01,7.157196044921875000e+01
1.881760215759277344e+01,7.141846466064453125e+01
1.851861381530761719e+01,6.197211456298828125e+01
1.835046005249023438e+01,6.362307357788085938e+01
2.092580795288085938e+01,6.447332000732421875e+01
3.245464324951171875e+01,7.629711151123046875e+01
1.807517433166503906e+01,6.932479858398437500e+01
1.897930145263671875e+01,6.103160095214843750e+01
1.906052207946777344e+01,6.217771530151367188e+01
2.090545272827148438e+01,5.884818649291992188e+01
1.636946678161621094e+01,7.213394927978515625e+01
1.756792640686035156e+01,6.233707427978515625e+01
2.734460449218750000e+01,8.678372192382812500e+01
3.263774490356445312e+01,7.886505889892578125e+01
1.792756652832031250e+01,6.181417846679687500e+01
2.754547309875488281e+01,7.917092895507812500e+01
2.074291801452636719e+01,7.890367126464843750e+01
1.732549095153808594e+01,7.444737243652343750e+01
1.914890098571777344e+01,7.389125061035156250e+01
2.991384315490722656e+01,8.598049163818359375e+01
1.946116638183593750e+01,6.994744873046875000e+01
1.706607055664062500e+01,7.156311035156250000e+01
1.972600555419921875e+01,7.737934875488281250e+01
1.837312126159667969e+01,7.070590972900390625e+01
2.149965476989746094e+01,7.281293487548828125e+01
1.785244560241699219e+01,7.083708190917968750e+01
1.895021820068359375e+01,6.912968444824218750e+01
1.819103813171386719e+01,6.883130645751953125e+01
1.763832855224609375e+01,6.893019104003906250e+01
1.604574775695800781e+01,7.046913146972656250e+01
3.371247863769531250e+01,7.580811309814453125e+01
1.957758903503417969e+01,6.044730377197265625e+01
1.849199485778808594e+01,6.758876037597656250e+01
2.450209236145019531e+01,6.348618316650390625e+01
1.746366310119628906e+01,6.890184020996093750e+01
2.000387763977050781e+01,5.827487182617187500e+01
2.267647743225097656e+01,6.217587280273437500e+01
1.910594940185546875e+01,5.939270782470703125e+01
2.157638549804687500e+01,5.654690551757812500e+01
1.875332069396972656e+01,5.705272674560546875e+01
1.820928382873535156e+01,6.079913711547851562e+01
3.349025344848632812e+01,7.601561737060546875e+01
1.704904937744140625e+01,6.740608215332031250e+01
1.902549171447753906e+01,5.834648895263671875e+01
2.168360900878906250e+01,6.286111450195312500e+01
2.160601043701171875e+01,7.155934143066406250e+01
5.161137008666992188e+01,9.032276153564453125e+01
2.353089141845703125e+01,6.134262847900390625e+01
2.401157188415527344e+01,6.469868469238281250e+01
3.335337448120117188e+01,7.925894165039062500e+01
4.749819564819335938e+01,1.016355209350585938e+02
6.615142059326171875e+01,1.110212783813476562e+02
8.270526885986328125e+01,9.994282531738281250e+01
2.853502845764160156e+01,6.748522186279296875e+01
7.776462554931640625e+01,1.082381896972656250e+02
7.690414428710937500e+01,1.127723999023437500e+02
8.632407379150390625e+01,1.116099624633789062e+02
7.304707336425781250e+01,9.977471923828125000e+01
8.433197784423828125e+01,1.096720352172851562e+02
7.776681518554687500e+01,1.000012283325195312e+02
8.295397949218750000e+01,1.059449539184570312e+02
8.562758636474609375e+01,1.086107788085937500e+02
8.348451995849609375e+01,1.114672241210937500e+02
8.005532073974609375e+01,1.137585372924804688e+02
7.911972808837890625e+01,1.029045104980468750e+02
8.306508636474609375e+01,1.033931503295898438e+02
8.970880126953125000e+01,1.079689025878906250e+02
7.603421783447265625e+01,1.013162918090820312e+02
8.863620758056640625e+01,1.063710632324218750e+02
9.252695465087890625e+01,1.084102020263671875e+02
8.785128021240234375e+01,9.522447204589843750e+01
9.310562896728515625e+01,9.514099121093750000e+01
9.128958129882812500e+01,1.115024414062500000e+02
9.980069732666015625e+01,1.117403488159179688e+02
8.930979156494140625e+01,1.098936767578125000e+02
8.580539703369140625e+01,9.848901367187500000e+01
8.733939361572265625e+01,1.029660644531250000e+02
8.934729003906250000e+01,1.106001815795898438e+02
9.751727294921875000e+01,1.102319793701171875e+02
7.837851715087890625e+01,9.194907379150390625e+01
9.185073852539062500e+01,9.990731811523437500e+01
9.249051666259765625e+01,1.127068634033203125e+02
9.847592926025390625e+01,1.118617095947265625e+02
1.044285888671875000e+02,1.079010467529296875e+02
9.560471343994140625e+01,1.135741500854492188e+02
1.030398254394531250e+02,1.144198913574218750e+02
9.751041412353515625e+01,1.037734222412109375e+02
9.585791015625000000e+01,1.034860229492187500e+02
9.269828033447265625e+01,1.123660507202148438e+02
9.747629547119140625e+01,1.067814483642578125e+02
1.110058822631835938e+02,1.136990509033203125e+02
1.026434936523437500e+02,1.038752441406250000e+02
1.064049148559570312e+02,1.264940490722656250e+02
1.189020614624023438e+02,1.292629394531250000e+02
1.146529006958007812e+02,1.311537475585937500e+02
1.241571655273437500e+02,1.324373168945312500e+02
1.238253707885742188e+02,1.361605529785156250e+02
1.260057144165039062e+02,1.333414764404296875e+02
1.124790878295898438e+02,1.303149719238281250e+02
1.234597549438476562e+02,1.322866363525390625e+02
1.364712524414062500e+02,1.384775085449218750e+02
1.303444061279296875e+02,1.377126312255859375e+02
1.090358505249023438e+02,1.340066223144531250e+02
1.185616836547851562e+02,1.308079528808593750e+02
1.264197006225585938e+02,1.336701507568359375e+02
1.285580291748046875e+02,1.345527343750000000e+02
1.263609085083007812e+02,1.336894836425781250e+02
1.337389984130859375e+02,1.380129241943359375e+02
9.934188079833984375e+01,1.129700393676757812e+02
9.382370758056640625e+01,1.134879150390625000e+02
1.278035049438476562e+02,1.314934539794921875e+02
1.154781570434570312e+02,1.264422302246093750e+02
1.092500228881835938e+02,1.250750579833984375e+02
5.166186904907226562e+01,8.732319641113281250e+01
1.193001403808593750e+02,1.278070831298828125e+02
9.377678680419921875e+01,1.087279434204101562e+02
1.063836898803710938e+02,1.181788253784179688e+02
7.304566192626953125e+01,9.275466918945312500e+01
8.556204223632812500e+01,1.068377532958984375e+02
8.661566162109375000e+01,1.092304382324218750e+02
8.743143463134765625e+01,1.094874114990234375e+02
1.238660812377929688e+02,1.288804321289062500e+02
8.927197265625000000e+01,1.076568756103515625e+02
1.198925247192382812e+02,1.302847900390625000e+02
8.110683441162109375e+01,1.068859710693359375e+02
6.763697052001953125e+01,9.694449615478515625e+01
5.424663925170898438e+01,8.385778045654296875e+01
6.650363922119140625e+01,9.309832763671875000e+01
7.004489898681640625e+01,9.604580688476562500e+01
6.883190155029296875e+01,9.579164123535156250e+01
5.363055038452148438e+01,8.633212280273437500e+01
6.643298339843750000e+01,9.642755126953125000e+01
7.879608154296875000e+01,1.048981170654296875e+02
6.830268096923828125e+01,9.441914367675781250e+01
9.301961517333984375e+01,1.123880462646484375e+02
5.348936843872070312e+01,9.182003784179687500e+01
5.820605468750000000e+01,9.062490844726562500e+01
9.947626495361328125e+01,1.190366897583007812e+02
1.062545166015625000e+02,1.230525512695312500e+02
8.060179901123046875e+01,1.027778320312500000e+02
7.523027038574218750e+01,9.504483795166015625e+01
7.362887573242187500e+01,9.701411437988281250e+01
8.042410278320312500e+01,9.896012878417968750e+01
8.304287719726562500e+01,9.963414001464843750e+01
9.309958648681640625e+01,1.077314910888671875e+02
8.063809967041015625e+01,1.030426330566406250e+02
6.983252716064453125e+01,9.199054718017578125e+01
6.820912170410156250e+01,9.200515747070312500e+01
6.658658599853515625e+01,9.269173431396484375e+01
9.385359954833984375e+01,1.120106811523437500e+02
7.435399627685546875e+01,9.849827575683593750e+01
6.423844909667968750e+01,9.027560424804687500e+01
9.014339447021484375e+01,1.098541564941406250e+02
6.284807205200195312e+01,9.268851470947265625e+01
7.635491180419921875e+01,1.015036773681640625e+02
1.014109268188476562e+02,1.209686508178710938e+02
5.698875427246093750e+01,8.515817260742187500e+01
9.168898773193359375e+01,1.086277008056640625e+02
5.194700622558593750e+01,1.101242523193359375e+02
4.491378784179687500e+01,1.144253845214843750e+02
4.986523437500000000e+01,1.209916000366210938e+02
2.738064575195312500e+01,5.210061645507812500e+01
3.194230461120605469e+01,5.985425186157226562e+01
3.722358322143554688e+01,6.292982482910156250e+01
3.059278297424316406e+01,5.414884948730468750e+01
2.871421623229980469e+01,5.134505844116210938e+01
3.328734970092773438e+01,6.043482208251953125e+01
2.555853080749511719e+01,5.167205047607421875e+01
5.037312316894531250e+01,8.259234619140625000e+01
2.890152931213378906e+01,5.428099060058593750e+01
2.095616722106933594e+01,7.046588134765625000e+01
3.135949516296386719e+01,8.007471466064453125e+01
2.314044952392578125e+01,6.489371490478515625e+01
4.642028808593750000e+01,6.972727203369140625e+01
2.203909301757812500e+01,4.857054138183593750e+01
6.283626174926757812e+01,9.888618469238281250e+01
3.901462173461914062e+01,6.134512329101562500e+01
1.211045932769775391e+01,9.453313446044921875e+01
2.189975166320800781e+01,9.952822113037109375e+01
2.124746513366699219e+01,9.238832092285156250e+01
1.419782733917236328e+01,8.939810180664062500e+01
3.348006820678710938e+01,1.069302673339843750e+02
3.278197097778320312e+01,9.966310119628906250e+01
3.615592575073242188e+01,1.044602508544921875e+02
2.592036437988281250e+01,1.020876464843750000e+02
5.251935195922851562e+01,1.139129638671875000e+02
1.602117156982421875e+01,8.305111694335937500e+01
1.073550796508789062e+01,7.864898681640625000e+01
2.016806030273437500e+01,8.886062622070312500e+01
1.337903308868408203e+01,8.407839965820312500e+01
3.182327842712402344e+01,1.014655685424804688e+02
1.696360015869140625e+01,4.902950286865234375e+01
1.565355682373046875e+01,8.148690795898437500e+01
1.127184677124023438e+01,7.533030700683593750e+01
2.644698333740234375e+01,9.734548950195312500e+01
1.881110763549804688e+01,9.290626525878906250e+01
1.579777431488037109e+01,7.251904296875000000e+01
1.160287570953369141e+01,7.459457397460937500e+01
1.821501350402832031e+01,9.624327850341796875e+01
2.156701087951660156e+01,1.005466003417968750e+02
2.163098716735839844e+01,9.955284118652343750e+01
2.794308662414550781e+01,1.003741607666015625e+02
2.004706001281738281e+01,9.567532348632812500e+01
2.065872192382812500e+01,9.459299468994140625e+01
2.009491539001464844e+01,8.883264160156250000e+01
1.465186786651611328e+01,7.085703277587890625e+01
1.094387817382812500e+01,6.345018386840820312e+01
2.078899574279785156e+01,5.727189636230468750e+01
2.814627075195312500e+01,6.358061218261718750e+01
7.354669952392578125e+01,8.696343994140625000e+01
2.122260665893554688e+01,4.157480621337890625e+01
8.249444580078125000e+01,9.828916168212890625e+01
1.583445072174072266e+01,7.452197265625000000e+01
1.648183250427246094e+01,7.571929931640625000e+01
1.330521869659423828e+01,6.290505981445312500e+01
1.532085704803466797e+01,5.508106994628906250e+01
1.427571105957031250e+01,5.325047683715820312e+01
1.462677383422851562e+01,5.965708923339843750e+01
1.434479427337646484e+01,6.016298675537109375e+01
1.554248714447021484e+01,5.720623016357421875e+01
1.550015926361083984e+01,6.104919433593750000e+01
1.419197940826416016e+01,5.457695007324218750e+01
1.651137542724609375e+01,5.702639770507812500e+01
1.741333198547363281e+01,6.385430145263671875e+01
1.519759845733642578e+01,5.645652008056640625e+01
1.462632751464843750e+01,5.560196304321289062e+01
1.461228561401367188e+01,6.008469390869140625e+01
1.602784919738769531e+01,6.224072265625000000e+01
1.605531883239746094e+01,6.280488586425781250e+01
2.260086631774902344e+01,7.053120422363281250e+01
1.318708038330078125e+01,4.580702209472656250e+01
1.353832721710205078e+01,5.042373657226562500e+01
1.209004974365234375e+01,4.386009979248046875e+01
1.249127292633056641e+01,4.479894256591796875e+01
1.209796428680419922e+01,5.028176879882812500e+01
1.367158794403076172e+01,4.778594970703125000e+01
1.293562698364257812e+01,4.647969436645507812e+01
1.354525470733642578e+01,5.190906906127929688e+01
2.259396553039550781e+01,9.881153869628906250e+01
1.565909957885742188e+01,6.391761016845703125e+01
1.650959968566894531e+01,8.207441711425781250e+01
1.615004539489746094e+01,7.306866455078125000e+01
1.684140968322753906e+01,7.795296478271484375e+01
1.567412567138671875e+01,7.190911865234375000e+01
1.642125892639160156e+01,7.797551727294921875e+01
1.648224639892578125e+01,7.208248901367187500e+01
1.390231800079345703e+01,5.294705200195312500e+01
1.327682781219482422e+01,5.653744506835937500e+01
1.288261413574218750e+01,5.032861328125000000e+01
1.356564807891845703e+01,5.158887481689453125e+01
1.441952037811279297e+01,7.265956115722656250e+01
1.359468936920166016e+01,5.202861785888671875e+01
1.280793476104736328e+01,5.492926788330078125e+01
1.315909957885742188e+01,5.179866790771484375e+01
1.249258708953857422e+01,4.971643066406250000e+01
1.394906616210937500e+01,5.611225891113281250e+01
1.300590610504150391e+01,5.123923110961914062e+01
1.280460834503173828e+01,5.921332168579101562e+01
1.340883255004882812e+01,6.260552597045898438e+01
1.234712696075439453e+01,4.362335205078125000e+01
1.235460281372070312e+01,4.735607147216796875e+01
1.165415191650390625e+01,4.567931365966796875e+01
3.506894302368164062e+01,7.863725280761718750e+01
1.740447044372558594e+01,6.254845809936523438e+01
1.113063526153564453e+01,3.905208587646484375e+01
1.702445030212402344e+01,4.978718566894531250e+01
2.062602043151855469e+01,5.692472076416015625e+01
1.685604095458984375e+01,5.582262420654296875e+01
2.637011718750000000e+01,5.573061370849609375e+01
1.783439826965332031e+01,4.811562728881835938e+01
1.081818103790283203e+01,4.143062591552734375e+01
2.439901161193847656e+01,5.322275161743164062e+01
1.986856079101562500e+01,5.529119873046875000e+01
8.533149719238281250e+00,5.041207122802734375e+01
1.861557197570800781e+01,5.400302886962890625e+01
2.279484367370605469e+01,4.531777191162109375e+01
2.907275199890136719e+01,5.554264068603515625e+01
1.009056091308593750e+01,4.142904663085937500e+01
2.695300292968750000e+01,5.397019195556640625e+01
2.751639556884765625e+01,5.263100814819335938e+01
3.207831192016601562e+01,6.145830154418945312e+01
1.712901496887207031e+01,4.968848419189453125e+01
9.783779144287109375e+01,1.072057342529296875e+02
4.154259872436523438e+01,6.802334594726562500e+01
2.365191078186035156e+01,7.353413391113281250e+01
3.600576782226562500e+01,9.654289245605468750e+01
3.737330627441406250e+01,1.001958007812500000e+02
4.055326461791992188e+01,1.009777450561523438e+02
3.076997375488281250e+01,8.713516235351562500e+01
3.292082595825195312e+01,9.658653259277343750e+01
2.773029136657714844e+01,8.162729644775390625e+01
2.672731590270996094e+01,7.867211914062500000e+01
3.515945434570312500e+01,8.048948669433593750e+01
3.554334259033203125e+01,9.423870849609375000e+01
3.467670059204101562e+01,8.354138183593750000e+01
2.253503417968750000e+01,7.895040893554687500e+01
2.954360008239746094e+01,7.826419067382812500e+01
2.711901855468750000e+01,7.576618957519531250e+01
2.945109367370605469e+01,8.698763275146484375e+01
2.673453330993652344e+01,8.459864807128906250e+01
3.066329193115234375e+01,8.908729553222656250e+01
3.324186325073242188e+01,8.237469482421875000e+01
2.696458625793457031e+01,6.440101623535156250e+01
3.657126235961914062e+01,9.278873443603515625e+01
2.864600181579589844e+01,5.903820800781250000e+01
3.058053779602050781e+01,6.550035858154296875e+01
7.517348480224609375e+01,8.363829803466796875e+01
6.458849334716796875e+01,4.916902542114257812e+01
3.949928665161132812e+01,8.042864990234375000e+01
2.768053245544433594e+01,7.115701293945312500e+01
2.244483947753906250e+01,6.653655242919921875e+01
3.516585159301757812e+01,9.587434387207031250e+01
3.706655502319335938e+01,9.598072814941406250e+01
2.427060890197753906e+01,7.199656677246093750e+01
2.892548561096191406e+01,8.104148864746093750e+01
3.404186630249023438e+01,8.731170654296875000e+01
2.806815910339355469e+01,6.733358764648437500e+01
4.235170364379882812e+01,7.427390289306640625e+01
2.847200584411621094e+01,7.231297302246093750e+01
3.902639389038085938e+01,7.449893188476562500e+01
2.457752037048339844e+01,6.914512634277343750e+01
3.085089302062988281e+01,8.121444702148437500e+01
2.390032196044921875e+01,5.949237442016601562e+01
4.974622726440429688e+01,7.562734985351562500e+01
6.901897430419921875e+01,6.333796691894531250e+01
7.655178833007812500e+01,1.074261016845703125e+02
3.767261886596679688e+01,6.124060821533203125e+01
3.266588211059570312e+01,6.798194885253906250e+01
1.122520923614501953e+01,4.484961700439453125e+01
3.783729934692382812e+01,8.706294250488281250e+01
3.588566207885742188e+01,7.370843505859375000e+01
6.978151702880859375e+01,1.197697296142578125e+02
6.405513763427734375e+01,9.541172027587890625e+01
2.257304382324218750e+01,8.266171264648437500e+01
5.459060668945312500e+01,1.110331802368164062e+02
7.727675628662109375e+01,1.085734710693359375e+02
4.112161636352539062e+01,9.592916107177734375e+01
1.121689987182617188e+02,1.299122772216796875e+02
9.843786621093750000e+01,1.097444152832031250e+02
6.493740081787109375e+01,9.507044982910156250e+01
6.056313705444335938e+01,9.049172973632812500e+01
6.458673858642578125e+01,9.207245635986328125e+01
6.678168487548828125e+01,9.527384185791015625e+01
9.149562835693359375e+01,1.110000305175781250e+02
8.208251190185546875e+01,1.017996215820312500e+02
8.137490081787109375e+01,9.912306976318359375e+01
7.223000335693359375e+01,9.296336364746093750e+01
1.383503723144531250e+02,1.369349670410156250e+02
1.365869140625000000e+02,1.366396179199218750e+02
1.365963287353515625e+02,1.365702514648437500e+02
1.365283050537109375e+02,1.364766387939453125e+02
1.364962158203125000e+02,1.366696166992187500e+02
1.392038574218750000e+02,1.376508178710937500e+02
1.372200317382812500e+02,1.375311279296875000e+02
1.331482696533203125e+02,1.342668457031250000e+02
1.392191314697265625e+02,1.377878723144531250e+02
1.370889739990234375e+02,1.377793273925781250e+02
1.331829681396484375e+02,1.355290222167968750e+02
1.102907180786132812e+02,1.307167816162109375e+02
1.053423690795898438e+02,1.283119506835937500e+02
1.199454956054687500e+02,1.316842651367187500e+02
1.188111572265625000e+02,1.294446258544921875e+02
1.153243789672851562e+02,1.278117065429687500e+02
9.670895385742187500e+01,1.133985366821289062e+02
1.200845947265625000e+02,1.304522705078125000e+02
1.062820358276367188e+02,1.217926483154296875e+02
1.146912841796875000e+02,1.263607330322265625e+02
1.171819152832031250e+02,1.289300384521484375e+02
1.017309341430664062e+02,1.192995758056640625e+02
1.097847671508789062e+02,1.272507171630859375e+02
1.039107742309570312e+02,1.256027908325195312e+02
9.664727783203125000e+01,1.248432769775390625e+02
1.078302612304687500e+02,1.239660568237304688e+02
1.165366592407226562e+02,1.300009765625000000e+02
1.063593978881835938e+02,1.253916778564453125e+02
9.004571533203125000e+01,1.222652969360351562e+02
1.078467330932617188e+02,1.213596954345703125e+02
9.912633514404296875e+01,1.291665496826171875e+02
1.076681900024414062e+02,1.279713363647460938e+02
9.870369720458984375e+01,1.259106292724609375e+02
1.263237686157226562e+02,1.406990051269531250e+02
1.339537963867187500e+02,1.364878234863281250e+02
9.905129241943359375e+01,1.203327102661132812e+02
7.567586517333984375e+01,9.087996673583984375e+01
5.881933593750000000e+01,7.317261505126953125e+01
5.984678268432617188e+01,7.489588165283203125e+01
5.669998168945312500e+01,7.610394287109375000e+01
4.546498107910156250e+01,6.371391296386718750e+01
4.280873489379882812e+01,5.703401184082031250e+01
6.380335617065429688e+01,8.431274414062500000e+01
5.650254440307617188e+01,8.049960327148437500e+01
5.684048461914062500e+01,8.081529235839843750e+01
4.705025863647460938e+01,7.695644378662109375e+01
6.875024414062500000e+01,8.513291168212890625e+01
5.776945114135742188e+01,8.252267456054687500e+01
6.934552764892578125e+01,8.910930633544921875e+01
6.796476745605468750e+01,8.896051025390625000e+01
6.247114562988281250e+01,8.327629089355468750e+01
5.468227005004882812e+01,7.912812805175781250e+01
5.685421752929687500e+01,8.019242095947265625e+01
5.673954391479492188e+01,7.998196411132812500e+01
4.714647293090820312e+01,7.688263702392578125e+01
7.889914703369140625e+01,9.457241821289062500e+01
6.541234588623046875e+01,8.289599609375000000e+01
5.807960891723632812e+01,7.830757141113281250e+01
5.769932174682617188e+01,7.816931152343750000e+01
4.072483444213867188e+01,6.009947204589843750e+01
5.079583740234375000e+01,7.066925811767578125e+01
5.766566467285156250e+01,8.173063659667968750e+01
5.321252441406250000e+01,7.955090332031250000e+01
3.220183563232421875e+01,5.088454055786132812e+01
6.105801773071289062e+01,8.534765625000000000e+01
6.016027832031250000e+01,8.266900634765625000e+01
4.628524398803710938e+01,7.715859222412109375e+01
4.223337936401367188e+01,5.907882690429687500e+01
4.924265670776367188e+01,6.572102355957031250e+01
5.052555465698242188e+01,6.714112091064453125e+01
4.922988891601562500e+01,6.434544372558593750e+01
4.838616943359375000e+01,6.702821350097656250e+01
5.293994522094726562e+01,7.025022888183593750e+01
3.033785438537597656e+01,5.463730621337890625e+01
3.915659713745117188e+01,5.734837341308593750e+01
3.371022415161132812e+01,5.057054138183593750e+01
4.355094909667968750e+01,6.033434295654296875e+01
3.568310928344726562e+01,5.206624221801757812e+01
3.423067092895507812e+01,5.146804046630859375e+01
8.755837249755859375e+01,1.016605529785156250e+02
9.741461944580078125e+01,1.085783538818359375e+02
8.560947418212890625e+01,1.006070098876953125e+02
7.424301147460937500e+01,9.491218566894531250e+01
7.680445098876953125e+01,9.594682312011718750e+01
1.016339950561523438e+02,1.098215332031250000e+02
8.795957183837890625e+01,1.007723693847656250e+02
7.937057495117187500e+01,9.526023864746093750e+01
8.110817718505859375e+01,9.550916290283203125e+01
7.163210296630859375e+01,8.998788452148437500e+01
6.413506317138671875e+01,8.646812438964843750e+01
6.834195709228515625e+01,8.872122192382812500e+01
7.978879547119140625e+01,1.004472808837890625e+02
7.655881500244140625e+01,9.499935913085937500e+01
7.088012695312500000e+01,8.984125518798828125e+01
6.201529312133789062e+01,8.604328918457031250e+01
7.233591461181640625e+01,9.416557312011718750e+01
5.513776779174804688e+01,8.223214721679687500e+01
7.747525024414062500e+01,9.462919616699218750e+01
7.269513702392578125e+01,8.969389343261718750e+01
8.336145782470703125e+01,9.815967559814453125e+01
9.977529144287109375e+01,1.112140045166015625e+02
8.895183563232421875e+01,1.068668823242187500e+02
9.184085845947265625e+01,1.083346710205078125e+02
9.214025878906250000e+01,1.071557922363281250e+02
5.082020187377929688e+01,9.095615386962890625e+01
4.851425170898437500e+01,8.770635986328125000e+01
4.878852844238281250e+01,8.772270202636718750e+01
5.219379806518554688e+01,9.159532165527343750e+01
7.009545135498046875e+01,1.074010009765625000e+02
6.548532104492187500e+01,1.059508666992187500e+02
6.286578369140625000e+01,1.026985855102539062e+02
7.035577392578125000e+01,1.087628784179687500e+02
6.252842330932617188e+01,1.044226074218750000e+02
7.053665924072265625e+01,1.116526336669921875e+02
6.705803680419921875e+01,1.102473068237304688e+02
8.351358795166015625e+01,1.162436981201171875e+02
7.254048919677734375e+01,1.106874847412109375e+02
6.247465896606445312e+01,1.008336791992187500e+02
5.418489456176757812e+01,9.531726837158203125e+01
5.053795242309570312e+01,9.024815368652343750e+01
5.605305862426757812e+01,9.641543579101562500e+01
7.127695465087890625e+01,1.119566802978515625e+02
6.729108428955078125e+01,1.075323333740234375e+02
6.636344146728515625e+01,1.082468490600585938e+02
6.710566711425781250e+01,1.093324127197265625e+02
6.066078567504882812e+01,1.007908782958984375e+02
5.899528884887695312e+01,9.900220489501953125e+01
7.247419738769531250e+01,1.124189224243164062e+02
6.897705841064453125e+01,1.074116058349609375e+02
3.355558776855468750e+01,7.149390411376953125e+01
3.470376205444335938e+01,6.796334838867187500e+01
4.456579589843750000e+01,7.344377136230468750e+01
4.216823959350585938e+01,7.530518341064453125e+01
5.003367996215820312e+01,8.227556610107421875e+01
5.827901077270507812e+01,8.373346710205078125e+01
5.018089294433593750e+01,8.092176818847656250e+01
3.424368286132812500e+01,7.405825805664062500e+01
3.569635009765625000e+01,7.589929199218750000e+01
3.483630371093750000e+01,7.520668029785156250e+01
3.695330047607421875e+01,7.381700134277343750e+01
3.597642135620117188e+01,7.335072326660156250e+01
3.456946182250976562e+01,7.092935180664062500e+01
3.259421539306640625e+01,7.300382232666015625e+01
2.953256034851074219e+01,6.977026367187500000e+01
3.562678909301757812e+01,7.338004302978515625e+01
5.115861892700195312e+01,8.096420288085937500e+01
4.387872695922851562e+01,7.275927734375000000e+01
4.018812942504882812e+01,6.907270812988281250e+01
3.717803573608398438e+01,7.037648010253906250e+01
3.361964035034179688e+01,6.662448883056640625e+01
4.537711715698242188e+01,7.519896697998046875e+01
3.628815460205078125e+01,7.323228454589843750e+01
3.246281433105468750e+01,7.345774841308593750e+01
3.075537681579589844e+01,6.904151153564453125e+01
4.006246566772460938e+01,7.563209533691406250e+01
3.966341781616210938e+01,6.848945617675781250e+01
3.733232498168945312e+01,7.072008514404296875e+01
3.327807617187500000e+01,6.644183349609375000e+01
3.289727401733398438e+01,7.437073516845703125e+01
3.137923431396484375e+01,6.873205566406250000e+01
3.477165603637695312e+01,8.087265014648437500e+01
3.650924301147460938e+01,8.033805847167968750e+01
4.899522399902343750e+01,7.733276367187500000e+01
4.518043518066406250e+01,7.242182922363281250e+01
5.138866043090820312e+01,8.035687255859375000e+01
6.099468994140625000e+01,8.138876342773437500e+01
5.586014938354492188e+01,7.974212646484375000e+01
6.075185012817382812e+01,8.368636322021484375e+01
3.009368896484375000e+01,7.073413085937500000e+01
4.971042251586914062e+01,9.282505798339843750e+01
5.032701110839843750e+01,9.356312561035156250e+01
3.636001586914062500e+01,6.817539978027343750e+01
3.658189392089843750e+01,6.884661865234375000e+01
3.488400268554687500e+01,7.100592041015625000e+01
4.907324600219726562e+01,9.023501586914062500e+01
3.090349006652832031e+01,7.054328918457031250e+01
4.744845199584960938e+01,9.324518585205078125e+01
3.230535507202148438e+01,7.148226928710937500e+01
2.396261787414550781e+01,7.552345275878906250e+01
3.204253387451171875e+01,7.285267639160156250e+01
3.649874877929687500e+01,6.828360748291015625e+01
3.809261703491210938e+01,6.973963165283203125e+01
4.339401626586914062e+01,7.441136169433593750e+01
3.569589233398437500e+01,7.142528533935546875e+01
4.948447036743164062e+01,7.750149536132812500e+01
5.910256958007812500e+01,9.101396179199218750e+01
5.522597122192382812e+01,7.809663391113281250e+01
6.149348068237304688e+01,8.246922302246093750e+01
4.602905273437500000e+01,8.257332611083984375e+01
6.145170211791992188e+01,9.817160797119140625e+01
5.032980346679687500e+01,9.198464965820312500e+01
6.577705383300781250e+01,8.743217468261718750e+01
5.711391830444335938e+01,7.935446166992187500e+01
5.891476821899414062e+01,7.882256317138671875e+01
6.643088531494140625e+01,9.171507263183593750e+01
5.463668441772460938e+01,7.762831115722656250e+01
5.767585754394531250e+01,8.217185974121093750e+01
5.009408950805664062e+01,7.432019042968750000e+01
5.674205398559570312e+01,7.794036865234375000e+01
4.829819107055664062e+01,8.184358978271484375e+01
4.365117263793945312e+01,7.951452636718750000e+01
5.030300903320312500e+01,7.774789428710937500e+01
4.599882125854492188e+01,6.926805114746093750e+01
3.341086578369140625e+01,7.264822387695312500e+01
5.762519836425781250e+01,8.699278259277343750e+01
5.714887619018554688e+01,8.140376281738281250e+01
5.238095474243164062e+01,7.508091735839843750e+01
5.698986816406250000e+01,8.072299194335937500e+01
5.639519119262695312e+01,8.045996856689453125e+01
7.180007934570312500e+01,8.739385986328125000e+01
5.714759826660156250e+01,8.288165283203125000e+01
5.996178054809570312e+01,8.459957885742187500e+01
5.076384353637695312e+01,7.572720336914062500e+01
5.684544372558593750e+01,7.955238342285156250e+01
4.328086471557617188e+01,8.129888916015625000e+01
5.373654556274414062e+01,7.683737182617187500e+01
5.756884384155273438e+01,7.843043518066406250e+01
4.304402542114257812e+01,8.106283569335937500e+01
8.098960113525390625e+01,9.201672363281250000e+01
8.450402069091796875e+01,9.806201171875000000e+01
5.579625320434570312e+01,8.245903015136718750e+01
4.713592147827148438e+01,6.897300720214843750e+01
6.849117279052734375e+01,8.314064788818359375e+01
2.586930656433105469e+01,4.953094100952148438e+01
2.655492210388183594e+01,5.031596374511718750e+01
2.796453285217285156e+01,5.022624969482421875e+01
3.080558204650878906e+01,5.166132736206054688e+01
3.096667671203613281e+01,5.496030426025390625e+01
2.324205017089843750e+01,5.453596878051757812e+01
2.097268676757812500e+01,5.210691833496093750e+01
2.060719299316406250e+01,5.093816375732421875e+01
2.297466850280761719e+01,5.230752944946289062e+01
2.522135925292968750e+01,4.799758529663085938e+01
2.806221580505371094e+01,5.110975646972656250e+01
2.294340324401855469e+01,4.712285995483398438e+01
1.907819938659667969e+01,5.004092407226562500e+01
2.842831230163574219e+01,6.586697387695312500e+01
3.598920059204101562e+01,8.109013366699218750e+01
4.036251449584960938e+01,7.511535644531250000e+01
4.792635726928710938e+01,7.801269531250000000e+01
4.365437316894531250e+01,7.333793640136718750e+01
4.791807937622070312e+01,7.905329895019531250e+01
3.746786117553710938e+01,7.132637023925781250e+01
4.402664184570312500e+01,7.328317260742187500e+01
4.787991333007812500e+01,7.397109222412109375e+01
4.288592529296875000e+01,7.380035400390625000e+01
4.593108749389648438e+01,7.803907775878906250e+01
3.824107742309570312e+01,7.161753845214843750e+01
3.590878295898437500e+01,6.713180541992187500e+01
2.955014801025390625e+01,6.058791351318359375e+01
4.670306777954101562e+01,7.800790405273437500e+01
5.080511856079101562e+01,7.823578643798828125e+01
4.239415359497070312e+01,7.339359283447265625e+01
3.641720581054687500e+01,7.046584320068359375e+01
3.674105453491210938e+01,7.146011352539062500e+01
4.626876449584960938e+01,7.558271026611328125e+01
5.272620773315429688e+01,7.820983886718750000e+01
4.731113815307617188e+01,7.306106567382812500e+01
4.748935317993164062e+01,7.280290985107421875e+01
4.300230026245117188e+01,6.898370361328125000e+01
4.143295288085937500e+01,6.730432891845703125e+01
4.752926635742187500e+01,6.667215728759765625e+01
3.980189895629882812e+01,6.498147583007812500e+01
4.978525924682617188e+01,7.790139007568359375e+01
4.476931762695312500e+01,7.345851898193359375e+01
4.064910507202148438e+01,6.986715698242187500e+01
4.425140762329101562e+01,7.229872131347656250e+01
4.252891159057617188e+01,7.185842895507812500e+01
3.444870758056640625e+01,6.828047180175781250e+01
3.887630462646484375e+01,6.782780456542968750e+01
3.059914588928222656e+01,6.052536392211914062e+01
2.989364624023437500e+01,7.125771331787109375e+01
2.001335144042968750e+01,5.462811279296875000e+01
4.164628982543945312e+01,8.611116027832031250e+01
2.615106773376464844e+01,7.230566406250000000e+01
3.241138076782226562e+01,7.966726684570312500e+01
2.515940284729003906e+01,7.113299560546875000e+01
2.445669746398925781e+01,7.884188842773437500e+01
2.284577369689941406e+01,7.369483947753906250e+01
2.929313087463378906e+01,7.656471252441406250e+01
4.986790084838867188e+01,8.829556274414062500e+01
2.910009574890136719e+01,7.611708068847656250e+01
3.442835617065429688e+01,7.964437866210937500e+01
1.909158515930175781e+01,8.007978820800781250e+01
4.414197921752929688e+01,8.754433441162109375e+01
1.849353218078613281e+01,6.719006347656250000e+01
2.167211151123046875e+01,7.142301177978515625e+01
1.594881439208984375e+01,6.370750427246093750e+01
2.937204742431640625e+01,8.660043334960937500e+01
1.527497386932373047e+01,6.173107910156250000e+01
1.167428112030029297e+01,5.253924560546875000e+01
1.688723373413085938e+01,6.734238433837890625e+01
7.957230377197265625e+01,1.265036239624023438e+02
7.851722717285156250e+01,1.279868850708007812e+02
9.054315948486328125e+01,1.283891296386718750e+02
9.524599456787109375e+01,1.173220214843750000e+02
8.565848541259765625e+01,1.122131958007812500e+02
9.965723419189453125e+01,1.163151397705078125e+02
9.629833984375000000e+01,1.182763366699218750e+02
8.488775634765625000e+01,1.062309875488281250e+02
7.976675415039062500e+01,1.013964538574218750e+02
9.578723144531250000e+01,1.128741836547851562e+02
1.006560897827148438e+02,1.165403442382812500e+02
9.018474578857421875e+01,1.080733947753906250e+02
7.827436065673828125e+01,1.026145629882812500e+02
6.821539306640625000e+01,9.066374206542968750e+01
8.069211578369140625e+01,1.033662338256835938e+02
7.082411956787109375e+01,9.924868011474609375e+01
6.238070678710937500e+01,8.766770935058593750e+01
1.074424057006835938e+02,1.185820236206054688e+02
9.734690093994140625e+01,1.135335845947265625e+02
1.060237197875976562e+02,1.178968048095703125e+02
8.048654937744140625e+01,1.022879791259765625e+02
6.970937347412109375e+01,9.117620849609375000e+01
9.244774627685546875e+01,1.105114746093750000e+02
7.804086303710937500e+01,1.011444549560546875e+02
8.264364624023437500e+01,1.027014694213867188e+02
8.270803070068359375e+01,1.040898361206054688e+02
7.198635864257812500e+01,9.957968902587890625e+01
1.063325424194335938e+02,1.196582336425781250e+02
1.073168029785156250e+02,1.184264831542968750e+02
1.024259414672851562e+02,1.157367324829101562e+02
8.706272125244140625e+01,1.028669433593750000e+02
9.200037384033203125e+01,1.098056335449218750e+02
7.795847320556640625e+01,9.858015441894531250e+01
1.057434005737304688e+02,1.160865631103515625e+02
9.567385101318359375e+01,1.119070892333984375e+02
9.342897796630859375e+01,1.100097198486328125e+02
8.379465484619140625e+01,1.016555786132812500e+02
7.536054992675781250e+01,9.725333404541015625e+01
9.034149169921875000e+01,1.098371582031250000e+02
9.814411163330078125e+01,1.139245223999023438e+02
8.759183502197265625e+01,1.085313262939453125e+02
9.665856933593750000e+01,1.116201934814453125e+02
9.671054077148437500e+01,1.122600250244140625e+02
8.668133544921875000e+01,1.030793075561523438e+02
7.441007232666015625e+01,9.704263305664062500e+01
8.644690704345703125e+01,1.037774200439453125e+02
1.094996719360351562e+02,1.209810867309570312e+02
7.240109252929687500e+01,9.463893127441406250e+01
7.622960662841796875e+01,9.680101013183593750e+01
6.123159408569335938e+01,9.056553649902343750e+01
4.543152999877929688e+01,7.293972778320312500e+01
8.629331207275390625e+01,1.042283935546875000e+02
1.101878433227539062e+02,1.204461975097656250e+02
7.691061401367187500e+01,9.739981842041015625e+01
7.476049041748046875e+01,9.748802947998046875e+01
6.583948516845703125e+01,9.410003662109375000e+01
5.668886184692382812e+01,8.119557189941406250e+01
5.113572692871093750e+01,7.699711608886718750e+01
9.227787017822265625e+01,1.114528045654296875e+02
7.470737457275390625e+01,9.412995910644531250e+01
3.595638656616210938e+01,7.445877838134765625e+01
4.135694885253906250e+01,7.265554809570312500e+01
3.829162216186523438e+01,7.299996948242187500e+01
4.881112670898437500e+01,8.429925537109375000e+01
4.241069030761718750e+01,8.002961730957031250e+01
3.945738601684570312e+01,7.507170867919921875e+01
5.179745864868164062e+01,8.435997009277343750e+01
5.401407241821289062e+01,8.506542968750000000e+01
5.484369277954101562e+01,8.417556762695312500e+01
4.524776077270507812e+01,7.949436187744140625e+01
4.577066040039062500e+01,7.908766174316406250e+01
5.057371902465820312e+01,8.276332092285156250e+01
2.832348823547363281e+01,5.429207611083984375e+01
1.037381515502929688e+02,1.126883316040039062e+02
1.045883407592773438e+02,1.141406555175781250e+02
1.039174270629882812e+02,1.143685302734375000e+02
1.041359252929687500e+02,1.149466094970703125e+02
7.917549896240234375e+01,1.047963867187500000e+02
8.192528533935546875e+01,1.068647384643554688e+02
6.022130203247070312e+01,9.712314605712890625e+01
9.567258453369140625e+01,1.139412994384765625e+02
1.033414535522460938e+02,1.134977798461914062e+02
1.013852310180664062e+02,1.117105102539062500e+02
3.203413391113281250e+01,6.305646133422851562e+01
3.685571289062500000e+01,6.076137542724609375e+01
2.993792152404785156e+01,5.894746398925781250e+01
3.063241386413574219e+01,5.809757995605468750e+01
3.059887695312500000e+01,5.876931762695312500e+01
3.075581359863281250e+01,5.617844009399414062e+01
3.168218994140625000e+01,5.764070892333984375e+01
2.913333702087402344e+01,5.836657714843750000e+01
2.878115272521972656e+01,5.866884994506835938e+01
2.944824409484863281e+01,5.651877593994140625e+01
3.070839881896972656e+01,5.914030456542968750e+01
3.824541091918945312e+01,6.497621154785156250e+01
3.819920730590820312e+01,6.398936462402343750e+01
3.540582275390625000e+01,6.366300582885742188e+01
3.234096908569335938e+01,5.953761672973632812e+01
3.256068038940429688e+01,5.938225555419921875e+01
3.197824096679687500e+01,5.809619140625000000e+01
3.319328689575195312e+01,5.890739822387695312e+01
3.179490089416503906e+01,5.887355804443359375e+01
7.446820831298828125e+01,1.091213226318359375e+02
8.448373413085937500e+01,9.643382263183593750e+01
9.583007812500000000e+01,1.107751159667968750e+02
1.346712341308593750e+02,1.340336608886718750e+02
1.355890045166015625e+02,1.334764404296875000e+02
1.355436248779296875e+02,1.336660156250000000e+02
1.351761016845703125e+02,1.344306030273437500e+02
1.387803955078125000e+02,1.372420654296875000e+02
1.282232818603515625e+02,1.276544876098632812e+02
1.293425140380859375e+02,1.279648132324218750e+02
1.266715698242187500e+02,1.269042587280273438e+02
1.290406494140625000e+02,1.286952362060546875e+02
1.284210815429687500e+02,1.275395355224609375e+02
1.304727172851562500e+02,1.294881591796875000e+02
1.161533889770507812e+02,1.163004455566406250e+02
1.041990127563476562e+02,1.095065612792968750e+02
1.317574920654296875e+02,1.336290588378906250e+02
1.286864318847656250e+02,1.265074005126953125e+02
1.206846694946289062e+02,1.182658386230468750e+02
1.086986694335937500e+02,1.120045776367187500e+02
1.158616027832031250e+02,1.342825469970703125e+02
1.057213211059570312e+02,1.297668151855468750e+02
1.191164932250976562e+02,1.344354553222656250e+02
1.144232559204101562e+02,1.326512756347656250e+02
1.196645507812500000e+02,1.350439758300781250e+02
1.092178649902343750e+02,1.301271362304687500e+02
2.399549865722656250e+01,6.005987167358398438e+01
5.438645935058593750e+01,6.186668395996093750e+01
6.363982009887695312e+01,6.189575195312500000e+01
6.971429443359375000e+01,6.958572387695312500e+01
6.916317749023437500e+01,7.416124725341796875e+01
7.060013580322265625e+01,7.043530273437500000e+01
5.911869430541992188e+01,6.486397552490234375e+01
1.416237640380859375e+02,1.412429809570312500e+02
1.410605926513671875e+02,1.411288757324218750e+02
1.314876556396484375e+02,1.351047668457031250e+02
1.374072418212890625e+02,1.373078765869140625e+02
1.354078826904296875e+02,1.365363769531250000e+02
1.404596252441406250e+02,1.377050781250000000e+02
1.323306884765625000e+02,1.358602905273437500e+02
1.348992767333984375e+02,1.355691223144531250e+02
1.334602508544921875e+02,1.356918945312500000e+02
1.327415313720703125e+02,1.404794006347656250e+02
1.309585723876953125e+02,1.326701812744140625e+02
1.333271026611328125e+02,1.357948303222656250e+02
2.546051597595214844e+01,5.759041213989257812e+01
3.459453201293945312e+01,6.454071044921875000e+01
1.928965759277343750e+01,5.510276794433593750e+01
2.618560218811035156e+01,6.421010589599609375e+01
2.242956542968750000e+01,6.156600952148437500e+01
1.893753814697265625e+01,5.766263580322265625e+01
2.686039161682128906e+01,6.448802185058593750e+01
2.757858848571777344e+01,6.599258422851562500e+01
2.303939056396484375e+01,5.705081558227539062e+01
2.233884620666503906e+01,6.895367431640625000e+01
2.598432731628417969e+01,6.859884643554687500e+01
3.315289688110351562e+01,6.744067382812500000e+01
2.912455940246582031e+01,6.219677352905273438e+01
3.818468475341796875e+01,7.053427124023437500e+01
2.062138175964355469e+01,4.885326004028320312e+01
3.320718383789062500e+01,6.775390625000000000e+01
5.474803543090820312e+01,7.378610992431640625e+01
3.824492263793945312e+01,6.891702270507812500e+01
3.638560104370117188e+01,7.299495697021484375e+01
3.421878051757812500e+01,7.059045410156250000e+01
3.480071640014648438e+01,6.915484619140625000e+01
2.819139099121093750e+01,6.309450531005859375e+01
3.646121597290039062e+01,7.980636596679687500e+01
3.501144027709960938e+01,7.613721466064453125e+01
5.415711593627929688e+01,9.957048797607421875e+01
3.173086547851562500e+01,7.827207946777343750e+01
5.256528854370117188e+01,8.136198425292968750e+01
4.510565185546875000e+01,7.651429748535156250e+01
3.822959899902343750e+01,7.197967529296875000e+01
4.789011764526367188e+01,8.082934570312500000e+01
3.740300369262695312e+01,7.003456878662109375e+01
4.556625366210937500e+01,6.436451721191406250e+01
6.618112945556640625e+01,7.775755310058593750e+01
4.769526290893554688e+01,8.509974670410156250e+01
6.841531372070312500e+01,8.155887603759765625e+01
7.234997558593750000e+01,8.663048553466796875e+01
6.203278732299804688e+01,8.013339233398437500e+01
2.291539764404296875e+01,6.202523803710937500e+01
4.707565689086914062e+01,6.366364669799804688e+01
4.484368515014648438e+01,6.083384704589843750e+01
3.198284912109375000e+01,7.420581054687500000e+01
5.079684448242187500e+01,6.834761047363281250e+01
4.134715652465820312e+01,6.121876907348632812e+01
5.276648330688476562e+01,6.954272460937500000e+01
6.963484954833984375e+01,7.875956726074218750e+01
1.723721313476562500e+01,3.996096038818359375e+01
1.232649993896484375e+01,3.164940261840820312e+01
1.464001750946044922e+01,4.113773727416992188e+01
2.016312408447265625e+01,4.758933258056640625e+01
7.336520385742187500e+01,1.088786544799804688e+02
1.127535705566406250e+02,1.315122070312500000e+02
5.850242233276367188e+01,9.169338989257812500e+01
7.503490447998046875e+01,1.060957336425781250e+02
5.160545730590820312e+01,9.029119110107421875e+01
8.445098114013671875e+01,1.120627593994140625e+02
7.714923858642578125e+01,1.014849395751953125e+02
1.139794540405273438e+02,1.257329864501953125e+02
5.876698684692382812e+01,9.323095703125000000e+01
4.377902221679687500e+01,7.636318969726562500e+01
6.435657501220703125e+01,1.004642486572265625e+02
5.866047286987304688e+01,9.886801147460937500e+01
6.054891967773437500e+01,9.836423492431640625e+01
3.551190948486328125e+01,7.196315002441406250e+01
6.715756225585937500e+01,1.032274246215820312e+02
8.135037994384765625e+01,1.131572341918945312e+02
7.444894409179687500e+01,1.074708557128906250e+02
1.053072128295898438e+02,1.230177841186523438e+02
8.205213165283203125e+01,1.132870178222656250e+02
8.713196563720703125e+01,1.136614990234375000e+02
8.583609008789062500e+01,1.141534118652343750e+02
8.990692901611328125e+01,1.158557815551757812e+02
9.552658843994140625e+01,1.215344543457031250e+02
8.976119232177734375e+01,1.090388488769531250e+02
1.018803329467773438e+02,1.216659851074218750e+02
8.338919830322265625e+01,1.037454376220703125e+02
9.965814971923828125e+01,1.215031127929687500e+02
3.080478477478027344e+01,6.485356140136718750e+01
7.956752777099609375e+01,9.073272705078125000e+01
8.930996704101562500e+01,9.883938598632812500e+01
8.202365875244140625e+01,9.386717987060546875e+01
7.705126953125000000e+01,9.112108612060546875e+01
8.362348937988281250e+01,8.431472015380859375e+01
4.519694519042968750e+01,6.700196838378906250e+01
3.872896575927734375e+01,6.277197265625000000e+01
3.450201034545898438e+01,6.162754058837890625e+01
7.613195037841796875e+01,8.562886047363281250e+01
6.970964813232421875e+01,8.179611968994140625e+01
6.511962890625000000e+01,7.956333923339843750e+01
4.377681350708007812e+01,6.701795196533203125e+01
3.906852340698242188e+01,6.481233215332031250e+01
7.983164215087890625e+01,8.997788238525390625e+01
7.285863494873046875e+01,8.567343139648437500e+01
6.797912597656250000e+01,8.331874084472656250e+01
3.540446090698242188e+01,6.143690872192382812e+01
3.149559593200683594e+01,6.048703765869140625e+01
3.039150047302246094e+01,5.756701660156250000e+01
8.210175323486328125e+01,1.159614639282226562e+02
8.476197052001953125e+01,1.146789855957031250e+02
8.502587890625000000e+01,1.167134552001953125e+02
8.250608825683593750e+01,1.129645385742187500e+02
8.878238677978515625e+01,1.147194824218750000e+02
8.879669189453125000e+01,1.138237991333007812e+02
1.085964431762695312e+02,1.223636627197265625e+02
1.042929153442382812e+02,1.249436187744140625e+02
9.751523590087890625e+01,1.236526489257812500e+02
1.002434310913085938e+02,1.226002197265625000e+02
1.032650527954101562e+02,1.246586685180664062e+02
9.756685638427734375e+01,1.225996627807617188e+02
9.254477691650390625e+01,1.235257034301757812e+02
9.163488769531250000e+01,1.174738616943359375e+02
9.802866363525390625e+01,1.189410400390625000e+02
9.133129119873046875e+01,1.161456832885742188e+02
9.069530487060546875e+01,1.165693206787109375e+02
9.805562591552734375e+01,1.192825469970703125e+02
1.062311019897460938e+02,1.217187042236328125e+02
9.885430145263671875e+01,1.198649139404296875e+02
1.051478271484375000e+02,1.217946853637695312e+02
9.829845428466796875e+01,1.187672424316406250e+02
1.044378662109375000e+02,1.212328033447265625e+02
1.245766372680664062e+02,1.338590698242187500e+02
1.304400024414062500e+02,1.351526489257812500e+02
6.008349227905273438e+01,1.019603805541992188e+02
1.133933486938476562e+02,1.265588989257812500e+02
1.111449890136718750e+02,1.211649551391601562e+02
1.020268630981445312e+02,1.158017425537109375e+02
1.099911880493164062e+02,1.205337982177734375e+02
1.002846450805664062e+02,1.132427597045898438e+02
9.915282440185546875e+01,1.124759674072265625e+02
1.096742935180664062e+02,1.199376449584960938e+02
1.162633666992187500e+02,1.248876953125000000e+02
1.095811996459960938e+02,1.195131988525390625e+02
1.099951858520507812e+02,1.155976943969726562e+02
1.094530639648437500e+02,1.170828399658203125e+02
1.217730102539062500e+02,1.289923553466796875e+02
1.082546386718750000e+02,1.174570312500000000e+02
9.999298095703125000e+01,1.134079284667968750e+02
1.071495285034179688e+02,1.181450042724609375e+02
9.874624633789062500e+01,1.109784393310546875e+02
9.759140777587890625e+01,1.107116241455078125e+02
1.169799423217773438e+02,1.245564193725585938e+02
1.044012069702148438e+02,1.154534835815429688e+02
1.033082885742187500e+02,1.167350616455078125e+02
1.144449081420898438e+02,1.228052825927734375e+02
1.075850906372070312e+02,1.176929321289062500e+02
1.072499389648437500e+02,1.186320953369140625e+02
1.076618881225585938e+02,1.188880767822265625e+02
1.198024291992187500e+02,1.296004638671875000e+02
1.216963119506835938e+02,1.206333007812500000e+02
1.212223892211914062e+02,1.255352478027343750e+02
1.160112915039062500e+02,1.246522750854492188e+02
1.166196060180664062e+02,1.248912277221679688e+02
1.260577468872070312e+02,1.300816345214843750e+02
1.106808242797851562e+02,9.917137145996093750e+01
1.192826538085937500e+02,1.073325958251953125e+02
1.116707458496093750e+02,1.012712249755859375e+02
7.067712402343750000e+01,8.766366577148437500e+01
1.344742431640625000e+02,1.408834228515625000e+02
1.368970489501953125e+02,1.407206420898437500e+02
1.306563415527343750e+02,1.362655029296875000e+02
1.186124038696289062e+02,1.280556488037109375e+02
1.033263549804687500e+02,1.187715759277343750e+02
9.346414947509765625e+01,1.319343719482421875e+02
9.027724456787109375e+01,1.350001678466796875e+02
9.005741119384765625e+01,1.328855895996093750e+02
1.002495956420898438e+02,1.344463806152343750e+02
9.247376251220703125e+01,1.304180755615234375e+02
8.993572235107421875e+01,1.334634399414062500e+02
1.002939071655273438e+02,1.341636962890625000e+02
9.772045135498046875e+01,1.304073181152343750e+02
9.705432891845703125e+01,1.316519775390625000e+02
9.719680023193359375e+01,1.365860137939453125e+02
9.930519866943359375e+01,1.330876464843750000e+02
9.584635162353515625e+01,1.365973815917968750e+02
1.071129531860351562e+02,1.387573852539062500e+02
9.542125701904296875e+01,1.347703552246093750e+02
1.045365600585937500e+02,1.356417999267578125e+02
9.756127166748046875e+01,1.317868041992187500e+02
1.048179702758789062e+02,1.362791900634765625e+02
9.660720062255859375e+01,1.317655944824218750e+02
9.853299713134765625e+01,1.310789489746093750e+02
9.468241119384765625e+01,1.316471557617187500e+02
9.264749908447265625e+01,1.301799011230468750e+02
9.733498382568359375e+01,1.284220886230468750e+02
9.451222991943359375e+01,1.295240325927734375e+02
1.000138931274414062e+02,1.329602050781250000e+02
1.041066894531250000e+02,1.342736816406250000e+02
9.738916778564453125e+01,1.323636474609375000e+02
1.041783676147460938e+02,1.348938598632812500e+02
1.031274032592773438e+02,1.347040710449218750e+02
1.033560867309570312e+02,1.146411056518554688e+02
1.033308715820312500e+02,1.205029220581054688e+02
1.099812088012695312e+02,1.215644378662109375e+02
1.057716445922851562e+02,1.179643707275390625e+02
1.046986694335937500e+02,1.192231750488281250e+02
1.107703018188476562e+02,1.227649841308593750e+02
1.037051620483398438e+02,1.211624298095703125e+02
1.049316406250000000e+02,1.178902130126953125e+02
1.026062850952148438e+02,1.234700622558593750e+02
1.021357650756835938e+02,1.236388702392578125e+02
1.018842086791992188e+02,1.193594512939453125e+02
8.760906982421875000e+01,1.166281585693359375e+02
9.255794525146484375e+01,1.197611694335937500e+02
9.100073242187500000e+01,1.185008087158203125e+02
1.008131103515625000e+02,1.192445983886718750e+02
8.607128143310546875e+01,1.167091979980468750e+02
8.627905273437500000e+01,1.161284027099609375e+02
9.865600585937500000e+01,1.184756164550781250e+02
9.705459594726562500e+01,1.220621337890625000e+02
8.932456207275390625e+01,1.186110992431640625e+02
8.849951171875000000e+01,1.175141677856445312e+02
9.992718505859375000e+01,1.230616455078125000e+02
1.026393051147460938e+02,1.231836853027343750e+02
8.378421783447265625e+01,1.179452819824218750e+02
8.322438049316406250e+01,1.169386291503906250e+02
8.499023437500000000e+01,1.149097137451171875e+02
1.000517196655273438e+02,1.218848571777343750e+02
8.803688812255859375e+01,1.201206207275390625e+02
9.331638336181640625e+01,1.209665985107421875e+02
1.041903305053710938e+02,1.237805633544921875e+02
8.999739837646484375e+01,1.190575103759765625e+02
8.820244598388671875e+01,1.194694213867187500e+02
9.038262939453125000e+01,1.198835983276367188e+02
9.997296142578125000e+01,1.227691192626953125e+02
9.978713989257812500e+01,1.245696640014648438e+02
1.039398422241210938e+02,1.249980163574218750e+02
8.539904022216796875e+01,1.205141754150390625e+02
1.005114974975585938e+02,1.268820724487304688e+02
8.728180694580078125e+01,1.168576354980468750e+02
9.802941131591796875e+01,1.098464279174804688e+02
1.174724349975585938e+02,1.278282852172851562e+02
1.189939041137695312e+02,1.286117858886718750e+02
1.227799072265625000e+02,1.303408508300781250e+02
1.253678207397460938e+02,1.330792083740234375e+02
1.191679306030273438e+02,1.275924987792968750e+02
1.230997543334960938e+02,1.317224426269531250e+02
1.198577880859375000e+02,1.279180831909179688e+02
1.187316360473632812e+02,1.282357482910156250e+02
1.199347229003906250e+02,1.275255432128906250e+02
1.204649047851562500e+02,1.289619445800781250e+02
1.168647460937500000e+02,1.251467971801757812e+02
1.236132812500000000e+02,1.307734680175781250e+02
1.307387084960937500e+02,1.332363739013671875e+02
1.266192626953125000e+02,1.336286926269531250e+02
1.234181289672851562e+02,1.312459564208984375e+02
1.255699996948242188e+02,1.333796386718750000e+02
1.238478012084960938e+02,1.304871520996093750e+02
1.230248641967773438e+02,1.308138427734375000e+02
1.266097793579101562e+02,1.334344329833984375e+02
1.240078506469726562e+02,1.312037963867187500e+02
1.230182266235351562e+02,1.298775939941406250e+02
1.221464309692382812e+02,1.301863861083984375e+02
1.304174652099609375e+02,1.333573913574218750e+02
9.899438476562500000e+01,1.183939895629882812e+02
9.134570312500000000e+01,1.134744033813476562e+02
9.120215606689453125e+01,1.168187866210937500e+02
8.543407440185546875e+01,1.148167724609375000e+02
6.261161804199218750e+01,9.626466369628906250e+01
6.023385620117187500e+01,8.992086791992187500e+01
8.976436614990234375e+01,1.106946411132812500e+02
1.055811462402343750e+02,1.222237396240234375e+02
9.616275024414062500e+01,1.098781661987304688e+02
8.155105590820312500e+01,1.073485717773437500e+02
8.868945312500000000e+01,1.113285293579101562e+02
1.047341918945312500e+02,1.179952316284179688e+02
7.847375488281250000e+01,1.022511825561523438e+02
1.109958724975585938e+02,1.253575439453125000e+02
3.911625289916992188e+01,7.483023834228515625e+01
4.087082672119140625e+01,5.337230682373046875e+01
1.021219787597656250e+02,1.119500885009765625e+02
3.813876724243164062e+01,4.905292892456054688e+01
6.367042160034179688e+01,6.882730102539062500e+01
5.790173721313476562e+01,6.803787231445312500e+01
4.132384109497070312e+01,5.420693969726562500e+01
3.215312576293945312e+01,7.319206237792968750e+01
6.056915664672851562e+01,7.425679779052734375e+01
3.828560256958007812e+01,5.673103332519531250e+01
6.261314773559570312e+01,8.394602203369140625e+01
3.525954055786132812e+01,5.330822753906250000e+01
1.243917922973632812e+02,1.356151275634765625e+02
1.267737121582031250e+02,1.350855102539062500e+02
1.225899429321289062e+02,1.325433654785156250e+02
9.105917358398437500e+01,1.161613998413085938e+02
1.211301879882812500e+02,1.332442626953125000e+02
1.242963027954101562e+02,1.330020446777343750e+02
1.235836563110351562e+02,1.358781127929687500e+02
1.247859115600585938e+02,1.362196960449218750e+02
9.978826141357421875e+01,1.285825195312500000e+02
1.347778167724609375e+02,1.390253601074218750e+02
1.380319671630859375e+02,1.400924682617187500e+02
1.375673065185546875e+02,1.393512725830078125e+02
1.368978271484375000e+02,1.405189208984375000e+02
1.293674316406250000e+02,1.385440368652343750e+02
1.345860748291015625e+02,1.396093444824218750e+02
1.329714202880859375e+02,1.386504516601562500e+02
1.350029144287109375e+02,1.397269744873046875e+02
1.369219512939453125e+02,1.399110412597656250e+02
1.385299530029296875e+02,1.400492553710937500e+02
1.363334350585937500e+02,1.407378692626953125e+02
1.384132385253906250e+02,1.407246856689453125e+02
1.410399322509765625e+02,1.413124237060546875e+02
1.389756927490234375e+02,1.410888366699218750e+02
1.395996856689453125e+02,1.412664794921875000e+02
1.306469879150390625e+02,1.383102111816406250e+02
1.358023681640625000e+02,1.396607208251953125e+02
1.272627182006835938e+02,1.388783569335937500e+02
1.329803924560546875e+02,1.398231658935546875e+02
1.342648468017578125e+02,1.404023437500000000e+02
1.373214874267578125e+02,1.404810180664062500e+02
1.371981201171875000e+02,1.404572143554687500e+02
9.118205070495605469e+00,3.566404724121093750e+01
1.479104518890380859e+01,4.907954406738281250e+01
2.728833580017089844e+01,5.804781341552734375e+01
1.239597797393798828e+01,4.811346817016601562e+01
3.089160156250000000e+01,6.589324951171875000e+01
3.349578094482421875e+01,5.998216247558593750e+01
1.014994583129882812e+02,1.338821716308593750e+02
1.211958618164062500e+02,1.376965637207031250e+02
1.088763122558593750e+02,1.329364624023437500e+02
1.223181152343750000e+02,1.365867156982421875e+02
1.230503845214843750e+02,1.373676452636718750e+02
1.140144653320312500e+02,1.364485473632812500e+02
9.273160552978515625e+01,1.263088836669921875e+02
1.202379760742187500e+02,1.384358215332031250e+02
1.251763381958007812e+02,1.398929901123046875e+02
1.067301559448242188e+02,1.329853820800781250e+02
1.217852401733398438e+02,1.378475341796875000e+02
1.253667602539062500e+02,1.392860412597656250e+02
1.125199584960937500e+02,1.369183349609375000e+02
1.092610397338867188e+02,1.352111206054687500e+02
8.922409057617187500e+01,1.264202270507812500e+02
9.965262603759765625e+01,1.263918304443359375e+02
1.115886001586914062e+02,1.344589233398437500e+02
1.109740982055664062e+02,1.316855926513671875e+02
1.044479370117187500e+02,1.307392883300781250e+02
1.068606643676757812e+02,1.272463912963867188e+02
1.211641464233398438e+02,1.347372283935546875e+02
1.070632629394531250e+02,1.277206878662109375e+02
1.190066528320312500e+02,1.345428771972656250e+02
1.049700927734375000e+02,1.271850128173828125e+02
9.082868194580078125e+01,1.210913085937500000e+02
1.200335617065429688e+02,1.366129913330078125e+02
8.865042877197265625e+01,1.238852844238281250e+02
1.176924209594726562e+02,1.378904724121093750e+02
1.034931869506835938e+02,1.311098175048828125e+02
1.049180984497070312e+02,1.321757507324218750e+02
1.189782714843750000e+02,1.368416442871093750e+02
8.546206665039062500e+01,1.240499572753906250e+02
1.156093673706054688e+02,1.346246337890625000e+02
1.166639938354492188e+02,1.338453369140625000e+02
8.512091827392578125e+01,1.092529144287109375e+02
9.069128417968750000e+01,1.118424377441406250e+02
9.837490081787109375e+01,1.127464675903320312e+02
1.167552871704101562e+02,1.260811462402343750e+02
9.446738433837890625e+01,1.143213195800781250e+02
8.917733001708984375e+01,1.118534393310546875e+02
9.591464233398437500e+01,1.121851577758789062e+02
9.757920074462890625e+01,1.148078384399414062e+02
9.473525238037109375e+01,1.142198333740234375e+02
1.024072265625000000e+02,1.146444091796875000e+02
9.642264556884765625e+01,1.123925781250000000e+02
1.007772445678710938e+02,1.198008880615234375e+02
1.071970596313476562e+02,1.211980361938476562e+02
1.124953002929687500e+02,1.208822174072265625e+02
1.092075119018554688e+02,1.196972351074218750e+02
1.169825439453125000e+02,1.230572662353515625e+02
9.915157318115234375e+01,1.022507934570312500e+02
1.201281967163085938e+02,1.157151489257812500e+02
1.069457626342773438e+02,1.053175506591796875e+02
8.756500244140625000e+01,1.016406402587890625e+02
1.080555038452148438e+02,1.127284545898437500e+02
1.130481338500976562e+02,1.082867660522460938e+02
1.097224960327148438e+02,1.135199890136718750e+02
1.114426574707031250e+02,1.092316741943359375e+02
8.491417694091796875e+01,9.023272705078125000e+01
1.049770278930664062e+02,1.037862396240234375e+02
8.365396118164062500e+01,1.015841674804687500e+02
1.055512619018554688e+02,1.130399475097656250e+02
1.188209228515625000e+02,1.173465423583984375e+02
1.053381423950195312e+02,1.128842620849609375e+02
1.203571548461914062e+02,1.216215362548828125e+02
1.001271896362304688e+02,1.066218414306640625e+02
1.150624465942382812e+02,1.146211547851562500e+02
9.571620941162109375e+01,1.141678619384765625e+02
1.134002685546875000e+02,1.209144210815429688e+02
1.181396789550781250e+02,1.171990966796875000e+02
1.153124008178710938e+02,1.209711074829101562e+02
1.193343429565429688e+02,1.200418395996093750e+02
1.092606735229492188e+02,1.201344833374023438e+02
8.487718963623046875e+01,1.016366271972656250e+02
1.289095306396484375e+02,1.288121490478515625e+02
1.362322998046875000e+02,1.345334472656250000e+02
1.318796997070312500e+02,1.315735931396484375e+02
1.354209136962890625e+02,1.378245544433593750e+02
7.343046569824218750e+01,1.179161071777343750e+02
7.204754638671875000e+01,1.197754974365234375e+02
7.701998138427734375e+01,1.194911499023437500e+02
7.626746368408203125e+01,1.256001129150390625e+02
6.936574554443359375e+01,1.155670318603515625e+02
6.908129119873046875e+01,1.201568527221679688e+02
6.491364288330078125e+01,1.139058685302734375e+02
6.135090255737304688e+01,1.142672882080078125e+02
5.687462234497070312e+01,1.129054565429687500e+02
7.746765899658203125e+01,1.167383956909179688e+02
9.513127899169921875e+01,1.258037872314453125e+02
8.013546752929687500e+01,1.239504318237304688e+02
7.846562194824218750e+01,1.234361724853515625e+02
7.305736541748046875e+01,1.206189498901367188e+02
9.352108764648437500e+01,1.262638168334960938e+02
9.430072021484375000e+01,1.303726196289062500e+02
8.372326660156250000e+01,1.274397811889648438e+02
1.094847793579101562e+02,1.288585968017578125e+02
1.110029907226562500e+02,1.273117065429687500e+02
9.449391937255859375e+01,1.191084518432617188e+02
9.883272552490234375e+01,1.211613006591796875e+02
9.951641845703125000e+01,1.283689880371093750e+02
1.018085556030273438e+02,1.296019592285156250e+02
1.219821166992187500e+02,1.286676330566406250e+02
1.247614135742187500e+02,1.281366271972656250e+02
7.022188568115234375e+01,1.150687255859375000e+02
9.419625854492187500e+01,1.219085845947265625e+02
7.772781372070312500e+01,1.115036468505859375e+02
8.534655761718750000e+01,1.241829071044921875e+02
6.371503829956054688e+01,1.146122131347656250e+02
7.999042510986328125e+01,1.140229492187500000e+02
1.177453079223632812e+02,1.412503662109375000e+02
7.499561309814453125e+01,1.086515655517578125e+02
1.257283020019531250e+02,1.291095428466796875e+02
1.234562911987304688e+02,1.307303619384765625e+02
1.262434921264648438e+02,1.310221099853515625e+02
1.169561386108398438e+02,1.286000061035156250e+02
1.250819625854492188e+02,1.312825775146484375e+02
1.338301239013671875e+02,1.334744873046875000e+02
1.386410675048828125e+02,1.339797058105468750e+02
1.398656311035156250e+02,1.354532470703125000e+02
1.373542022705078125e+02,1.348835449218750000e+02
1.346860809326171875e+02,1.346007385253906250e+02
1.336363830566406250e+02,1.335398559570312500e+02
1.285313110351562500e+02,1.306697387695312500e+02
9.889585113525390625e+01,1.198475952148437500e+02
1.190695266723632812e+02,1.271717071533203125e+02
1.364098968505859375e+02,1.374352111816406250e+02
1.375795440673828125e+02,1.386541137695312500e+02
1.374411163330078125e+02,1.386226654052734375e+02
1.379242553710937500e+02,1.396123046875000000e+02
1.379159088134765625e+02,1.376196441650390625e+02
1.382402191162109375e+02,1.394242248535156250e+02
1.369971466064453125e+02,1.381177825927734375e+02
1.370999908447265625e+02,1.383311157226562500e+02
1.374406738281250000e+02,1.381460266113281250e+02
1.372706298828125000e+02,1.381358337402343750e+02
1.374768829345703125e+02,1.382553100585937500e+02
1.371256866455078125e+02,1.366244964599609375e+02
1.373896942138671875e+02,1.379837646484375000e+02
1.372270355224609375e+02,1.380180358886718750e+02
1.370470123291015625e+02,1.376816864013671875e+02
1.372189788818359375e+02,1.369552154541015625e+02
1.363865814208984375e+02,1.363559112548828125e+02
1.380779266357421875e+02,1.386960296630859375e+02
1.372536468505859375e+02,1.366282653808593750e+02
1.365894317626953125e+02,1.366970367431640625e+02
1.370794219970703125e+02,1.378783874511718750e+02
1.369895477294921875e+02,1.381341094970703125e+02
1.371348876953125000e+02,1.370317993164062500e+02
1.377967224121093750e+02,1.390245208740234375e+02
1.362008056640625000e+02,1.365580444335937500e+02
1.363084259033203125e+02,1.364947662353515625e+02
1.346279907226562500e+02,1.344764862060546875e+02
1.362657012939453125e+02,1.364830017089843750e+02
1.346879882812500000e+02,1.348806152343750000e+02
1.375631866455078125e+02,1.383477478027343750e+02
1.366877899169921875e+02,1.373694610595703125e+02
1.365273284912109375e+02,1.391871490478515625e+02
1.364433593750000000e+02,1.383763122558593750e+02
1.369450225830078125e+02,1.395825805664062500e+02
1.364190826416015625e+02,1.392441406250000000e+02
1.371244354248046875e+02,1.391770477294921875e+02
1.372570495605468750e+02,1.363625030517578125e+02
1.369699859619140625e+02,1.370463562011718750e+02
1.378077392578125000e+02,1.378504333496093750e+02
1.376898651123046875e+02,1.380448303222656250e+02
1.369679718017578125e+02,1.374593505859375000e+02
1.367298126220703125e+02,1.369164428710937500e+02
1.369401092529296875e+02,1.382819366455078125e+02
1.362223968505859375e+02,1.356476593017578125e+02
1.336189575195312500e+02,1.326179199218750000e+02
1.368860626220703125e+02,1.361115875244140625e+02
1.363848266601562500e+02,1.387368774414062500e+02
1.380482330322265625e+02,1.392937011718750000e+02
1.369055938720703125e+02,1.369656524658203125e+02
6.914355468750000000e+01,1.050743713378906250e+02
4.711024475097656250e+01,7.540686035156250000e+01
3.670527267456054688e+01,6.350135421752929688e+01
6.336853027343750000e+01,1.148710479736328125e+02
9.021253204345703125e+01,1.169666442871093750e+02
1.101763687133789062e+02,1.272741851806640625e+02
1.077907791137695312e+02,1.269385757446289062e+02
1.068995742797851562e+02,1.277589569091796875e+02
1.159130554199218750e+02,1.315303649902343750e+02
1.231501693725585938e+02,1.337542724609375000e+02
1.375970611572265625e+02,1.406748657226562500e+02
1.376322479248046875e+02,1.408358917236328125e+02
1.379446563720703125e+02,1.407198181152343750e+02
1.381473236083984375e+02,1.405070190429687500e+02
1.380736846923828125e+02,1.409545593261718750e+02
1.376486206054687500e+02,1.406986694335937500e+02
1.380301208496093750e+02,1.404814758300781250e+02
1.384547119140625000e+02,1.404964294433593750e+02
1.379384613037109375e+02,1.409221038818359375e+02
1.382053222656250000e+02,1.407198181152343750e+02
1.382711791992187500e+02,1.391692810058593750e+02
1.384066314697265625e+02,1.406949310302734375e+02
1.373240203857421875e+02,1.394667663574218750e+02
1.386405639648437500e+02,1.408798675537109375e+02
1.381326141357421875e+02,1.411460266113281250e+02
1.364616088867187500e+02,1.366671752929687500e+02
1.386711425781250000e+02,1.368671417236328125e+02
1.209380874633789062e+02,1.301697082519531250e+02
1.175253295898437500e+02,1.301684417724609375e+02
1.206170730590820312e+02,1.354031372070312500e+02
1.042963256835937500e+02,1.171633453369140625e+02
9.686694335937500000e+01,1.155277786254882812e+02
9.717404937744140625e+01,1.154806823730468750e+02
1.026060256958007812e+02,1.163459396362304688e+02
1.050222396850585938e+02,1.188038101196289062e+02
8.356432342529296875e+01,1.084292907714843750e+02
8.733563232421875000e+01,1.101293945312500000e+02
8.316586303710937500e+01,1.079685821533203125e+02
1.177954330444335938e+02,1.288725280761718750e+02
1.234896850585937500e+02,1.318232727050781250e+02
1.213313064575195312e+02,1.337012023925781250e+02
1.344307708740234375e+02,1.364856262207031250e+02
1.272616195678710938e+02,1.347948760986328125e+02
1.277534255981445312e+02,1.345016784667968750e+02
1.405816192626953125e+02,1.384115600585937500e+02
1.391599273681640625e+02,1.382623748779296875e+02
4.229677963256835938e+01,8.906565856933593750e+01
6.624185943603515625e+01,1.116230621337890625e+02
7.063112640380859375e+01,1.091973876953125000e+02
6.688488006591796875e+01,1.077528381347656250e+02
7.024837493896484375e+01,1.003378372192382812e+02
4.552719116210937500e+01,7.356375122070312500e+01
7.505270385742187500e+01,9.566877746582031250e+01
8.302325439453125000e+01,1.014902343750000000e+02
5.619017028808593750e+01,8.315435791015625000e+01
7.915808868408203125e+01,9.942306518554687500e+01
3.919603347778320312e+01,6.348897552490234375e+01
1.060219955444335938e+02,1.184266204833984375e+02
8.411007690429687500e+01,1.008917388916015625e+02
7.815522003173828125e+01,9.418708801269531250e+01
8.450906372070312500e+01,1.037536163330078125e+02
3.529831695556640625e+01,6.487991333007812500e+01
1.011287612915039062e+02,1.170918731689453125e+02
8.157288360595703125e+01,9.979501342773437500e+01
4.450923538208007812e+01,6.736045837402343750e+01
7.760533142089843750e+01,1.016242980957031250e+02
3.588785934448242188e+01,5.991668319702148438e+01
1.068770751953125000e+02,1.171487121582031250e+02
1.120561141967773438e+02,1.199193420410156250e+02
1.145981063842773438e+02,1.210081939697265625e+02
1.108090820312500000e+02,1.196750946044921875e+02
1.077624206542968750e+02,1.192873840332031250e+02
1.103638076782226562e+02,1.200792694091796875e+02
8.935672760009765625e+01,1.030832443237304688e+02
9.532576751708984375e+01,1.084246826171875000e+02
9.490582275390625000e+01,1.078340530395507812e+02
8.698095703125000000e+01,1.015401306152343750e+02
8.702819061279296875e+01,1.031837005615234375e+02
7.411721038818359375e+01,9.116691589355468750e+01
6.598413848876953125e+01,8.522173309326171875e+01
1.230016098022460938e+02,1.279052734375000000e+02
8.517727661132812500e+01,1.007518692016601562e+02
7.006079101562500000e+01,9.272751617431640625e+01
8.722975921630859375e+01,1.031203460693359375e+02
6.017728805541992188e+01,7.860675048828125000e+01
9.111410522460937500e+01,1.048100891113281250e+02
9.437320709228515625e+01,1.074566345214843750e+02
1.131327743530273438e+02,1.230302429199218750e+02
1.295519866943359375e+02,1.322393493652343750e+02
9.119097900390625000e+01,1.042881088256835938e+02
9.119606781005859375e+01,1.045052185058593750e+02
4.855731201171875000e+01,7.831546020507812500e+01
8.819461822509765625e+01,1.040448455810546875e+02
9.564453125000000000e+01,1.095903701782226562e+02
6.512847137451171875e+01,8.364683532714843750e+01
8.924487304687500000e+01,1.054887924194335938e+02
1.133990249633789062e+02,1.211422576904296875e+02
1.131564407348632812e+02,1.212119903564453125e+02
1.026442260742187500e+02,1.138255004882812500e+02
9.326381683349609375e+01,1.078306579589843750e+02
1.017167282104492188e+02,1.132210083007812500e+02
9.866512298583984375e+01,1.097264404296875000e+02
8.328829956054687500e+01,1.022204742431640625e+02
1.035829696655273438e+02,1.145291442871093750e+02
1.201603393554687500e+02,1.385817108154296875e+02
1.220093994140625000e+02,1.284747314453125000e+02
9.846566772460937500e+01,1.147863922119140625e+02
3.187214660644531250e+01,1.012358016967773438e+02
4.872889709472656250e+01,1.070867004394531250e+02
8.167913055419921875e+01,8.810887145996093750e+01
5.875100708007812500e+01,7.055059051513671875e+01
8.109503936767578125e+01,9.509918212890625000e+01
4.777449035644531250e+01,6.403168487548828125e+01
3.990895080566406250e+01,6.596817016601562500e+01
4.654859542846679688e+01,5.741967773437500000e+01
4.082437133789062500e+01,6.293422698974609375e+01
4.926375198364257812e+01,5.901794815063476562e+01
3.172868156433105469e+01,5.604391860961914062e+01
7.349386596679687500e+01,7.958732604980468750e+01
3.728181838989257812e+01,6.374959564208984375e+01
4.914271926879882812e+01,6.113858032226562500e+01
3.963450241088867188e+01,6.001956939697265625e+01
3.811777114868164062e+01,6.500940704345703125e+01
4.914970016479492188e+01,7.096343994140625000e+01
4.662982177734375000e+01,8.947500610351562500e+01
4.736448287963867188e+01,7.760185241699218750e+01
5.637419128417968750e+01,7.512090301513671875e+01
5.035325241088867188e+01,7.977128601074218750e+01
4.669213867187500000e+01,6.774789428710937500e+01
4.244903945922851562e+01,7.209991455078125000e+01
3.011857414245605469e+01,7.122270965576171875e+01
3.907094573974609375e+01,6.192190933227539062e+01
3.107225799560546875e+01,6.013862609863281250e+01
1.278207397460937500e+02,1.297503967285156250e+02
1.256186294555664062e+02,1.299463500976562500e+02
1.245022277832031250e+02,1.303715209960937500e+02
1.152546691894531250e+02,1.267100982666015625e+02
1.260498886108398438e+02,1.293056335449218750e+02
1.136311416625976562e+02,1.215054550170898438e+02
1.122771682739257812e+02,1.207740631103515625e+02
5.392092895507812500e+01,8.367375183105468750e+01
2.153489685058593750e+01,5.780765914916992188e+01
3.047818946838378906e+01,5.301560592651367188e+01
2.926161766052246094e+01,5.239521789550781250e+01
3.581847381591796875e+01,5.148667907714843750e+01
2.940016746520996094e+01,4.577243804931640625e+01
3.442824935913085938e+01,5.150971984863281250e+01
3.837419128417968750e+01,5.703149414062500000e+01
2.578837013244628906e+01,4.737506484985351562e+01
3.071354675292968750e+01,4.997092437744140625e+01
3.265301132202148438e+01,4.804667282104492188e+01
4.418870162963867188e+01,6.580515289306640625e+01
4.745714950561523438e+01,6.485337066650390625e+01
4.584441757202148438e+01,6.281718826293945312e+01
2.766819763183593750e+01,5.916483306884765625e+01
6.305009078979492188e+01,9.053456878662109375e+01
5.918003463745117188e+01,8.088134765625000000e+01
2.937983703613281250e+01,6.019390106201171875e+01
5.249952316284179688e+01,5.927590560913085938e+01
2.630291557312011719e+01,6.560858154296875000e+01
2.889385986328125000e+01,7.393104553222656250e+01
9.555365753173828125e+01,1.341911468505859375e+02
1.388849945068359375e+02,1.416256408691406250e+02
9.587996673583984375e+01,1.139606628417968750e+02
9.456764984130859375e+01,1.152992782592773438e+02
9.655975341796875000e+01,1.138722686767578125e+02
9.974163818359375000e+01,1.154665679931640625e+02
9.467734527587890625e+01,1.068963012695312500e+02
9.536843109130859375e+01,1.160831985473632812e+02
1.110052795410156250e+02,1.202585449218750000e+02
1.050119857788085938e+02,1.168839187622070312e+02
7.933548736572265625e+01,9.226829528808593750e+01
9.568416595458984375e+01,1.112137451171875000e+02
1.054491500854492188e+02,1.184832382202148438e+02
8.483344268798828125e+01,1.028253021240234375e+02
1.284549102783203125e+02,1.325049285888671875e+02
1.261515274047851562e+02,1.343726806640625000e+02
1.305052032470703125e+02,1.341201019287109375e+02
1.235319595336914062e+02,1.308836822509765625e+02
1.287262725830078125e+02,1.343551635742187500e+02
1.198943176269531250e+02,1.265886230468750000e+02
1.300640869140625000e+02,1.330227050781250000e+02
1.016186294555664062e+02,1.181395721435546875e+02
1.118554611206054688e+02,1.233483428955078125e+02
1.186449508666992188e+02,1.249679870605468750e+02
1.048546752929687500e+02,1.155654449462890625e+02
8.439067840576171875e+01,1.017343444824218750e+02
1.285000152587890625e+02,1.300110168457031250e+02
9.126064300537109375e+01,9.561703491210937500e+01
1.370365600585937500e+02,1.384743041992187500e+02
3.347919082641601562e+01,7.757809448242187500e+01
5.131580734252929688e+01,9.673522949218750000e+01
1.012197494506835938e+02,1.118634796142578125e+02
9.356819915771484375e+01,1.017322998046875000e+02
8.847359466552734375e+01,1.024585418701171875e+02
8.135746765136718750e+01,9.218716430664062500e+01
1.051201400756835938e+02,1.072302093505859375e+02
8.306659698486328125e+01,9.747036743164062500e+01
9.793670654296875000e+01,1.108749160766601562e+02
6.451795959472656250e+01,7.875360107421875000e+01
8.608380126953125000e+01,9.757676696777343750e+01
8.080260467529296875e+01,9.377162170410156250e+01
1.055050048828125000e+02,1.125781250000000000e+02
1.006771469116210938e+02,1.115785675048828125e+02
7.801605224609375000e+01,9.593911743164062500e+01
8.519116973876953125e+01,9.968209075927734375e+01
8.747918701171875000e+01,1.000628356933593750e+02
1.111528549194335938e+02,1.199858016967773438e+02
1.092389755249023438e+02,1.156644134521484375e+02
9.785495758056640625e+01,1.061135101318359375e+02
1.092454833984375000e+02,1.180320663452148438e+02
1.061408462524414062e+02,1.139375762939453125e+02
1.082397689819335938e+02,1.183833465576171875e+02
9.335942840576171875e+01,1.065553665161132812e+02
9.359304046630859375e+01,1.076432037353515625e+02
9.824082183837890625e+01,1.144272613525390625e+02
1.173687133789062500e+02,1.222342376708984375e+02
1.071562271118164062e+02,1.133293304443359375e+02
9.896340179443359375e+01,1.088842163085937500e+02
8.216426849365234375e+01,9.505865478515625000e+01
9.063818359375000000e+01,1.007150726318359375e+02
5.809146499633789062e+01,6.433226776123046875e+01
1.226477127075195312e+02,1.393369293212890625e+02
1.221181259155273438e+02,1.277573089599609375e+02
9.588663482666015625e+01,1.332054443359375000e+02
9.299359130859375000e+01,1.290452270507812500e+02
9.650626373291015625e+01,1.316062927246093750e+02
1.030972976684570312e+02,1.347419738769531250e+02
1.283937835693359375e+02,1.426623535156250000e+02
1.260628738403320312e+02,1.418915557861328125e+02
1.149779891967773438e+02,1.421453247070312500e+02
1.203706893920898438e+02,1.387988281250000000e+02
1.224033889770507812e+02,1.397491760253906250e+02
1.251180496215820312e+02,1.400565795898437500e+02
1.270764999389648438e+02,1.374764404296875000e+02
1.182620239257812500e+02,1.394617919921875000e+02
1.189159774780273438e+02,1.418784790039062500e+02
1.198974075317382812e+02,1.401414184570312500e+02
1.093006210327148438e+02,1.365035705566406250e+02
1.210072250366210938e+02,1.383641052246093750e+02
1.215768737792968750e+02,1.396685943603515625e+02
1.239099731445312500e+02,1.416749114990234375e+02
1.086871109008789062e+02,1.391822204589843750e+02
1.180386962890625000e+02,1.385213775634765625e+02
1.145097045898437500e+02,1.361170654296875000e+02
1.085249710083007812e+02,1.345545806884765625e+02
1.207239074707031250e+02,1.369891662597656250e+02
1.134739761352539062e+02,1.394667816162109375e+02
1.113960037231445312e+02,1.383008575439453125e+02
1.197710800170898438e+02,1.409609069824218750e+02
1.171800460815429688e+02,1.418702545166015625e+02
1.262906188964843750e+02,1.408210754394531250e+02
1.277580947875976562e+02,1.407121276855468750e+02
1.292408294677734375e+02,1.419563293457031250e+02
1.241334609985351562e+02,1.405525665283203125e+02
1.235158004760742188e+02,1.417316131591796875e+02
1.254475631713867188e+02,1.417558593750000000e+02
1.263026351928710938e+02,1.413067626953125000e+02
1.272365951538085938e+02,1.416336669921875000e+02
1.102471084594726562e+02,1.362316894531250000e+02
1.073868713378906250e+02,1.413513793945312500e+02
1.238553466796875000e+02,1.388385925292968750e+02
1.307572937011718750e+02,1.398436889648437500e+02
1.224504776000976562e+02,1.443752288818359375e+02
1.132949829101562500e+02,1.429074707031250000e+02
1.170309982299804688e+02,1.426441650390625000e+02
1.193866577148437500e+02,1.405103454589843750e+02
1.224208984375000000e+02,1.385480957031250000e+02
1.207572250366210938e+02,1.418041687011718750e+02
1.065379409790039062e+02,1.394540100097656250e+02
1.118686752319335938e+02,1.395865325927734375e+02
1.270237960815429688e+02,1.409210815429687500e+02
1.204880981445312500e+02,1.415826110839843750e+02
1.242193603515625000e+02,1.403677215576171875e+02
1.261374435424804688e+02,1.425055541992187500e+02
1.208124008178710938e+02,1.397376098632812500e+02
1.180973129272460938e+02,1.359951782226562500e+02
1.227394790649414062e+02,1.390224304199218750e+02
1.209871749877929688e+02,1.404566955566406250e+02
1.137863464355468750e+02,1.380910644531250000e+02
1.399958038330078125e+02,1.385342102050781250e+02
1.395396881103515625e+02,1.381190490722656250e+02
1.399928131103515625e+02,1.391744384765625000e+02
1.397621612548828125e+02,1.391883850097656250e+02
1.399090118408203125e+02,1.389190368652343750e+02
1.393520202636718750e+02,1.385217437744140625e+02
1.396404113769531250e+02,1.387462768554687500e+02
1.391444549560546875e+02,1.382820892333984375e+02
1.396348266601562500e+02,1.393660736083984375e+02
1.397110443115234375e+02,1.389977722167968750e+02
1.399145355224609375e+02,1.392771148681640625e+02
1.394307098388671875e+02,1.391747589111328125e+02
1.391556854248046875e+02,1.386574707031250000e+02
1.396253967285156250e+02,1.390101623535156250e+02
1.388588104248046875e+02,1.383095703125000000e+02
1.392651519775390625e+02,1.394342041015625000e+02
1.394905242919921875e+02,1.390575256347656250e+02
1.030447158813476562e+02,1.254075622558593750e+02
6.522867584228515625e+01,1.146974563598632812e+02
1.297820587158203125e+02,1.298970336914062500e+02
1.189146118164062500e+02,1.246216430664062500e+02
1.285550384521484375e+02,1.295019226074218750e+02
1.249458923339843750e+02,1.278791351318359375e+02
1.301398620605468750e+02,1.308735046386718750e+02
1.290976562500000000e+02,1.304536895751953125e+02
1.321419677734375000e+02,1.332787170410156250e+02
1.316483306884765625e+02,1.313824462890625000e+02
1.325493774414062500e+02,1.323543701171875000e+02
1.348953399658203125e+02,1.337657775878906250e+02
1.328330841064453125e+02,1.324963684082031250e+02
6.484061431884765625e+01,1.112111053466796875e+02
1.240697250366210938e+02,1.392634887695312500e+02
1.229188537597656250e+02,1.394065246582031250e+02
1.253273696899414062e+02,1.381960754394531250e+02
1.267470474243164062e+02,1.382174682617187500e+02
1.304828186035156250e+02,1.393842773437500000e+02
1.332725677490234375e+02,1.400783081054687500e+02
1.329509429931640625e+02,1.408563842773437500e+02
1.338644866943359375e+02,1.397579345703125000e+02
1.332822875976562500e+02,1.398793945312500000e+02
1.271665115356445312e+02,1.363950805664062500e+02
1.307442169189453125e+02,1.384033203125000000e+02
1.263748092651367188e+02,1.359763183593750000e+02
1.275629806518554688e+02,1.375418548583984375e+02
1.285830230712890625e+02,1.373110351562500000e+02
1.376723022460937500e+02,1.393498229980468750e+02
1.335597991943359375e+02,1.398262023925781250e+02
1.344866180419921875e+02,1.398012390136718750e+02
1.348207550048828125e+02,1.391563415527343750e+02
1.375813446044921875e+02,1.394788055419921875e+02
1.262097549438476562e+02,1.383330078125000000e+02
1.340855255126953125e+02,1.389957275390625000e+02
1.330816497802734375e+02,1.385592651367187500e+02
1.343059234619140625e+02,1.395332031250000000e+02
1.280753021240234375e+02,1.375481262207031250e+02
1.353990631103515625e+02,1.392287750244140625e+02
3.656117248535156250e+01,8.017240142822265625e+01
6.298345947265625000e+01,1.217926330566406250e+02
1.245257949829101562e+02,1.392557678222656250e+02
9.608440399169921875e+01,1.274268646240234375e+02
1.102333374023437500e+02,1.335761718750000000e+02
1.259358215332031250e+02,1.403004455566406250e+02
9.257340240478515625e+01,1.279987030029296875e+02
9.182449340820312500e+01,1.271585617065429688e+02
1.154908752441406250e+02,1.358799438476562500e+02
1.128008041381835938e+02,1.330776367187500000e+02
1.201088943481445312e+02,1.380283508300781250e+02
1.091174316406250000e+02,1.337939147949218750e+02
1.284305419921875000e+02,1.405380859375000000e+02
1.119338989257812500e+02,1.344789886474609375e+02
1.251018371582031250e+02,1.399165344238281250e+02
1.190432968139648438e+02,1.242584991455078125e+02
1.237147903442382812e+02,1.328153686523437500e+02
8.806890869140625000e+01,1.028771362304687500e+02
1.255331192016601562e+02,1.289089660644531250e+02
9.241237640380859375e+01,1.041137084960937500e+02
2.929781150817871094e+01,7.258389282226562500e+01
8.877976226806640625e+01,1.008997802734375000e+02
7.263541412353515625e+01,1.042257995605468750e+02
3.705043792724609375e+01,8.515098571777343750e+01
9.547928619384765625e+01,1.089132537841796875e+02
1.350570526123046875e+02,1.378291931152343750e+02
1.406379547119140625e+02,1.387062072753906250e+02
1.406243133544921875e+02,1.391201477050781250e+02
1.379350433349609375e+02,1.380852966308593750e+02
1.403140563964843750e+02,1.387868804931640625e+02
1.410895385742187500e+02,1.391919250488281250e+02
1.401488800048828125e+02,1.386528930664062500e+02
1.373058929443359375e+02,1.386579895019531250e+02
1.371201324462890625e+02,1.388534545898437500e+02
1.395928955078125000e+02,1.396215972900390625e+02
1.370942382812500000e+02,1.387785034179687500e+02
1.353521728515625000e+02,1.410907897949218750e+02
1.302153167724609375e+02,1.382560729980468750e+02
1.322330322265625000e+02,1.410243835449218750e+02
9.205038452148437500e+01,1.326729736328125000e+02
8.312436676025390625e+01,1.300437316894531250e+02
7.849288177490234375e+01,1.292709503173828125e+02
9.538124847412109375e+01,1.305357818603515625e+02
1.070038986206054688e+02,1.356900939941406250e+02
8.803283691406250000e+01,1.342310485839843750e+02
8.749142456054687500e+01,1.279722213745117188e+02
9.210488128662109375e+01,1.279819335937500000e+02
9.774826812744140625e+01,1.295402984619140625e+02
8.496252441406250000e+01,1.223540191650390625e+02
9.641226959228515625e+01,1.307464599609375000e+02
5.246731948852539062e+01,7.862253570556640625e+01
1.213305053710937500e+02,1.135507049560546875e+02
7.092201995849609375e+01,8.570922851562500000e+01
1.113519668579101562e+02,1.178515472412109375e+02
1.187861862182617188e+02,1.228676757812500000e+02
9.858342742919921875e+01,1.021604385375976562e+02
1.009099960327148438e+02,1.025799255371093750e+02
1.170117568969726562e+02,1.230651550292968750e+02
1.106009597778320312e+02,1.112786560058593750e+02
8.848394012451171875e+01,9.561621093750000000e+01
1.157201156616210938e+02,1.111470565795898438e+02
1.058250503540039062e+02,1.075029754638671875e+02
1.249300537109375000e+02,1.213233337402343750e+02
4.891634750366210938e+01,9.885020446777343750e+01
4.677179336547851562e+01,9.788553619384765625e+01
1.144044780731201172e+01,3.432510375976562500e+01
2.021869087219238281e+01,3.388607788085937500e+01
6.884040069580078125e+01,6.436021423339843750e+01
4.312276077270507812e+01,6.094918441772460938e+01
8.197500610351562500e+01,1.230208282470703125e+02
9.541320800781250000e+01,1.113659515380859375e+02
8.215194702148437500e+01,1.333216552734375000e+02
6.547180938720703125e+01,1.115019226074218750e+02
7.317455291748046875e+01,8.970384216308593750e+01
7.734829711914062500e+01,9.052236938476562500e+01
7.836457061767578125e+01,9.444786071777343750e+01
7.131410217285156250e+01,8.941055297851562500e+01
9.562011718750000000e+01,1.016751937866210938e+02
7.679375457763671875e+01,9.322736358642578125e+01
7.733063507080078125e+01,9.224594116210937500e+01
8.053145599365234375e+01,9.563417053222656250e+01
8.752696990966796875e+01,9.748988342285156250e+01
9.577222442626953125e+01,1.025262603759765625e+02
7.873419952392578125e+01,9.380465698242187500e+01
7.326261901855468750e+01,9.004307556152343750e+01
9.399985504150390625e+01,1.012416992187500000e+02
4.865597534179687500e+01,7.115608215332031250e+01
6.429217529296875000e+01,7.933699035644531250e+01
7.171640777587890625e+01,8.473754882812500000e+01
6.516330718994140625e+01,8.395471954345703125e+01
5.567864990234375000e+01,7.682798767089843750e+01
6.140245437622070312e+01,8.017274475097656250e+01
4.608801269531250000e+01,6.956803131103515625e+01
6.509942626953125000e+01,7.845324707031250000e+01
5.027499389648437500e+01,7.284819030761718750e+01
7.009226226806640625e+01,8.035935974121093750e+01
4.790396118164062500e+01,7.164070892333984375e+01
6.587036132812500000e+01,8.146621704101562500e+01
5.527173233032226562e+01,8.296170043945312500e+01
7.360311889648437500e+01,8.839537048339843750e+01
7.113172149658203125e+01,7.749763488769531250e+01
5.391267776489257812e+01,7.916728973388671875e+01
5.608122634887695312e+01,8.314826965332031250e+01
5.297209548950195312e+01,7.190135955810546875e+01
5.155858230590820312e+01,6.908953857421875000e+01
7.200970458984375000e+01,8.474388885498046875e+01
3.611599349975585938e+01,5.702106475830078125e+01
4.252752685546875000e+01,7.064570617675781250e+01
4.604499435424804688e+01,6.767733764648437500e+01
4.571610641479492188e+01,6.716368865966796875e+01
4.144789123535156250e+01,6.827321624755859375e+01
3.642925643920898438e+01,5.664597702026367188e+01
4.819024276733398438e+01,7.030320739746093750e+01
5.580520629882812500e+01,7.325447082519531250e+01
4.576133728027343750e+01,6.406063079833984375e+01
5.669799423217773438e+01,7.419960021972656250e+01
4.686904907226562500e+01,6.968827056884765625e+01
4.924711990356445312e+01,7.000828552246093750e+01
5.561616516113281250e+01,7.015829467773437500e+01
3.699688720703125000e+01,6.087425994873046875e+01
3.532116317749023438e+01,5.465786361694335938e+01
3.368218612670898438e+01,5.321463012695312500e+01
4.512698745727539062e+01,6.437612915039062500e+01
4.943754959106445312e+01,6.783110809326171875e+01
3.926350784301757812e+01,6.540602111816406250e+01
3.631711578369140625e+01,6.331319046020507812e+01
5.072573852539062500e+01,6.785186767578125000e+01
5.239636230468750000e+01,7.061700439453125000e+01
5.260062789916992188e+01,6.989210510253906250e+01
4.314582824707031250e+01,6.364001846313476562e+01
4.158382034301757812e+01,6.231513214111328125e+01
4.213795471191406250e+01,6.427806091308593750e+01
4.718165206909179688e+01,6.883908081054687500e+01
3.853120040893554688e+01,5.701162338256835938e+01
4.319884109497070312e+01,6.166574859619140625e+01
5.248530960083007812e+01,7.093667602539062500e+01
3.216710281372070312e+01,4.880479431152343750e+01
4.874376296997070312e+01,6.396395874023437500e+01
4.885562133789062500e+01,6.424408721923828125e+01
4.189556121826171875e+01,5.913921737670898438e+01
3.916361618041992188e+01,6.011592483520507812e+01
4.455548477172851562e+01,6.685832214355468750e+01
4.009337997436523438e+01,6.149199295043945312e+01
4.514683914184570312e+01,8.026179504394531250e+01
4.269923782348632812e+01,6.958046722412109375e+01
4.700224685668945312e+01,6.972428131103515625e+01
7.432489776611328125e+01,1.031546173095703125e+02
6.619812011718750000e+01,1.129047088623046875e+02
2.381439781188964844e+01,6.564517211914062500e+01
2.628198814392089844e+01,6.356555175781250000e+01
2.172262001037597656e+01,6.354643249511718750e+01
2.250022315979003906e+01,5.794413757324218750e+01
2.432596397399902344e+01,5.570134353637695312e+01
2.615041160583496094e+01,5.226608657836914062e+01
2.487015724182128906e+01,5.041223144531250000e+01
3.153055763244628906e+01,5.701555633544921875e+01
3.515179443359375000e+01,7.425547027587890625e+01
4.184178161621093750e+01,7.476602935791015625e+01
3.732908630371093750e+01,7.219525146484375000e+01
3.275134277343750000e+01,6.661512756347656250e+01
3.082238960266113281e+01,6.703402709960937500e+01
2.944415283203125000e+01,6.728083038330078125e+01
8.861462402343750000e+01,1.278778686523437500e+02
8.605502319335937500e+01,1.281727905273437500e+02
1.093793716430664062e+02,1.339045562744140625e+02
1.115109252929687500e+02,1.333474731445312500e+02
8.033139801025390625e+01,9.591639709472656250e+01
6.434911346435546875e+01,8.426364898681640625e+01
7.804901885986328125e+01,9.552414703369140625e+01
8.201709747314453125e+01,9.633416748046875000e+01
7.736379241943359375e+01,9.450446319580078125e+01
8.665137481689453125e+01,9.967486572265625000e+01
8.488152313232421875e+01,9.930385589599609375e+01
8.971849822998046875e+01,1.003461532592773438e+02
8.624362945556640625e+01,9.776913452148437500e+01
8.059046173095703125e+01,9.639801788330078125e+01
8.038103485107421875e+01,9.570756530761718750e+01
8.443247222900390625e+01,9.731259155273437500e+01
8.747599029541015625e+01,1.000158081054687500e+02
9.054012298583984375e+01,1.033409118652343750e+02
8.410454559326171875e+01,9.687965393066406250e+01
8.666793060302734375e+01,9.856040954589843750e+01
9.070420074462890625e+01,1.026551589965820312e+02
9.379941558837890625e+01,1.015360565185546875e+02
9.838699340820312500e+01,1.060687561035156250e+02
6.751911163330078125e+01,7.996205902099609375e+01
9.055724334716796875e+01,9.942706298828125000e+01
8.982934570312500000e+01,9.676219177246093750e+01
9.372467041015625000e+01,9.954144287109375000e+01
9.211663818359375000e+01,9.920077514648437500e+01
9.661061859130859375e+01,1.058458099365234375e+02
9.348116302490234375e+01,9.797642517089843750e+01
9.166979217529296875e+01,9.813072967529296875e+01
9.096233367919921875e+01,9.868257904052734375e+01
9.185318756103515625e+01,9.785855102539062500e+01
9.041670989990234375e+01,9.583483886718750000e+01
9.819461822509765625e+01,1.031520004272460938e+02
8.967020416259765625e+01,9.361071777343750000e+01
1.174939804077148438e+02,1.247232208251953125e+02
1.297754669189453125e+02,1.344380798339843750e+02
1.216409072875976562e+02,1.282811279296875000e+02
1.129073257446289062e+02,1.180182952880859375e+02
1.191814498901367188e+02,1.260643615722656250e+02
1.256939086914062500e+02,1.321477966308593750e+02
1.185375900268554688e+02,1.257904586791992188e+02
1.129650039672851562e+02,1.230256805419921875e+02
1.124231033325195312e+02,1.235317993164062500e+02
7.283995056152343750e+01,9.784278869628906250e+01
1.119040756225585938e+02,1.222020111083984375e+02
1.160788269042968750e+02,1.255220413208007812e+02
1.157341079711914062e+02,1.246067733764648438e+02
9.244381713867187500e+01,1.092867584228515625e+02
7.958187866210937500e+01,1.078900299072265625e+02
7.648434448242187500e+01,9.932057189941406250e+01
1.179198913574218750e+02,1.280713500976562500e+02
9.709265136718750000e+01,1.186260375976562500e+02
9.787520599365234375e+01,1.134574432373046875e+02
9.838729095458984375e+01,1.125711822509765625e+02
1.103529891967773438e+02,1.244839935302734375e+02
5.675738525390625000e+01,9.362892150878906250e+01
9.642059326171875000e+01,1.139422531127929688e+02
9.741295623779296875e+01,1.122354583740234375e+02
1.030748291015625000e+02,1.204841613769531250e+02
1.027482070922851562e+02,1.158958435058593750e+02
1.149014663696289062e+02,1.251744003295898438e+02
5.762097167968750000e+01,8.850439453125000000e+01
1.018206787109375000e+02,1.170747528076171875e+02
1.025210800170898438e+02,1.155483474731445312e+02
1.113228836059570312e+02,1.163136291503906250e+02
1.064532470703125000e+02,1.155855102539062500e+02
3.404399490356445312e+01,5.377857971191406250e+01
6.165382766723632812e+01,8.397183227539062500e+01
5.438514328002929688e+01,7.900472259521484375e+01
5.431991577148437500e+01,8.572456359863281250e+01
4.845354843139648438e+01,8.248826599121093750e+01
5.369888687133789062e+01,8.641937255859375000e+01
5.081791305541992188e+01,8.626766967773437500e+01
4.942242813110351562e+01,8.814929199218750000e+01
4.969894790649414062e+01,8.743529510498046875e+01
3.859527969360351562e+01,7.548597717285156250e+01
4.506065750122070312e+01,8.335429382324218750e+01
3.453203201293945312e+01,7.224224853515625000e+01
4.144464492797851562e+01,7.928077697753906250e+01
4.905060195922851562e+01,8.674353027343750000e+01
3.887607574462890625e+01,7.510626983642578125e+01
5.132020950317382812e+01,8.409170532226562500e+01
4.829089355468750000e+01,7.979692077636718750e+01
6.535897064208984375e+01,9.514653778076171875e+01
2.349069213867187500e+01,6.038734436035156250e+01
1.016613292694091797e+01,5.396380996704101562e+01
2.763893127441406250e+01,6.993741607666015625e+01
1.267922592163085938e+01,4.620066833496093750e+01
1.693293190002441406e+01,5.297328186035156250e+01
7.803526306152343750e+01,1.310343475341796875e+02
6.043133544921875000e+01,1.311948242187500000e+02
8.818799591064453125e+01,1.316602325439453125e+02
8.595166778564453125e+01,1.359842376708984375e+02
1.060853881835937500e+02,1.359640502929687500e+02
4.926916122436523438e+01,7.487535858154296875e+01
5.195998001098632812e+01,7.208676910400390625e+01
3.044030761718750000e+01,5.713636016845703125e+01
1.523640346527099609e+01,2.866085243225097656e+01
2.877622222900390625e+01,4.964752578735351562e+01
2.732276344299316406e+01,4.922748565673828125e+01
1.714735603332519531e+01,3.234011077880859375e+01
1.523197078704833984e+01,3.241714477539062500e+01
1.691180801391601562e+01,3.177964782714843750e+01
1.747036743164062500e+01,3.297003936767578125e+01
1.655555534362792969e+01,3.257385635375976562e+01
2.003329658508300781e+01,3.486139678955078125e+01
2.075949668884277344e+01,3.709496307373046875e+01
2.081247711181640625e+01,3.698497009277343750e+01
1.897623634338378906e+01,3.814935302734375000e+01
2.051939392089843750e+01,3.635726928710937500e+01
3.377417373657226562e+01,6.598300170898437500e+01
4.157777023315429688e+01,6.981146240234375000e+01
1.948145294189453125e+01,3.801587677001953125e+01
2.130437278747558594e+01,3.751312637329101562e+01
2.046419906616210938e+01,3.821965408325195312e+01
2.441023826599121094e+01,4.144763946533203125e+01
2.580851936340332031e+01,4.285408401489257812e+01
2.116496849060058594e+01,3.749669647216796875e+01
1.869529533386230469e+01,3.805099487304687500e+01
1.998857498168945312e+01,3.817079162597656250e+01
2.313702583312988281e+01,4.078664779663085938e+01
2.369677162170410156e+01,4.188385391235351562e+01
3.424936294555664062e+01,5.817784118652343750e+01
3.784342193603515625e+01,6.213385009765625000e+01
4.158045578002929688e+01,6.723625183105468750e+01
1.758804702758789062e+01,3.211895370483398438e+01
2.175532531738281250e+01,3.796817779541015625e+01
4.201605224609375000e+01,6.993077850341796875e+01
6.257579421997070312e+01,8.769580078125000000e+01
4.393889236450195312e+01,7.262880706787109375e+01
4.911886978149414062e+01,7.884999084472656250e+01
3.987482833862304688e+01,7.394622802734375000e+01
2.793395996093750000e+01,4.552093124389648438e+01
2.657815361022949219e+01,4.898922729492187500e+01
2.495271301269531250e+01,4.431984710693359375e+01
2.509424781799316406e+01,4.593421554565429688e+01
2.871394348144531250e+01,5.087890625000000000e+01
6.040259933471679688e+01,9.656959533691406250e+01
6.216212081909179688e+01,9.689330291748046875e+01
8.344139862060546875e+01,1.107361679077148438e+02
5.884484863281250000e+01,9.336796569824218750e+01
5.643495559692382812e+01,9.342837524414062500e+01
6.094573593139648438e+01,8.698048400878906250e+01
7.090821075439453125e+01,8.957180786132812500e+01
1.020224685668945312e+02,1.201427841186523438e+02
6.341490554809570312e+01,9.957813262939453125e+01
6.762383270263671875e+01,9.972911071777343750e+01
7.515267944335937500e+01,1.054434661865234375e+02
8.423736572265625000e+01,1.093900909423828125e+02
8.897668457031250000e+01,1.157128067016601562e+02
6.617426300048828125e+01,1.007443389892578125e+02
8.200279998779296875e+01,1.134522247314453125e+02
6.524222564697265625e+01,1.015242309570312500e+02
6.951548004150390625e+01,1.015458755493164062e+02
5.712396621704101562e+01,9.412023925781250000e+01
5.700989913940429688e+01,9.344346618652343750e+01
7.823809814453125000e+01,1.060107498168945312e+02
4.280716323852539062e+01,7.738767242431640625e+01
5.945940780639648438e+01,8.495567321777343750e+01
4.683974075317382812e+01,8.281324005126953125e+01
4.243517684936523438e+01,8.212960815429687500e+01
6.871471405029296875e+01,9.221331787109375000e+01
5.447880554199218750e+01,8.884848022460937500e+01
6.499288177490234375e+01,1.009028930664062500e+02
5.929619216918945312e+01,9.068432617187500000e+01
7.758245086669921875e+01,1.021343765258789062e+02
5.292871093750000000e+01,7.844808959960937500e+01
6.098977661132812500e+01,9.542366027832031250e+01
7.891509246826171875e+01,1.066073150634765625e+02
8.319858551025390625e+01,1.116890869140625000e+02
6.028947830200195312e+01,9.701030731201171875e+01
5.901357650756835938e+01,9.706979370117187500e+01
8.146028137207031250e+01,1.076424789428710938e+02
7.024356079101562500e+01,1.031919631958007812e+02
5.302856445312500000e+01,9.152732849121093750e+01
6.162643051147460938e+01,9.801194763183593750e+01
6.501258087158203125e+01,9.458789062500000000e+01
4.145251083374023438e+01,7.936245727539062500e+01
3.674913406372070312e+01,7.918294525146484375e+01
8.425307464599609375e+01,1.070101470947265625e+02
8.802387237548828125e+01,9.514540863037109375e+01
8.929228973388671875e+01,1.126966552734375000e+02
7.570404815673828125e+01,1.016381607055664062e+02
4.961029052734375000e+01,8.948567199707031250e+01
7.666180419921875000e+01,1.034010772705078125e+02
5.250046920776367188e+01,8.560943603515625000e+01
7.073706817626953125e+01,9.787240600585937500e+01
8.550402832031250000e+01,1.101947097778320312e+02
8.149214935302734375e+01,1.087903442382812500e+02
9.251525115966796875e+01,1.045255813598632812e+02
9.793271636962890625e+01,1.186567611694335938e+02
9.204094696044921875e+01,1.057833862304687500e+02
1.101714782714843750e+02,1.222248077392578125e+02
1.091525497436523438e+02,1.221055068969726562e+02
9.810329437255859375e+01,1.134508819580078125e+02
6.811400604248046875e+01,9.240681457519531250e+01
9.499872589111328125e+01,1.085358734130859375e+02
1.102378463745117188e+02,1.216728744506835938e+02
5.122116088867187500e+01,9.150666809082031250e+01
1.021562728881835938e+02,1.163776626586914062e+02
1.020360717773437500e+02,1.168575286865234375e+02
4.256952667236328125e+01,7.474133300781250000e+01
6.271444702148437500e+01,8.826263427734375000e+01
4.643704223632812500e+01,7.395212554931640625e+01
8.543859863281250000e+01,1.024427642822265625e+02
8.215424346923828125e+01,1.022696533203125000e+02
1.058331069946289062e+02,1.193942489624023438e+02
4.976620483398437500e+01,8.285646057128906250e+01
6.824205780029296875e+01,9.296716308593750000e+01
1.016574935913085938e+02,1.124825515747070312e+02
8.935100555419921875e+01,1.033053665161132812e+02
8.395449066162109375e+01,9.403192901611328125e+01
8.756423950195312500e+01,9.462557983398437500e+01
9.319712066650390625e+01,1.105875091552734375e+02
8.551052093505859375e+01,9.673504638671875000e+01
6.017025756835937500e+01,8.713032531738281250e+01
8.460942077636718750e+01,1.078900527954101562e+02
8.066519927978515625e+01,1.044063873291015625e+02
7.812853240966796875e+01,1.038224716186523438e+02
7.621956634521484375e+01,1.038065338134765625e+02
8.773574829101562500e+01,1.005601196289062500e+02
9.135741424560546875e+01,1.121039428710937500e+02
8.528002166748046875e+01,9.908775329589843750e+01
1.111565246582031250e+02,1.197990570068359375e+02
1.031599502563476562e+02,1.145434112548828125e+02
9.969792938232421875e+01,1.139567108154296875e+02
9.518569183349609375e+01,1.087557754516601562e+02
6.179971313476562500e+01,8.510986328125000000e+01
8.747024536132812500e+01,1.007217788696289062e+02
1.026179428100585938e+02,1.137713088989257812e+02
1.030582885742187500e+02,1.148004608154296875e+02
9.687062835693359375e+01,1.091122436523437500e+02
6.089275741577148438e+01,8.432118225097656250e+01
1.038986740112304688e+02,1.127191009521484375e+02
5.107202529907226562e+01,8.609052276611328125e+01
6.900967407226562500e+01,9.128370666503906250e+01
6.751346588134765625e+01,8.161698913574218750e+01
1.953379249572753906e+01,2.647193908691406250e+01
1.598430633544921875e+01,2.727405929565429688e+01
2.034564781188964844e+01,2.883760833740234375e+01
1.909826660156250000e+01,2.590170478820800781e+01
4.435158157348632812e+01,6.218190383911132812e+01
6.845272827148437500e+01,7.828967285156250000e+01
7.009923553466796875e+01,8.112918090820312500e+01
1.579348468780517578e+01,2.667057228088378906e+01
2.040567207336425781e+01,2.882232284545898438e+01
1.617402839660644531e+01,2.851405334472656250e+01
2.070658683776855469e+01,3.057239151000976562e+01
3.599264526367187500e+01,4.713359069824218750e+01
1.988329887390136719e+01,2.821254730224609375e+01
2.767273902893066406e+01,4.296844482421875000e+01
2.456846618652343750e+01,3.243096160888671875e+01
3.991611480712890625e+01,4.505380630493164062e+01
4.684213256835937500e+01,6.472970581054687500e+01
7.521230316162109375e+01,9.372179412841796875e+01
1.659251785278320312e+01,2.891040420532226562e+01
2.044785499572753906e+01,3.017748069763183594e+01
2.105361366271972656e+01,3.168545150756835938e+01
1.719734001159667969e+01,5.692873382568359375e+01
1.831494140625000000e+01,5.699652099609375000e+01
1.770553588867187500e+01,5.057828521728515625e+01
1.689312934875488281e+01,5.226174163818359375e+01
1.726492881774902344e+01,5.139834213256835938e+01
2.118715476989746094e+01,5.195222473144531250e+01
2.020374679565429688e+01,4.587101745605468750e+01
5.753054809570312500e+01,8.656017303466796875e+01
3.029065704345703125e+01,4.642806243896484375e+01
3.533369445800781250e+01,5.438375091552734375e+01
2.970254516601562500e+01,4.887178039550781250e+01
1.938923263549804688e+01,3.928646850585937500e+01
1.993163490295410156e+01,4.160205078125000000e+01
3.229426193237304688e+01,5.179998016357421875e+01
2.470243263244628906e+01,4.882955169677734375e+01
2.156846618652343750e+01,3.612564849853515625e+01
2.350876617431640625e+01,3.674348831176757812e+01
2.148914909362792969e+01,3.671066284179687500e+01
2.923849487304687500e+01,4.328116989135742188e+01
2.279275321960449219e+01,3.606389236450195312e+01
2.381730651855468750e+01,3.730944442749023438e+01
3.263010787963867188e+01,4.908491516113281250e+01
2.962150573730468750e+01,4.364348602294921875e+01
2.809375000000000000e+01,4.472426605224609375e+01
3.523389816284179688e+01,5.062694931030273438e+01
2.923519325256347656e+01,4.332229614257812500e+01
3.018008422851562500e+01,4.457325744628906250e+01
2.979383277893066406e+01,4.508744049072265625e+01
3.660223770141601562e+01,5.287549591064453125e+01
2.415070152282714844e+01,3.975394439697265625e+01
2.607176780700683594e+01,4.071918487548828125e+01
2.771981811523437500e+01,4.481298828125000000e+01
2.970875740051269531e+01,4.573971557617187500e+01
2.646961784362792969e+01,4.369181060791015625e+01
2.499227905273437500e+01,4.424478912353515625e+01
2.816432762145996094e+01,4.416083145141601562e+01
4.243691253662109375e+01,6.258368301391601562e+01
2.680249595642089844e+01,4.450849914550781250e+01
3.016861915588378906e+01,4.669847869873046875e+01
6.178808593750000000e+01,7.715613555908203125e+01
2.865527534484863281e+01,4.409140777587890625e+01
4.186571121215820312e+01,6.155480957031250000e+01
2.858898353576660156e+01,4.326349639892578125e+01
3.384720230102539062e+01,5.082111740112304688e+01
4.794581222534179688e+01,6.876371765136718750e+01
2.645997047424316406e+01,4.424515533447265625e+01
5.174214553833007812e+01,7.627313232421875000e+01
6.454298400878906250e+01,8.894445800781250000e+01
4.941538619995117188e+01,8.307445526123046875e+01
2.733632469177246094e+01,4.792306518554687500e+01
2.980725097656250000e+01,5.049900054931640625e+01
3.192727661132812500e+01,5.489260864257812500e+01
4.019077301025390625e+01,6.565013122558593750e+01
2.841477012634277344e+01,4.957371520996093750e+01
3.668566513061523438e+01,6.118278884887695312e+01
2.593480873107910156e+01,3.933590698242187500e+01
3.273423767089843750e+01,5.273612976074218750e+01
3.916875076293945312e+01,6.111006546020507812e+01
3.927505493164062500e+01,6.021965408325195312e+01
5.038685989379882812e+01,7.336499023437500000e+01
2.518544006347656250e+01,3.735464096069335938e+01
2.295926094055175781e+01,3.857633209228515625e+01
3.542495346069335938e+01,5.549901199340820312e+01
3.978541946411132812e+01,5.995584487915039062e+01
4.685149765014648438e+01,6.853012084960937500e+01
3.996561813354492188e+01,6.324445724487304688e+01
2.701286506652832031e+01,4.150230407714843750e+01
2.857436370849609375e+01,4.830448532104492188e+01
2.882796669006347656e+01,4.826415634155273438e+01
2.405126190185546875e+01,4.852260589599609375e+01
3.666748046875000000e+01,5.711959075927734375e+01
6.967455291748046875e+01,9.472994995117187500e+01
6.660769653320312500e+01,9.728733825683593750e+01
3.209997940063476562e+01,5.145207214355468750e+01
3.712123107910156250e+01,5.719046783447265625e+01
4.224581909179687500e+01,6.468670654296875000e+01
4.408320236206054688e+01,6.561090087890625000e+01
3.164940452575683594e+01,6.211008071899414062e+01
2.873874473571777344e+01,5.502580261230468750e+01
3.526570510864257812e+01,6.068295669555664062e+01
3.449865341186523438e+01,6.216192245483398438e+01
4.358068466186523438e+01,7.140940093994140625e+01
7.232524108886718750e+01,1.039843215942382812e+02
2.191734886169433594e+01,3.658978271484375000e+01
2.365875244140625000e+01,3.782392120361328125e+01
2.640489959716796875e+01,4.007122039794921875e+01
1.781422615051269531e+01,4.486074829101562500e+01
2.362136840820312500e+01,3.991748046875000000e+01
2.694224548339843750e+01,4.551874542236328125e+01
3.967603683471679688e+01,6.412513732910156250e+01
1.929419898986816406e+01,3.372760772705078125e+01
2.626389503479003906e+01,3.922704315185546875e+01
3.532865905761718750e+01,5.284803771972656250e+01
2.286836242675781250e+01,3.618255615234375000e+01
2.460301971435546875e+01,3.899702835083007812e+01
2.340030097961425781e+01,5.325666809082031250e+01
2.084221076965332031e+01,3.750474548339843750e+01
2.374724006652832031e+01,3.770328903198242188e+01
2.002430725097656250e+01,3.846447753906250000e+01
2.337208557128906250e+01,3.842632675170898438e+01
2.156775474548339844e+01,4.007638931274414062e+01
2.508826637268066406e+01,4.070692062377929688e+01
2.022893333435058594e+01,3.828987884521484375e+01
2.356038093566894531e+01,3.842027282714843750e+01
7.174637603759765625e+01,8.851295471191406250e+01
2.187844848632812500e+01,3.965750885009765625e+01
2.456842994689941406e+01,3.982394409179687500e+01
2.250584983825683594e+01,4.056005096435546875e+01
2.557596588134765625e+01,4.097595214843750000e+01
2.519889831542968750e+01,4.019329071044921875e+01
2.619350624084472656e+01,3.994085693359375000e+01
5.315583419799804688e+01,8.773819732666015625e+01
4.646142196655273438e+01,6.799978637695312500e+01
5.224717330932617188e+01,7.505320739746093750e+01
5.274383926391601562e+01,7.609410095214843750e+01
3.516923522949218750e+01,5.396481704711914062e+01
3.273410034179687500e+01,5.018931579589843750e+01
8.024781036376953125e+01,1.066998291015625000e+02
2.992062950134277344e+01,4.741746520996093750e+01
3.302122116088867188e+01,5.196212005615234375e+01
4.075077438354492188e+01,6.022066497802734375e+01
3.762367248535156250e+01,5.750372314453125000e+01
2.922172546386718750e+01,6.035617065429687500e+01
3.512034225463867188e+01,6.838195800781250000e+01
3.204323196411132812e+01,6.510589599609375000e+01
3.915944290161132812e+01,7.472355651855468750e+01
3.690550231933593750e+01,7.024295043945312500e+01
4.125323104858398438e+01,6.220295715332031250e+01
3.834703445434570312e+01,5.833867263793945312e+01
7.563394927978515625e+01,1.026351470947265625e+02
8.939748382568359375e+01,1.181518859863281250e+02
9.082513427734375000e+01,1.175613250732421875e+02
7.053676605224609375e+01,9.804609680175781250e+01
9.776672363281250000e+01,1.220917663574218750e+02
8.830777740478515625e+01,1.118356628417968750e+02
7.755799102783203125e+01,1.042611846923828125e+02
7.902800750732421875e+01,1.067232666015625000e+02
8.117551422119140625e+01,1.060571746826171875e+02
8.871935272216796875e+01,1.124316482543945312e+02
9.198425292968750000e+01,1.128382644653320312e+02
7.242522430419921875e+01,9.316397094726562500e+01
7.957698059082031250e+01,9.944770812988281250e+01
3.914516067504882812e+01,5.058594512939453125e+01
2.696231269836425781e+01,4.318972015380859375e+01
2.536285400390625000e+01,4.178132629394531250e+01
3.410848617553710938e+01,5.568244934082031250e+01
3.537628555297851562e+01,4.939410400390625000e+01
6.046377944946289062e+01,7.283285522460937500e+01
5.788581466674804688e+01,7.108968353271484375e+01
3.053722190856933594e+01,4.983647155761718750e+01
7.252781677246093750e+01,1.016815795898437500e+02
6.927179718017578125e+01,1.019478149414062500e+02
6.994017791748046875e+01,9.890080261230468750e+01
6.714423370361328125e+01,9.964370727539062500e+01
3.004567527770996094e+01,4.765412521362304688e+01
1.925065231323242188e+01,6.311728668212890625e+01
1.651881408691406250e+01,4.366965484619140625e+01
1.983866500854492188e+01,4.695581817626953125e+01
1.764695549011230469e+01,4.456778335571289062e+01
1.785924720764160156e+01,4.553036880493164062e+01
1.731901359558105469e+01,4.253039550781250000e+01
1.468357849121093750e+01,4.152169036865234375e+01
1.511527252197265625e+01,4.067012023925781250e+01
1.785701751708984375e+01,4.423805999755859375e+01
1.933344841003417969e+01,4.555107116699218750e+01
1.900244712829589844e+01,4.498649978637695312e+01
1.840187644958496094e+01,4.406496429443359375e+01
1.933405494689941406e+01,4.857770538330078125e+01
1.794470405578613281e+01,4.462056732177734375e+01
1.894468688964843750e+01,4.496542358398437500e+01
2.097580718994140625e+01,5.233510589599609375e+01
1.801305389404296875e+01,4.616865539550781250e+01
1.937127494812011719e+01,4.424176788330078125e+01
2.009315681457519531e+01,4.534872436523437500e+01
1.790167236328125000e+01,4.353269958496093750e+01
1.854013824462890625e+01,4.451493072509765625e+01
1.548715686798095703e+01,8.716409301757812500e+01
7.135832977294921875e+01,1.363438262939453125e+02
4.378767395019531250e+01,1.111899108886718750e+02
4.887219238281250000e+01,8.485321044921875000e+01
3.256809997558593750e+01,8.120714569091796875e+01
2.280756378173828125e+01,9.279077148437500000e+01
3.268584060668945312e+01,9.920956420898437500e+01
1.893761253356933594e+01,1.071732177734375000e+02
1.679841613769531250e+01,6.007223129272460938e+01
1.019655990600585938e+02,1.096373977661132812e+02
4.053699111938476562e+01,1.270380249023437500e+02
3.519116592407226562e+01,1.052972869873046875e+02
7.216371917724609375e+01,1.343722534179687500e+02
9.378549194335937500e+01,1.405933227539062500e+02
1.009982910156250000e+02,1.287794799804687500e+02
4.257439804077148438e+01,5.259026336669921875e+01
3.630364227294921875e+01,4.806517028808593750e+01
2.605537414550781250e+01,4.814815902709960938e+01
3.544672012329101562e+01,4.914508819580078125e+01
3.929908370971679688e+01,5.614201354980468750e+01
2.888843727111816406e+01,4.211466979980468750e+01
3.980616378784179688e+01,5.506405639648437500e+01
2.574892997741699219e+01,4.739475250244140625e+01
3.824568176269531250e+01,5.251668548583984375e+01
2.569767761230468750e+01,4.485606384277343750e+01
3.929667663574218750e+01,5.601747894287109375e+01
4.640169906616210938e+01,6.521904754638671875e+01
3.560503005981445312e+01,5.351873397827148438e+01
3.588872528076171875e+01,6.188278198242187500e+01
3.181567573547363281e+01,5.342912673950195312e+01
2.914830207824707031e+01,5.322129440307617188e+01
2.939160728454589844e+01,4.751221466064453125e+01
2.232336616516113281e+01,3.697063064575195312e+01
2.280641174316406250e+01,3.508847808837890625e+01
2.279333496093750000e+01,4.196360397338867188e+01
2.258581352233886719e+01,3.622698211669921875e+01
3.075728797912597656e+01,5.467232513427734375e+01
2.369094276428222656e+01,3.673580932617187500e+01
3.093747520446777344e+01,5.272313308715820312e+01
2.194962501525878906e+01,4.012223052978515625e+01
2.124212455749511719e+01,3.406134414672851562e+01
2.285683250427246094e+01,4.203458023071289062e+01
3.248950576782226562e+01,5.396766662597656250e+01
1.990925407409667969e+01,3.533758544921875000e+01
2.839392852783203125e+01,4.947869110107421875e+01
2.186349487304687500e+01,4.233485412597656250e+01
2.750393867492675781e+01,4.935717391967773438e+01
2.233217811584472656e+01,4.168064117431640625e+01
2.682173728942871094e+01,4.220144271850585938e+01
2.844789695739746094e+01,5.045239257812500000e+01
2.065363502502441406e+01,3.756472015380859375e+01
3.114826393127441406e+01,4.912979888916015625e+01
4.071950149536132812e+01,6.270555114746093750e+01
2.147900581359863281e+01,4.126539993286132812e+01
3.334398269653320312e+01,5.337251281738281250e+01
2.832803535461425781e+01,8.560065460205078125e+01
3.895872879028320312e+01,9.115353393554687500e+01
2.208933067321777344e+01,5.300389099121093750e+01
1.923348426818847656e+01,3.240068435668945312e+01
4.393870162963867188e+01,6.063897323608398438e+01
4.369971084594726562e+01,6.279163742065429688e+01
4.791587448120117188e+01,6.773094177246093750e+01
3.430860519409179688e+01,6.352000045776367188e+01
9.229011535644531250e+00,2.281661415100097656e+01
7.342433929443359375e+01,8.599897766113281250e+01
4.113600540161132812e+01,6.229503631591796875e+01
6.720072174072265625e+01,8.362030029296875000e+01
3.908521652221679688e+01,6.255563354492187500e+01
4.454625320434570312e+01,8.121371459960937500e+01
4.972742843627929688e+01,8.189964294433593750e+01
6.774678802490234375e+01,8.684642028808593750e+01
5.965625000000000000e+01,8.693989562988281250e+01
4.065567016601562500e+01,6.701266479492187500e+01
4.092024612426757812e+01,6.568528747558593750e+01
3.968586349487304688e+01,6.628722381591796875e+01
7.431009674072265625e+01,9.356670379638671875e+01
7.337347412109375000e+01,9.417256927490234375e+01
7.181964874267578125e+01,9.369870758056640625e+01
1.023346557617187500e+02,1.120014648437500000e+02
6.893010711669921875e+01,9.158207702636718750e+01
6.388952636718750000e+01,8.942752075195312500e+01
8.863744354248046875e+01,1.068086547851562500e+02
3.976610183715820312e+01,6.539147949218750000e+01
4.196737289428710938e+01,7.226663208007812500e+01
3.940366744995117188e+01,6.646257019042968750e+01
7.447377777099609375e+01,9.369755554199218750e+01
4.204738235473632812e+01,6.623637390136718750e+01
7.467806243896484375e+01,9.246833801269531250e+01
4.464436721801757812e+01,7.083302307128906250e+01
4.125816726684570312e+01,6.514421081542968750e+01
6.687207794189453125e+01,8.380802917480468750e+01
3.932861328125000000e+01,6.437965393066406250e+01
3.705402374267578125e+01,5.608329772949218750e+01
7.010843658447265625e+01,8.663793182373046875e+01
6.839151763916015625e+01,8.805673980712890625e+01
4.352732849121093750e+01,6.710676574707031250e+01
4.050817489624023438e+01,5.956713104248046875e+01
4.265781784057617188e+01,6.871803283691406250e+01
9.745296478271484375e+01,1.344918212890625000e+02
1.257376480102539062e+02,1.393982238769531250e+02
1.105807723999023438e+02,1.393251953125000000e+02
2.552498817443847656e+01,6.179491806030273438e+01
7.667646026611328125e+01,8.187004089355468750e+01
6.466786956787109375e+01,8.049173736572265625e+01
7.839073944091796875e+01,8.907876586914062500e+01
8.326610565185546875e+01,8.931697082519531250e+01
7.619281768798828125e+01,8.705186462402343750e+01
1.125550155639648438e+02,1.212413864135742188e+02
1.058469848632812500e+02,1.182147064208984375e+02
1.048764648437500000e+02,1.192287750244140625e+02
1.035748901367187500e+02,1.207477569580078125e+02
1.180489730834960938e+02,1.252138671875000000e+02
1.020853576660156250e+02,1.153361816406250000e+02
8.922674560546875000e+01,1.099462127685546875e+02
1.014426574707031250e+02,1.165838623046875000e+02
1.001366882324218750e+02,1.140715255737304688e+02
1.107136917114257812e+02,1.219155654907226562e+02
1.148450546264648438e+02,1.236517715454101562e+02
1.093242492675781250e+02,1.214505920410156250e+02
9.864778900146484375e+01,1.193492584228515625e+02
7.022859954833984375e+01,9.457857513427734375e+01
6.230463027954101562e+01,9.658467102050781250e+01
6.908393096923828125e+01,9.813439941406250000e+01
7.387152862548828125e+01,9.987294006347656250e+01
7.218206024169921875e+01,1.024964599609375000e+02
7.408489990234375000e+01,1.009344177246093750e+02
7.218241882324218750e+01,1.010634689331054688e+02
7.718644714355468750e+01,1.026057052612304688e+02
8.338034820556640625e+01,1.059404296875000000e+02
7.284013366699218750e+01,1.003306884765625000e+02
7.995598602294921875e+01,1.017337951660156250e+02
7.580622100830078125e+01,1.033241424560546875e+02
6.314849853515625000e+01,9.469801330566406250e+01
7.031980895996093750e+01,9.789907073974609375e+01
7.649172973632812500e+01,9.854389953613281250e+01
8.651575469970703125e+01,1.053226547241210938e+02
9.090118408203125000e+01,1.109094238281250000e+02
8.867166900634765625e+01,1.076008758544921875e+02
8.610498046875000000e+01,1.077164459228515625e+02
7.473271942138671875e+01,1.034300460815429688e+02
8.641255950927734375e+01,1.085831451416015625e+02
9.669025421142578125e+01,1.138432846069335938e+02
8.488687133789062500e+01,1.089415359497070312e+02
9.281469726562500000e+01,1.108059539794921875e+02
1.032234497070312500e+02,1.176715545654296875e+02
8.479428100585937500e+01,1.057175674438476562e+02
9.056352996826171875e+01,1.103239135742187500e+02
7.361857604980468750e+01,9.835060119628906250e+01
7.404362487792968750e+01,1.031801605224609375e+02
6.824633026123046875e+01,9.944782257080078125e+01
5.922492599487304688e+01,9.525736999511718750e+01
5.610328674316406250e+01,1.020683441162109375e+02
6.403087615966796875e+01,9.953784179687500000e+01
5.086057662963867188e+01,9.243921661376953125e+01
6.299766921997070312e+01,9.897502136230468750e+01
6.155373001098632812e+01,9.738265991210937500e+01
5.507852554321289062e+01,9.159384155273437500e+01
6.786605072021484375e+01,9.193462371826171875e+01
6.411614227294921875e+01,9.673405456542968750e+01
8.109918212890625000e+01,1.049365386962890625e+02
6.455638885498046875e+01,9.355140686035156250e+01
6.296305847167968750e+01,9.677966308593750000e+01
7.194915008544921875e+01,1.019368209838867188e+02
8.109968566894531250e+01,1.070620727539062500e+02
5.696016311645507812e+01,9.608302307128906250e+01
5.677038574218750000e+01,9.052581787109375000e+01
5.850519943237304688e+01,1.026020812988281250e+02
6.234893798828125000e+01,1.027690277099609375e+02
5.671860885620117188e+01,9.457844543457031250e+01
8.073491668701171875e+01,1.000152130126953125e+02
8.209350585937500000e+01,1.066702423095703125e+02
6.814080810546875000e+01,9.691101074218750000e+01
7.798473358154296875e+01,1.036234893798828125e+02
6.414749145507812500e+01,9.607409667968750000e+01
6.251867675781250000e+01,9.645460510253906250e+01
7.287004852294921875e+01,1.012916870117187500e+02
6.652581024169921875e+01,9.656242370605468750e+01
5.731643295288085938e+01,9.178333282470703125e+01
5.736925125122070312e+01,8.139823150634765625e+01
3.513212203979492188e+01,9.865019226074218750e+01
4.112416458129882812e+01,1.012392272949218750e+02
3.377524948120117188e+01,9.684961700439453125e+01
7.641783142089843750e+01,1.140713195800781250e+02
6.154338455200195312e+01,1.087357940673828125e+02
5.539274978637695312e+01,1.061056518554687500e+02
7.896695709228515625e+01,1.148291549682617188e+02
9.644927978515625000e+01,1.181077346801757812e+02
6.593293762207031250e+01,9.728553771972656250e+01
9.490644073486328125e+01,1.165596008300781250e+02
8.707156372070312500e+01,1.079740295410156250e+02
9.729937744140625000e+01,1.173551025390625000e+02
1.002504653930664062e+02,1.178023223876953125e+02
9.270374298095703125e+01,1.141105575561523438e+02
9.329116058349609375e+01,1.157005615234375000e+02
1.066022033691406250e+02,1.244343490600585938e+02
9.164017486572265625e+01,1.140854797363281250e+02
8.090943145751953125e+01,1.048446044921875000e+02
1.081399307250976562e+02,1.204844055175781250e+02
8.364671325683593750e+01,1.056929779052734375e+02
9.432190704345703125e+01,1.150523681640625000e+02
9.630074310302734375e+01,1.120898132324218750e+02
9.614239501953125000e+01,1.145597381591796875e+02
1.069458007812500000e+02,1.222572479248046875e+02
1.095304489135742188e+02,1.233937377929687500e+02
1.078123550415039062e+02,1.205606613159179688e+02
1.023867721557617188e+02,1.213773574829101562e+02
9.223694610595703125e+01,1.151456832885742188e+02
1.220660705566406250e+02,1.292882080078125000e+02
1.022482070922851562e+02,1.199809799194335938e+02
9.899886322021484375e+01,1.201260528564453125e+02
8.933931732177734375e+01,1.143738250732421875e+02
1.122306900024414062e+02,1.279191894531250000e+02
9.792629241943359375e+01,1.188645629882812500e+02
6.549124908447265625e+01,1.013144836425781250e+02
1.191334457397460938e+02,1.291088256835937500e+02
8.892321014404296875e+01,1.123460617065429688e+02
8.935852813720703125e+01,1.127602386474609375e+02
1.047566757202148438e+02,1.211657333374023438e+02
9.454247283935546875e+01,1.140309143066406250e+02
1.068271789550781250e+02,1.216023635864257812e+02
8.109520721435546875e+01,1.074893112182617188e+02
1.020984725952148438e+02,1.213489685058593750e+02
1.014580917358398438e+02,1.189147338867187500e+02
9.358696746826171875e+01,1.082445678710937500e+02
9.902524566650390625e+01,1.149848327636718750e+02
1.022626266479492188e+02,1.161397781372070312e+02
9.352056884765625000e+01,1.080887145996093750e+02
9.888707733154296875e+01,1.150264205932617188e+02
1.126337814331054688e+02,1.255447082519531250e+02
9.939041900634765625e+01,1.142222290039062500e+02
1.120117568969726562e+02,1.223288269042968750e+02
1.261851577758789062e+02,1.304746398925781250e+02
1.150489730834960938e+02,1.246392898559570312e+02
1.094718933105468750e+02,1.217837219238281250e+02
1.127843399047851562e+02,1.231185913085937500e+02
9.680890655517578125e+01,1.137824707031250000e+02
1.127310562133789062e+02,1.249651947021484375e+02
1.108930587768554688e+02,1.210945587158203125e+02
1.091796951293945312e+02,1.246829071044921875e+02
8.984216308593750000e+01,1.111825866699218750e+02
9.242706298828125000e+01,1.121058807373046875e+02
9.092230987548828125e+01,1.108950958251953125e+02
8.808886718750000000e+01,1.107998504638671875e+02
1.069076538085937500e+02,1.190333786010742188e+02
1.127697525024414062e+02,1.238296051025390625e+02
1.112934646606445312e+02,1.220996093750000000e+02
1.129778976440429688e+02,1.217520980834960938e+02
1.017220840454101562e+02,1.160636749267578125e+02
1.172724380493164062e+02,1.270867156982421875e+02
5.061821365356445312e+01,7.807000732421875000e+01
7.280225372314453125e+01,9.293632507324218750e+01
7.262186431884765625e+01,9.164418029785156250e+01
6.623128509521484375e+01,9.294917297363281250e+01
6.934879302978515625e+01,9.017333984375000000e+01
7.039075469970703125e+01,8.921157836914062500e+01
4.574099731445312500e+01,7.350698089599609375e+01
4.059589004516601562e+01,6.690137481689453125e+01
6.731365203857421875e+01,9.063367462158203125e+01
4.486712646484375000e+01,7.190151977539062500e+01
4.878245925903320312e+01,7.617131042480468750e+01
6.662223815917968750e+01,7.566213989257812500e+01
3.521301651000976562e+01,8.473599243164062500e+01
4.899303054809570312e+01,6.045636749267578125e+01
7.128522491455078125e+01,8.333767700195312500e+01
4.964389419555664062e+01,6.161257934570312500e+01
7.267790985107421875e+01,7.540780639648437500e+01
7.417539215087890625e+01,7.689482879638671875e+01
6.459348297119140625e+01,7.045187377929687500e+01
7.000514984130859375e+01,8.031532287597656250e+01
7.036833953857421875e+01,7.421452331542968750e+01
7.160677337646484375e+01,8.248535919189453125e+01
7.192085266113281250e+01,7.564240264892578125e+01
7.751757812500000000e+01,8.437348175048828125e+01
7.478833770751953125e+01,7.804972839355468750e+01
5.955756759643554688e+01,8.226661682128906250e+01
4.058486557006835938e+01,6.991761779785156250e+01
5.038212203979492188e+01,7.175189208984375000e+01
6.520143127441406250e+01,8.505459594726562500e+01
8.943060302734375000e+01,9.585372924804687500e+01
7.702492523193359375e+01,9.084451293945312500e+01
4.418078613281250000e+01,7.068673706054687500e+01
6.032283401489257812e+01,7.659389495849609375e+01
3.295165634155273438e+01,6.254103851318359375e+01
4.611009597778320312e+01,6.903296661376953125e+01
1.516124820709228516e+01,2.852760314941406250e+01
7.646653747558593750e+01,8.673921966552734375e+01
5.649715805053710938e+01,6.513368225097656250e+01
4.043420028686523438e+01,5.071979522705078125e+01
4.841017532348632812e+01,7.248066711425781250e+01
5.827558517456054688e+01,7.469554138183593750e+01
3.573146438598632812e+01,6.420153808593750000e+01
7.434500122070312500e+01,8.552571105957031250e+01
3.715345382690429688e+01,6.433589172363281250e+01
5.368147659301757812e+01,7.288137817382812500e+01
3.774438095092773438e+01,6.318886184692382812e+01
4.530213928222656250e+01,6.814666748046875000e+01
3.981050109863281250e+01,6.530770874023437500e+01
3.839060974121093750e+01,6.975097656250000000e+01
6.117619705200195312e+01,7.180815124511718750e+01
8.366959381103515625e+01,8.318111419677734375e+01
5.904527282714843750e+01,6.153935241699218750e+01
4.639178466796875000e+01,9.592900848388671875e+01
8.121744537353515625e+01,7.536824035644531250e+01
3.561499404907226562e+01,5.492859649658203125e+01
2.522195243835449219e+01,6.014245986938476562e+01
2.212603187561035156e+01,4.525985717773437500e+01
3.093637084960937500e+01,6.328609466552734375e+01
2.715600776672363281e+01,5.431919097900390625e+01
2.706468391418457031e+01,6.292153930664062500e+01
2.513664245605468750e+01,5.835942840576171875e+01
2.123670005798339844e+01,4.643804931640625000e+01
2.668790435791015625e+01,5.793026733398437500e+01
2.576976585388183594e+01,5.057850265502929688e+01
3.593366241455078125e+01,5.503838348388671875e+01
3.151839256286621094e+01,4.882202529907226562e+01
2.398196220397949219e+01,4.600079727172851562e+01
2.322952842712402344e+01,4.772175598144531250e+01
2.576067161560058594e+01,5.126313781738281250e+01
2.056873703002929688e+01,4.477898406982421875e+01
2.392090606689453125e+01,5.851059722900390625e+01
2.432554435729980469e+01,5.811065292358398438e+01
2.574684143066406250e+01,4.776774597167968750e+01
2.479007148742675781e+01,4.897365570068359375e+01
2.168185997009277344e+01,4.575809478759765625e+01
3.134292030334472656e+01,6.443609619140625000e+01
3.972791671752929688e+01,6.390305328369140625e+01
2.488793945312500000e+01,6.125905990600585938e+01
2.346682739257812500e+01,5.058353424072265625e+01
3.016797637939453125e+01,5.672154617309570312e+01
2.751435279846191406e+01,6.363394165039062500e+01
2.792570686340332031e+01,5.181374740600585938e+01
2.564994239807128906e+01,5.191749572753906250e+01
2.197361183166503906e+01,4.745732116699218750e+01
3.360239410400390625e+01,5.534226989746093750e+01
3.301491165161132812e+01,5.490838623046875000e+01
4.380797958374023438e+01,6.925839233398437500e+01
3.466338729858398438e+01,6.702755737304687500e+01
2.687316894531250000e+01,6.281797027587890625e+01
3.201257705688476562e+01,5.735406875610351562e+01
2.900427436828613281e+01,5.668418121337890625e+01
2.473348808288574219e+01,5.325286483764648438e+01
3.109645843505859375e+01,6.861260986328125000e+01
3.046450614929199219e+01,5.551966476440429688e+01
3.348450851440429688e+01,4.814868927001953125e+01
7.480135345458984375e+01,1.007204513549804688e+02
2.564536285400390625e+01,7.641194152832031250e+01
2.981173133850097656e+01,7.908792114257812500e+01
4.858322525024414062e+01,9.357681274414062500e+01
6.628971862792968750e+01,1.128787612915039062e+02
2.062301063537597656e+01,6.994113159179687500e+01
2.193802070617675781e+01,7.507698059082031250e+01
2.326392173767089844e+01,6.845761871337890625e+01
6.123537826538085938e+01,1.043742980957031250e+02
8.450865936279296875e+01,7.624430847167968750e+01
6.140164566040039062e+01,5.428644180297851562e+01
6.894881439208984375e+01,8.496184539794921875e+01
6.944860076904296875e+01,8.785993957519531250e+01
4.387397766113281250e+01,6.879844665527343750e+01
9.789822387695312500e+01,1.261575393676757812e+02
5.236648559570312500e+01,7.579129028320312500e+01
7.392074584960937500e+01,1.252430114746093750e+02
3.293109512329101562e+01,4.858846282958984375e+01
4.809503555297851562e+01,6.089096832275390625e+01
5.913640975952148438e+01,6.967205810546875000e+01
5.025056838989257812e+01,6.259420776367187500e+01
4.547764205932617188e+01,5.346138000488281250e+01
5.923989868164062500e+01,6.580278015136718750e+01
2.009071159362792969e+01,4.273960113525390625e+01
3.095715522766113281e+01,5.043987655639648438e+01
2.083095169067382812e+01,4.307081604003906250e+01
3.100177955627441406e+01,5.016358947753906250e+01
2.074496078491210938e+01,4.137149810791015625e+01
2.361718750000000000e+01,4.628131866455078125e+01
2.717430877685546875e+01,4.865783691406250000e+01
2.466886901855468750e+01,4.364551544189453125e+01
3.414797210693359375e+01,5.187844085693359375e+01
2.001509857177734375e+01,4.362770843505859375e+01
2.145732879638671875e+01,3.949005889892578125e+01
2.283094787597656250e+01,3.840066528320312500e+01
1.262404727935791016e+01,4.186682510375976562e+01
2.238301849365234375e+01,5.136753082275390625e+01
1.383026123046875000e+01,3.876318740844726562e+01
1.654416465759277344e+01,3.942630004882812500e+01
2.699165344238281250e+01,4.724642181396484375e+01
1.895664596557617188e+01,3.792725372314453125e+01
1.462537288665771484e+01,3.681302642822265625e+01
2.301701927185058594e+01,4.660895538330078125e+01
2.302204132080078125e+01,4.556802368164062500e+01
2.566827201843261719e+01,4.624918365478515625e+01
2.068244743347167969e+01,4.244539260864257812e+01
3.122539710998535156e+01,5.077940750122070312e+01
3.683298873901367188e+01,5.406093597412109375e+01
1.539475536346435547e+01,3.728736114501953125e+01
1.832180213928222656e+01,3.422249984741210938e+01
2.631402397155761719e+01,4.353437042236328125e+01
4.214377975463867188e+01,5.639569091796875000e+01
2.424609375000000000e+01,3.941719055175781250e+01
4.341529464721679688e+01,5.508335113525390625e+01
7.155178070068359375e+01,1.068301925659179688e+02
7.153788757324218750e+01,1.118808746337890625e+02
7.490622711181640625e+01,1.071224594116210938e+02
7.567832183837890625e+01,8.287013244628906250e+01
8.044702148437500000e+01,9.199572753906250000e+01
1.238562393188476562e+02,1.309256591796875000e+02
1.808807945251464844e+01,5.380644989013671875e+01
1.261107349395751953e+01,4.147177124023437500e+01
3.256042480468750000e+01,7.743537902832031250e+01
2.277140617370605469e+01,6.241677856445312500e+01
3.474309539794921875e+01,7.971951293945312500e+01
6.990479278564453125e+01,1.011812133789062500e+02
7.005723571777343750e+01,9.651283264160156250e+01
6.974924468994140625e+01,1.004127349853515625e+02
6.922116851806640625e+01,9.823529052734375000e+01
7.714121246337890625e+01,1.024587554931640625e+02
1.017897338867187500e+02,1.188395843505859375e+02
8.284140777587890625e+01,1.074669036865234375e+02
1.499884319305419922e+01,6.015063476562500000e+01
2.793067169189453125e+01,7.643881225585937500e+01
3.292758560180664062e+01,8.236806488037109375e+01
7.776245880126953125e+01,1.053480377197265625e+02
3.965127182006835938e+01,7.200370025634765625e+01
3.879765701293945312e+01,7.187113952636718750e+01
3.411465835571289062e+01,6.707646942138671875e+01
4.798756408691406250e+01,8.127904510498046875e+01
2.925698280334472656e+01,6.441162109375000000e+01
3.461559677124023438e+01,6.987931823730468750e+01
5.262255859375000000e+01,8.388647460937500000e+01
3.902801895141601562e+01,7.373912048339843750e+01
3.429094314575195312e+01,6.918896484375000000e+01
4.910984420776367188e+01,8.318811798095703125e+01
4.016217422485351562e+01,7.392376708984375000e+01
3.463687896728515625e+01,7.131583404541015625e+01
4.775369262695312500e+01,8.673963928222656250e+01
4.067889404296875000e+01,7.676651000976562500e+01
5.511044692993164062e+01,8.553818511962890625e+01
3.386051559448242188e+01,6.726171875000000000e+01
3.114687919616699219e+01,6.405792236328125000e+01
4.379398727416992188e+01,7.582255554199218750e+01
2.329445648193359375e+01,5.799155426025390625e+01
3.277061080932617188e+01,6.806585693359375000e+01
3.071087074279785156e+01,6.682491302490234375e+01
3.211774063110351562e+01,6.577055358886718750e+01
4.581081008911132812e+01,7.836824035644531250e+01
3.418781661987304688e+01,7.154915618896484375e+01
5.235379028320312500e+01,8.070092773437500000e+01
4.682711791992187500e+01,9.327964782714843750e+01
3.826959609985351562e+01,9.089805603027343750e+01
4.006262588500976562e+01,9.126535034179687500e+01
6.116904830932617188e+01,9.938838195800781250e+01
1.202813720703125000e+02,1.318940734863281250e+02
1.063863143920898438e+02,1.309120788574218750e+02
1.034780883789062500e+02,1.308056335449218750e+02
1.129790039062500000e+02,1.291399383544921875e+02
1.094247817993164062e+02,1.291165924072265625e+02
1.225280990600585938e+02,1.332394866943359375e+02
1.047904052734375000e+02,1.310951232910156250e+02
1.213128280639648438e+02,1.372307128906250000e+02
1.126902236938476562e+02,1.360273437500000000e+02
1.142281570434570312e+02,1.358399047851562500e+02
1.111324386596679688e+02,1.362655334472656250e+02
1.190933456420898438e+02,1.367161560058593750e+02
9.773303985595703125e+01,1.386410369873046875e+02
9.969800567626953125e+01,1.204353332519531250e+02
1.018775405883789062e+02,1.157735290527343750e+02
1.078637924194335938e+02,1.206898651123046875e+02
1.257670288085937500e+02,1.280393066406250000e+02
1.078481216430664062e+02,1.276404953002929688e+02
1.138620986938476562e+02,1.169820480346679688e+02
1.181207656860351562e+02,1.207957458496093750e+02
1.107592544555664062e+02,1.157366638183593750e+02
1.158571777343750000e+02,1.205240783691406250e+02
1.171144790649414062e+02,1.186429214477539062e+02
1.261200180053710938e+02,1.271728134155273438e+02
1.276017456054687500e+02,1.272484817504882812e+02
1.094467773437500000e+02,1.276133956909179688e+02
9.390869903564453125e+01,1.190015716552734375e+02
1.208967285156250000e+02,1.274996948242187500e+02
1.069223098754882812e+02,1.196763305664062500e+02
1.216066589355468750e+02,1.294755554199218750e+02
7.185364532470703125e+01,9.630280303955078125e+01
7.027126312255859375e+01,9.880722808837890625e+01
5.765786743164062500e+01,8.573199462890625000e+01
3.591817474365234375e+01,6.944778442382812500e+01
3.705114364624023438e+01,7.085810089111328125e+01
3.445174789428710938e+01,7.078180694580078125e+01
3.744100952148437500e+01,7.284539794921875000e+01
3.621932601928710938e+01,7.112541198730468750e+01
3.265234756469726562e+01,7.141137695312500000e+01
3.254134750366210938e+01,7.179470825195312500e+01
3.624456787109375000e+01,7.227304840087890625e+01
5.055749130249023438e+01,8.276202392578125000e+01
3.731471252441406250e+01,7.145507812500000000e+01
3.379917526245117188e+01,6.584111022949218750e+01
4.504777145385742188e+01,7.542371368408203125e+01
4.399426651000976562e+01,7.362408447265625000e+01
3.981460189819335938e+01,6.616093444824218750e+01
3.947174453735351562e+01,7.320549011230468750e+01
4.534489822387695312e+01,7.536760711669921875e+01
1.192322616577148438e+02,1.245452728271484375e+02
1.165410690307617188e+02,1.246559448242187500e+02
1.236315383911132812e+02,1.280931091308593750e+02
7.964218902587890625e+01,1.289381866455078125e+02
9.479319000244140625e+01,1.267299346923828125e+02
5.735872268676757812e+01,1.205958709716796875e+02
1.073907699584960938e+02,1.333504638671875000e+02
1.194650878906250000e+02,1.353456115722656250e+02
1.197833023071289062e+02,1.353085632324218750e+02
1.115802612304687500e+02,1.334458312988281250e+02
1.080105209350585938e+02,1.335579223632812500e+02
1.098641357421875000e+02,1.330188293457031250e+02
1.080830459594726562e+02,1.326990966796875000e+02
1.095062866210937500e+02,1.324210205078125000e+02
1.283824310302734375e+02,1.354760437011718750e+02
1.304141387939453125e+02,1.357665100097656250e+02
1.195890579223632812e+02,1.333797302246093750e+02
1.204626159667968750e+02,1.320479125976562500e+02
1.237339172363281250e+02,1.348875274658203125e+02
1.245675277709960938e+02,1.336680908203125000e+02
1.291152191162109375e+02,1.358580627441406250e+02
1.199200057983398438e+02,1.323766021728515625e+02
9.545896148681640625e+01,1.286490173339843750e+02
1.061543502807617188e+02,1.278813400268554688e+02
1.083693618774414062e+02,1.264075622558593750e+02
1.076540145874023438e+02,1.298248596191406250e+02
1.188136367797851562e+02,1.295901794433593750e+02
1.181183090209960938e+02,1.299766387939453125e+02
5.459536743164062500e+01,1.154938354492187500e+02
2.883052635192871094e+01,7.417214965820312500e+01
2.673482704162597656e+01,6.973260498046875000e+01
6.738845062255859375e+01,9.874914550781250000e+01
1.129398803710937500e+02,1.303205718994140625e+02
1.276755371093750000e+02,1.286771697998046875e+02
1.053351669311523438e+02,1.248749542236328125e+02
1.080132064819335938e+02,1.303298645019531250e+02
1.153429946899414062e+02,1.302160186767578125e+02
8.817343902587890625e+01,1.207232513427734375e+02
6.919396209716796875e+01,1.058308868408203125e+02
9.263223266601562500e+01,1.158310470581054688e+02
9.654659271240234375e+01,1.182086486816406250e+02
9.915121459960937500e+01,1.223954925537109375e+02
1.153039779663085938e+02,1.313905334472656250e+02
1.092687606811523438e+02,1.242608947753906250e+02
1.151708984375000000e+02,1.286203765869140625e+02
1.002339706420898438e+02,1.240139083862304688e+02
1.082034378051757812e+02,1.249900512695312500e+02
9.773166656494140625e+01,1.175515441894531250e+02
9.201321411132812500e+01,1.150938568115234375e+02
9.839394378662109375e+01,1.204479904174804688e+02
8.116827392578125000e+01,1.070235595703125000e+02
1.110357437133789062e+02,1.244086303710937500e+02
1.184482498168945312e+02,1.339966735839843750e+02
1.248870620727539062e+02,1.319367065429687500e+02
1.088922958374023438e+02,1.277363433837890625e+02
1.158838119506835938e+02,1.340860595703125000e+02
1.126807250976562500e+02,1.330843048095703125e+02
9.674591064453125000e+01,1.199927520751953125e+02
1.161762924194335938e+02,1.343902282714843750e+02
8.926855468750000000e+01,1.248622283935546875e+02
8.811891937255859375e+01,1.227556076049804688e+02
1.178144607543945312e+02,1.304071350097656250e+02
1.029763488769531250e+02,1.240253448486328125e+02
1.067986221313476562e+02,1.280841674804687500e+02
1.139863891601562500e+02,1.317178344726562500e+02
1.120936508178710938e+02,1.269483947753906250e+02
1.112507324218750000e+02,1.296943664550781250e+02
1.198592300415039062e+02,1.299290771484375000e+02
9.565254974365234375e+01,1.207798004150390625e+02
1.158847122192382812e+02,1.318983612060546875e+02
9.703914642333984375e+01,1.246077575683593750e+02
8.978366088867187500e+01,1.194089202880859375e+02
9.502260589599609375e+01,1.223862762451171875e+02
8.466022491455078125e+01,1.133152999877929688e+02
7.198822021484375000e+01,1.003905563354492188e+02
1.887552452087402344e+01,3.064627838134765625e+01
4.472482299804687500e+01,1.061110229492187500e+02
2.607320213317871094e+01,4.203941726684570312e+01
2.460846900939941406e+01,4.062789916992187500e+01
4.612158203125000000e+01,7.521794891357421875e+01
8.640484619140625000e+01,1.180550765991210938e+02
7.329150390625000000e+01,1.054499511718750000e+02
6.098299026489257812e+01,1.043196411132812500e+02
6.384141159057617188e+01,1.064368743896484375e+02
7.798432922363281250e+01,1.103908920288085938e+02
7.717412567138671875e+01,1.139687194824218750e+02
5.531553649902343750e+01,9.071397399902343750e+01
5.897640991210937500e+01,9.524536132812500000e+01
6.441616058349609375e+01,9.904841613769531250e+01
7.978334808349609375e+01,1.000853424072265625e+02
6.638102722167968750e+01,8.593048095703125000e+01
5.395040893554687500e+01,6.522442626953125000e+01
6.529882049560546875e+01,8.728466796875000000e+01
3.608012390136718750e+01,5.441629028320312500e+01
4.826826477050781250e+01,6.881947326660156250e+01
8.984249114990234375e+01,1.012612915039062500e+02
6.898081207275390625e+01,7.979582214355468750e+01
8.391223907470703125e+01,9.584331512451171875e+01
7.845514678955078125e+01,1.106341247558593750e+02
9.423815917968750000e+01,1.138749160766601562e+02
8.707422637939453125e+01,1.141399993896484375e+02
9.153701019287109375e+01,1.168224334716796875e+02
9.376916503906250000e+01,1.179558563232421875e+02
1.049816055297851562e+02,1.318502502441406250e+02
1.189151992797851562e+02,1.378474426269531250e+02
1.116752395629882812e+02,1.332682189941406250e+02
9.193685150146484375e+01,1.225670166015625000e+02
1.088330078125000000e+02,1.318441925048828125e+02
9.858477020263671875e+01,1.241486816406250000e+02
1.136135177612304688e+02,1.350090332031250000e+02
1.048055496215820312e+02,1.293943634033203125e+02
9.251397705078125000e+01,1.234463348388671875e+02
9.563695526123046875e+01,1.278349304199218750e+02
9.311263275146484375e+01,1.247616119384765625e+02
1.009580001831054688e+02,1.284689788818359375e+02
1.153864669799804688e+02,1.355221710205078125e+02
9.469775390625000000e+01,1.267922973632812500e+02
1.031337280273437500e+02,1.312638244628906250e+02
1.125678787231445312e+02,1.338518676757812500e+02
1.072987060546875000e+02,1.344571685791015625e+02
9.543250274658203125e+01,1.296762695312500000e+02
1.083236160278320312e+02,1.338112945556640625e+02
1.125828628540039062e+02,1.335357666015625000e+02
1.164931640625000000e+02,1.353081054687500000e+02
1.160418395996093750e+02,1.341596069335937500e+02
